datetime,account,return,total_turnover,turnover,total_cost,cost,value,cash,bench
2023-08-08,1000000.0,0.0,0.0,0.0,0.0,0.0,0.0,1000000.0,-0.0034682155
2023-08-09,999796.8166881741,1.396927018504357e-16,677277.7060866356,0.6772777060866356,203.18331182599067,0.00020318331182599068,677277.7060866356,322519.1106015385,-0.0017401576
2023-08-10,1001382.005147524,0.001704083381006749,1072439.9739265442,0.39524257453517725,321.73199217796326,0.00011857277236055319,694072.9149580002,307309.09018952376,0.0011621714
2023-08-11,987099.9428425324,-0.014166935040160242,1390934.9328637123,0.3180554047306326,417.2804798591137,9.541662141918978e-05,575168.1756019592,411931.76724057324,-0.020313442
2023-08-14,984439.8656912625,-0.0025564797979080863,1846188.5624527931,0.4612031769327185,553.8565687358379,0.00013836095307981548,733622.9012966156,250816.96439464693,-0.0059241652
2023-08-15,979787.0261135001,-0.0045845618583145046,2311568.954819441,0.4727362316233129,693.4706864458321,0.00014182086948699382,839065.9632265568,140721.0628869433,-0.0011918545
2023-08-16,976068.1416747416,-0.003677431154127736,2697519.30321455,0.3939124912952257,809.2557909643649,0.00011817374738856771,817659.5970630646,158408.54461167703,-0.0065632463
2023-08-17,984298.2523490085,0.008560138904961682,3114746.6338038445,0.4274571751449792,934.4239901411531,0.00012823715254349366,855093.5513019562,129204.70104705228,0.0030030012
2023-08-18,963911.9619684769,-0.020606823548307687,3458179.885363579,0.3489117762224383,1037.4539656090735,0.00010467353286673158,857768.4495210648,106143.51244741211,-0.010778427
2023-08-21,951598.3511475159,-0.012660008820489928,3826436.152911186,0.3820434667037057,1147.9308458733558,0.00011461304001111176,819414.0254497528,132184.32569776307,-0.012106538
2023-08-22,962947.1347332669,0.012074559389592674,4297593.553638458,0.4951221281112052,1289.2780660915375,0.0001485366384333617,891963.488316536,70983.64641673096,0.005514741
2023-08-23,947351.5899908162,-0.01612860289776232,4512769.536304474,0.2234556549416585,1353.8308608913421,6.703669648249745e-05,827023.7500309944,120327.83995982178,-0.012797117
2023-08-24,956325.3865027619,0.009549636885209708,4756326.786613464,0.25709277620081006,1426.898035984039,7.712783286024283e-05,692924.2825984955,263401.10390426643,0.0055555105
2023-08-25,956588.6238799484,0.00040682771808738915,5175734.445124865,0.4385616699407665,1552.7203335374595,0.00013156850098223032,727747.6334750652,228840.9904048831,-0.0018415451
2023-08-28,969418.5647876753,0.013603263674296092,5785022.347605228,0.6369382692521224,1735.5067042815688,0.00019108148077563684,947949.8718678951,21468.69291978015,0.012300134
2023-08-29,995052.3996368988,0.026535678840306637,6086171.840316057,0.3106496034319163,1825.8515520948174,9.319488102957489e-05,880194.9654817581,114857.43415514064,0.004860282
2023-08-30,1001701.998206026,0.00682866262945858,6570433.729070425,0.4866697361174931,1971.1301187211277,0.00014600092083524787,981835.6606960297,19866.337509996403,0.0
2023-08-31,992635.6036638661,-0.008973294106567607,6829860.079473257,0.25898555744866775,2048.958023841977,7.769566723460015e-05,937616.4254188538,55019.1782450123,-0.004232228
2023-09-01,996343.442988338,0.0038374976183079665,7167851.547592878,0.3404990379874331,2150.3554642778636,0.00010214971139622997,856464.9986028671,139878.44438547088,0.0048573017
2023-09-04,1004885.6947610469,0.00869387613459448,7567300.574749708,0.4009149956954204,2270.190172424912,0.0001202744987086255,868432.586735487,136453.1080255599,0.013293147
2023-09-05,995972.6629481311,-0.008796954648902528,7810960.33732295,0.24247510323169877,2343.2881011968843,7.27425309695094e-05,740446.269184351,255526.39376378013,-0.0059630275
2023-09-06,993229.5329691739,-0.0026602655591254263,8122887.6902759075,0.3131886692849941,2436.8663070827715,9.395660078549829e-05,763848.2036650181,229381.32930415578,-0.0023995638
2023-09-07,987565.5266124845,-0.005552598966827694,8619557.950615883,0.5000558721358421,2585.8673851847643,0.00015001676164075282,815624.6598482132,171940.86676427128,-0.012026429
2023-09-08,982725.390170945,-0.004753284518146934,9106079.661405087,0.49264752330719236,2731.8238984215254,0.00014779425699215773,894054.319024086,88671.07114685896,-0.0042604804
2023-09-11,995787.6808900273,0.01335292333223325,9305966.569769382,0.20340057391773061,2791.789970930814,6.1020172175318946e-05,707289.6674513817,288498.01343864563,0.0061124563
2023-09-12,997018.7854813272,0.0013485384789755344,9678477.947336435,0.3740871520263286,2903.54338420093,0.00011222614560789893,745999.9577105045,251018.82777082268,-0.0012150407
2023-09-13,986539.1546956551,-0.010379646275612322,10114906.15478754,0.4377331839744747,3034.471846436262,0.00013131995519234248,741750.0477671623,244789.1069284928,-0.005474508
2023-09-14,982962.0425187945,-0.0035140302666823906,10482851.91476345,0.3729662003019237,3144.8555744290347,0.00011188986009057699,698206.657242775,284755.38527601963,-0.00061166286
2023-09-15,979464.6901709468,-0.0034768603302326655,10748620.635062456,0.27037536425921954,3224.586190518736,8.111260927776567e-05,840514.8358881474,138949.8542827994,-0.0042839646
2023-09-18,992873.1979971892,0.013802345278436184,11116627.35350728,0.37572229212325736,3334.9882060521836,0.00011271668763697736,820670.2157616615,172202.9822355277,0.0030730963
2023-09-19,982509.9589823073,-0.010299407199320283,11574072.85823226,0.4607290292937028,3472.2218574696776,0.00013821870878811103,841118.9171791077,141391.04180319968,-0.0012254715
2023-09-20,978816.1078258521,-0.0036217464723733465,12025570.119696856,0.45953453940788624,3607.6710359090566,0.00013786036182236613,823601.1781215668,155214.92970428537,-0.003681004
2023-09-21,966011.3525716633,-0.012974086482087166,12377271.523684263,0.35931305295803456,3713.181457105279,0.0001077939158874106,852188.9329791069,113822.41959255647,-0.008004904
2023-09-22,995736.2091279925,0.030880325513892543,12730233.061015606,0.365380320212291,3819.069918304682,0.00010961409606368711,870224.6884763241,125511.52065166841,0.017380595
2023-09-25,984653.7845887161,-0.011008403012182647,13133429.912257195,0.404923359766825,3940.028973677158,0.000121477007930047,962512.1616363525,22141.6229523636,-0.0067114234
2023-09-26,984561.3444466187,4.6306465636046214e-05,13593549.84138012,0.4672910786760588,4078.0649524140354,0.0001401873236028177,966941.4172172546,17619.92722936404,-0.0049139857
2023-09-27,993150.8409932686,0.008813730044538901,13887421.026682854,0.2984793044743263,4166.226308004856,8.954379134229827e-05,872461.5738987923,120689.26709447634,0.0024690628
2023-09-28,987748.0081870307,-0.005325868162650473,14265562.231624126,0.3807490154900203,4279.668669487238,0.00011422470464700605,850143.185544014,137604.82264301673,-0.0030788183
2023-10-09,981745.0582901563,-0.005983162212286616,14575873.361718655,0.31416021851979337,4372.762008515597,9.424806555593852e-05,792664.2399072647,189080.81838289156,-0.0024706125
2023-10-10,971979.8524243345,-0.0098911001540002,14758097.256982327,0.1856122358089989,4427.429177094698,5.568367074269971e-05,813553.0725479126,158426.77987642185,-0.006191969
2023-10-11,974507.2656013502,0.0027010105885237968,15084479.577696323,0.33579124083686157,4525.343873308898,0.00010073737225105888,722964.6853685379,251542.58023281232,0.0018692017
2023-10-12,983219.4353607048,0.009087638603477971,15563813.200676441,0.49187280577567577,4669.143960202933,0.00014756184173270268,799020.9500193596,184198.4853413452,0.008084536
2023-10-13,973072.7707652415,-0.010214877830742401,15907807.142150402,0.34986487156629786,4772.342142645121,0.00010495946146988932,810359.6564054489,162713.1143597926,-0.008019745
2023-10-16,966708.9892444289,-0.006467212278068919,16143518.309700489,0.24223385406696724,4843.055492910148,7.267015622009085e-05,759965.0211334229,206743.96811100614,-0.009328365
2023-10-17,975084.6306627144,0.008771977766613022,16491212.783539295,0.3596681914694525,4947.36383506179,0.00010790045744083604,693948.3058929443,281136.32476977,0.0025109053
2023-10-18,966543.143706609,-0.008634484179915036,16898326.578772068,0.41751636979046497,5069.497973631622,0.00012525491093713916,685428.363275528,281114.78043108113,-0.0062617064
2023-10-19,951366.1470408089,-0.015577001546922575,17302168.6491549,0.4178210491816581,5190.650594746471,0.0001253463147544967,707545.8457171917,243820.30132361723,-0.018273473
2023-10-20,945556.0490460873,-0.00597350266474124,17725867.916584015,0.4453587808931557,5317.760374975204,0.0001336076342679458,680941.7150735855,264614.3339725018,-0.0044929385
2023-10-23,934819.7432819987,-0.011225468274282105,18132522.3631382,0.43006910797560055,5439.756708941459,0.00012902073239267942,820911.2955570221,113908.44772497659,-0.009026468
2023-10-24,938572.4575080395,0.004121382141378555,18465972.927570343,0.35670038724412684,5539.791878271101,0.00010701011617323723,755988.3584499359,182584.0990581036,0.0013012886
2023-10-25,939185.0585426552,0.0007667533887431523,18822814.853435755,0.38019646007176294,5646.844456030724,0.00011405893802152841,817404.7775268555,121780.28101579972,0.0051982403
2023-10-26,940858.4556267925,0.0019120273371949605,19230649.595040083,0.43424321745191546,5769.194878512022,0.00013027296523557388,807569.6977376938,133288.75788909866,0.0025856495
2023-10-27,959724.0480930323,0.020186862717347855,19655276.308220625,0.4513183791260706,5896.582892466185,0.00013539551373782107,834415.1726484299,125308.87544460251,0.012894869
2023-10-30,960240.0721688623,0.0007006379866981637,20176593.13825965,0.5431945058320449,6052.977941477892,0.00016295835174961383,942078.5074770451,18161.564691817315,0.0038192272
2023-10-31,957025.62342694,-0.0032566567525738298,20467514.56093192,0.3029673839951057,6140.254368279573,9.0890215198531e-05,847028.7160217762,109996.90740516379,-0.0019023418
2023-11-01,956642.0725463261,-0.00027709621864735224,20862056.891644,0.412258899922965,6258.617067493196,0.00012367766997688873,832951.051902771,123691.02064355508,0.0
2023-11-02,949575.3316387094,-0.007289303380356747,21173678.939688206,0.3257457067665338,6352.1036819064575,9.772371202995984e-05,720143.6157763004,229431.71586240904,-0.0044472218
2023-11-03,959552.8919147052,0.010658499295647217,21651971.364486217,0.5036908698677005,6495.5914093458605,0.00015110726096030958,808076.4427781105,151476.44913659466,0.007019758
2023-11-06,977797.9405666579,0.01909075343433837,21897101.413810253,0.25546277999840084,6569.130424143072,7.663883399952075e-05,771888.9835774899,205908.95698916804,0.0114068985
2023-11-07,975840.5060542633,-0.001848103978321695,22398308.908605576,0.5125880041277857,6719.492672581668,0.00015377640123833496,856849.4052171707,118991.10083709256,-0.0031328201
2023-11-08,973687.3555176498,-0.002125021147703145,22663204.990148544,0.27145427956670487,6798.961497044558,8.143628387001138e-05,729663.3211612701,244024.03435637965,-0.002514124
2023-11-09,975589.9495218636,0.0021053569907690164,23154423.245310783,0.5044927947134411,6946.326973593229,0.0001513478384140314,837948.4270453453,137641.5224765183,0.0006301403
2023-11-10,967431.0788791635,-0.008282762992643817,23415390.95466137,0.2674973327456747,7024.617286398405,8.024919982370237e-05,739777.7130484581,227653.36583070536,-0.0062972903
2023-11-13,967243.3959022262,-7.280901663651176e-05,23806208.526062965,0.403974587889388,7141.862557818884,0.00012119237636681677,736335.4532241821,230907.94267804406,-0.000633657
2023-11-14,966489.0557012488,-0.0006943161729205289,24082100.086236,0.28523488642244826,7224.630025870794,8.55704659267344e-05,623882.427740097,342606.6279611518,0.0
2023-11-15,971523.4329225137,0.005356291045605621,24556831.59778118,0.4911918130316888,7367.049479334349,0.0001473575439095067,720529.7295093536,250993.70341316008,0.0057070255
2023-11-16,962821.9028855695,-0.008837435829444728,24942678.403413296,0.3971564581529642,7482.803521023982,0.00011914693744588851,736030.139029026,226791.76385654352,-0.008196712
2023-11-17,964089.6798601272,0.0014640395708060818,25415453.039765358,0.4910302049996582,7624.6359119296,0.0001473090614998968,796328.3839941025,167761.29586602468,-0.0012714267
2023-11-20,963282.3442664256,-0.0007033987585335822,25846106.739008427,0.44669464702241096,7753.832021702521,0.00013400839410672354,828746.14777565,134536.19649077553,0.0025461912
2023-11-21,966511.7306189312,0.003462461128671796,26199244.473850727,0.36659836749237584,7859.773342155211,0.00010997951024771261,856539.2786502838,109972.45196864744,0.0012698174
2023-11-22,956935.3367856856,-0.009786136128075914,26592506.033939123,0.40688751893012276,7977.75181018173,0.00012206625567903732,843936.309081316,112999.02770436963,-0.009511709
2023-11-23,963863.4992298337,0.007367951117566689,27000807.16714263,0.42667578205960766,8100.2421501427825,0.00012800273461788245,814724.088549614,149139.4106802197,0.004481435
2023-11-24,948425.3228239842,-0.01589043966727439,27407345.91330886,0.42178041443738695,8222.20377399265,0.00012653412433121566,823495.1240003109,124930.19882367326,-0.005736172
2023-11-27,939429.5964730484,-0.00933835608203384,27870655.81060052,0.4885043515204041,8361.196743180148,0.00014655130545611984,878209.8888337612,61219.707639287226,-0.005769193
2023-11-28,940466.819767669,0.0012470187277771581,28318199.162632227,0.47639903374552395,8495.459748789659,0.00014291971012365612,920203.5809636116,20263.238804057328,0.00064480305
2023-11-29,923766.3699050666,-0.017661028228915035,28620995.197057724,0.32196354837940927,8586.298559117307,9.6589064513822e-05,807864.9978637695,115901.37204129704,-0.0064433217
2023-11-30,918808.407273841,-0.005319981020925352,28766138.782262802,0.1571215297867947,8629.84163467883,4.713645893603841e-05,823252.8793334961,95555.52794034491,0.0012969971
2023-12-01,917516.9374255897,-0.001306749376395896,29068863.89899254,0.32947578007904793,8720.659169697752,9.884273402371478e-05,780697.2763061523,136819.66111943728,-0.0032383204
2023-12-04,903051.8248396922,-0.015621836143524614,29508241.66741371,0.47887701087458834,8852.472500224105,0.00014366310326237736,868607.5963020325,34444.22853765973,-0.0058479905
2023-12-05,884468.8040876008,-0.02052011568027675,29682551.13773346,0.19302266550504005,8904.76534132003,5.79067996515125e-05,675767.3980712891,208701.40601631172,-0.016339839
2023-12-06,889856.5173026205,0.006296856707431774,30288084.826111794,0.6846297863529395,9086.425447833528,0.00020538893590587963,854913.3827447891,34943.13455783139,0.0013289452
2023-12-07,887639.2437374807,-0.0023967931013910326,30569656.836915016,0.31642405862996703,9170.897051074495,9.492721758899028e-05,754070.2490568161,133568.99468066462,-0.0019907355
2023-12-08,885517.7585761715,-0.0023260141256240593,30759069.309973717,0.21338902532200266,9227.720792992104,6.401670759659989e-05,562593.1145787239,322924.64399744757,0.0013298988
2023-12-11,887102.2984085728,0.001869608167868113,30995840.64939022,0.2673818081268181,9298.752194817056,8.021454243804625e-05,615227.7126073837,271874.585801189,0.005976081
2023-12-12,891507.7347466159,0.005040993055593633,31217307.942175865,0.2496524844800293,9365.192382652749,7.489574534400838e-05,586712.2920751572,304795.44267145876,0.0019801855
2023-12-13,880878.5097939754,-0.011771316219803511,31667326.257300377,0.5047834108275189,9500.197877190101,0.00015143502324825418,718275.2061009407,162603.3036930347,-0.013834
2023-12-14,878233.0959838367,-0.002891083296860574,31996395.137000084,0.3735689723849336,9598.918541100013,0.00011207069171547917,716341.8659210205,161891.23006281618,-0.0040079355
2023-12-15,878256.1583236778,0.00014564655770500895,32345892.761838436,0.39795542485999014,9703.767828551516,0.00011938662745799421,762567.0117616653,115689.14656201245,-0.002012074
2023-12-18,867157.5958790947,-0.012483643684354956,32794977.763438225,0.511337150720303,9838.493329031453,0.00015340114521609154,808973.5748291016,58184.021049993054,-0.0033602118
2023-12-19,866205.383791951,-0.0009771249466149377,33144613.65531683,0.40319763505520123,9943.384096595033,0.00012095929051655877,828699.6087670326,37505.775024918315,0.00067424774
2023-12-20,857002.9659926754,-0.010528202781860778,33420719.881898165,0.31875376411612266,10026.215964569434,9.562612923483698e-05,745308.7988555431,111694.16713713232,-0.0080862045
2023-12-21,874961.7775723416,0.021066891708083388,33739310.20992398,0.37174938788781364,10121.79306297718,0.00011152481636634511,768682.9999268055,106278.7776455361,0.008152127
2023-12-22,866634.0400261193,-0.009414875101265948,34039582.51658082,0.3431833416654718,10211.874754974231,0.00010295500249964146,750160.0434601307,116473.99656598867,0.001347661
2023-12-25,869681.5531612295,0.0036330734505324955,34376355.806702375,0.3885991947782312,10312.906742010697,0.00011657975843346818,767866.4947926998,101815.05836852966,0.0020188093
2023-12-26,862699.0467794912,-0.007908841185283413,34724132.79342055,0.3998900349835335,10417.239838026151,0.00011996701049506131,761798.7321257591,100900.3146537321,-0.0047011375
2023-12-27,864516.5320957779,0.0022327486705528065,35086482.2384119,0.42001836717453556,10525.944671523555,0.00012600551015235973,744379.8901259899,120136.64196978803,0.0026990175
2023-12-28,883992.0875953906,0.0226535099903298,35449076.89515948,0.4194189969607296,10634.723068547828,0.00012582569908821745,768823.2816457748,115168.80594961581,0.020861387
2023-12-29,882595.3521854347,-0.0014881614275804786,35719785.17152667,0.3062338228654967,10715.935551457984,9.187014685964852e-05,734535.1207792759,148060.23140615877,0.0026367903
2024-01-02,867121.2032083201,-0.017403540860239337,36099334.17918682,0.4300373967756933,10829.80025375603,0.00012901121903270872,748516.2361204624,118604.96708785769,-0.011176884
2024-01-03,863142.9376118272,-0.004456499216943324,36479136.29052043,0.4380034877804317,10943.740887156113,0.00013140104633413026,732667.8235054016,130475.1141064256,-0.0026595592
2024-01-04,855200.4040206068,-0.009073104576024013,36849627.80455947,0.4292354115346503,11054.888341367823,0.00012877062346039323,720066.7227506638,135133.68126994307,-0.0073333383
2024-01-05,849002.9680017155,-0.007110317627373433,37238592.84204841,0.45482326208017665,11171.577852614504,0.00013644697862405265,702300.6188631058,146702.34913860972,-0.0047011375
2024-01-08,838189.5201631367,-0.012675171651203344,37412557.79796839,0.20490500325274422,11223.767339390499,6.147150097582378e-05,724045.0024664402,114144.51769669648,-0.0114709735
2024-01-09,845709.7665609687,0.009120946713514232,37828676.30264163,0.4964491856116902,11348.602890792472,0.0001489347556835075,726644.3809509277,119065.38561004096,0.0020477772
2024-01-10,845495.3422788077,-0.00011161301422530822,38228783.18915963,0.4731018871225926,11468.634956747874,0.00014193056613677932,724657.0363521576,120838.30592665006,-0.0040872097
2024-01-11,861673.6894742994,0.019221502238464565,38473261.2515986,0.2891536478250008,11541.978375479563,8.674609434749955e-05,729015.1341319084,132658.55534239102,0.004787922
2024-01-12,854285.1798782377,-0.008412190907403697,38939747.985988855,0.5413728422819302,11681.924395796641,0.0001624118526845799,838851.4351725578,15433.744705679885,-0.002722919
2024-01-15,852332.3037789528,-0.002157699882581358,39305031.54255748,0.4275897149716292,11791.509462767228,0.0001282769144914889,832508.3559393883,19823.94783956457,-0.0013651848
2024-01-16,847808.0914726584,-0.005171960021320908,39691643.89678836,0.45359345470865353,11907.493169036494,0.00013607803641259801,820126.2121915817,27681.879281076705,0.006151676
2024-01-17,827147.0077289599,-0.024269116631369284,39976744.86588836,0.3362800756062292,11993.023459766495,0.00010088402268187056,715860.6971621513,111286.31056680852,-0.01902175
2024-01-18,842048.2495125466,0.0181944156968267,40470793.923956156,0.5972929279213314,12141.238177186837,0.00017918787837640224,815653.8152456284,26394.43426691818,0.011080384
2024-01-19,838774.0333070742,-0.0037837978669433632,40764380.040967464,0.3486571193292816,12229.31401229023,0.00010459713579878475,724897.1521675587,113876.88113951552,0.0020548105
2024-01-22,824337.9438412725,-0.01703943919097386,41243881.14196062,0.5716689858681064,12373.164342588176,0.00017150069576043098,809010.8174204826,15327.12642078982,-0.01777172
2024-01-23,842120.5711824255,0.021686088254237724,41557341.34297967,0.38025691206009304,12467.20240289389,0.00011407707361802801,725022.8821098804,117097.68907254504,0.0062630177
2024-01-24,846380.7577390866,0.005170298243400985,41870101.18716359,0.37139556363618365,12561.030356149067,0.00011141866909085552,739695.4535722733,106685.30416681338,0.013139725
2024-01-25,863268.1251686995,0.020108885245010248,42311454.85832095,0.5214599541893365,12693.436457496275,0.00015643798625680018,846592.8455233574,16675.279645342118,0.013651848
2024-01-26,854664.5983815114,-0.00981715402173044,42740423.65950942,0.4969125914438692,12822.127097852815,0.00014907377743316093,843296.8178033829,11367.780578128572,-0.001346767
2024-01-29,836162.5412634818,-0.02154034483437913,43048046.830028296,0.3599343778851082,12914.41404900848,0.0001079803133655338,801610.2882504463,34552.25301303553,-0.0074174404
2024-01-30,826193.1752210478,-0.011773250894674934,43464762.3480618,0.49836664221268184,13039.428704418531,0.00014950999266380533,814000.648021698,12192.527199349875,-0.014266312
2024-01-31,800065.0625622462,-0.03151945036466358,43754621.95072174,0.35083756602369515,13126.386585216515,0.00010525126980710987,792275.2895891666,7789.77297307954,-0.0055134296
2024-02-01,807658.7775685261,0.009620348187492491,44098586.84477806,0.42992115285568944,13229.576053433411,0.00012897634585670774,798559.5000267029,9099.277541823249,-0.0006929636
2024-02-02,780388.2003125458,-0.033660736246160596,44379214.06927705,0.3474576545107594,13313.764220783107,0.000104237296353227,677080.2855670452,103307.91474550056,-0.0076283216
2024-02-05,767368.6292158912,-0.016521217572648628,44801240.229821205,0.540790032928657,13440.372068946353,0.00016223700987859656,736185.4770720005,31183.15214389075,0.004891634
2024-02-06,819966.1019030468,0.06871077181198773,45231300.531739,0.5604350836666772,13569.390159521692,0.00016813052510000477,808188.4651839733,11777.636719073562,0.0264256
2024-02-07,843470.9285072439,0.028772706279641003,45524024.54881072,0.35699526650229224,13657.207364643209,0.00010709857995068742,835609.0994536877,7861.829053556241,0.007452607
2024-02-08,860703.1854316352,0.02058418844360872,45957049.931168556,0.513385070809962,13787.11497935056,0.0001540155212429879,849318.8439190388,11384.341512596526,0.0053799152
2024-02-19,863256.6042102146,0.0030770886197934344,46273853.92560959,0.3680757778096963,13882.15617768287,0.0001104227333429094,854714.9122953415,8541.691914873067,0.0066889524
2024-02-20,870749.0186011266,0.0087865638861631,46582670.29938698,0.35773415722654417,13974.801089816086,0.00010732024716796351,862461.6016089916,8287.416992134982,0.0033222437
2024-02-21,876986.2978602647,0.007268782472564361,46889356.783628464,0.3522099683031314,14066.807035088532,0.0001056629904909391,864275.7725059986,12710.525354266094,0.011920571
2024-02-22,888873.8764167022,0.013659780297449851,47195562.104320526,0.34915633395774204,14158.66863129615,0.00010474690018732211,879743.8341319561,9130.042284746087,0.005890012
2024-02-23,894042.6336741364,0.005923578234098608,47517417.73687601,0.362093702036755,14255.225321062793,0.00010862811061102388,885332.7165782452,8709.917095891142,0.0006506443
2024-02-26,890048.7718905018,-0.004365470364788567,47820568.275117874,0.3390783915930754,14346.170482535352,0.00010172351747792213,862693.5380280018,27355.233862500085,-0.008452535
2024-02-27,903131.7273774444,0.014804100805967859,48131955.789625645,0.34985443982622444,14439.586736887684,0.00010495633194786888,893492.1725451946,9639.554832249778,0.010491848
2024-02-28,887677.0671280801,-0.01700536862282698,48453863.49076033,0.35643493786831315,14536.15904722809,0.00010693048136049474,878996.3858366013,8680.681291478759,-0.009085059
2024-02-29,903953.0539350782,0.018444564346087006,48776630.078065395,0.3636081174760123,14632.98902341961,0.00010908243524280344,893291.276293993,10661.777641085268,0.0137524605
2024-03-01,913291.0858834939,0.010450931764250205,49140362.5325501,0.40237980601017403,14742.108759765018,0.00012071394180305012,902713.5660767555,10577.519806738375,0.0064599514
2024-03-04,922739.9934143929,0.01047310032397714,49527301.321059465,0.4236752055179149,14858.190396317828,0.00012710256165537358,904360.6863439083,18379.307070484647,-0.0006418228
2024-03-05,927871.7538089089,0.005656619483315341,49820063.421946764,0.31727475017528817,14946.019026584017,9.51824250525859e-05,816314.2422914505,111557.51151745842,0.006422639
2024-03-06,925820.1090920992,-0.0020567106755889288,50297666.67252481,0.5147298089606531,15089.300001757432,0.0001544189426881971,908780.3464740515,17039.762618047724,-0.0031908154
2024-03-07,918291.6995991762,-0.008008254720908591,50678354.11777198,0.4111894324919044,15203.506235331584,0.0001233568297475714,907020.9060192108,11270.793579965379,-0.0044814944
2024-03-08,925767.3625840612,0.008257163214374424,51034425.64147413,0.38775426572794436,15310.327692442228,0.00011632627971838363,908729.1436374187,17038.218946642417,0.0025724173
2024-03-11,935775.4029781945,0.01092088304867738,51374947.984573245,0.3678271203562734,15412.484395371963,0.00011034813610688162,926570.6042170525,9204.798761142054,0.0115458965
2024-03-12,936914.6094705064,0.0013262709897949407,51714565.57664573,0.3629263934397308,15514.36967299371,0.00010887791803191956,904565.2909576893,32349.31851281719,0.0006340742
2024-03-13,936077.9253554674,-0.0007597654486446302,52130728.1314224,0.44418408099310264,15639.21843942671,0.00013325522429793072,908804.2042076588,27273.721147808566,-0.0044359565
2024-03-14,934837.8368160387,-0.0012405438205102268,52393537.6434654,0.28075601926324634,15718.061293039611,8.422680577897553e-05,812834.6305608749,122003.2062551637,-0.0031827092
2024-03-15,937917.5240619661,0.0034392815203679416,52845148.4793812,0.4830900270938368,15853.544543814352,0.00014492700812815135,914835.6662511826,23081.857810783506,0.0019156933
2024-03-18,947036.6352696992,0.009838797842017868,53208047.492709756,0.38691996259638745,15962.41424781292,0.00011607598877891794,903705.0576090813,43331.57766061793,0.0076481104
2024-03-19,936681.9220122136,-0.01082289196502915,53558174.38283265,0.3697078624874745,16067.452314849786,0.00011091235874624197,926351.0807871819,10330.841225031705,-0.0056925416
2024-03-20,938661.8830719651,0.002198383621948778,53822258.17141831,0.28193539597556083,16146.677451425485,8.45806187926677e-05,828897.4744915962,109764.40858036884,0.00063610077
2024-03-21,936621.5418692983,-0.002052082000130841,54202691.66543782,0.40529342980718586,16260.807499631335,0.00012158802894215358,823513.1404399872,113108.40142931108,0.0
2024-03-22,924253.3020377273,-0.01305507937290055,54671262.53243387,0.5002776960060962,16401.378759730153,0.00015008330880183124,903652.3322880268,20600.96974970051,-0.007628739
2024-03-25,914202.7501014823,-0.010758658862678698,55027349.0554899,0.385269408581994,16508.204716646964,0.00011558082257460056,871454.8928916454,42747.85720983689,-0.004484296
2024-03-26,917687.232862491,0.003929954182764029,55388322.92431295,0.3948509986247373,16616.49687729388,0.00011845529958742311,898643.2956695557,19043.93719293541,0.002573967
2024-03-27,890103.4624873752,-0.029959119712933198,55690551.94683969,0.32933772172466075,16707.165584051905,9.88013165174003e-05,855776.7427921295,34326.71969524569,-0.008985817
2024-03-28,906484.0039270825,0.018540230623520948,56097825.39218366,0.4575574217022527,16829.347617655094,0.00013726722651067287,884965.31047225,21518.693454832493,0.0038859844
2024-03-29,905598.2728435273,-0.0008655196371839874,56434996.65006101,0.37195500021693917,16930.4989950183,0.00011158650006508384,896214.8792684078,9383.393575119422,0.003870964
2024-04-01,934097.8416483027,0.031593856055624356,56807572.22227752,0.4114137398326132,17042.271666683253,0.00012342412194978283,923749.9884426594,10347.853205643332,0.014138818
2024-04-02,925224.8418564368,-0.009381301908135672,57174058.647695184,0.39234265306829336,17152.217594308553,0.00011770279592048972,915454.1156113148,9770.726245121987,-0.003168583
2024-04-03,920077.4348703426,-0.005476804816091062,57441162.368521094,0.2886906065880967,17232.348710556325,8.660718197642806e-05,818255.1648139954,101822.27005634726,-0.003178656
2024-04-08,913223.0037349933,-0.007377406093429327,57663316.57155454,0.2414516372361129,17298.99497146636,7.24354911708342e-05,703664.4220232964,209558.58171169698,-0.0070152283
2024-04-09,918575.6439902395,0.006004206516058077,58098447.41953313,0.47647819448146733,17429.53422585994,0.00014294345834444435,744532.2044372559,174043.43955298362,-0.0012845993
2024-04-10,908702.0812597554,-0.01065462009174208,58386741.48033559,0.31384901470947674,17516.022444100676,9.415470441283937e-05,882599.725395441,26102.35586431442,-0.0064308643
2024-04-11,907828.548374719,-0.0008238709871744803,58803006.8280071,0.45808781145788746,17640.902048402128,0.00013742634343736528,878890.7628953457,28937.785479373342,-0.00064718723
2024-04-12,895294.5788698709,-0.013706406124896115,59106015.924838185,0.3337734833009592,17731.804777451453,0.00010013204499028776,886747.5983381271,8546.980531743757,-0.0064767003
2024-04-15,895567.5629120773,0.0004042307495006842,59402421.11295164,0.33107001327719743,17820.72633388549,9.932100398316165e-05,884384.8216950893,11182.741216987939,0.017601013
2024-04-16,874855.5838070684,-0.023023994750209192,59710541.90649688,0.3440508637263987,17913.162571949066,0.00010321525911792173,866564.475941658,8291.107865410435,-0.0076873302
2024-04-17,898537.352984212,0.027190347864903833,60063403.50024402,0.4033369624408266,18019.021050073206,0.00012100108873224681,888559.3567192554,9977.996264956586,0.010974765
2024-04-18,893713.001787805,-0.005255863799215973,60402607.668957114,0.37750703138442915,18120.782300687133,0.00011325210941532744,884666.8021857738,9046.19960203109,0.0012770891
2024-04-19,877839.1495380348,-0.017649328319481405,60737334.52838361,0.3745350674734537,18221.20035851508,0.00011236052024203481,812013.0661845207,65826.08335351406,-0.006377518
2024-04-22,876300.6182098251,-0.00164684183540288,61046898.16837013,0.352642782165074,18314.069450511037,0.0001057928346495232,851723.1777191162,24577.44049070892,-0.0019255877
2024-04-23,878315.5306026977,0.002420402240849531,61400523.45870435,0.40354335371420585,18420.15703761131,0.00012106300611426673,868540.8791661263,9774.651436571454,-0.00578773
2024-04-24,885284.3661992449,0.008049675267770553,61738254.15018499,0.3845209149938254,18521.476245055503,0.0001153562744981511,855566.2403166294,29718.125882615437,0.003234148
2024-04-25,883004.5436344487,-0.002486099667054478,62001312.13931739,0.2971451876663997,18600.39364179522,8.914355629991646e-05,771667.3847734928,111337.15886095582,0.0025789738
2024-04-26,896017.2716515028,0.014859829553936693,62363208.7950021,0.40984687824497723,18708.962638500634,0.00012295406347349349,861375.2129912376,34642.05866026519,0.012218714
2024-04-29,912243.7757722628,0.018222549088551917,62700590.782001615,0.37653513796409627,18810.177234600487,0.00011296054138922855,902639.3437564373,9604.432015825485,0.010165215
2024-04-30,908619.9012096005,-0.003861884626379585,63036905.28032482,0.36866735323953737,18911.071584097448,0.00011060020597186137,899575.8611440659,9044.040065534704,-0.004402578
2024-05-06,916919.2863840419,0.0092444155628988,63371154.550525546,0.36786479115828297,19011.346365157664,0.00011035943734748168,898071.906721592,18847.379662449937,0.011370778
2024-05-07,917818.8980743343,0.0010563169734289339,63600973.60112369,0.2506426181790305,19080.292080337105,7.519278545370693e-05,806152.1691441536,111666.72893018063,0.0006246567
2024-05-08,904345.7147991543,-0.014547555475888853,64004846.72987163,0.4400357517101705,19201.45401896149,0.00013201072551305307,861118.2249903679,43227.489808786486,-0.006866455
2024-05-09,912055.2618022567,0.00861836307593053,64286289.1072005,0.311211047637217,19285.88673216015,9.33633142911643e-05,789279.9775242805,122775.28427797614,0.008170962
2024-05-10,917512.7681581038,0.0061451113685707165,64776871.781262755,0.5378870059834331,19433.061534378823,0.00016136610179502705,901631.7754507065,15880.99270739728,0.0006234646
2024-05-13,910517.1649486511,-0.007511556916291974,65122384.54795778,0.3765754316298349,19536.715364387328,0.00011297262948894841,868379.3542981148,42137.810650536354,-0.00062310696
2024-05-14,909699.4281499808,-0.0008195282791162122,65360858.65920484,0.2619106156669891,19608.257597761447,7.857318470009689e-05,809858.04002285,99841.38812713079,-0.0012468696
2024-05-15,905445.6590047984,-0.004542793534110208,65764833.54253471,0.4440751206708086,19729.45006276041,0.00013322253620124563,842524.6644854546,62920.99451934389,-0.0062422156
2024-05-16,908773.7448439652,0.003757662250836829,66012410.65540016,0.27343122185550833,19803.723196620045,8.202936655665315e-05,777396.5902805328,131377.15456343227,0.003140688
2024-05-17,914547.3801529049,0.006461637020918174,66340846.536675096,0.36140555681582814,19902.253961002527,0.00010842166704474862,804921.5445101261,109625.83564277884,0.009392619
2024-05-20,923911.7298553705,0.010358546614332229,66704286.422887444,0.39739864122904683,20011.28592686623,0.00011921959236871086,809864.7242426872,114047.00561268328,0.0018610954
2024-05-21,914257.6392655312,-0.010364372640087788,66965370.206454396,0.28258520281782973,20089.611061936313,8.477556084534812e-05,705819.6405529976,208437.99871253368,-0.0030959845
2024-05-22,914699.9378914183,0.0006402144215966353,67442111.2058729,0.5214514803523949,20232.633361761862,0.00015643544410571782,799625.1627385616,115074.77515285669,0.0018633604
2024-05-23,906925.6005589897,-0.008390916078263632,67772667.59516895,0.3613823239761653,20331.80027855068,0.00010841469719285086,782419.0954327583,124506.50512623129,-0.008059502
2024-05-24,895732.345133329,-0.012205120406601312,68186398.49853218,0.45619056635761746,20455.919549559643,0.00013685716990727994,870929.9959421158,24802.3491912132,-0.00999999
2024-05-27,903952.5639279729,0.009262960647453362,68442780.72845638,0.28622638371514836,20532.834218536904,8.586791511454452e-05,783736.3606631756,120216.20326479728,0.0075757504
2024-05-28,899125.7316874306,-0.005222239153713803,68796699.95544851,0.39152411433431217,20639.009986634544,0.00011745723430029542,765207.7203512192,133918.0113362115,-0.0056390762
2024-05-29,898672.9063084858,-0.0004539991858241211,68945443.38479936,0.16543117843118485,20683.6330154398,4.962935352935319e-05,735366.1472439766,163306.7590645092,0.0
2024-05-30,893290.8619909304,-0.0058799465923486845,69271762.13303506,0.3631118129243875,20781.52863991051,0.00010893354387731707,745061.9528412819,148228.9091496485,-0.0031505823
2024-05-31,891493.827177872,-0.0018992007897775532,69606749.14124906,0.37500328556747065,20882.02474237471,0.00011250098567024201,780111.0405087471,111382.78666912488,-0.0031605363
2024-06-03,892988.7374665611,0.0018023959827584786,69979797.82148302,0.4184534641309684,20993.939346444895,0.00012553603923928905,775959.3417227268,117029.39574383429,0.0012682676
2024-06-04,902031.5318958317,0.01025348995444026,70357986.55405343,0.42350896120296416,21107.39596621602,0.00012705268836089119,768353.1474947929,133678.3844010388,0.005699873
2024-06-05,900680.1467284469,-0.0013618936384418928,70767700.42879283,0.45421236425992595,21230.310128637844,0.00013626370927798004,862342.8877770901,38337.25895135691,-0.003148675
2024-06-06,898668.9534734993,-0.002140701341911112,71044720.61617076,0.30756777351444237,21313.416184851223,9.227033205433272e-05,786058.0409348011,112610.91253869819,0.0
2024-06-07,896547.2711631196,-0.0022779895773412757,71293133.28579366,0.2764228903899967,21387.939985738092,8.292686711699867e-05,709132.6130032539,187414.65815986565,-0.0050536394
2024-06-11,890636.3483539824,-0.006429148357310366,71782757.93075264,0.5461225087705271,21534.82737922578,0.00016383675263115214,807520.5012321472,83115.8471218352,-0.006349206
2024-06-12,897676.8155307345,0.008031141516739695,72157289.18685615,0.4205209643595846,21647.186756056835,0.0001261562893078775,853689.349514246,43987.466016488484,-0.0006390214
2024-06-13,888513.1896783356,-0.010093448929987307,72500525.05087554,0.38236017470993966,21750.157515262654,0.00011470805241298223,878487.8364145756,10025.35326376,-0.0031969547
2024-06-14,893626.8450306115,0.005836664592364931,72741518.79010499,0.2712325962394397,21822.455637031486,8.136977887183175e-05,757592.9290771484,136033.9159534631,0.005131483
2024-06-17,889814.6860327825,-0.004110304252282011,73205121.37925923,0.5187876704155666,21961.53641377776,0.0001556363011246729,864042.7383482456,25771.94768453698,-0.0025526881
2024-06-18,887055.1744860385,-0.0029853527477812706,73548790.80852568,0.38622584529223125,22064.6372425577,0.0001158677535876715,877562.302917242,9492.871568796443,0.002559185
2024-06-19,884582.9038288472,-0.0027064502581018793,73787123.9793688,0.26867908299076787,22136.13719381064,8.060372489723265e-05,796186.3601207733,88396.5437080739,-0.0025526881
2024-06-20,875930.5993063394,-0.0096385968896952,74207678.96932065,0.47542744510606066,22262.303690796187,0.00014262823353181094,838052.3287415504,37878.27056478898,-0.00511837
2024-06-21,871452.2325546697,-0.004983420843416213,74585132.12165534,0.43091673316767337,22375.539636496593,0.0001292750199503007,860690.1512145996,10762.081340070174,-0.0019292235
2024-06-24,855829.337381113,-0.01782554736702975,74881072.53515422,0.33959453248668214,22464.321760546256,0.00010187835974600431,746663.6239051819,109165.71347593107,-0.0038660169
2024-06-25,850210.2423727898,-0.006420414303667506,75295459.49883163,0.4841934549070896,22588.637849649476,0.00014525803647212501,811383.2144498825,38827.02792290726,-0.005174637
2024-06-26,869835.5164048854,0.023183535431393225,75580810.31912267,0.3356238328706527,22674.24309573679,0.00010068714986119769,754464.6737217903,115370.84268309514,0.005201578
2024-06-27,853942.9444264494,-0.018122304526636022,76011303.19266617,0.49491296391617773,22803.39095779984,0.0001484738891748505,839128.1929254532,14814.751500996164,-0.0045278072
2024-06-28,848800.4016531025,-0.0059128133658855895,76322428.25212777,0.36433939936181653,22896.728475638316,0.00010930181980854444,816677.4023294449,32122.99932365757,0.0019493103
2024-07-01,852860.2595975886,0.004907335206945446,76674062.08617985,0.41427152174675297,23002.21862585394,0.00012428145652402435,815750.3753125668,37109.88428502182,0.0032424927
2024-07-02,843600.67386479,-0.010721458833694198,77059660.6482774,0.45212396492655116,23117.898194483205,0.00013563718947796484,828853.2151639462,14747.458700843883,-0.0012928843
2024-07-03,848449.1556642018,0.005810486240847635,77237155.01110852,0.2104009258527027,23171.14650333254,6.312027775581167e-05,656260.5824410915,192188.5732231103,-0.0012944937
2024-07-04,832991.8354924833,-0.018128611890063498,77490870.74520886,0.2990346945442151,23247.26122356264,8.971040836326144e-05,693962.1154844761,139029.7200080072,-0.0038885474
2024-07-05,837155.3946341007,0.005099870918794524,77772843.06455553,0.3385055018936146,23331.852919366644,0.00010155165056808858,814077.6402950287,23077.75433907201,-0.003903687
2024-07-08,811674.3999419778,-0.03029446864026277,78172232.53906667,0.477079258010049,23451.669761719986,0.00014312377740301297,794812.9361391068,16861.463802871003,-0.0058785677
2024-07-09,816593.1979568093,0.0062143365901878725,78589632.23255575,0.5142452361672517,23576.889669766708,0.00015427357085017463,805488.4673237801,11104.73063302922,0.009198427
2024-07-10,816133.2801992218,-0.00048360251811077447,78806336.33516729,0.26537583603899123,23641.900900550172,7.961275081169951e-05,810266.4566576481,5866.823541573758,-0.001953125
2024-07-11,839948.3935834424,0.02930716362437691,79151130.32809198,0.4224726540259754,23745.33909842758,0.0001267417962077928,803267.0166730881,36681.37691035439,0.011089325
2024-07-12,841234.8183699767,0.0016454023625954149,79469891.27717912,0.379500635422641,23840.967383153722,0.00011385019062679212,831965.316683054,9269.501686922798,0.0025806427
2024-07-15,839767.0358900266,-0.0016325511280337103,79784636.70477569,0.3741469334405788,23935.391011432694,0.00011224408003217467,814401.2214541435,25365.814435883047,0.0012869835
2024-07-16,849395.1719433026,0.011597334051047655,80154379.32810485,0.4402918994519606,24046.31379843144,0.00013208756983558732,829346.8085765839,20048.363366718782,0.005784154
2024-07-17,858546.5797109418,0.010856191759294535,80387009.65609252,0.27387761983087777,24116.102896827742,8.216328594926265e-05,840463.2839918137,18083.29571912814,0.0012779236
2024-07-18,854323.727338944,-0.004780321149320705,80782756.32052124,0.4609495556571342,24234.826896156355,0.0001382848666971399,842769.693338871,11554.034000072948,0.005105257
2024-07-19,856197.6680881886,0.0023018994727425045,81091511.61474884,0.361403159419807,24327.453484424634,0.00010842094782594006,839420.4642057419,16777.203882446745,0.0057142973
2024-07-22,851822.4928064041,-0.005015828600152177,81360293.38409603,0.31392490235036036,24408.088015228794,9.417747070511134e-05,746358.1189513206,105464.37385508347,-0.0069444776
2024-07-23,849790.3463289742,-0.0022691747095622736,81691001.4498204,0.3882358924742948,24507.300434946104,0.00011647076774228708,744688.4410381317,105101.90529084257,-0.016528845
2024-07-24,843148.1794022135,-0.007669172103525628,82107596.47931755,0.4902327159831875,24632.278943795245,0.0001470698147949525,778597.8783965111,64550.301005702524,-0.005171299
2024-07-25,841825.6136790805,-0.001453274517053759,82431729.67900932,0.38443206972418625,24729.518903702778,0.00011532962091725674,813645.1787471771,28180.43493190338,-0.0051981807
2024-07-26,850340.4383546208,0.010226837347891298,82746359.51515734,0.37374704574855844,24823.907854547186,0.00011212411372456876,808907.6614439487,41432.77691067208,0.0039190054
2024-07-29,840754.5627914123,-0.011154830791061983,83081265.71037471,0.3938495455601322,24924.379713112397,0.00011815486366804016,831039.6543502808,9714.90844113157,-0.0052048564
2024-07-30,843118.0336400382,0.0029271996180872833,83406550.998649,0.38689684560771165,25021.965299594685,0.00011606905368231523,831942.8421735764,11175.191466461853,-0.005232215
2024-07-31,874385.8672259883,0.03721142725223093,83759190.29161632,0.4182561384019402,25127.75708748488,0.00012547684152057928,857738.7184500694,16647.148775918904,0.019066334
2024-08-01,863579.3657838056,-0.012235240551056747,84119790.36571085,0.41240382262644176,25235.93710971324,0.00012372114678793234,853165.3792262077,10413.98655759792,-0.0064516068
2024-08-02,857521.3527706192,-0.006896135260444932,84461966.6944176,0.39623032029739824,25338.590008325264,0.00011886909608922217,838425.6703853607,19095.682385258493,-0.008441567
2024-08-05,849440.3631431769,-0.009299286226717739,84817477.1027714,0.4145790739847641,25445.243130831404,0.0001243737221954282,836964.9366617203,12475.426481456569,-0.009823203
2024-08-06,863612.3962888096,0.016761247764131848,85036301.24231875,0.2576097734956165,25510.890372695612,7.728293204868907e-05,769546.9955682755,94065.40072053415,0.0
2024-08-07,859269.8903288792,-0.004894938799536662,85420221.68757021,0.44455179997563865,25626.06650627105,0.00013336553999269008,830231.4623117447,29038.428017134487,-0.0013227463
2024-08-08,859069.7343826089,-0.0001218253140928995,85738472.09420502,0.37037304602049953,25721.541628261493,0.00011111191380615054,837040.1779294014,22029.556453207537,0.0006623268
2024-08-09,859181.0997191535,0.000244611218408582,86067714.62047398,0.3832547150617256,25820.31438614218,0.00011497641451851801,844282.9335689545,14898.166150198987,-0.0026472807
2024-08-12,850367.3849814425,-0.010146185040873267,86388729.00827229,0.3736283164320555,25916.61870248167,0.00011208849492961395,819476.9534111023,30890.43157034021,-0.0013270974
2024-08-13,851759.7856921969,0.0017000073874169283,86566162.7607137,0.20865540656322135,25969.848828214093,6.259662196896606e-05,842772.2546577454,8987.531034451531,0.0013289452
2024-08-14,845239.1789327762,-0.007551631711831708,86860931.2637955,0.3460699930112925,26058.279379138632,0.00010382099790338672,832792.5414919853,12446.637440790946,-0.0059720874
2024-08-15,854898.8255393741,0.011523231971521206,87128399.67600405,0.31644109605315573,26138.5199028012,9.493232881594689e-05,730850.3689527512,124048.45658662301,0.00934577
2024-08-16,849716.9089682482,-0.005937958073414681,87480276.9695431,0.4116010959741818,26244.083090862914,0.00012348032879225523,742897.3172187805,106819.5917494677,0.00066137314
2024-08-19,852151.8797519986,0.0030056888606470058,87876989.8503393,0.4668765286522246,26363.096955101773,0.0001400629585956686,810808.158314228,41343.72143777054,0.001982808
2024-08-20,840891.863050584,-0.013122581924515616,88135602.67446935,0.30348207904595864,26440.68080234079,9.104462371378691e-05,733680.8974981308,107210.9655524532,-0.0032981634
2024-08-21,836176.873098636,-0.005479556004089342,88493188.99106681,0.4252464940024649,26547.956697320027,0.00012757394820073757,710937.103164196,125239.76993444008,-0.003970921
2024-08-22,824883.7183433763,-0.013345491563788817,88939733.48935544,0.5340311513685654,26681.920046806616,0.00016020934541056842,810144.2110419273,14739.507301449004,-0.0019933581
2024-08-23,829561.8868960642,0.005795848703358088,89282175.74500144,0.41514003492967616,26784.652723500414,0.0001245420104789046,785071.773225069,44490.113670995066,0.0033289194
2024-08-26,830924.700134444,0.0017383420443768869,89546339.30508196,0.3184374357758137,26863.90179152457,9.553123073274253e-05,805341.4214909077,25583.278643536403,0.0
2024-08-27,819800.3056516562,-0.013270751228791032,89871004.29656804,0.3907273323726465,26961.301288970393,0.00011721819971179413,809025.2576589584,10775.047992697786,-0.003981352
2024-08-28,818176.0804703913,-0.0018695350196030096,90176270.2991277,0.3723662951272103,27052.88108973829,0.00011170988853816097,784810.4964375496,33365.58403284174,-0.0053297877
2024-08-29,819001.8804016588,0.0011252783162537883,90492523.20233881,0.3865340368167382,27147.756960701627,0.00011596021104502341,787169.1248893738,31832.755512285046,-0.0020093918
2024-08-30,842017.1539172642,0.028216795397272457,90806973.11457098,0.38394284525689554,27242.091934371274,0.0001151828535770676,832993.9142823219,9023.23963494222,0.010738254
2024-09-02,822992.3879015271,-0.022482509245414495,91120665.00788629,0.3725481029168419,27336.199502365867,0.00011176443087505118,814319.7007656097,8672.687135917367,-0.014608264
2024-09-03,821678.2133506862,-0.0014828166702574883,91433424.06977117,0.3800266764099189,27430.02722093133,0.00011400800292297371,781499.7341871262,40178.4791635601,0.0033692122
2024-09-04,814505.1518622391,-0.008598493489200146,91792979.80554998,0.43758703825502654,27537.893941664974,0.00013127611147650955,796630.6377470493,17874.514115189755,-0.0053727627
2024-09-05,812733.8128635542,-0.002054293221488756,92120001.76003873,0.4014977115136344,27636.0005280116,0.00012044931345408835,803424.2572844028,9309.555579151362,0.001350522
2024-09-06,805188.3884822695,-0.009189455308029951,92376146.19553983,0.31516399520601884,27712.84385866193,9.45491985618087e-05,710743.2361245155,94445.15235775396,-0.0067430735
2024-09-09,798092.4043510429,-0.008676728893763013,92741422.1154064,0.45365274150945534,27822.426634621894,0.0001360958224528301,733071.9549417496,65020.449409293375,-0.010183394
2024-09-10,800357.8528396158,0.0029495641571835604,93036676.32014453,0.3699498994458188,27911.002896043334,0.00011098496983374309,752613.289898634,47744.56294098182,0.0
2024-09-11,802274.8889483314,0.00251787876516299,93363902.76508033,0.40885017092644405,28009.17082952407,0.00012265505127793085,787205.71860075,15069.170347581356,-0.0020575523
2024-09-12,805485.587434235,0.00411778480383808,93673558.96610916,0.38597269501322573,28102.06768983272,0.00011579180850396736,795386.201030016,10099.386404219127,-0.0027492046
2024-09-13,802430.1856967544,-0.003668434973430948,94008659.75925028,0.4160233260144911,28202.597927775056,0.00012480699780434662,783795.1237916946,18635.061905059672,-0.0034459233
2024-09-18,810112.9773715972,0.009668626366519375,94260679.67883646,0.3140708364146987,28278.20390365091,9.422125092440761e-05,706758.987903595,103353.98946800218,0.0020747185
2024-09-19,818053.3464573513,0.009925882141436852,94596402.50845253,0.4144148273063331,28378.92075253573,0.0001243244481919012,719490.0314450264,98563.31501232492,0.006901264
2024-09-20,820038.3980639469,0.0025508514808175865,94935339.12046254,0.41432091620649875,28480.60173613873,0.0001242962748619496,719022.1554756165,101016.24258833038,0.0027416945
2024-09-23,821889.2744763636,0.0023933649473156728,95307921.60367072,0.4543476062679755,28592.376481101186,0.00013630428188039388,809645.3272938728,12243.947182490694,0.002050519
2024-09-24,844768.948440678,0.02793988746301177,95587321.17570937,0.3399479476315829,28676.19635271278,0.00010198438428947451,812576.2276411057,32192.72079957233,0.03615284
2024-09-25,851577.3974672495,0.008164616868092991,95883207.10740387,0.35025663791344425,28764.96213222113,0.00010507699137403122,831410.1055860519,20167.29188119757,0.01184988
2024-09-26,878057.8728344296,0.031216945830051815,96227107.5062424,0.4038392750457494,28868.132251872692,0.00012115178251373012,868671.9589352608,9385.913899168852,0.039687753
2024-09-27,907567.3784164642,0.03371601183521811,96544121.00776732,0.36103941588905114,28963.23630233017,0.00010831182476671535,899006.8639397621,8560.514476702112,0.053191423
2024-09-30,972186.1881831872,0.07132041786741589,96908370.69034874,0.4013472621911251,29072.5112071046,0.00012040417865733946,961621.2149739265,10564.973209260585,0.080213904
2024-10-08,1005049.1285986649,0.03391126713868728,97258787.75883019,0.3604423440085089,29177.636327649034,0.00010813270320255417,995746.2133407593,9302.91525790561,0.03685367
2024-10-09,946291.7835416686,-0.058389658313670954,97501687.25772202,0.2416792293830492,29250.506177316583,7.250376881491534e-05,856461.6471529007,89830.13638876783,-0.07692307
2024-10-10,942846.4120395182,-0.0035075076314102834,97922506.7571789,0.4447037444221371,29376.75202715365,0.0001334111233266416,929529.0171265602,13317.394912958043,0.013793111
2024-10-11,913580.9814000104,-0.030935078640762448,98250515.8801943,0.3478924232270989,29475.15476405827,0.00010436772696812827,901644.3058609962,11936.67553901422,-0.023242652
2024-10-14,929276.7154196321,0.017286830966160686,98574469.1459924,0.3545972085601564,29572.340743797697,0.00010637916256804757,914972.1684038639,14304.547015768185,0.013929129
2024-10-15,906276.3333271985,-0.024615201458198056,98994630.91921508,0.4521384924973107,29698.3892757645,0.0001356415477491918,890332.0077180862,15944.32560911229,-0.023468792
2024-10-16,898297.8200497542,-0.00869764510721023,99314775.45621693,0.35325267275435346,29794.432636865055,0.00010597580182630524,889678.7911474705,8619.028902283797,-0.005275488
2024-10-17,891765.4287963806,-0.007148900897833517,99683272.65987694,0.41021718569861526,29904.98179796306,0.00012306515570958764,874686.4285111427,17079.00028523791,-0.0094284415
2024-10-18,944271.7480513917,0.05899289366553734,100021618.86179745,0.37941166028063744,30006.485658539215,0.00011382349808419335,907656.8583190441,36614.8897323476,0.033908367
2024-10-21,948671.4372050851,0.004767655449958029,100362529.50228155,0.3610302237545506,30108.758850684444,0.00010830906712636551,930911.8133485317,17759.6238565533,0.0
2024-10-22,950127.0208801727,0.0016141371317139415,100614869.8939532,0.26599345334469715,30184.46096818594,7.979803600340791e-05,843728.8061022758,106398.21477789688,0.0051783323
2024-10-23,954908.8133840155,0.005142951763176022,100963753.0054003,0.3671962840546306,30289.12590162007,0.00011015888521639149,832138.3532643318,122770.46011968363,0.0028620958
2024-10-24,945714.571204282,-0.009473566840942105,101456585.36918461,0.51610411054623,30436.97561075536,0.00015483123316386213,929768.1966483593,15946.374555922652,-0.009132445
2024-10-25,958352.0731533014,0.013477898262704877,101819061.45994961,0.38328275972677345,30545.71843798486,0.00011498482791803234,934140.724927187,24211.348226114394,0.0063364506
2024-10-28,961114.3404958593,0.00294222813839914,102010471.77183926,0.19972859375140076,30603.141531551755,5.9918578125422356e-05,745550.1034736633,215564.23702219594,0.0011447668
2024-10-29,949385.8781780361,-0.012080161246691723,102403958.79892409,0.40940709185737373,30721.187639677202,0.0001228221275572109,780336.1812353134,169049.6969427227,-0.006861031
2024-10-30,942503.307762885,-0.007140385791611311,102749255.39843142,0.3637052198100836,30824.7766195294,0.00010911156594302201,778772.6791501045,163730.62861278048,-0.009211302
2024-10-31,950873.7499925577,0.008945145517741402,102950545.42916119,0.21356957484589667,30885.16362874833,6.407087245376962e-05,820966.4822340012,129907.26775855653,0.0
2024-11-01,941624.3892294258,-0.009569526228855442,103450377.00332105,0.5256550348180005,31035.113100996292,0.00015769651044540337,882937.0490789413,58687.34015048442,0.0017431974
2024-11-04,961742.810452184,0.021500143144109994,103872503.4488529,0.44829599823480615,31161.751034655845,0.00013448879947044107,949310.8486890793,12431.961763104788,0.011600971
2024-11-05,1004966.191932401,0.04503252875321413,104160267.73107946,0.2992112642789229,31248.080319323817,8.976337928368065e-05,877657.3209285736,127308.87100382744,0.022362351
2024-11-06,1006062.0853636903,0.0012469640468814474,104684478.65901887,0.5216204606161279,31405.343597705643,0.0001564861381848401,989392.9570913315,16669.128272358765,-0.005608499
2024-11-07,1030560.8179959112,0.024465477281749002,105068000.19659698,0.38121060634092313,31520.400058979078,0.0001143631819022794,980917.2825813293,49643.53541458187,0.028764844
2024-11-08,1027461.7985114693,-0.002921521334337401,105362047.09104598,0.28532706591816326,31608.61412731378,8.559811977545265e-05,905146.1848199368,122315.61369153258,-0.01096493
2024-11-11,1056011.4677952796,0.02790459293876592,105766160.30366123,0.393312153503623,31729.848091098356,0.00011799364605108761,911358.2260549068,144653.24174037276,0.0044345856
2024-11-12,1038821.1366599523,-0.01615904797865829,106186797.50769436,0.39832635995074434,31856.0392523083,0.00011949790798522523,911924.2798805237,126896.8567794287,-0.00938195
2024-11-13,1049164.9994934755,0.010079569064047809,106610152.70313919,0.40753425253360376,31983.045810941745,0.00012226027576008028,907138.535952568,142026.4635409075,0.0050139427
2024-11-14,1023387.8816850478,-0.024470045048059965,106956829.39638793,0.3304310508033724,32087.048818916366,9.912931524100839e-05,913400.0733852386,109987.80829980911,-0.014412403
2024-11-15,988784.635589664,-0.03369076641290407,107371909.47550833,0.40559409247347367,32211.572842652487,0.00012167822774204408,931580.3000628948,57204.335526769166,-0.014623165
2024-11-18,967963.4218566477,-0.020987460328264408,107602360.87677777,0.2330653136939225,32280.708263033317,6.991959410817557e-05,960598.0219244957,7365.39993215201,-0.0034245849
2024-11-19,993074.4208981812,0.025991955973901026,107763239.55581486,0.166203262855236,32328.971866744443,4.986097885656855e-05,988726.2101888657,4348.210709315521,0.004581809
2024-11-20,997985.7410000043,0.005004876950076513,107959556.81261718,0.1976863492514109,32387.86704378514,5.930590477542371e-05,902342.1081185341,95643.63288147029,0.0017104149
2024-11-21,1007367.2547632366,0.0094772980076489,108215205.18464744,0.2561643533845411,32464.56155539422,7.684930601536407e-05,815110.6998562813,192256.5549069553,0.0011383295
2024-11-22,974451.138107863,-0.03253034107599627,108702259.41509902,0.4834922200901369,32610.6778245297,0.00014504766602704613,823662.1413588524,150788.99674901064,-0.025014162
2024-11-25,971318.387763161,-0.0031413647249960127,108941072.4591583,0.24507441647919972,32682.321737747483,7.352232494376081e-05,769107.987678051,202210.40008511004,-0.0052478313
2024-11-26,962565.8959665245,-0.008923691190312192,109223560.64837873,0.2908296525416013,32767.06819451361,8.724889576247814e-05,851290.1381015778,111275.75786494673,-0.0017585158
2024-11-27,985654.1473103213,0.024156113029354373,109768891.43961966,0.5665386583152908,32930.66743188589,0.00016996159749459207,956971.1215317249,28683.025778596377,0.014092803
2024-11-28,978356.1522504919,-0.007268248586982362,110215610.42757928,0.4532208271822746,33064.683128273784,0.0001359662481546862,965400.7445931435,12955.407657348478,-0.0063694715
2024-11-29,996700.7081966083,0.018838256026954284,110502169.54599321,0.2928985704794305,33150.650863797964,8.786957114383184e-05,970896.7476010323,25803.96059557615,0.009324074
2024-12-02,1008912.9634197396,0.01233521987662138,110776393.42485368,0.2751316183537621,33232.9180274561,8.253948550612279e-05,902137.397402525,106775.56601721465,0.006928444
2024-12-03,1005228.7364935594,-0.0035835085557934018,111005655.72390258,0.22723694447517992,33301.69671717077,6.817108334255628e-05,885662.6532137394,119566.08327982007,0.0005733967
2024-12-04,992720.4372290128,-0.012279475651941872,111554380.62437475,0.5458706864929342,33466.31418731242,0.0001637612059478768,975566.8708443642,17153.566384648642,-0.004584551
2024-12-05,996552.546858539,0.003970393083793223,111918983.05300176,0.3672760375969808,33575.69491590052,0.00011018281127909483,961249.963337183,35302.58352135595,-0.0011513829
2024-12-06,1006434.3800791829,0.009979053392183008,112128375.89491308,0.21011721115097337,33638.51276847392,6.303516334529376e-05,973069.2651748657,33365.11490431723,0.010374665
2024-12-09,994564.017927103,-0.01165631671168363,112591856.7894131,0.4605177482744101,33777.55703682392,0.00013815532448231842,979141.0351634026,15422.98276370042,-0.00057047606
2024-12-10,1003128.6410612063,0.008676975690314476,112809139.02911842,0.21846983782722168,33842.74170873551,6.554095134816211e-05,920326.3981044292,82802.24295677713,0.006849408
2024-12-11,1002786.717385978,-0.00022977055725122196,113180586.5237087,0.37028899324151426,33954.175957112595,0.00011108669797245109,920277.2104740143,82509.5069119637,-0.002267599
2024-12-12,1003789.6131105112,0.0011201699371463575,113581905.88921607,0.40020410975676524,34074.571766764806,0.00012006123292703132,991153.3330917358,12636.280018775331,0.008522749
2024-12-13,992385.2825175058,-0.011300515380525615,113785207.99334347,0.2025345764411937,34135.56239800302,6.076037293235144e-05,966928.4944713116,25456.788046194182,-0.020281672
2024-12-16,978811.5802641927,-0.013589582854885497,114077208.76858532,0.29424133991699025,34223.16263057558,8.827240197509824e-05,865673.6211836338,113137.9590805589,-0.004600346
2024-12-17,974807.7745795392,-0.003985811892250178,114418698.26113284,0.3488817454073644,34325.60947833983,0.00010466452362220693,872695.5745697021,102112.20000983702,0.002310872
2024-12-18,983745.5864673888,0.009276136851309938,114767493.03736985,0.357808775568553,34430.247911210936,0.00010734263267056919,845889.9954795837,137855.590987805,0.0034582615
2024-12-19,985706.0765307557,0.002151438108822696,115287418.6398536,0.5285163253954633,34586.22559195606,0.00015855489761864138,960605.8873951435,25100.189135612163,0.0011487007
2024-12-20,981696.4628861736,-0.003945820417342346,115688066.91421568,0.4064581561393939,34706.42007426469,0.0001219374468418226,954796.1418926716,26900.32099350207,-0.0022949576
2024-12-23,972084.1032730924,-0.009665369469659797,116101068.8883096,0.4207023145216334,34830.320666492866,0.00012621069435648794,946232.1705698967,25851.932703195765,0.0005750656
2024-12-24,980384.944335258,0.008662476962874335,116500452.51635611,0.41085295675729383,34950.13575490682,0.00012325588702718845,939949.1181075573,40435.82622770069,0.010344863
2024-12-25,969609.6710473036,-0.010929183085330169,116702008.30706656,0.20558841899302369,35010.60249211995,6.167652569790206e-05,927714.8001432419,41894.870904061754,0.0005687475
2024-12-26,970298.5247838979,0.0008070827076468544,117014346.5139836,0.32212777599431525,35104.303954195064,9.663833279829457e-05,956386.549693346,13911.975090551903,0.0
2024-12-27,971279.3512374609,0.0011180027906610584,117360913.1970495,0.35717531688825105,35208.27395911483,0.00010715259506647142,939007.0684432983,32272.28279416256,-0.0011370182
2024-12-30,968713.5348619764,-0.002588951039500231,117531652.16189325,0.17578770168048935,35259.49564856795,5.2736310504144706e-05,908232.7691674232,60480.76569455319,0.0039840937
2024-12-31,946070.1575719937,-0.023242303319599127,117959130.43829203,0.4412845087992764,35387.73913148758,0.00013238535263977751,929528.8108229637,16541.346749029937,-0.013605475
2025-01-02,912615.0523410782,-0.035260408283847494,118280081.1375022,0.3392461929397063,35484.024341250624,0.00010177385788190728,903803.6900043488,8811.362336729362,-0.024137974
2025-01-03,897413.0523494108,-0.016532102335157964,118661929.65003252,0.4184113680250979,35598.57889500972,0.00012552341040752618,881825.9641766548,15587.088172756034,-0.008833885
2025-01-06,896587.6866510328,-0.0007944809122470723,119036556.84298277,0.41745235593518687,35710.9670528948,0.00012523570678055963,886599.3866443634,9988.300006669378,-0.0035650134
2025-01-07,903528.0906054457,0.007867152760932266,119413851.30978823,0.42081156413684667,35824.15539293644,0.0001262434692410579,893606.5203368664,9921.570268579337,0.005962968
2025-01-08,896400.594206167,-0.007777324260228597,119748736.17783785,0.3706413464413911,35924.62085335132,0.00011119240393241217,879501.225733757,16899.36847241003,-0.001185596
2025-01-09,896506.721676717,0.00023818825445770457,120106684.91876721,0.3993178309373577,36032.005475630125,0.00011979534928120243,859710.6868386269,36796.03483809013,-0.0017803311
2025-01-10,877433.0947339232,-0.021163281327651207,120442028.18483114,0.37405549557592094,36132.6084554493,0.00011221664867277108,855813.5705411434,21619.52419277982,-0.009512484
2025-01-13,878530.852796411,0.0013569452585642584,120751596.90189362,0.3528117629941327,36225.47907056804,0.00010584352889824147,822454.5617461205,56076.291050290616,-0.003001213
2025-01-14,907896.5160094376,0.033543683494934196,121096589.08092976,0.39269216093892634,36328.97672427889,0.00011780764828168122,894684.3969702721,13212.119039165511,0.02167368
2025-01-15,897982.6871166141,-0.010802074214726117,121452133.57292414,0.39161345563604416,36435.640071877206,0.00011748403669081742,888421.3388979435,9561.348218670639,-0.004714191
2025-01-16,905452.6391174467,0.008433411168185443,121795817.64470339,0.3827290622749161,36538.74529341098,0.00011481871868247646,887751.4008104801,17701.238306966567,0.0
2025-01-17,900088.2752039017,-0.005799057761264243,122174456.84208274,0.41817670082491987,36652.337052624796,0.0001254530102474856,889841.0366654396,10247.238538462072,0.0029603243
2025-01-20,910452.3173164417,0.01161102699755218,122464147.34552503,0.32184676928122674,36739.24420365749,9.655403078437254e-05,803542.4818754196,106909.83544102205,0.004132271
2025-01-21,911833.2854095412,0.0016378389907123379,122831501.38347745,0.40348520286619644,36849.45041504322,0.00012104556085986436,782069.8434472084,129763.44196233286,0.0011757612
2025-01-22,903389.8523554136,-0.009121906550417244,123250751.50035024,0.4597881252870532,36975.22545010506,0.0001379364375861249,865596.1621642113,37793.6901912023,-0.0076335073
2025-01-23,907537.3131525303,0.004726637675642447,123659203.88308167,0.4521330206073019,37097.76116492449,0.0001356399061821819,894335.745549202,13201.567603328367,0.0023667812
2025-01-24,926319.9702015854,0.0208202095480698,124034070.49465775,0.4130591724916508,37210.221148397315,0.00012391775174750038,916307.0582032204,10012.91199836506,0.0070837736
2025-01-27,914929.6131015612,-0.01217854252362085,124397837.00280786,0.39270070801878315,37319.351100842345,0.00011781021240563431,905262.1338605881,9667.47924097313,-0.004689336
2025-02-05,921299.2834805389,0.007076107084292362,124746068.79587173,0.38061047328372327,37423.82063876151,0.00011418314198511475,912053.4693062305,9245.814174308296,-0.0047113895
2025-02-06,940913.0968533899,0.021420641331402705,125149429.25408483,0.43781696723919283,37544.82877622543,0.0001313450901717572,921929.4069886208,18983.689864769098,0.010059118
2025-02-07,967880.6158838833,0.028776170885128276,125510619.36280131,0.38387191115139446,37653.18580884038,0.00011516157334542144,924347.3602712154,43533.25561266791,0.0123022795
2025-02-10,966173.3501216354,-0.0016492666150603418,125880527.94649005,0.3821841016527951,37764.15838394701,0.00011465523049584694,904622.7122962475,61550.637825387836,0.0005786419
2025-02-11,961146.2903096545,-0.005084798061877079,126261406.05930686,0.3942130185735928,37878.42181779205,0.00011826390557207152,949810.4004204273,11335.889889227285,-0.0034701824
2025-02-12,979613.605386845,0.01932926813250787,126631203.66854072,0.3847464355449135,37989.36110056221,0.00011542393066347677,947946.8744039536,31666.730982891444,0.008125305
2025-02-13,979946.2486227507,0.0004513299527968484,126996156.08978271,0.37254731787629736,38098.84682693481,0.0001117641953628904,956974.628007412,22971.62061533879,-0.0023027658
2025-02-14,989367.5744890918,0.009749508517848586,127438384.19525027,0.45127792069114003,38231.51525857508,0.0001353833762073426,977404.7248661518,11962.84962293996,0.006924391
2025-02-17,993874.3270532788,0.004635427507434215,127703014.54712749,0.2674742519370188,38310.90436413824,8.024227558110299e-05,869465.6049907207,124408.72206255807,0.0011460781
2025-02-18,993376.9605915607,-0.00034583170566000504,128215191.9070661,0.5153341282666668,38464.55757211982,0.00015460023847999418,928600.4518270493,64776.5087645115,-0.0062965155
2025-02-19,999221.7983092422,0.0060228871169689426,128675723.84226322,0.46360239210990556,38602.71715267895,0.00013908071763297226,985680.1304161549,13541.667893087419,0.0046082735
2025-02-20,996125.087913601,-0.002955860083118841,129152892.4017191,0.47754018203293436,38745.867720515715,0.00014326205460988002,979435.1370632648,16689.95085033613,-0.0022935271
2025-02-21,995120.5422762717,-0.0008758791692509801,129593093.81124377,0.44191378659751224,38877.928143373116,0.00013257413597925105,983379.0341079235,11741.508168348242,0.011494279
2025-02-24,996045.1159317483,0.0010517022942385511,129999750.15084147,0.408650331614603,38999.92504525242,0.00012259509948437565,962183.0345988274,33862.08133292095,-0.0028409362
2025-02-25,986414.176366783,-0.009559539444951914,130363773.45172167,0.3654686871685214,39109.132035516486,0.00010964060615056342,949671.0042357445,36743.172131038475,-0.008547008
2025-02-26,985164.741998045,-0.0011387294664182074,130784358.3851099,0.4263776245971602,39235.30751553296,0.00012791328737914894,973395.41066885,11769.331329195076,0.006896496
2025-02-27,985868.2306407591,0.0008460300977574676,131217659.65266228,0.4398262027461349,39365.29789579867,0.00013194786082384134,971871.8154072762,13996.415233482912,0.0028538704
2025-02-28,956861.8718838998,-0.02929061757877616,131649891.08631611,0.43842718552042725,39494.967325894824,0.0001315281556561323,942168.3666706085,14693.505213291239,-0.015367091
2025-03-03,966413.2824820825,0.010117954750753161,132083472.833848,0.45312887917484,39625.04185015439,0.0001359386637524505,954949.0925252438,11464.189956838673,-0.0028901696
2025-03-04,964894.2732247658,-0.0014701894785730083,132410801.55870914,0.3387047040790375,39723.24046761273,0.00010161141122371125,956101.3577282429,8792.915496522954,-0.0011594296
2025-03-05,970967.5545900245,0.006375835056888647,132673219.45257187,0.2719654382295166,39801.96583577155,8.158963146885677e-05,874451.4676749706,96516.0869150539,0.0040626526
2025-03-06,1004003.7017564792,0.03414020617544015,133049503.90894413,0.38753556140312134,39914.85117268323,0.00011626066842093491,883543.5561656952,120460.14559078409,0.0115606785
2025-03-07,997205.6074648626,-0.0066281147128925645,133527645.85629702,0.47623524347209967,40058.29375688909,0.0001428705730416267,957010.7977092266,40194.809755636,-0.0022856593
2025-03-10,987266.7045073266,-0.009850516011963776,133914023.03624153,0.38745989498272004,40174.206910872446,0.00011623796849481572,971612.1953487396,15654.50915858701,-0.0028637052
2025-03-11,979801.2765883203,-0.007451999271329129,134275080.2242756,0.3657139315907905,40282.52406728266,0.00010971417947723567,970068.4869527817,9732.789635538604,0.0022975206
2025-03-12,979696.2877135893,1.0473820627167419e-05,134659250.68278313,0.39209017959766695,40397.77520483492,0.0001176270538792977,949842.8091406822,29853.478572907,-0.0022922158
2025-03-13,972236.0914761467,-0.0075019445624976535,135027814.0125513,0.3762016192062259,40508.34420376537,0.0001128604857618654,919973.261576891,52262.82989925578,-0.0040207505
2025-03-14,989098.6964135582,0.017438151477037388,135332465.00319242,0.3133508345473632,40599.7395009577,9.400525036420176e-05,955819.8173940182,33278.879019540094,0.021337986
2025-03-17,988797.0936576064,-0.00022055375297798426,135610642.757833,0.28124367734912936,40683.19282734987,8.437310320473439e-05,877663.5167479515,111133.57690965488,-0.0022586584
2025-03-18,993972.9239548929,0.00534867836502089,135987067.17435122,0.3806892424469008,40796.12015230534,0.00011420677273407494,838131.6898584366,155841.23409645635,0.0016977787
2025-03-19,990756.4651629599,-0.003156217635607142,136251280.24111986,0.2658151549212988,40875.38407233593,7.974454647638877e-05,719435.7128858566,271320.75227710325,0.0011299849
2025-03-20,983619.1582104041,-0.0070563603082025635,136738521.4300692,0.49178703958212877,41021.556429020726,0.00014753611187462865,852599.4635283947,131019.6946820094,-0.0067719817
2025-03-21,965769.6223193022,-0.018019677231973855,137155308.56661797,0.42372816050783285,41146.59256998535,0.00012711844815234364,834895.1011419296,130874.52117737253,-0.01363641
2025-03-24,967725.2398507007,0.002166284407730127,137610355.70958853,0.47117566389980586,41283.10671287652,0.0001413526991699472,880681.5754413605,87043.66440934023,0.003456235
2025-03-25,962297.3213127335,-0.005524719768690326,137882048.29193354,0.28075384536516296,41364.614487580024,8.422615360954918e-05,796743.8396573067,165553.48165542682,0.00057411194
2025-03-26,965349.4119977196,0.003313357978042699,138336531.03138208,0.47228931161167254,41500.9593094146,0.00014168679348351083,871086.6201519966,94262.79184572297,-0.003442347
2025-03-27,963917.9875500449,-0.0013572563621839667,138740523.75308275,0.4184937771543623,41622.157125924794,0.00012554813314630538,946786.8564486504,17131.131101394494,0.0028785467
2025-03-28,962262.8084132071,-0.0015827635381104657,139172273.39446545,0.44791117808689984,41751.6820183396,0.0001343733534260651,937934.049153328,24328.759259879167,-0.0040183663
2025-03-31,945746.983372186,-0.017018176287937684,139638496.50152922,0.4845070421380856,41891.54895045874,0.00014535211264143596,933042.7973866463,12704.18598553972,-0.0051873326
2025-04-01,945783.9457747395,0.00018599282382506885,140101628.9998889,0.4897002121099239,42030.48869996664,0.00014691006363297596,917640.6109690666,28143.334805672916,-0.00057935715
2025-04-02,945421.810313104,-0.0003175417679887131,140307660.8510852,0.21784240694371054,42092.29825532553,6.535272208311286e-05,934474.1443157196,10947.665997384349,-0.0005797148
2025-04-03,939260.284847997,-0.006434337781270208,140568868.1569934,0.2762865242358823,42170.66044709799,8.288595727076315e-05,824885.5489134789,114374.73593451816,-0.004060328
2025-04-07,864061.5642757067,-0.07993245944495066,140973321.30841017,0.43060816894034043,42291.99639252302,0.00012918245068209964,825804.1135549545,38257.450720752066,-0.057076335
2025-04-08,875497.7809241547,0.013365324025228041,141347475.09455085,0.43301750894834906,42404.24252836522,0.0001299052526845007,864864.3824994564,10633.398424698302,0.008029699
2025-04-09,889865.1611219563,0.016445910159948854,141450733.93625617,0.117943007915251,42435.22018087682,3.5382902374582616e-05,855282.5912714005,34582.56985055584,0.007965684
2025-04-10,912647.5385553826,0.025732618246783197,141838010.76571345,0.4352084409833487,42551.403229714015,0.0001305625322950131,891998.1505930424,20649.38796234029,0.014589667
2025-04-11,916509.0613526239,0.004295565516713813,142034059.09335017,0.21481275010837259,42610.21772800503,6.444382503251242e-05,906829.0225565434,9680.038796080524,0.0023965836
2025-04-14,924617.5238711508,0.008942354677875675,142325014.33860064,0.3174603040160444,42697.50430158017,9.52380912048146e-05,809289.0576481819,115328.46622296885,0.0017931461
2025-04-15,920871.7583230681,-0.003959957856919499,142606078.07121277,0.30397837522631727,42781.823421363806,9.119351256788983e-05,822174.1502285004,98697.60809456778,0.0005966425
2025-04-16,919538.3428286524,-0.001315763920609525,143011963.60223293,0.4407622748245562,42903.58908066985,0.00013222868244736275,872825.191628933,46713.151199719454,0.0017888546
2025-04-17,921666.1174595793,0.0024172812131149917,143328657.3686719,0.3444051777816665,42998.59721060155,0.00010332155333450755,912269.8078453541,9396.30961422516,0.000595212
2025-04-18,920835.1720780702,-0.0007972945839158361,143649010.6282711,0.34758059727985857,43094.70318848131,0.00010427417918395946,882102.2380173206,38732.93406074954,0.0023795366
2025-04-21,931001.2646285124,0.01117003744535216,144047913.30382824,0.43319661069952786,43214.37399114845,0.00012995898320985772,919593.3246612549,11407.939967257524,0.00059354305
2025-04-22,928930.1514692768,-0.002171802157169449,144211788.65178823,0.17602054281353174,43263.53659553645,5.2806162844055774e-05,753696.0261464119,175234.1253228648,0.0005931854
2025-04-23,933304.8321940394,0.004825868497560541,144572502.08394527,0.38831060826963565,43371.75062518356,0.00011649318248089038,894775.9501695633,38528.882024476115,0.0005927086
2025-04-24,924132.5610517795,-0.009717093741498735,144916704.07873392,0.3687991135538074,43475.01122362015,0.00011063973406614284,911955.7850003242,12176.776051455323,0.0
2025-04-25,929667.4265873332,0.006106477392784815,145277800.9335518,0.3907414044657116,43583.34028006552,0.00011722242133971725,916269.1010117531,13398.32557558018,0.0
2025-04-28,926424.2212808116,-0.0034013176209313554,145548171.28976583,0.2908248137794121,43664.45138692973,8.72474441338227e-05,825407.8509688377,101016.37031197386,-0.0011848211
2025-04-29,927406.7652654274,0.0011618890941562407,145861032.0052743,0.3377078322454921,43758.30960158227,0.00010131234967364607,693373.9801645279,234032.78510089952,-0.0017793775
2025-04-30,938363.0284806777,0.01197711994975412,146365694.85376477,0.5441655888137069,43909.70845612942,0.00016324967664412088,842024.4834721088,96338.54500856892,-0.0005941391
2025-05-06,956848.9304413917,0.019826680267907234,146761434.12109017,0.42173365245021494,44028.43023632704,0.00012652009573506636,944173.4359264374,12675.494514954247,0.008323431
2025-05-07,958522.8007988967,0.0018774182673511445,147169885.1330936,0.42687095006210074,44150.96553992807,0.00012806128501863113,934153.9838552475,24368.816943649217,0.0053066015
2025-05-08,960315.0363413467,0.0019424070938456291,147401904.95120883,0.24205977982146445,44220.57148536264,7.261793394644328e-05,850426.3661146164,109888.67022673029,0.0046920776
2025-05-09,957555.374554428,-0.002770714261638001,147731582.35141635,0.34330129981463164,44319.4747054249,0.00010299038994439434,804474.022769928,153081.3517845001,-0.0005838275
2025-05-12,966291.7496172907,0.00924202067905403,148109487.38511205,0.3946560624460444,44432.84621553361,0.00011839681873381119,828174.1264104843,138117.6232068064,0.00934577
2025-05-13,962636.0597546616,-0.003664894471206279,148490595.95806003,0.3944032152803962,44547.17878741801,0.00011832096458412428,845820.6045389175,116815.45521574405,0.001157403
2025-05-14,962604.7901384141,0.00011887818103095445,148976282.75814652,0.5045383404921283,44692.88482744395,0.00015136150214763215,947072.8583812714,15531.931757142811,0.010982633
2025-05-15,942369.5991694805,-0.020924111886170948,149288084.88452435,0.32391499561620357,44786.4254653573,9.717449868486409e-05,922583.593827486,19786.005341994445,-0.0074328184
2025-05-16,946179.5843093386,0.004154902462077704,149639646.97758555,0.37306179377077087,44891.89409327566,0.00011191853813122724,917276.7494559288,28902.834853409833,-0.004608214
2025-05-19,947044.3012761583,0.0010247548142433933,149989264.03538585,0.36950391194024235,44996.77921061575,0.00011085117358207578,928014.1722798347,19030.12899632362,-0.0011574626
2025-05-20,950155.5935563734,0.003412816580962051,150391918.08233857,0.4251691778411435,45117.57542470157,0.00012755075335234766,898671.3245391846,51484.26901718881,0.0040556192
2025-05-21,949317.7129387119,-0.000740307963542179,150840160.96616387,0.4717573488648915,45252.04828984916,0.00014152720465946563,936481.6132426262,12836.099696085686,0.0034621954
2025-05-22,945432.4593091682,-0.004001148277445514,151129803.29173207,0.3051057845234776,45338.94098751962,9.153173535704419e-05,837775.731086731,107656.72822243716,-0.000575006
2025-05-23,935362.6000748267,-0.010549409625785386,151450153.11698318,0.338839461345746,45435.04593509495,0.00010165183840372472,790859.0377688408,144503.56230598598,-0.0057537556
2025-05-26,939051.0354240718,0.004036737765197771,151741413.72575164,0.31138791389046666,45522.424117725495,9.341637416714341e-05,712660.252225399,226390.78319867284,-0.004629612
2025-05-27,933248.4241895166,-0.0060558759089120884,152127529.36539054,0.41117641648148806,45638.25880961716,0.00012335292494444083,705554.7018885612,227693.72230095539,-0.004651189
2025-05-28,931340.0063710168,-0.001901117985810607,152574870.8788693,0.47933808606990314,45772.46126366079,0.00014380142582097686,772111.7341518402,159228.27221917664,-0.0011681914
2025-05-29,941594.8174270419,0.011115004156588837,152898327.4988234,0.34730240056417605,45869.498249647026,0.00010419072016925313,813870.3960776329,127724.42134940898,0.00526309
2025-05-30,931873.089645969,-0.010235366784599678,153178859.03958678,0.29793233307076344,45953.65771187604,8.937969992122964e-05,719779.493033886,212093.59661208309,-0.0011634231
2025-06-03,928070.1462692752,-0.003957166526486037,153563413.63763213,0.41266842268344345,46069.02409128965,0.0001238005268050368,715414.9126529694,212655.23361630586,-0.0005824566
2025-06-04,936486.0220735815,0.009207548638644673,153994664.3294394,0.464674673073844,46198.399298831835,0.00013940240192215978,813797.0709681511,122688.95110543042,0.0034965277
2025-06-05,943839.5428759864,0.007989453671918017,154422967.28060842,0.45735114147316275,46326.89018418254,0.00013720534244195256,820048.167014122,123791.37586186439,0.002322793
2025-06-06,944429.3457687274,0.0007557981617028992,154834798.27629924,0.4363358144922883,46450.439482889786,0.0001309007443476825,823344.1217660904,121085.22400263694,0.00057935715
2025-06-09,947562.0273427257,0.003417299335423569,155150518.94847155,0.33429782078120845,46545.155684541474,0.00010028934623435853,720909.0442359447,226652.9831067809,0.0017371178
2025-06-10,941647.9072500666,-0.006103511655817294,155586066.3290143,0.4596505220499102,46675.81989870431,0.0001378951566149795,868270.2680945396,73377.63915552701,-0.004624307
2025-06-11,948291.0460364494,0.007187667934052773,156003111.93476915,0.4428891123145676,46800.93358043077,0.00013286673369437832,935689.3154501915,12601.73058625785,0.006387949
2025-06-12,948615.1167527065,0.00043690253851715304,156303912.09813356,0.31720236589985534,46891.17362944009,9.516070976995385e-05,904409.3702435493,44205.74650915711,0.00057697296
2025-06-13,940599.4615429947,-0.00834410519914962,156638281.7048788,0.35248184520804926,46991.48451146366,0.00010574455356241387,903257.0277273655,37342.43381562916,-0.0051902533
2025-06-16,942676.818270907,0.0022951387351408024,156909780.13997078,0.2886440469002567,47072.93404199125,8.659321407006989e-05,832769.4040894508,109907.41418145623,0.0017391443
2025-06-17,942456.9909319266,-0.00011289107746088306,157287805.26419878,0.4010124327883531,47186.34157925964,0.00012030372983650006,828603.3069849014,113853.68394702519,0.0
2025-06-18,943730.8611709675,0.0014413589726005663,157569633.93462896,0.2990361078986784,47270.89018038869,8.971083236959673e-05,839571.2368428707,104159.62432809675,0.0005786419
2025-06-19,936752.3623514655,-0.007234779096475296,158072348.97597432,0.5326889922001665,47421.7046927923,0.0001598066976600518,899088.9944434166,37663.36790804888,-0.006362021
2025-06-20,932345.5758763072,-0.004614814268732929,158351843.3330059,0.2983652545374833,47505.552999901774,8.950957636124405e-05,800553.8037359715,131791.7721403357,0.00058197975
2025-06-23,936770.5523747422,0.004858460850357014,158701136.60288453,0.37463927423083093,47610.34098086536,0.00011239178226924648,828791.9015705585,107978.65080418374,0.0029087067
2025-06-24,949765.1253815123,0.013993581724655056,159081810.85333824,0.406368720161719,47724.54325600147,0.00012191061604850949,824363.2604241371,125401.8649573752,0.009860873
2025-06-25,958336.2640290329,0.00914139015007772,159451927.23510265,0.38969253752683264,47835.57817053079,0.00011690776125804827,846722.1374154091,111614.12661362378,0.013785124
2025-06-26,956854.3967807696,-0.0014303807861739779,159822198.80011082,0.38636914714201614,47946.659640033235,0.0001159107441426012,848007.3694646358,108847.02731613368,-0.0033994317
2025-06-27,951408.2292497847,-0.005588088960907116,160152798.93057346,0.3455072491435624,48045.83967917203,0.00010365217474306994,817791.8463587761,133616.38289100857,-0.0045479536
2025-06-30,958079.2749498102,0.00716562867574026,160640773.56331348,0.5128972167129604,48192.23206899404,0.00015386916501389117,925918.4804439545,32160.794505855767,0.0039976835
2025-07-01,963113.7869841859,0.00537767945454928,161033210.89115143,0.40960840934431253,48309.96326734542,0.0001228825228032895,951755.195069313,11358.591914872872,0.0011376143
2025-07-02,963610.2360042576,0.0006367459063044489,161422576.69480443,0.4042780914519242,48426.77300844132,0.00012128342743557848,945697.4665760994,17912.76942815815,0.001136303
2025-07-03,969335.7129539612,0.006068851589146784,161831011.90276742,0.42385934966467625,48549.30357083022,0.0001271578048994059,958361.4674687386,10974.245485222651,0.004540324
2025-07-04,968221.4300171402,-0.0010469715607538926,162162398.61121774,0.3418699053607,48648.71958336532,0.0001025609716082121,944838.323032856,23383.10698428424,0.003954768
2025-07-07,967550.3313375381,-0.0005735074951363765,162548453.38633657,0.3987257079323204,48764.53601590097,0.00011961771237970362,956910.6743335724,10639.657003965694,-0.0039392114
2025-07-08,976423.3986373773,0.009280490885746319,162902702.49180198,0.36612989938797236,48870.8107475406,0.00010983896981639532,966969.9228405952,9453.475796782106,0.0067796707
2025-07-09,974369.8101482693,-0.001985519450284828,163285638.62313628,0.39218246087578557,48985.69158694089,0.00011765473826273597,964243.738079071,10126.072069198213,-0.0005611181
2025-07-10,983415.116597034,0.009407250372008534,163688419.65722442,0.4133759378555087,49106.52589716733,0.0001240127813566529,962720.5165028572,20694.600094176858,0.0044919252
2025-07-11,979526.4767755226,-0.0038542866959800463,164016006.3938439,0.33311134951132243,49204.80191815318,9.993340485340116e-05,915009.7460389137,64516.73073660882,0.0027948618
2025-07-14,984073.5288428263,0.004753292888205998,164379086.9557202,0.3706694719182194,49313.726086716066,0.00011120084157546435,947223.2707500458,36850.25809278044,0.0
2025-07-15,984219.9970884577,0.00022059087086103224,164614451.59267783,0.23917383209607426,49384.33547780336,7.175214962882376e-05,846180.8750033379,138039.1220851198,0.0
2025-07-16,979580.8514395396,-0.004563794467659119,165105677.83016562,0.49910206959922554,49531.7033490497,0.00014973062087976678,926164.065182209,53416.78625733053,-0.0022296906
2025-07-17,983726.4426457469,0.004348273672317296,165485325.89687705,0.38756174761227247,49645.59776906312,0.0001162685242836749,962901.9428372383,20824.49980850851,0.006703973
2025-07-18,986367.9771327844,0.0027939556663623207,165841837.8353536,0.36240963241540847,49752.55135060608,0.00010872288972461632,976022.3730444908,10345.604088293665,0.0066592693
2025-07-21,989160.7544993773,0.002921024700503829,166136597.36334682,0.29883322941000323,49840.97920900404,8.964996882300157e-05,880443.0491089821,108717.70539039528,0.0049613714
2025-07-22,986526.3002830783,-0.0025507056022398586,166507918.49095225,0.3753900727626088,49952.37554728567,0.00011261702182878028,859578.3536911011,126947.94659197723,0.008776784
2025-07-23,988491.1789957134,0.0020820819171902473,166805084.68434215,0.3012248059728589,50041.525405302644,9.036744179186179e-05,768428.1858086586,220062.99318705476,-0.00054371357
2025-07-24,989961.8359049193,0.0016405245774396766,167308375.23273826,0.5091502676912538,50192.51256982148,0.00015274508030738263,865489.329046011,124472.50685890835,0.005440712
2025-07-25,981462.7840805129,-0.008434645762123213,167805289.967829,0.5019534259484915,50341.58699034871,0.0001505860277845554,965322.1968412399,16140.587239272994,-0.0043290257
2025-07-28,977722.4764423422,-0.00371468525504902,168120230.9870541,0.32088941560853396,50436.06929611625,9.626682468256256e-05,859776.7594397068,117945.7170026354,0.0021739006
2025-07-29,978197.6537179427,0.0005641910204853991,168375047.54083753,0.26062257943647027,50512.51426225127,7.81867738309387e-05,716681.090593338,261516.56312460464,0.0043383837
2025-07-30,977075.2359318534,-0.0010412180374132329,168721383.3571136,0.3540550470139824,50616.415007134085,0.0001062165141041849,760401.7610907555,216673.47484109798,-0.0005399585
2025-07-31,969677.6472450027,-0.007420891577259731,169210781.01769686,0.500880221487254,50763.234305309066,0.00015026406644618067,867247.6726710796,102429.9745739231,-0.01566714
2025-08-01,965720.6224150273,-0.003960794492891435,169598550.8339882,0.3998955914813995,50879.565250196465,0.00011996867744441896,941542.6964759827,24177.92593904471,-0.004390776
2025-08-04,970124.9610479889,0.004657775177333228,169911120.53519487,0.3236647265800589,50973.33616055847,9.709941797401977e-05,850288.2974386215,119836.66360936736,0.0038588047
2025-08-05,974927.812901387,0.005043444364739886,170210851.9168377,0.3089616221388945,51063.25557505131,9.268848664166324e-05,835507.0387482643,139420.77415312262,0.0065897703
2025-08-06,977740.6865264378,0.0029863518669912903,170539531.4808011,0.33713220570173524,51161.85944424034,0.00010113966171052475,823315.3581380844,154425.3283883533,0.0021822453
2025-08-07,983721.7453137157,0.006225186844630797,170891397.053957,0.3598761696272784,51267.419116187106,0.00010796285088818442,708895.3054189682,274826.43989474745,-0.0005443692
2025-08-08,980466.910333067,-0.003183440862938502,171302113.65014315,0.4175129787897295,51390.63409504295,0.00012525389363691588,736295.0897812843,244171.82055178256,-0.0016340017
2025-08-11,986313.9619215963,0.0061540775948004675,171924839.83945847,0.6351322851923452,51577.451951837545,0.0001905396855577021,944894.3548083305,41419.60711326575,0.0038188696
2025-08-12,987749.9175373695,0.0015710419551020988,172303456.50382042,0.38387032829212914,51691.03695114613,0.00011516109848763933,975434.7872853279,12315.130252041577,0.0048912764
2025-08-13,1001732.897499455,0.014252975548764792,172621441.373384,0.3219285204866132,51786.43241201521,9.657855614598661e-05,884079.0977835655,117653.79971588947,0.0070308447
2025-08-14,994072.3285753236,-0.007493057493772283,173136530.47260046,0.5141980467070978,51940.95914178015,0.00015425941401213167,976992.9491639137,17079.3794114099,-0.0010740757
2025-08-15,1001330.7651946233,0.007430682424206337,173563861.0093832,0.42987871656701243,52069.158302814976,0.0001289636149701081,984958.5163831711,16372.248811452213,0.0075268745
2025-08-18,1011822.2340013621,0.010571549090028791,173877689.45229053,0.31341136596990127,52163.30683568718,9.402340979097504e-05,1002975.7016301155,8846.532371246634,0.006403446
2025-08-19,999847.5615787182,-0.011726038938697479,174244374.4779706,0.36240064050576254,52273.312343391204,0.00010872019215173249,941646.5992450714,58200.96233364685,-0.0042417645
2025-08-20,1010090.845515505,0.010320436885242425,174496306.8691373,0.2519708011978307,52348.89206074121,7.55912403593463e-05,880229.4889688492,129861.35654665575,0.011714578
2025-08-21,1010476.0403387605,0.0005375734570927475,175022317.5509572,0.5207558153360587,52506.695265287184,0.00015622674460081965,993256.1994791031,17219.840859657386,0.002631545
2025-08-22,1030616.3542865573,0.020003877447412388,175266067.30657816,0.24122269691742487,52579.820191973464,7.236680907522026e-05,937728.2761156559,92888.07817090138,0.01942265
2025-08-25,1053056.7511911688,0.021911943975222222,175740770.34145594,0.46060110816540417,52722.23110243679,0.0001381803324496128,1006000.6259381771,47056.125252991726,0.016477823
2025-08-26,1044109.9771749172,-0.008393250676611763,176101452.76414156,0.3425099571107027,52830.43582924248,0.0001027529871332158,997914.2775177956,46195.69965712172,-0.004559219
2025-08-27,1027893.9768064218,-0.015422282500953698,176479590.55894017,0.36216280187433175,52943.87716768206,0.00010864884056229702,1001822.9105055332,26071.066300888488,-0.012213767
2025-08-28,1039887.8430396275,0.011776713331832934,176850745.44947743,0.36108285378848926,53055.22363484325,0.00010832485613655527,1029460.4294002056,10427.413639421895,0.015971184
2025-08-29,1052055.9991684274,0.011812448436611202,177235630.10602593,0.370121315605988,53170.6890318078,0.0001110363946817978,1019422.3338782787,32633.665290148696,0.008113623
2025-09-01,1066314.6395957735,0.013699625968617195,177749407.6370299,0.488355687729603,53324.82229110899,0.00014650670631888532,1036384.1656684875,29930.473927286104,0.0025150776
2025-09-02,1049110.66976862,-0.016007799413664273,178198137.51919866,0.42082314685173755,53459.44125575962,0.0001262469440555221,1036777.5408029556,12333.12896566435,-0.0045158267
2025-09-03,1036293.7470470242,-0.012104906938592142,178589923.17174077,0.3734454941998846,53576.97695152226,0.00011203364825996649,1025698.6986875534,10595.04835947082,-0.008064449
2025-09-04,1012754.6682514291,-0.022583283303392217,179043801.5734017,0.4379823799518916,53713.14047202053,0.0001313947139855658,1000736.1748337746,12018.493417654492,-0.017276466
2025-09-05,1036914.2338149814,0.023955012488213977,179380418.7797606,0.33237783730989445,53814.125633928204,9.971335119296804e-05,1027888.9075040817,9025.326310899705,0.018614292
2025-09-08,1042465.1981668823,0.005459848731646367,179748520.48782706,0.35499725634217166,53924.55614634814,0.00010649917690265065,1005635.0078761578,36830.190290724495,0.00050759315
2025-09-09,1033864.5962630014,-0.008142344387584415,180123491.31560922,0.35969625503232117,54037.047394682784,0.00010790887650969188,1023149.868786335,10714.727476666434,-0.0050735474
2025-09-10,1043045.0828448288,0.009000773744460868,180540473.75409007,0.40332403294210417,54162.142126227045,0.00012099720988263576,1031832.2125971317,11212.870247697094,0.0015298128
2025-09-11,1094455.4204069083,0.04938938974949646,180890548.9568889,0.3356280649385154,54267.164687066695,0.00010068841948155211,965909.5700621605,128545.85034474777,0.022912502
2025-09-12,1089658.8823425071,-0.004235306439446876,181427828.87243629,0.4909107356310733,54428.34866173091,0.0001472732206893249,1072352.689230442,17306.1931120651,-0.006968677
2025-09-15,1091646.246617388,0.001943910647401979,181863946.30090594,0.40023298624621795,54559.1838902718,0.00012006989587385952,1077570.915365219,14075.331252168937,0.0015038252
2025-09-16,1092696.9420403163,0.001044890525906679,182163797.62691855,0.2746781083540028,54649.13928807558,8.240343250619792e-05,935446.4950561523,157250.44698416404,-0.0015015006
2025-09-17,1101015.656069495,0.007722224790648784,182561588.91128898,0.3640453899574887,54768.47667338671,0.00010921361698724607,948218.8205718994,152796.83549759563,0.0060150623
2025-09-18,1088041.3771322,-0.011664806078212412,182998738.31185102,0.39704194772545137,54899.621493555314,0.0001191125843176288,955453.8895070553,132587.48762514465,-0.010961592
2025-09-19,1092071.3720802218,0.0038193573697814292,183417484.6597016,0.38486252145508465,55025.24539791048,0.00011545875643652566,948401.0556042194,143670.31647600228,0.0020151138
2025-09-22,1092513.8330902634,0.0004927714307263431,183736419.8678136,0.29204612103738303,55120.92596034409,8.761383631121892e-05,852452.1783232689,240061.65476699464,0.0025137663
2025-09-23,1086891.5630626748,-0.004997594403160838,184277516.56768322,0.4952767493470514,55283.25497030498,0.00014858302480411835,939528.9162039757,147362.6468586992,0.0005015135
2025-09-24,1113533.4732353638,0.024655800770303625,184798422.1180439,0.4792617479639429,55439.52663541318,0.0001437785243891802,1074939.4004642963,38594.07277106757,0.008020043
2025-09-25,1130222.8466739797,0.015114315041447644,185268163.06824684,0.42184717522510823,55580.44892047406,0.0001265541525675288,1116863.7633800507,13359.083293929041,0.0054700375
2025-09-26,1114400.1295899116,-0.013878270992080633,185725423.52319956,0.404575483762643,55717.62705695988,0.00012137264512879548,1099928.8752555847,14471.25433432692,-0.007912993
2025-09-29,1126194.3376086294,0.010704182560517127,186173871.56945467,0.4024120550130735,55852.161470836414,0.00012072361650392413,1114090.5638456345,12103.77376299494,0.01445663
2025-09-30,1143893.499398037,0.01580483401135025,186507714.17285204,0.29643427626021773,55952.31425185563,8.893028287806714e-05,1001610.4067325592,142283.09266547792,0.0024569035
2025-10-09,1155956.803368045,0.010702914905759692,187106683.5571885,0.5236233833409084,56132.00506715657,0.00015708701500227355,1136556.6078186035,19400.195549441516,0.013235211
2025-10-10,1135965.5772884642,-0.017172146389260626,187576572.33213186,0.40649336858805085,56272.97169963958,0.00012194801057641953,1123371.3663339615,12594.210954502749,-0.017416537
2025-10-13,1126691.6764617597,-0.00807544178248423,187911495.46681643,0.29483563708331734,56373.44864004495,8.845069112499904e-05,1003050.0047922134,123641.67166954631,-0.0049237013
2025-10-14,1108396.352378248,-0.016109936559453152,188392804.3123126,0.42718771741322387,56517.841293693804,0.00012815631522396483,1056632.2222948074,51764.1300834405,-0.008411646
2025-10-15,1127094.5029695283,0.016999933700269768,188874517.35488176,0.4346035978335415,56662.355206464556,0.0001303810793500656,1108875.9265184402,18218.576451088156,0.011476994
2025-10-16,1125553.1207702958,-0.00125638883304303,189292228.1946063,0.3706085324912935,56787.66845838192,0.00011118255974739218,1113805.2140116692,11747.906758626676,0.0024667978
2025-10-17,1090297.809123112,-0.031201636019120866,189746271.0370183,0.40339530319214184,56923.88131110552,0.00012101859095764229,1078342.8671598434,11954.941963268502,-0.017716527
2025-10-20,1097971.8628064417,0.007172812874190258,190234432.6325178,0.44773234561676933,57070.32978975537,0.00013431970368502706,1085200.1651644707,12771.697641971085,0.0030059814
2025-10-21,1125634.189608841,0.025288686719362668,190580898.1751442,0.31555047480069925,57174.26945254328,9.466514244020633e-05,1085698.9419817924,39935.24762704848,0.012987018
2025-10-22,1120066.4171866179,-0.004825762589488771,191033328.37700844,0.40193359977939414,57309.998513102546,0.00012058007993381075,1063366.2988066673,56700.11837995045,-0.0029585958
2025-10-23,1125501.7685251187,0.004925634881603061,191305617.96269417,0.24310128534133432,57391.68538880826,7.293038560239795e-05,967940.9070968628,157560.86142825597,0.003461957
2025-10-24,1138891.5058733295,0.012023832460221526,191782642.46342182,0.42383274204247273,57534.792739026554,0.00012714982261273795,996306.2418580055,142585.26401532406,0.01034987
2025-10-27,1147996.3437852524,0.00815586902221113,192395349.2650509,0.5379852237630205,57718.60477951528,0.00016139556712890893,1128476.4866828918,19519.85710236065,0.010244012
2025-10-28,1134675.833233018,-0.011503116314723612,192778599.53436852,0.3338427612530087,57833.579860310565,0.00010015282837590236,1109887.992990017,24787.840243000916,-0.0043457747
2025-10-29,1157960.2676781474,0.020637143251380684,193218710.43163538,0.38787368548500956,57965.61312949062,0.00011636210564550133,1067938.9613866806,90021.30629146688,0.010669231
2025-10-30,1147913.7226142513,-0.00856183178981612,193659657.20745325,0.3807961189394033,58097.89716223598,0.00011423883568181948,1128170.334815979,19743.387798272335,-0.0067179203
2025-10-31,1139946.9586186516,-0.006810663842850675,194155355.57504892,0.43182545676583806,58246.60667251468,0.0001295476370297489,1126486.308479309,13460.650139342528,-0.012077212
2025-11-03,1146831.3047978126,0.006168885105998951,194648207.69335032,0.4323465355779472,58394.462308005095,0.0001297039606733811,1120818.684387207,26012.62041060564,0.0014669895
2025-11-04,1134347.1908362638,-0.010788885587319727,195018481.78044558,0.322867090866987,58505.544534133674,9.686012726009712e-05,976903.6669969559,157443.523839308,-0.0063476562
2025-11-05,1133384.7341072666,-0.0007094172005316571,195544252.84858942,0.4635010095597235,58663.27585457684,0.0001390503028679255,1108712.1972322464,24672.536875020305,0.0009827614
2025-11-06,1151667.13147807,0.016253803639160846,196008971.33191824,0.41002712436819977,58802.69139957547,0.00012300813731045096,1089959.3023777008,61707.829100369214,0.012763858
2025-11-07,1143570.1508104932,-0.006903990941576305,196495242.0790553,0.42223202681227967,58948.5726237166,0.00012666960804369072,1121833.954191208,21736.196619285387,-0.0014541745
2025-11-10,1161031.6232930983,0.015363715312191596,196855287.92561293,0.31484369043948773,59056.58637768389,9.445310713184784e-05,980581.3304424286,180450.2928506697,0.0019416809
2025-11-11,1153888.4136258734,-0.006030762553625159,197326300.02526045,0.40568412625279254,59197.89000757814,0.00012170523787583501,1046727.0598649979,107161.35376087556,-0.0077518225
2025-11-12,1150598.6375628794,-0.0027509830098853905,197711128.83127928,0.3335060838418323,59313.33864938379,0.00010005182515254867,1119944.5633649826,30654.074197896814,0.0
2025-11-13,1170210.9568622042,0.017182752583893988,198238236.8755579,0.45811634663074735,59471.47106266738,0.0001374349039892247,1142594.646680355,27616.310181849098,0.0087890625
2025-11-14,1154429.2278836393,-0.013354368724316007,198752571.46019936,0.43952296090321175,59625.77143805981,0.0001318568882709618,1140525.0418543816,13904.186029257835,-0.012584686
2025-11-17,1148737.8514232326,-0.004830106158152098,199137107.25238323,0.3330960295321242,59741.13217571497,9.992880885963399e-05,1105363.007736206,43374.84368702656,-0.005882263
2025-11-18,1139001.4740558385,-0.008347748238175148,199627117.2258854,0.4265637916388492,59888.13516776562,0.0001279691374916563,1118923.6011981964,20077.872857642215,-0.0049310923
2025-11-19,1138501.702352016,-0.0003305940498389437,200037865.8716917,0.36062169818243445,60011.35976150751,0.00010818650945472881,1114207.3148846626,24294.387467353386,0.002477765
2025-11-20,1124306.836341784,-0.012373399206076689,200396965.70580006,0.3154144024260069,60119.089711740016,9.462432072780053e-05,979396.1686909199,144910.66765086417,-0.00395447
2025-11-21,1092903.3049650884,-0.027793811530032568,200912829.25741673,0.4588280840621417,60273.84877722502,0.00013764842521864768,983450.9834349155,109452.32153017286,-0.020347476
2025-11-24,1098013.187805574,0.004796309643780394,201352895.32687664,0.4026578265988249,60405.868598062996,0.00012079734797964639,1064484.480458498,33528.70734707598,-0.0015197396
2025-11-25,1106741.3776217531,0.008030555792306843,201651116.49081707,0.2716007123160673,60495.33494724513,8.14802136948247e-05,937296.7807888985,169444.5968328548,0.007610321
2025-11-26,1111420.0681841683,0.00435058906080217,202105404.3848276,0.41047339802795746,60631.62131544828,0.00012314201940837803,1036676.786339283,74743.28184488541,0.005538821
2025-11-27,1107528.842441523,-0.0033954646011024312,202496865.19873142,0.3522167946304722,60749.05955961942,0.00010566503838913485,1024475.7817387581,83053.06070276501,-0.0010014772
2025-11-28,1113721.6509601714,0.00570788890869443,202926342.122674,0.3877794487011223,60877.90263680219,0.00011633383461033669,1029338.7345850468,84382.91637512449,0.002506256
2025-12-01,1125324.0048699093,0.010561086842113343,203458866.00265503,0.47814808980496776,61037.65980079651,0.0001434444269414971,1080218.111383915,45105.89348599437,0.009500027
2025-12-02,1113997.5964752405,-0.00994291085317402,203916906.44702315,0.40702983530603243,61175.07193410695,0.00012210895059181336,1085949.0406274796,28048.55584776109,-0.0034670234
2025-12-03,1104056.1449361367,-0.00879408171492281,204399791.93193316,0.4334708498814466,61319.93757957995,0.00013004125496443163,1090971.1626052856,13084.982330851039,-0.003976226
2025-12-04,1104452.4499164189,0.0005087798570325069,204951180.42291403,0.4994206984036652,61485.35412687421,0.00014982620952110247,1081673.3720123768,22779.07790404209,0.0019960403
2025-12-05,1112907.3700721138,0.00778396925185371,205424859.60487723,0.428881462483108,61627.457881463175,0.00012866443874493374,1092018.1800544262,20889.19001768774,0.007968187
2025-12-08,1124924.1651454808,0.010933359315718372,205928263.23401928,0.4523320113419921,61778.4789702058,0.00013569960340260496,1074994.9750304222,49929.1901150585,0.005928874
2025-12-09,1113665.2057002408,-0.00987081366188589,206445071.99180722,0.45941653117666525,61933.52159754218,0.00013782495935300113,1093767.0600414276,19898.145658813213,-0.0044204593
2025-12-10,1130825.2353748651,0.01551358452099551,206834770.73213458,0.34992450004965975,62050.43121964039,0.00010497735001490028,1107491.637980938,23333.597393927077,-0.0009866357
2025-12-11,1106875.0298819013,-0.021057291837443304,207295065.71390033,0.4070434293174937,62188.51971417012,0.00012211302879525275,1093710.0740373135,13164.955844587777,-0.006419778
2025-12-12,1113975.7045534295,0.0065479254233799175,207785267.30436683,0.4428698608539409,62335.580191310066,0.0001328609582561778,1080714.6465301514,33261.05802327821,0.004970193
2025-12-15,1101304.054449975,-0.0112478501458404,208257995.0128019,0.4243608783412073,62477.39850384059,0.00012730826350236638,1078161.4733695984,23142.581080376578,-0.004945576
2025-12-16,1092989.065044291,-0.007415780076848562,208751197.47993946,0.4478349690484846,62625.35924398186,0.0001343504907145451,1079490.5741035938,13498.490940697244,-0.008449316
2025-12-17,1115844.5560008776,0.021029876893826897,209184312.57191896,0.39626662867112267,62755.29377157571,0.0001188799886013328,1070015.6683504581,45828.88765041952,0.014536262
2025-12-18,1101218.1404593433,-0.012982108979126356,209652312.2778058,0.4194129938350237,62895.693683341764,0.00012582389815051127,1086601.1397659779,14617.000693365379,-0.005928755
2025-12-19,1120010.3726176585,0.0172019522951154,210155211.47907972,0.4566753695722333,63046.56344372394,0.00013700261087167264,1102879.0406644344,17131.331953224028,0.0039761066
2025-12-22,1143217.0356956876,0.020785568921666744,210399843.86240244,0.21841974798051866,63119.95315872076,6.552592439415846e-05,1136332.3215067387,6884.714188948972,0.007425785
2025-12-23,1139070.7728575552,-0.0034944923511818484,210904176.03291273,0.4411517277674123,63271.25280987384,0.00013234551833021707,1109226.5348553658,29844.238002189464,0.0019655228
2025-12-24,1138749.0368753327,-0.0001849946556337027,211274222.62243032,0.3248670744042249,63382.266786729124,9.746012232127234e-05,996369.2138910294,142379.8229843033,0.0029426813
2025-12-25,1143234.3840735806,0.004109152166717433,211920708.86901617,0.567716174197407,63576.21266070488,0.00017031485225922212,1102846.458375454,40387.92569812661,0.001955986
2025-12-26,1148728.0275016178,0.004936886481460411,212421958.6951375,0.43844887199357446,63726.58760854128,0.0001315346615980769,1129903.6695718765,18824.357929741265,0.002928257
2025-12-29,1140351.3596096768,-0.007189962590934958,212813146.51862383,0.3405399834607737,63843.94395558718,0.00010216199503823135,1117405.8021187782,22945.5574908985,-0.0034062862
2025-12-30,1133960.9154480423,-0.00550450821855777,213191048.95402193,0.33139122623351064,63957.31468620661,9.941736787005599e-05,1104730.43166399,29230.483784052267,0.0014648438
2025-12-31,1137173.1248743976,0.002953513416414778,213647580.12439013,0.402598682325672,64094.274037317075,0.00012077960469770416,1109988.8151288033,27184.309745594364,-0.0034130812
2026-01-05,1152218.4218955769,0.013328719643503949,214020129.2790532,0.32760988323940077,64206.038783716,9.828296497182126e-05,1135470.1612591743,16748.260636402483,0.016634107
2026-01-06,1166419.717426449,0.012442957301629087,214472492.92880297,0.39260234097416,64341.74787864093,0.00011778070229224649,1141630.8151006699,24788.902325779316,0.013474464
2026-01-07,1161040.9193663802,-0.00449679244351649,214917995.2247262,0.38193995631878974,64475.39856741789,0.00011458198689563243,1148688.1737470627,12352.7456193174,-0.0033237934
2026-01-08,1161632.1603665557,0.0006145302391469235,215325507.73693323,0.3509889319227653,64597.65232108,0.00010529667957682959,1119327.1659374237,42304.99442913187,-0.0066698194
2026-01-09,1168479.3416282858,0.005989482606116218,215693488.92856836,0.316779445499352,64708.04667857054,9.50338336498081e-05,1022428.363764286,146050.97786399972,0.0038368702
2026-01-12,1183514.181468295,0.012962965605846916,216067214.5174384,0.3198392779022167,64820.16435523155,9.595178337065928e-05,913713.7305855751,269800.45088271983,0.004777789
2026-01-13,1175232.2601971114,-0.006867851512090925,216579619.88545656,0.4329524529925349,64973.885965637,0.0001298857358977612,980171.5422153473,195060.71798176417,-0.0028530955
2026-01-14,1184337.0660488417,0.00791506338803291,217237059.83009338,0.5594127789910694,65171.117949028034,0.00016782383369731268,1127611.728298664,56725.337750177554,-0.0052455664
2026-01-15,1179740.3420749106,-0.003816676330184029,217492035.58670282,0.21528985617252033,65247.61067601087,6.458695685175708e-05,868115.740442276,311624.6016326346,0.0014381409
2026-01-16,1170294.540531465,-0.007801062225121252,218300614.67148066,0.6853873313815094,65490.18440144422,0.0002056161994144538,1125599.211204052,44695.329327413085,-0.0028722286
2026-01-19,1184785.3194572916,0.012472691776357011,218653761.89073324,0.3017592640329774,65596.12856721999,9.052777920988875e-05,1043214.5210981369,141570.79835915472,0.00048017502
2026-01-20,1173525.6232362452,-0.009336280504464323,219314455.694139,0.5576485398286352,65794.33670824172,0.00016729456194859694,1148396.915769577,25128.70746666816,-0.0023992658
2026-01-21,1184991.7491001145,0.009911200575996619,219864195.59112787,0.4684515498458778,65959.25867733838,0.00014053546495375986,1170246.4702248573,14745.278875257063,0.00096201897
2026-01-22,1199028.535032467,0.01194799256859527,220269151.190269,0.3417370622611045,66080.74535708073,0.0001025211186783392,1049443.1512832642,149585.3837492028,-0.00048059225
2026-01-23,1215207.3555632355,0.013653467661977002,220909407.18388557,0.533978946213523,66272.82215516569,0.00016019368386404768,1118091.234087944,97116.12147529155,-0.0043268204
2026-01-26,1206094.497753244,-0.007385426716309436,221369516.98508263,0.3786265768476986,66410.8550955248,0.00011358797305431054,1007685.6130480766,198408.88470516715,0.0014485121
2026-01-27,1205969.603654515,3.9227112063866876e-05,221943535.99425554,0.4759320353771778,66583.06079827668,0.00014277961061315335,1186027.113878727,19942.489775787995,0.0
2026-01-28,1200387.3337514726,-0.004564515974401032,222202210.60265303,0.2144951312318388,66660.66318079592,6.434853936954633e-05,921847.8379607201,278539.4957907526,0.0024108887
2026-01-29,1205305.5828129917,0.004302958852529237,223025438.0783558,0.6858015346846396,66907.63142350674,0.0002057404604053846,1149902.3113250732,55403.27148791836,0.0076960325
2026-01-30,1174746.0005826275,-0.0252196394073945,223566138.2653594,0.4486000850852314,67069.84147960783,0.0001345800255255733,1159471.1599230766,15274.840659550857,-0.0100239515
2026-02-02,1142708.8731466632,-0.027146376632793966,224056238.45295906,0.41719672793658263,67216.87153588772,0.00012515901838097232,1129644.070482254,13064.8026644091,-0.019768536
2026-02-03,1181996.4239890187,0.034523841398855934,224600068.6503768,0.47591316580941356,67380.02059511303,0.0001427739497428149,1167456.5675377846,14539.856451234024,0.011805177
2026-02-04,1182407.0978753117,0.00047900123734973487,225118414.86151218,0.43853450028728946,67535.52445845366,0.00013156035008619177,1147688.5564565659,34718.541418745895,0.007778287
2026-02-05,1157434.9659174266,-0.020974255822596544,225691824.86349344,0.4849514207176437,67707.54745904803,0.00014548542621529016,1141781.8497776985,15653.116139728168,-0.0053063035
2026-02-06,1152086.443147854,-0.004467942551518023,226282390.9792781,0.5102369750135725,67884.71729378343,0.00015307109250407375,1136494.002211094,15592.440936760016,-0.0053346157
2026-02-09,1180185.2119391374,0.02448691957649971,226656655.27012348,0.3248578204104105,67996.99658103705,9.745734612312719e-05,1041315.5626773834,138869.6492617539,0.014139295
2026-02-10,1181032.2467604117,0.0008546053984334087,227195181.376791,0.4563064349727597,68158.55441303729,0.0001368919304918136,1028830.4624795914,152201.7842808202,0.00096154213
2026-02-11,1185304.1006183818,0.0037532779665663298,227731476.21545792,0.45408992018463534,68319.44286463737,0.000136226976055398,995048.660159111,190255.44045927073,-0.0019211769
2026-02-12,1191836.6373090781,0.0056354599209767165,228222133.09048414,0.4139502046523308,68466.63992714524,0.00012418506139569974,956066.6767477989,235769.96056127927,0.0009623766
2026-02-13,1181193.6334257163,-0.008836154563591082,228594636.89564466,0.31254602644332147,68578.3910686934,9.376380793299644e-05,857890.5055642128,323303.1278615036,-0.010096133
2026-02-24,1182297.5865953602,0.0010512484363028878,229053886.19719744,0.38880103020945894,68716.16585915923,0.0001166403090628377,892808.4850549698,289489.1015403905,0.008256435
2026-02-25,1192838.0332362428,0.00906253024081272,229634422.83478975,0.491024124699498,68890.32685043693,0.00014730723740985876,1037805.9460997581,155032.0871364847,0.0057803392
2026-02-26,1190078.7101176945,-0.002199148455244211,230088073.50279093,0.3803120418372248,69026.42205083728,0.00011409361255116403,988237.4129772186,201841.29714047583,-0.0023946762
2026-02-27,1196231.541418783,0.005288538466539373,230557892.62138605,0.3947798701051125,69167.36778641582,0.00011843396103153767,952070.1128005981,244161.42861818464,-0.0019202828
2026-03-02,1185895.696567575,-0.008503922166758012,231101842.38659143,0.4547194638926132,69330.55271597745,0.00013641583916779369,1008908.9049816132,176986.79158596185,0.0024050474
2026-03-03,1155839.9831735506,-0.02523248901595581,231543886.5743041,0.37275132120987564,69463.16597229126,0.00011182539636296957,1012363.7452840805,143476.23788947015,-0.010556638
2026-03-04,1143166.722669839,-0.010884360590383687,231852824.3811965,0.2672842360446426,69555.84731435897,8.018527081338221e-05,908008.9564323425,235157.76623749646,-0.012124181
2026-03-05,1146369.4623494365,0.0028871003291167604,232178482.18672276,0.2848734126599578,69653.54465601683,8.546202379798072e-05,1020343.9994215965,126025.46292784004,0.0078547
2026-03-06,1155881.5874374155,0.00843481334044281,232702773.34046364,0.45734919758449427,69810.8320021391,0.00013720475927534625,1118201.7591238022,37679.82831361322,0.002435565
2026-03-09,1154178.6833592155,-0.0013515116309313474,233171828.90312672,0.4057989743594519,69951.54867093803,0.00012173969230784765,1141021.6051340103,13157.078225205187,-0.0068027973
2026-03-10,1167816.192568399,0.011894482044194023,233474656.95587397,0.26237536450237864,70042.39708676221,7.87126093507156e-05,1055302.5150179863,112513.67755041266,0.0097846985
2026-03-11,1161847.530308266,-0.005006637217686804,233880757.77921677,0.3477437853037946,70164.22733376504,0.0001043231355911284,987960.8950138092,173886.63529445676,0.004844904
2026-03-12,1156061.767686457,-0.004789093674501273,234619310.99146605,0.6356713707979593,70385.79329743983,0.0001907014112393913,1125192.7226662636,30869.04502019321,-0.0028928518
2026-03-13,1139302.8784614722,-0.01440411651220746,234975447.08453417,0.3080597447494803,70492.63412536027,9.241792342485113e-05,1001440.9757018089,137861.90275966318,-0.0033848882
2026-03-16,1131724.9435181443,-0.006543051828150516,235386837.62317896,0.3610897035565619,70616.0512869537,0.00010832691106696397,1007927.3322582245,123797.61125991972,0.0009703636
2026-03-17,1115447.3469032338,-0.014262437073362987,235841640.36860466,0.4018668564570783,70752.49211058141,0.00012056005693712194,1051812.4332785606,63634.913624673194,-0.0063015223
2026-03-18,1119142.5977262405,0.0034101945448575957,236203779.1501999,0.3246578895907724,70861.13374505997,9.739736687721816e-05,1108136.5465402603,11006.051185980177,0.0029268265
2026-03-19,1080339.5430389752,-0.03455965933989118,236623338.3404851,0.3748934149567922,70987.00150214553,0.00011246802448704078,1045105.7479381561,35233.795100819174,-0.011673093
2026-03-20,1064221.3199790672,-0.01480695255972309,237028960.66627502,0.37545818664465463,71108.68819988253,0.00011263745599341039,1046395.5385446548,17825.781434412274,-0.0039370656
2026-03-23,1010484.0769201949,-0.050419398148714135,237295109.3612671,0.2500877308089453,71188.53280838013,7.50263192426672e-05,909396.2369322777,101087.83998791722,-0.026679814
2026-03-24,1028821.6083607534,0.018305155933048052,237826899.8790264,0.5262730308231491,71348.06996370792,0.00015788190924694243,1012059.7741007805,16761.834259972864,0.009137034
2026-03-25,1055162.4458220806,0.025743410077562135,238308696.87689543,0.468299843193101,71492.60906306862,0.00014048995295792575,981094.5582985878,74067.8875234929,0.012072444
2026-03-26,1038900.536943535,-0.015297972957003386,238708904.60060835,0.37928541268460136,71612.67138018251,0.00011378562380539033,1002201.4283776283,36699.108565906616,-0.010437369
2026-03-27,1047026.3296321741,0.00794505043888007,239136652.8617978,0.41173167784464165,71740.99585853935,0.00012351950335339138,1018603.2102584839,28423.119373690235,0.0040180683
2026-03-30,1044280.5417578081,-0.0025126055686741852,239520065.15507698,0.3661916443055121,71856.0195465231,0.00010985749329164919,996247.7516412735,48032.79011653457,-0.0015007257
2026-03-31,1035231.0097848335,-0.008565296834146793,239869929.00406122,0.3350286010264306,71960.97870121838,0.00010050858030794312,993831.0064792633,41400.00330557018,-0.007014036
2026-04-01,1052844.2300843636,0.017133429323984116,240282719.13944483,0.3987420503075945,72084.81574183346,0.00011962261509227555,996794.1310763359,56050.09900802761,0.013118029
2026-04-02,1028534.6147937909,-0.022953042319949764,240761509.54321623,0.4547590138125517,72228.45286296488,0.00013642770414377047,1011581.1676859856,16953.44710780526,-0.007968068
2026-04-03,1007922.0562697651,-0.01990385119522091,241230704.88333702,0.45617846339071494,72369.21146500114,0.00013685353901722692,995460.8183383942,12461.237931370968,-0.0065261126
2026-04-07,1005834.4942773153,-0.0019573022876173446,241613217.70324707,0.3795063492565063,72483.96531097415,0.00011385190477695014,990775.0905752182,15059.40370209716,-0.0015159249
2026-04-08,1048663.213757849,0.042609676710748216,241711761.52038574,0.09797219890482567,72513.52845611575,2.939165967144365e-05,935089.5560622215,113573.65769562744,0.029352188
2026-04-09,1034167.3330636504,-0.013671510077474322,242241998.18515778,0.5056310336966514,72672.59945554736,0.00015168931010899818,1017184.0873479843,16983.245715666053,-0.005899608
2026-04-10,1045607.9230843928,0.011179727859065354,242645729.26397324,0.39039241127394186,72793.71877919199,0.00011711772338217186,1008616.4756894112,36991.44739498162,0.01285851
2026-04-13,1052047.1574403383,0.00627908579988566,243066487.61777878,0.40240547581579666,72919.94628533364,0.0001207216427447351,1027819.8939800262,24227.263460312126,0.001953125
2026-04-14,1072736.820522299,0.019804665850334014,243552418.71757507,0.46189098688178565,73065.72561527253,0.00013856729606453403,1059581.840145588,13154.98037671113,0.010721207
