date,open,high,low,close,volume,adjust_factor
2005-02-23,0.881,0.882,0.866,0.876,1269742542,1.0
2005-02-24,0.876,0.876,0.868,0.876,451614223,1.0
2005-02-25,0.877,0.887,0.875,0.88,506460695,1.0
2005-02-28,0.878,0.879,0.87,0.872,187965193,1.0
2005-03-01,0.87,0.873,0.865,0.867,208094456,1.0
2005-03-02,0.867,0.874,0.857,0.859,249274643,1.0
2005-03-03,0.858,0.861,0.854,0.859,100153220,1.0
2005-03-04,0.859,0.865,0.857,0.86,129800189,1.0
2005-03-07,0.86,0.865,0.86,0.862,116789645,1.0
2005-03-08,0.864,0.875,0.863,0.874,298505387,1.0
2005-03-09,0.874,0.878,0.869,0.873,200006304,1.0
2005-03-10,0.872,0.872,0.852,0.853,333859748,1.0
2005-03-11,0.853,0.856,0.85,0.855,132344547,1.0
2005-03-14,0.855,0.864,0.845,0.857,233509499,1.0
2005-03-15,0.856,0.856,0.842,0.843,282961631,1.0
2005-03-16,0.841,0.843,0.832,0.834,219444991,1.0
2005-03-17,0.834,0.837,0.827,0.828,130062534,1.0
2005-03-18,0.828,0.832,0.821,0.824,227792257,1.0
2005-03-21,0.824,0.826,0.821,0.824,103273002,1.0
2005-03-22,0.824,0.825,0.807,0.808,162294082,1.0
2005-03-23,0.807,0.811,0.8,0.804,145295510,1.0
2005-03-24,0.802,0.807,0.797,0.806,118388057,1.0
2005-03-25,0.806,0.809,0.802,0.805,108223365,1.0
2005-03-28,0.803,0.805,0.797,0.802,71266320,1.0
2005-03-29,0.802,0.811,0.802,0.805,144018030,1.0
2005-03-30,0.804,0.804,0.791,0.793,192659445,1.0
2005-03-31,0.792,0.795,0.786,0.794,128738277,1.0
2005-04-01,0.793,0.834,0.79,0.829,502390601,1.0
2005-04-04,0.814,0.818,0.804,0.81,232991558,1.0
2005-04-05,0.808,0.813,0.802,0.805,129587051,1.0
2005-04-06,0.802,0.825,0.799,0.818,261361039,1.0
2005-04-07,0.818,0.839,0.815,0.824,363451793,1.0
2005-04-08,0.824,0.836,0.819,0.836,243258274,1.0
2005-04-11,0.833,0.841,0.827,0.83,163205841,1.0
2005-04-12,0.83,0.832,0.82,0.821,211489793,1.0
2005-04-13,0.831,0.842,0.83,0.84,403705535,1.0
2005-04-14,0.84,0.841,0.828,0.828,207716078,1.0
2005-04-15,0.827,0.827,0.817,0.818,280301112,1.0
2005-04-18,0.815,0.819,0.805,0.808,165191131,1.0
2005-04-19,0.808,0.812,0.804,0.811,81425678,1.0
2005-04-20,0.81,0.81,0.796,0.797,218490295,1.0
2005-04-21,0.798,0.804,0.793,0.797,238539371,1.0
2005-04-22,0.799,0.802,0.795,0.798,246711082,1.0
2005-04-25,0.797,0.797,0.786,0.79,316891803,1.0
2005-04-26,0.79,0.796,0.788,0.793,227232716,1.0
2005-04-27,0.796,0.796,0.787,0.788,223597026,1.0
2005-04-28,0.787,0.798,0.783,0.797,310325839,1.0
2005-04-29,0.795,0.798,0.785,0.788,225864067,1.0
2005-05-09,0.8,0.801,0.779,0.78,334730997,1.0
2005-05-10,0.78,0.785,0.77,0.783,316123781,1.0
2005-05-11,0.782,0.784,0.776,0.777,212492775,1.0
2005-05-12,0.775,0.777,0.759,0.76,269280431,1.0
2005-05-13,0.758,0.769,0.755,0.762,196727142,1.0
2005-05-16,0.762,0.762,0.747,0.75,148144825,1.0
2005-05-17,0.75,0.76,0.746,0.754,118426170,1.0
2005-05-18,0.752,0.761,0.747,0.755,144455314,1.0
2005-05-19,0.754,0.759,0.746,0.755,149821563,1.0
2005-05-20,0.754,0.76,0.752,0.757,147698507,1.0
2005-05-23,0.753,0.753,0.742,0.743,247299969,1.0
2005-05-24,0.741,0.744,0.733,0.741,245240160,1.0
2005-05-25,0.74,0.749,0.737,0.743,155531216,1.0
2005-05-26,0.743,0.746,0.734,0.736,124411589,1.0
2005-05-27,0.735,0.739,0.728,0.73,195085585,1.0
2005-05-30,0.727,0.739,0.722,0.736,220635664,1.0
2005-05-31,0.736,0.742,0.733,0.738,171055059,1.0
2005-06-01,0.736,0.739,0.724,0.726,155460871,1.0
2005-06-02,0.724,0.725,0.704,0.707,360756880,1.0
2005-06-03,0.708,0.71,0.7,0.705,279963936,1.0
2005-06-06,0.704,0.721,0.7,0.72,426957759,1.0
2005-06-07,0.718,0.735,0.716,0.72,354368128,1.0
2005-06-08,0.722,0.784,0.722,0.781,968417419,1.0
2005-06-09,0.78,0.8,0.77,0.789,738007107,1.0
2005-06-10,0.787,0.787,0.77,0.775,458071741,1.0
2005-06-13,0.776,0.779,0.761,0.774,400231398,1.0
2005-06-14,0.774,0.781,0.767,0.768,246761320,1.0
2005-06-15,0.765,0.766,0.753,0.755,220336445,1.0
2005-06-16,0.753,0.767,0.753,0.766,159723234,1.0
2005-06-17,0.77,0.782,0.769,0.772,289736570,1.0
2005-06-20,0.785,0.805,0.777,0.804,572495008,1.0
2005-06-21,0.804,0.804,0.792,0.794,279939976,1.0
2005-06-22,0.792,0.799,0.789,0.798,228293483,1.0
2005-06-23,0.796,0.798,0.791,0.794,271548858,1.0
2005-06-24,0.791,0.795,0.786,0.794,158139430,1.0
2005-06-27,0.797,0.81,0.797,0.808,375357534,1.0
2005-06-28,0.804,0.804,0.795,0.802,253261254,1.0
2005-06-29,0.804,0.805,0.789,0.791,241022912,1.0
2005-06-30,0.79,0.79,0.767,0.769,250300013,1.0
2005-07-01,0.768,0.769,0.762,0.767,269954777,1.0
2005-07-04,0.764,0.764,0.754,0.761,174210248,1.0
2005-07-05,0.76,0.76,0.752,0.754,100489995,1.0
2005-07-06,0.754,0.759,0.749,0.75,184563999,1.0
2005-07-07,0.749,0.754,0.748,0.75,93263939,1.0
2005-07-08,0.748,0.748,0.737,0.743,155890527,1.0
2005-07-11,0.751,0.764,0.74,0.741,223909300,1.0
2005-07-12,0.739,0.774,0.734,0.772,405956078,1.0
2005-07-13,0.768,0.77,0.76,0.765,240727890,1.0
2005-07-14,0.764,0.779,0.76,0.768,350204904,1.0
2005-07-15,0.77,0.774,0.763,0.766,146768328,1.0
2005-07-18,0.762,0.766,0.76,0.764,81156039,1.0
2005-07-19,0.762,0.769,0.762,0.763,154953943,1.0
2005-07-20,0.764,0.774,0.763,0.772,184683680,1.0
2005-07-21,0.771,0.776,0.769,0.775,238438531,1.0
2005-07-22,0.78,0.795,0.774,0.787,476670419,1.0
2005-07-25,0.785,0.787,0.782,0.784,230286865,1.0
2005-07-26,0.784,0.801,0.783,0.796,498537008,1.0
2005-07-27,0.795,0.803,0.793,0.803,373880682,1.0
2005-07-28,0.803,0.806,0.796,0.799,410161883,1.0
2005-07-29,0.799,0.8,0.794,0.797,273991391,1.0
2005-08-01,0.797,0.805,0.796,0.798,176826236,1.0
2005-08-02,0.798,0.806,0.796,0.805,344689105,1.0
2005-08-03,0.805,0.813,0.804,0.807,536901594,1.0
2005-08-04,0.806,0.809,0.803,0.805,386080052,1.0
2005-08-05,0.805,0.827,0.805,0.827,626302033,1.0
2005-08-08,0.828,0.834,0.826,0.828,363916501,1.0
2005-08-09,0.828,0.83,0.822,0.829,228268679,1.0
2005-08-10,0.829,0.833,0.821,0.83,359345264,1.0
2005-08-11,0.831,0.842,0.83,0.84,410476027,1.0
2005-08-12,0.841,0.843,0.833,0.836,441935743,1.0
2005-08-15,0.842,0.855,0.838,0.854,710778713,1.0
2005-08-16,0.854,0.856,0.836,0.839,363260570,1.0
2005-08-17,0.84,0.85,0.831,0.85,519437750,1.0
2005-08-18,0.85,0.853,0.821,0.824,1505321514,1.0
2005-08-19,0.822,0.834,0.822,0.83,380070597,1.0
2005-08-22,0.831,0.839,0.828,0.836,589263561,1.0
2005-08-23,0.836,0.838,0.826,0.83,417386111,1.0
2005-08-24,0.832,0.845,0.832,0.84,571416297,1.0
2005-08-25,0.839,0.844,0.835,0.84,205095175,1.0
2005-08-26,0.839,0.84,0.836,0.84,96918979,1.0
2005-08-29,0.839,0.839,0.827,0.83,312910191,1.0
2005-08-30,0.828,0.831,0.826,0.826,76193505,1.0
2005-08-31,0.825,0.835,0.825,0.835,116593219,1.0
2005-09-01,0.835,0.846,0.832,0.844,280175725,1.0
2005-09-02,0.845,0.847,0.841,0.845,103485148,1.0
2005-09-05,0.845,0.848,0.84,0.845,122442837,1.0
2005-09-06,0.845,0.845,0.833,0.834,151743385,1.0
2005-09-07,0.833,0.839,0.831,0.839,143656933,1.0
2005-09-08,0.839,0.845,0.838,0.841,321399366,1.0
2005-09-09,0.84,0.846,0.838,0.841,175049127,1.0
2005-09-12,0.839,0.842,0.837,0.84,73845180,1.0
2005-09-13,0.84,0.846,0.838,0.845,185252346,1.0
2005-09-14,0.845,0.85,0.845,0.85,185578304,1.0
2005-09-15,0.85,0.851,0.847,0.848,123543616,1.0
2005-09-16,0.848,0.849,0.845,0.846,61082587,1.0
2005-09-19,0.845,0.846,0.843,0.845,161558594,1.0
2005-09-20,0.845,0.847,0.839,0.839,161887599,1.0
2005-09-21,0.839,0.84,0.828,0.83,161245174,1.0
2005-09-22,0.828,0.829,0.809,0.813,398874123,1.0
2005-09-23,0.813,0.816,0.808,0.808,176367700,1.0
2005-09-26,0.808,0.812,0.807,0.812,44064243,1.0
2005-09-27,0.811,0.813,0.799,0.8,124673944,1.0
2005-09-28,0.8,0.804,0.799,0.802,81319234,1.0
2005-09-29,0.805,0.81,0.803,0.809,101095238,1.0
2005-09-30,0.809,0.809,0.805,0.808,45294935,1.0
2005-10-10,0.807,0.807,0.798,0.799,133657820,1.0
2005-10-11,0.799,0.808,0.798,0.807,234853826,1.0
2005-10-12,0.807,0.809,0.803,0.806,407530850,1.0
2005-10-13,0.805,0.808,0.798,0.799,393285553,1.0
2005-10-14,0.798,0.801,0.784,0.784,227932315,1.0
2005-10-17,0.785,0.786,0.775,0.781,145691514,1.0
2005-10-18,0.78,0.786,0.78,0.782,109424557,1.0
2005-10-19,0.781,0.791,0.78,0.781,218195976,1.0
2005-10-20,0.78,0.791,0.779,0.79,272024356,1.0
2005-10-21,0.788,0.793,0.787,0.789,69377712,1.0
2005-10-24,0.789,0.789,0.784,0.787,39511907,1.0
2005-10-25,0.785,0.787,0.777,0.78,118663653,1.0
2005-10-26,0.78,0.78,0.762,0.763,169079945,1.0
2005-10-27,0.763,0.767,0.759,0.765,165104526,1.0
2005-10-28,0.764,0.769,0.758,0.76,154507275,1.0
2005-10-31,0.76,0.771,0.76,0.77,255705334,1.0
2005-11-01,0.768,0.769,0.759,0.767,303394230,1.0
2005-11-02,0.767,0.78,0.766,0.773,297261203,1.0
2005-11-03,0.772,0.777,0.764,0.766,292850869,1.0
2005-11-04,0.766,0.77,0.764,0.77,408126166,1.0
2005-11-07,0.768,0.769,0.76,0.766,116017787,1.0
2005-11-08,0.765,0.774,0.763,0.772,87777625,1.0
2005-11-09,0.77,0.774,0.765,0.766,539811736,1.0
2005-11-10,0.764,0.768,0.754,0.755,471016468,1.0
2005-11-11,0.753,0.759,0.752,0.756,71926942,1.0
2005-11-14,0.755,0.757,0.752,0.752,55301359,1.0
2005-11-15,0.754,0.759,0.75,0.752,103230388,1.0
2005-11-16,0.752,0.756,0.746,0.755,101636995,1.0
2005-11-17,0.754,0.758,0.751,0.757,51259588,1.0
2005-11-18,0.755,0.778,0.755,0.774,201203365,1.0
2005-11-21,0.773,0.775,0.769,0.775,102094047,1.0
2005-11-22,0.774,0.774,0.761,0.761,132047950,1.0
2005-11-23,0.758,0.768,0.758,0.766,81803823,1.0
2005-11-24,0.765,0.781,0.764,0.776,183116402,1.0
2005-11-25,0.776,0.784,0.773,0.783,141376946,1.0
2005-11-28,0.783,0.786,0.775,0.778,134416639,1.0
2005-11-29,0.778,0.778,0.769,0.77,103068699,1.0
2005-11-30,0.769,0.774,0.767,0.774,96100607,1.0
2005-12-01,0.773,0.779,0.772,0.773,94508471,1.0
2005-12-02,0.775,0.777,0.768,0.772,153727845,1.0
2005-12-05,0.77,0.771,0.765,0.766,151838163,1.0
2005-12-06,0.765,0.777,0.765,0.775,309324767,1.0
2005-12-07,0.775,0.781,0.773,0.781,390561954,1.0
2005-12-08,0.781,0.786,0.776,0.779,402033594,1.0
2005-12-09,0.779,0.793,0.777,0.792,248947929,1.0
2005-12-12,0.792,0.793,0.787,0.79,95361041,1.0
2005-12-13,0.788,0.79,0.783,0.788,134313075,1.0
2005-12-14,0.788,0.796,0.785,0.794,169871647,1.0
2005-12-15,0.793,0.799,0.793,0.794,349184509,1.0
2005-12-16,0.793,0.798,0.792,0.798,105110164,1.0
2005-12-19,0.796,0.799,0.794,0.798,125172163,1.0
2005-12-20,0.797,0.802,0.795,0.801,172037706,1.0
2005-12-21,0.8,0.807,0.8,0.802,272423707,1.0
2005-12-22,0.801,0.805,0.798,0.805,103405408,1.0
2005-12-23,0.803,0.81,0.803,0.81,168147014,1.0
2005-12-26,0.81,0.816,0.808,0.813,117713603,1.0
2005-12-27,0.814,0.814,0.808,0.809,100033013,1.0
2005-12-28,0.807,0.811,0.806,0.809,91222830,1.0
2005-12-29,0.809,0.817,0.809,0.817,202643804,1.0
2005-12-30,0.818,0.821,0.811,0.812,169386465,1.0
2006-01-04,0.814,0.83,0.814,0.829,338081827,1.0
2006-01-05,0.829,0.848,0.829,0.848,670414568,1.0
2006-01-06,0.848,0.859,0.844,0.854,304423277,1.0
2006-01-09,0.853,0.86,0.851,0.858,149233673,1.0
2006-01-10,0.854,0.855,0.847,0.855,173125259,1.0
2006-01-11,0.854,0.859,0.847,0.848,186508061,1.0
2006-01-12,0.846,0.855,0.845,0.854,149707456,1.0
2006-01-13,0.854,0.857,0.844,0.846,296811479,1.0
2006-01-16,0.847,0.847,0.831,0.833,256241286,1.0
2006-01-17,0.831,0.841,0.831,0.839,87568067,1.0
2006-01-18,0.838,0.858,0.835,0.856,227880247,1.0
2006-01-19,0.857,0.861,0.85,0.858,268704070,1.0
2006-01-20,0.858,0.862,0.854,0.856,150427872,1.0
2006-01-23,0.857,0.862,0.855,0.86,125976604,1.0
2006-01-24,0.859,0.86,0.85,0.854,149411735,1.0
2006-01-25,0.854,0.863,0.851,0.863,82612588,1.0
2006-02-06,0.863,0.879,0.862,0.878,259510379,1.0
2006-02-07,0.877,0.88,0.866,0.873,168222548,1.0
2006-02-08,0.87,0.879,0.869,0.877,1475996471,1.0
2006-02-09,0.878,0.878,0.864,0.865,123243314,1.0
2006-02-10,0.865,0.879,0.865,0.879,137067116,1.0
2006-02-13,0.877,0.878,0.869,0.876,99621841,1.0
2006-02-14,0.875,0.877,0.872,0.877,55462873,1.0
2006-02-15,0.878,0.887,0.878,0.885,128056871,1.0
2006-02-16,0.884,0.884,0.871,0.875,109807608,1.0
2006-02-17,0.87,0.88,0.87,0.875,108947368,1.0
2006-02-20,0.871,0.88,0.871,0.872,78604023,1.0
2006-02-21,0.87,0.888,0.87,0.887,133024252,1.0
2006-02-22,0.888,0.891,0.878,0.882,1016879615,1.0
2006-02-23,0.882,0.891,0.881,0.89,155370491,1.0
2006-02-24,0.891,0.898,0.888,0.898,214532599,1.0
2006-02-27,0.901,0.909,0.899,0.901,462330696,1.0
2006-02-28,0.901,0.912,0.894,0.911,296095636,1.0
2006-03-01,0.91,0.92,0.909,0.919,65315453,1.0
2006-03-02,0.92,0.92,0.896,0.901,89529678,1.0
2006-03-03,0.9,0.91,0.893,0.902,81803577,1.0
2006-03-06,0.902,0.905,0.897,0.897,98092007,1.0
2006-03-07,0.897,0.9,0.879,0.881,139065504,1.0
2006-03-08,0.88,0.882,0.873,0.877,125514832,1.0
2006-03-09,0.877,0.879,0.871,0.872,115338501,1.0
2006-03-10,0.871,0.878,0.871,0.874,103142764,1.0
2006-03-13,0.872,0.883,0.872,0.882,33260274,1.0
2006-03-14,0.881,0.883,0.874,0.878,35996773,1.0
2006-03-15,0.877,0.885,0.876,0.885,74560751,1.0
2006-03-16,0.884,0.886,0.882,0.882,39904676,1.0
2006-03-17,0.88,0.885,0.877,0.881,48343626,1.0
2006-03-20,0.88,0.891,0.877,0.891,56866827,1.0
2006-03-21,0.89,0.897,0.889,0.892,67144105,1.0
2006-03-22,0.892,0.897,0.889,0.897,38163866,1.0
2006-03-23,0.897,0.897,0.887,0.894,64728383,1.0
2006-03-24,0.894,0.897,0.892,0.895,195535714,1.0
2006-03-27,0.894,0.9,0.888,0.897,117585002,1.0
2006-03-28,0.896,0.905,0.895,0.904,81088457,1.0
2006-03-29,0.902,0.917,0.902,0.912,67112897,1.0
2006-03-30,0.911,0.916,0.904,0.906,38637682,1.0
2006-03-31,0.905,0.912,0.9,0.91,50279751,1.0
2006-04-03,0.91,0.92,0.907,0.92,77816113,1.0
2006-04-04,0.919,0.925,0.915,0.925,90690520,1.0
2006-04-05,0.924,0.933,0.924,0.932,81462011,1.0
2006-04-06,0.933,0.935,0.927,0.93,35595266,1.0
2006-04-07,0.93,0.93,0.916,0.919,62330112,1.0
2006-04-10,0.919,0.933,0.917,0.932,166829210,1.0
2006-04-11,0.933,0.945,0.93,0.936,45588886,1.0
2006-04-12,0.935,0.938,0.93,0.933,43768843,1.0
2006-04-13,0.93,0.936,0.919,0.92,74313001,1.0
2006-04-14,0.918,0.939,0.918,0.938,65820698,1.0
2006-04-17,0.93,0.949,0.929,0.947,148382455,1.0
2006-04-18,0.947,0.957,0.943,0.95,53473479,1.0
2006-04-19,0.95,0.957,0.946,0.952,96221044,1.0
2006-04-20,0.95,0.957,0.938,0.939,105427323,1.0
2006-04-21,0.939,0.963,0.939,0.962,175267666,1.0
2006-04-24,0.96,0.967,0.953,0.961,72151580,1.0
2006-04-25,0.96,0.96,0.941,0.942,73347641,1.0
2006-04-26,0.942,0.966,0.942,0.963,65117983,1.0
2006-04-27,0.963,0.965,0.953,0.964,43890259,1.0
2006-04-28,0.958,0.992,0.95,0.992,62605594,1.0
2006-05-08,0.992,1.028,0.992,1.026,28441867,1.0
2006-05-09,1.027,1.052,1.021,1.046,50213767,1.0
2006-05-10,1.048,1.06,1.038,1.052,100119234,1.0
2006-05-11,1.05,1.07,1.039,1.043,67394855,1.0
2006-05-12,1.038,1.08,1.034,1.08,116176984,1.0
2006-05-15,1.086,1.15,1.085,1.139,47531172,1.0
2006-05-16,1.111,1.149,1.088,1.104,66068657,1.0
2006-05-17,1.103,1.128,1.09,1.107,40967361,1.0
2006-05-18,1.1,1.106,1.078,1.105,30864534,1.0
2006-05-19,1.1142,1.1326,1.0989,1.1254,44047745,1.0222016651248844
2006-05-22,1.1254,1.1438,1.1142,1.1244,38847736,1.0222016651248844
2006-05-23,1.1234,1.1234,1.0825,1.0876,157881470,1.0222016651248844
2006-05-24,1.0886,1.1193,1.0692,1.0897,51932420,1.0222016651248844
2006-05-25,1.0866,1.105,1.0754,1.0886,28633570,1.0222016651248844
2006-05-26,1.0938,1.1152,1.0927,1.1142,47432013,1.0222016651248844
2006-05-29,1.1111,1.1387,1.106,1.1326,45069907,1.0222016651248844
2006-05-30,1.1326,1.1479,1.1306,1.1387,35014193,1.0222016651248844
2006-05-31,1.1346,1.152,1.1295,1.1346,34502850,1.0222016651248844
2006-06-01,1.1326,1.1653,1.1306,1.1633,35661661,1.0222016651248844
2006-06-02,1.1663,1.1674,1.1438,1.1622,49511794,1.0222016651248844
2006-06-05,1.15,1.1592,1.1244,1.149,59198763,1.0222016651248844
2006-06-06,1.1469,1.1592,1.1346,1.1469,25772395,1.0222016651248844
2006-06-07,1.1469,1.1479,1.0938,1.0968,104759841,1.0222016651248844
2006-06-08,1.0907,1.107,1.0774,1.103,129026493,1.0222016651248844
2006-06-09,1.103,1.1091,1.0846,1.0846,99450322,1.0222016651248844
2006-06-12,1.0743,1.0958,1.0733,1.0846,52135816,1.0222016651248844
2006-06-13,1.0835,1.0978,1.0774,1.0815,37997581,1.0222016651248844
2006-06-14,1.0815,1.0815,1.0631,1.0754,65848239,1.0222016651248844
2006-06-15,1.0723,1.0825,1.0723,1.0764,16768353,1.0222016651248844
2006-06-16,1.0774,1.1009,1.0774,1.0999,37506792,1.0222016651248844
2006-06-19,1.0938,1.1132,1.0846,1.107,49804494,1.0222016651248844
2006-06-20,1.104,1.1152,1.0999,1.1122,60828401,1.0222016651248844
2006-06-21,1.1111,1.1244,1.0968,1.1111,58639542,1.0222016651248844
2006-06-22,1.1162,1.1203,1.0938,1.1081,39547718,1.0222016651248844
2006-06-23,1.104,1.1193,1.1009,1.1162,42023846,1.0222016651248844
2006-06-26,1.1162,1.1438,1.1162,1.1418,73135985,1.0222016651248844
2006-06-27,1.1438,1.1449,1.1326,1.1418,90179586,1.0222016651248844
2006-06-28,1.1398,1.1428,1.1326,1.1418,61281474,1.0222016651248844
2006-06-29,1.1449,1.1633,1.1418,1.1633,103818704,1.0222016651248844
2006-06-30,1.1653,1.1735,1.1561,1.1612,113755888,1.0222016651248844
2006-07-03,1.1653,1.1898,1.1653,1.1868,66714155,1.0222016651248844
2006-07-04,1.1919,1.1939,1.1633,1.1755,90156746,1.0222016651248844
2006-07-05,1.1837,1.1837,1.0774,1.1479,55707443,1.0222016651248844
2006-07-06,1.1438,1.1663,1.1438,1.1653,35587175,1.0222016651248844
2006-07-07,1.1653,1.1674,1.1479,1.153,22744208,1.0222016651248844
2006-07-10,1.1449,1.1551,1.1428,1.152,17359973,1.0222016651248844
2006-07-11,1.152,1.1571,1.1459,1.1551,11906587,1.0222016651248844
2006-07-12,1.1551,1.1643,1.152,1.1571,13213810,1.0222016651248844
2006-07-13,1.1571,1.1571,1.105,1.1091,96897933,1.0222016651248844
2006-07-14,1.103,1.1214,1.0989,1.1152,51629486,1.0222016651248844
2006-07-17,1.1122,1.1234,1.105,1.1214,76400715,1.0222016651248844
2006-07-18,1.1183,1.1193,1.1101,1.1183,60181749,1.0222016651248844
2006-07-19,1.1152,1.1183,1.0907,1.0938,38112400,1.0222016651248844
2006-07-20,1.0989,1.104,1.0927,1.0999,10625136,1.0222016651248844
2006-07-21,1.0999,1.1142,1.0999,1.1122,10419753,1.0222016651248844
2006-07-24,1.1081,1.1132,1.0938,1.1122,17610884,1.0222016651248844
2006-07-25,1.1122,1.1285,1.1122,1.1244,21616889,1.0222016651248844
2006-07-26,1.1285,1.1295,1.1214,1.1244,20263610,1.0222016651248844
2006-07-27,1.1244,1.1336,1.1101,1.1162,23753372,1.0222016651248844
2006-07-28,1.1122,1.1193,1.0978,1.104,17441067,1.0222016651248844
2006-07-31,1.0978,1.0989,1.0754,1.0754,30236261,1.0222016651248844
2006-08-01,1.0743,1.0835,1.0641,1.0662,150831941,1.0222016651248844
2006-08-02,1.0662,1.0713,1.0518,1.058,68645660,1.0222016651248844
2006-08-03,1.058,1.0682,1.0529,1.0621,19963499,1.0222016651248844
2006-08-04,1.06,1.0702,1.0457,1.0467,64223809,1.0222016651248844
2006-08-07,1.0426,1.0478,1.0294,1.0304,107669717,1.0222016651248844
2006-08-08,1.0324,1.0498,1.0324,1.0467,116456473,1.0222016651248844
2006-08-09,1.0467,1.0539,1.0426,1.0508,19253156,1.0222016651248844
2006-08-10,1.0508,1.0672,1.0488,1.0651,20918302,1.0222016651248844
2006-08-11,1.0651,1.0692,1.059,1.0631,42691951,1.0222016651248844
2006-08-14,1.0641,1.0713,1.0457,1.0488,25203644,1.0222016651248844
2006-08-15,1.0437,1.061,1.0426,1.061,12289027,1.0222016651248844
2006-08-16,1.061,1.0743,1.0549,1.0713,31817884,1.0222016651248844
2006-08-17,1.0702,1.0702,1.059,1.0621,12179208,1.0222016651248844
2006-08-18,1.061,1.0743,1.059,1.0651,73224532,1.0222016651248844
2006-08-21,1.0426,1.0662,1.0273,1.0662,13107311,1.0222016651248844
2006-08-22,1.0631,1.0794,1.0631,1.0754,66281880,1.0222016651248844
2006-08-23,1.0774,1.0846,1.0733,1.0784,17297270,1.0222016651248844
2006-08-24,1.0733,1.0856,1.0682,1.0835,37194401,1.0222016651248844
2006-08-25,1.0846,1.0917,1.0835,1.0876,62147815,1.0222016651248844
2006-08-28,1.0917,1.1111,1.0866,1.1091,78903447,1.0222016651248844
2006-08-29,1.1081,1.1152,1.104,1.105,108314205,1.0222016651248844
2006-08-30,1.1009,1.105,1.0978,1.1019,72349462,1.0222016651248844
2006-08-31,1.1019,1.107,1.0989,1.1009,52551174,1.0222016651248844
2006-09-01,1.1019,1.103,1.0866,1.0876,71218215,1.0222016651248844
2006-09-04,1.0876,1.1009,1.0876,1.0999,52606842,1.0222016651248844
2006-09-05,1.0999,1.1132,1.0978,1.105,63740315,1.0222016651248844
2006-09-06,1.106,1.1152,1.104,1.1142,62679039,1.0222016651248844
2006-09-07,1.1162,1.1162,1.0978,1.1019,51939836,1.0222016651248844
2006-09-08,1.0999,1.1091,1.0968,1.105,19102031,1.0222016651248844
2006-09-11,1.106,1.1122,1.1019,1.1111,32340675,1.0222016651248844
2006-09-12,1.1111,1.1275,1.1111,1.1254,110285998,1.0222016651248844
2006-09-13,1.1244,1.1418,1.1224,1.1285,157399384,1.0222016651248844
2006-09-14,1.1224,1.1398,1.1183,1.1265,57664391,1.0222016651248844
2006-09-15,1.1275,1.1592,1.1275,1.1551,60761275,1.0222016651248844
2006-09-18,1.1571,1.1755,1.1571,1.1735,48845760,1.0222016651248844
2006-09-19,1.1653,1.1725,1.1571,1.1582,64069672,1.0222016651248844
2006-09-20,1.1582,1.1622,1.149,1.1541,49986916,1.0222016651248844
2006-09-21,1.1541,1.1714,1.1541,1.1694,84318722,1.0222016651248844
2006-09-22,1.1694,1.1786,1.1551,1.1571,46570631,1.0222016651248844
2006-09-25,1.1571,1.1622,1.1459,1.152,23087438,1.0222016651248844
2006-09-26,1.1551,1.1551,1.1346,1.1387,16692538,1.0222016651248844
2006-09-27,1.1336,1.15,1.1336,1.15,14899535,1.0222016651248844
2006-09-28,1.15,1.1694,1.1449,1.1674,29341362,1.0222016651248844
2006-09-29,1.1674,1.1837,1.1674,1.1817,79052351,1.0222016651248844
2006-10-09,1.1888,1.2123,1.1888,1.2123,55562138,1.0222016651248844
2006-10-10,1.2134,1.2226,1.2042,1.2174,126489242,1.0222016651248844
2006-10-11,1.2144,1.2174,1.2011,1.2164,25538016,1.0222016651248844
2006-10-12,1.2144,1.2195,1.2072,1.2134,14884448,1.0222016651248844
2006-10-13,1.2031,1.2154,1.2031,1.2123,20488854,1.0222016651248844
2006-10-16,1.2103,1.2134,1.1939,1.195,26329492,1.0222016651248844
2006-10-17,1.1929,1.2011,1.1858,1.1868,22990274,1.0222016651248844
2006-10-18,1.1878,1.2123,1.1878,1.2113,28657520,1.0222016651248844
2006-10-19,1.2113,1.2215,1.2082,1.2154,59502886,1.0222016651248844
2006-10-20,1.2144,1.2277,1.2082,1.2185,121216339,1.0222016651248844
2006-10-23,1.2185,1.2205,1.195,1.199,161791951,1.0222016651248844
2006-10-24,1.2011,1.2246,1.198,1.2205,44433041,1.0222016651248844
2006-10-25,1.2205,1.244,1.2185,1.2277,79695024,1.0222016651248844
2006-10-26,1.2266,1.245,1.2185,1.244,67520861,1.0222016651248844
2006-10-27,1.243,1.245,1.2246,1.2277,85672239,1.0222016651248844
2006-10-30,1.2205,1.242,1.2134,1.2399,26614611,1.0222016651248844
2006-10-31,1.2389,1.2624,1.2389,1.2604,37748136,1.0222016651248844
2006-11-01,1.2594,1.2798,1.2573,1.2788,40100814,1.0222016651248844
2006-11-02,1.2778,1.2859,1.2665,1.2737,40240876,1.0222016651248844
2006-11-03,1.2747,1.2992,1.2747,1.2951,26641825,1.0222016651248844
2006-11-06,1.288,1.3135,1.2798,1.3135,56410158,1.0222016651248844
2006-11-07,1.3135,1.3319,1.3043,1.3319,61098473,1.0222016651248844
2006-11-08,1.3289,1.3289,1.3074,1.3115,49663872,1.0222016651248844
2006-11-09,1.3105,1.3493,1.3033,1.3411,71435221,1.0222016651248844
2006-11-10,1.3442,1.3677,1.3268,1.337,86516749,1.0222016651248844
2006-11-13,1.3248,1.3462,1.3033,1.3146,71069612,1.0222016651248844
2006-11-14,1.3033,1.3299,1.2921,1.3289,71404486,1.0222016651248844
2006-11-15,1.3299,1.3636,1.3186,1.3626,49762831,1.0222016651248844
2006-11-16,1.3689,1.3899,1.3594,1.3689,79640287,1.0513848916755175
2006-11-17,1.3615,1.3952,1.3542,1.3952,33395081,1.0513848916755175
2006-11-20,1.3973,1.4341,1.3962,1.4341,58621893,1.0513848916755175
2006-11-21,1.4278,1.4436,1.4068,1.4404,65798955,1.0513848916755175
2006-11-22,1.433,1.4656,1.4194,1.4509,72705996,1.0513848916755175
2006-11-23,1.4499,1.4698,1.4488,1.4604,53589201,1.0513848916755175
2006-11-24,1.453,1.4572,1.4362,1.4541,98774641,1.0513848916755175
2006-11-27,1.4509,1.4509,1.4362,1.4457,60916269,1.0513848916755175
2006-11-28,1.4383,1.452,1.4173,1.4299,107502026,1.0513848916755175
2006-11-29,1.4057,1.4572,1.4025,1.4509,95723079,1.0513848916755175
2006-11-30,1.4562,1.4909,1.4541,1.4888,203466073,1.0513848916755175
2006-12-01,1.4898,1.5056,1.4877,1.494,101647214,1.0513848916755175
2006-12-04,1.494,1.5592,1.494,1.5571,72383462,1.0513848916755175
2006-12-05,1.5624,1.5823,1.555,1.5634,89532644,1.0513848916755175
2006-12-06,1.5613,1.5823,1.5087,1.5592,128930275,1.0513848916755175
2006-12-07,1.555,1.6191,1.5466,1.575,87533388,1.0513848916755175
2006-12-08,1.5666,1.5729,1.5087,1.5119,212541872,1.0513848916755175
2006-12-11,1.5087,1.5981,1.5056,1.5981,65120394,1.0513848916755175
2006-12-12,1.6034,1.617,1.5771,1.6055,113129946,1.0513848916755175
2006-12-13,1.6013,1.6191,1.575,1.5981,103394530,1.0513848916755175
2006-12-14,1.5928,1.6275,1.5928,1.6265,57561597,1.0513848916755175
2006-12-15,1.6296,1.657,1.6244,1.6549,82067937,1.0513848916755175
2006-12-18,1.657,1.6927,1.657,1.6906,97909980,1.0513848916755175
2006-12-19,1.7032,1.7159,1.6685,1.698,96878754,1.0513848916755175
2006-12-20,1.6738,1.7295,1.6717,1.7253,62277919,1.0513848916755175
2006-12-21,1.7201,1.7211,1.6948,1.7001,105505833,1.0513848916755175
2006-12-22,1.6864,1.7074,1.6612,1.6696,93714022,1.0513848916755175
2006-12-25,1.6675,1.7348,1.6664,1.7106,96590112,1.0513848916755175
2006-12-26,1.7117,1.74,1.7022,1.7201,96340492,1.0513848916755175
2006-12-27,1.7222,1.7789,1.7138,1.7768,91228940,1.0513848916755175
2006-12-28,1.7779,1.8294,1.7768,1.7863,64316670,1.0513848916755175
2006-12-29,1.8189,1.882,1.8084,1.8799,87644785,1.0513848916755175
2007-01-04,1.9451,1.9903,1.8862,1.8935,190612277,1.0513848916755175
2007-01-05,1.861,1.9125,1.8515,1.8673,206980745,1.0513848916755175
2007-01-08,1.8631,1.9282,1.861,1.923,98259226,1.0513848916755175
2007-01-09,1.9324,2.0029,1.9062,2.0018,94940363,1.0513848916755175
2007-01-10,2.0176,2.026,1.9766,2.0229,137097788,1.0513848916755175
2007-01-11,2.0187,2.0386,1.9871,1.9955,121307976,1.0513848916755175
2007-01-12,1.9745,1.9945,1.9114,1.9314,120089545,1.0513848916755175
2007-01-15,1.9156,2.0166,1.9156,2.0155,140742824,1.0513848916755175
2007-01-16,2.0197,2.0607,2.0071,2.0439,125262084,1.0513848916755175
2007-01-17,2.0428,2.0912,1.9871,2.0081,134561964,1.0513848916755175
2007-01-18,1.9913,2.0218,1.9398,2.0039,110146940,1.0513848916755175
2007-01-19,2.005,2.0712,2.0039,2.0691,124696159,1.0513848916755175
2007-01-22,2.0891,2.1627,2.0881,2.1585,104411892,1.0513848916755175
2007-01-23,2.1753,2.1974,2.1059,2.1921,130614627,1.0513848916755175
2007-01-24,2.1932,2.2542,2.1743,2.2184,88277208,1.0513848916755175
2007-01-25,2.1953,2.2373,2.1743,2.1764,126723774,1.0513848916755175
2007-01-26,2.1343,2.3341,2.1028,2.2615,143628247,1.0513848916755175
2007-01-29,2.2889,2.3267,2.2615,2.313,135902682,1.0513848916755175
2007-01-30,2.3236,2.3446,2.2773,2.2889,185734565,1.0513848916755175
2007-01-31,2.2647,2.2973,2.1238,2.1396,213063927,1.0513848916755175
2007-02-01,2.1059,2.149,2.0607,2.1291,150380838,1.0513848916755175
2007-02-02,2.1301,2.1448,2.0176,2.0313,139187080,1.0513848916755175
2007-02-05,2.0071,2.0386,1.9777,1.9808,112380326,1.0513848916755175
2007-02-06,1.984,2.0491,1.9093,2.046,212000113,1.0513848916755175
2007-02-07,2.0513,2.1185,2.0428,2.0891,256696687,1.0513848916755175
2007-02-08,2.0912,2.1206,2.047,2.108,148350797,1.0513848916755175
2007-02-09,2.108,2.1143,2.0702,2.0817,114882806,1.0513848916755175
2007-02-12,2.0859,2.1753,2.0828,2.1743,121012790,1.0513848916755175
2007-02-13,2.1848,2.2048,2.1669,2.1921,104597389,1.0513848916755175
2007-02-14,2.1879,2.2741,2.1879,2.2657,141584417,1.0513848916755175
2007-02-15,2.3036,2.3341,2.291,2.332,218127257,1.0513848916755175
2007-02-16,2.3341,2.3572,2.3078,2.3257,190330832,1.0513848916755175
2007-02-26,2.313,2.3341,2.2762,2.3288,104210232,1.0513848916755175
2007-02-27,2.3257,2.3435,2.1028,2.1248,205360531,1.0513848916755175
2007-02-28,2.1038,2.1879,2.0996,2.1806,182794483,1.0513848916755175
2007-03-01,2.1806,2.1869,2.0965,2.1196,135144211,1.0513848916755175
2007-03-02,2.1185,2.1711,2.1101,2.148,124240349,1.0513848916755175
2007-03-05,2.1396,2.1711,2.0597,2.0986,170099095,1.0513848916755175
2007-03-06,2.0881,2.1869,2.0712,2.1564,163834478,1.0513848916755175
2007-03-07,2.169,2.2247,2.1648,2.2111,143381997,1.0513848916755175
2007-03-08,2.2079,2.2268,2.1869,2.2216,105809863,1.0513848916755175
2007-03-09,2.2237,2.2479,2.1974,2.2195,86160038,1.0513848916755175
2007-03-12,2.2205,2.2279,2.1879,2.209,104866968,1.0513848916755175
2007-03-13,2.21,2.2268,2.1984,2.2184,81763043,1.0513848916755175
2007-03-14,2.1774,2.2027,2.1406,2.1732,79922589,1.0513848916755175
2007-03-15,2.168,2.2184,2.168,2.2153,84856614,1.0513848916755175
2007-03-16,2.2184,2.2342,2.1659,2.1806,77658187,1.0513848916755175
2007-03-19,2.1343,2.2805,1.9777,2.2626,146477245,1.0513848916755175
2007-03-20,2.2605,2.2626,2.2342,2.2573,66193245,1.0513848916755175
2007-03-21,2.2563,2.2878,2.2563,2.2847,50934151,1.0513848916755175
2007-03-22,2.2899,2.3162,2.2868,2.292,80998603,1.0513848916755175
2007-03-23,2.2878,2.3025,2.2405,2.2878,77127004,1.0513848916755175
2007-03-26,2.2878,2.3236,2.272,2.3204,68349604,1.0513848916755175
2007-03-27,2.3225,2.3309,2.3036,2.3236,64192607,1.0513848916755175
2007-03-28,2.3194,2.3698,2.2689,2.3667,144268874,1.0513848916755175
2007-03-29,2.3782,2.4403,2.3677,2.3908,179837423,1.0513848916755175
2007-03-30,2.3866,2.4024,2.3656,2.3751,87599116,1.0513848916755175
2007-04-02,2.3761,2.4287,2.3751,2.4287,64844522,1.0513848916755175
2007-04-03,2.4434,2.455,2.4298,2.4518,62874861,1.0513848916755175
2007-04-04,2.4476,2.4739,2.4403,2.4623,86167675,1.0513848916755175
2007-04-05,2.455,2.4792,2.4392,2.4687,69016375,1.0513848916755175
2007-04-06,2.4476,2.4813,2.4445,2.4739,75568348,1.0513848916755175
2007-04-09,2.4739,2.5328,2.4729,2.5286,30346567,1.0513848916755175
2007-04-10,2.5317,2.558,2.4918,2.5517,68245135,1.0513848916755175
2007-04-11,2.5559,2.6022,2.5559,2.5875,84321578,1.0513848916755175
2007-04-12,2.5917,2.6285,2.5896,2.6264,52065939,1.0513848916755175
2007-04-13,2.6306,2.6379,2.5969,2.598,77625279,1.0513848916755175
2007-04-16,2.5959,2.68,2.5864,2.6726,82673165,1.0513848916755175
2007-04-17,2.68,2.6894,2.598,2.6611,119182354,1.0513848916755175
2007-04-18,2.6558,2.6684,2.6085,2.6442,80595397,1.0513848916755175
2007-04-19,2.5896,2.6453,2.4497,2.5359,122113842,1.0513848916755175
2007-04-20,2.5559,2.6453,2.5559,2.6316,75356138,1.0513848916755175
2007-04-23,2.6442,2.7494,2.6442,2.7462,43638113,1.0513848916755175
2007-04-24,2.7525,2.783,2.7336,2.7431,82431481,1.0513848916755175
2007-04-25,2.7336,2.7883,2.6905,2.7736,139669995,1.0513848916755175
2007-04-26,2.7788,2.8019,2.7557,2.7925,76013889,1.0513848916755175
2007-04-27,2.7862,2.7935,2.7399,2.7704,110383063,1.0513848916755175
2007-04-30,2.7704,2.8913,2.7662,2.8125,142485175,1.0513848916755175
2007-05-08,2.9018,2.9123,2.8387,2.905,47079678,1.0513848916755175
2007-05-09,2.8913,2.9386,2.8387,2.9281,92354802,1.0513848916755175
2007-05-10,2.9323,2.9754,2.8966,2.9544,194169928,1.0513848916755175
2007-05-11,2.9228,2.9407,2.8661,2.9313,540707007,1.0513848916755175
2007-05-14,2.8913,3.0049,2.8703,2.966,198559090,1.0513848916755175
2007-05-15,2.9649,2.9765,2.8408,2.8598,149143384,1.0513848916755175
2007-05-16,2.8493,2.9113,2.8156,2.9102,147333461,1.0513848916755175
2007-05-17,2.9123,2.9681,2.9018,2.9523,67841665,1.0513848916755175
2007-05-18,2.9386,2.9491,2.9123,2.9313,133287879,1.0513848916755175
2007-05-21,2.8387,2.9523,2.8293,2.9365,110354557,1.0513848916755175
2007-05-22,2.9407,2.9796,2.9386,2.9649,84539410,1.0513848916755175
2007-05-23,2.9649,3.0038,2.9397,3.0038,119340689,1.0513848916755175
2007-05-24,3.0385,3.0385,2.947,2.9754,141205387,1.0513848916755175
2007-05-25,2.9544,3.028,2.9439,3.0164,139263283,1.0513848916755175
2007-05-28,3.0353,3.0858,2.9964,3.0764,136764514,1.0513848916755175
2007-05-29,3.0764,3.1352,3.0764,3.1331,130611980,1.0513848916755175
2007-05-30,2.9775,3.1363,2.8577,2.8776,193095745,1.0513848916755175
2007-05-31,2.8829,3.1121,2.844,3.0269,119817235,1.0513848916755175
2007-06-01,3.028,3.1489,2.9449,3.0059,141659511,1.0513848916755175
2007-06-04,3.0332,3.0469,2.7494,2.8356,258291665,1.0513848916755175
2007-06-05,2.7757,2.8724,2.5843,2.8556,281116635,1.0513848916755175
2007-06-06,2.8587,2.8913,2.7651,2.8461,157392024,1.0513848916755175
2007-06-07,2.8703,2.9428,2.8598,2.9323,181017694,1.0513848916755175
2007-06-08,2.9418,2.9618,2.8913,2.9449,88289911,1.0513848916755175
2007-06-11,2.9491,3.028,2.9439,2.9964,95188829,1.0513848916755175
2007-06-12,2.9985,3.0827,2.9439,3.0648,109959738,1.0513848916755175
2007-06-13,3.0806,3.1542,3.0806,3.1531,103837267,1.0513848916755175
2007-06-14,3.151,3.151,3.0921,3.1142,102740044,1.0513848916755175
2007-06-15,3.0616,3.1436,3.0522,3.1373,45612041,1.0513848916755175
2007-06-18,3.1836,3.2509,3.1762,3.2383,74944630,1.0513848916755175
2007-06-19,3.2088,3.2488,3.2067,3.2235,86467873,1.0513848916755175
2007-06-20,3.2067,3.2446,3.1531,3.1783,69306142,1.0513848916755175
2007-06-21,3.1647,3.213,3.1468,3.2046,105799446,1.0513848916755175
2007-06-22,3.2015,3.2488,3.0911,3.1394,103405849,1.0513848916755175
2007-06-25,3.1499,3.1952,3.0606,3.0669,97321926,1.0513848916755175
2007-06-26,3.0448,3.0953,3.0038,3.0911,147677298,1.0513848916755175
2007-06-27,3.1016,3.2067,3.049,3.1941,69637240,1.0513848916755175
2007-06-28,3.1668,3.2193,3.11,3.1132,98314365,1.0513848916755175
2007-06-29,3.0595,3.1121,3.0364,3.0396,86363403,1.0513848916755175
2007-07-02,3.0396,3.1016,2.9702,3.0753,58589692,1.0513848916755175
2007-07-03,3.0648,3.0984,3.049,3.0911,53923766,1.0513848916755175
2007-07-04,3.09,3.0953,3.0122,3.0206,72439103,1.0513848916755175
2007-07-05,2.9744,3.007,2.8903,2.9113,81374162,1.0513848916755175
2007-07-06,2.9018,2.9912,2.8387,2.9828,136405409,1.0513848916755175
2007-07-09,2.987,3.089,2.987,3.0806,79286124,1.0513848916755175
2007-07-10,3.0753,3.1226,3.0606,3.0637,91874050,1.0513848916755175
2007-07-11,3.0637,3.0806,3.029,3.0658,67428929,1.0513848916755175
2007-07-12,3.0658,3.1174,3.0595,3.1058,41862601,1.0513848916755175
2007-07-13,3.1142,3.1163,3.0679,3.11,29080741,1.0513848916755175
2007-07-16,3.0911,3.1058,2.9859,3.007,39910813,1.0513848916755175
2007-07-17,2.988,3.1068,2.987,3.0942,30749241,1.0513848916755175
2007-07-18,3.0806,3.1542,3.0606,3.11,56647623,1.0513848916755175
2007-07-19,3.1121,3.13,3.0911,3.0984,33352936,1.0513848916755175
2007-07-20,3.0953,3.254,3.0953,3.2477,84273699,1.0513848916755175
2007-07-23,3.3119,3.3739,3.2803,3.3665,102780379,1.0513848916755175
2007-07-24,3.3697,3.4202,3.3508,3.3676,63128651,1.0513848916755175
2007-07-25,3.3644,3.4591,3.3644,3.4559,64541979,1.0513848916755175
2007-07-26,3.4675,3.4727,3.4212,3.4454,63248945,1.0513848916755175
2007-07-27,3.417,3.4338,3.3844,3.4107,88550980,1.0513848916755175
2007-07-30,3.4138,3.5169,3.4054,3.5074,65970961,1.0513848916755175
2007-07-31,3.5011,3.5432,3.457,3.5348,51785163,1.0513848916755175
2007-08-01,3.5348,3.56,3.4054,3.4233,98730500,1.0513848916755175
2007-08-02,3.4328,3.52,3.4328,3.5127,46819384,1.0513848916755175
2007-08-03,3.5221,3.6798,3.5221,3.6798,66589469,1.0513848916755175
2007-08-06,3.7209,3.7482,3.6798,3.7324,91674879,1.0513848916755175
2007-08-07,3.7366,3.7724,3.6904,3.7429,75978820,1.0513848916755175
2007-08-08,3.7061,3.7724,3.6798,3.7187,87889695,1.0513848916755175
2007-08-09,3.7187,3.8481,3.7114,3.8439,71224145,1.0513848916755175
2007-08-10,3.8344,3.8586,3.7724,3.8365,88359064,1.0513848916755175
2007-08-13,3.8428,3.9322,3.8176,3.8575,86683077,1.0513848916755175
2007-08-14,3.868,3.9048,3.8355,3.8964,50714388,1.0513848916755175
2007-08-15,3.8954,3.9374,3.8565,3.9101,108058424,1.0513848916755175
2007-08-16,3.8985,3.9048,3.8008,3.8281,118588547,1.0513848916755175
2007-08-17,3.8081,3.8701,3.723,3.7366,131948063,1.0513848916755175
2007-08-20,3.8323,3.9932,3.8165,3.9847,123609232,1.0513848916755175
2007-08-21,4.0037,4.0373,3.9784,4.0152,74059364,1.0513848916755175
2007-08-22,3.9742,4.1004,3.9637,4.0689,87538013,1.0513848916755175
2007-08-23,4.072,4.1246,4.0447,4.1183,59936035,1.0513848916755175
2007-08-24,4.1319,4.2434,4.1319,4.2329,98324344,1.0513848916755175
2007-08-27,4.2676,4.3275,4.2055,4.2486,115817639,1.0513848916755175
2007-08-28,4.2234,4.2634,4.153,4.2476,109766114,1.0513848916755175
2007-08-29,4.2024,4.2592,4.1666,4.195,103086316,1.0513848916755175
2007-08-30,4.2171,4.2581,4.1908,4.2266,61953843,1.0513848916755175
2007-08-31,4.2266,4.2739,4.195,4.2686,68285140,1.0513848916755175
2007-09-03,4.2907,4.3706,4.2907,4.3685,87119179,1.0513848916755175
2007-09-04,4.3685,4.3696,4.2928,4.296,72517761,1.0513848916755175
2007-09-05,4.297,4.3317,4.2055,4.2928,94648987,1.0513848916755175
2007-09-06,4.297,4.3675,4.2928,4.338,71327502,1.0513848916755175
2007-09-07,4.3212,4.337,4.2634,4.2686,73237590,1.0513848916755175
2007-09-10,4.2055,4.3233,4.1772,4.3212,119362391,1.0513848916755175
2007-09-11,4.2928,4.3422,4.1004,4.1572,107892111,1.0513848916755175
2007-09-12,4.1614,4.2129,4.1004,4.1698,117651208,1.0513848916755175
2007-09-13,4.175,4.276,4.174,4.2644,73675018,1.0513848916755175
2007-09-14,4.2686,4.2897,4.2161,4.2781,71087818,1.0513848916755175
2007-09-17,4.2697,4.3927,4.2697,4.3895,97435305,1.0513848916755175
2007-09-18,4.3906,4.3969,4.2907,4.3527,52647067,1.0513848916755175
2007-09-19,4.3548,4.3685,4.2655,4.3002,46014504,1.0513848916755175
2007-09-20,4.3002,4.3696,4.3002,4.3506,43849966,1.0513848916755175
2007-09-21,4.3433,4.3464,4.2581,4.3054,42797238,1.0513848916755175
2007-09-24,4.3002,4.3643,4.2634,4.3517,41802198,1.0513848916755175
2007-09-25,4.3433,4.3801,4.2928,4.3201,31059927,1.0513848916755175
2007-09-26,4.2823,4.3433,4.255,4.2571,30396980,1.0513848916755175
2007-09-27,4.2613,4.3159,4.2497,4.3138,20745703,1.0513848916755175
2007-09-28,4.3422,4.4642,4.3401,4.461,100209545,1.0513848916755175
2007-10-08,4.5557,4.5557,4.4263,4.5157,88601005,1.0513848916755175
2007-10-09,4.5104,4.5525,4.4768,4.5357,34469866,1.0513848916755175
2007-10-10,4.5472,4.6576,4.5367,4.5756,57552045,1.0513848916755175
2007-10-11,4.5767,4.7092,4.5651,4.7049,49033811,1.0513848916755175
2007-10-12,4.7155,4.7365,4.5241,4.686,150223021,1.0513848916755175
2007-10-15,4.686,4.8238,4.6681,4.8227,68520562,1.0513848916755175
2007-10-16,4.8259,4.91,4.7922,4.8353,95045223,1.0513848916755175
2007-10-17,4.7996,4.8469,4.7617,4.7796,64101853,1.0513848916755175
2007-10-18,4.7628,4.7733,4.5735,4.6051,145095622,1.0513848916755175
2007-10-19,4.6335,4.6892,4.5609,4.5714,81694733,1.0513848916755175
2007-10-22,4.4999,4.5588,4.4579,4.4736,60702817,1.0513848916755175
2007-10-23,4.4736,4.5872,4.4495,4.584,94020048,1.0513848916755175
2007-10-24,4.5977,4.6681,4.5662,4.6303,84028837,1.0513848916755175
2007-10-25,4.5788,4.6324,4.4347,4.4579,145280652,1.0513848916755175
2007-10-26,4.4242,4.5315,4.3948,4.5294,67093077,1.0513848916755175
2007-10-29,4.542,4.6229,4.542,4.6177,53649662,1.0513848916755175
2007-10-30,4.6271,4.6724,4.5735,4.6703,46873568,1.0513848916755175
2007-10-31,4.7312,4.7312,4.625,4.6734,94123257,1.0513848916755175
2007-11-01,4.6703,4.6839,4.6324,4.6335,54271353,1.0513848916755175
2007-11-02,4.563,4.5819,4.5083,4.5325,81779196,1.0513848916755175
2007-11-05,4.542,4.542,4.4211,4.4453,76608431,1.0513848916755175
2007-11-06,4.4358,4.4768,4.3927,4.42,64559485,1.0513848916755175
2007-11-07,4.4453,4.4537,4.3548,4.4432,85094175,1.0513848916755175
2007-11-08,4.4127,4.4127,4.2266,4.2413,145691890,1.0513848916755175
2007-11-09,4.1929,4.256,4.1425,4.2045,94038243,1.0513848916755175
2007-11-12,4.1015,4.2003,4.0478,4.1551,152925494,1.0513848916755175
2007-11-13,4.2055,4.2613,4.092,4.1256,166986529,1.0513848916755175
2007-11-14,4.2055,4.3264,4.1267,4.3191,136182378,1.0513848916755175
2007-11-15,4.2676,4.3107,4.2276,4.236,90780031,1.0513848916755175
2007-11-16,4.1719,4.215,4.1298,4.175,73256085,1.0513848916755175
2007-11-19,4.1919,4.2003,4.1319,4.1572,37805155,1.0513848916755175
2007-11-20,4.1214,4.2455,4.0794,4.2013,93842474,1.0513848916755175
2007-11-21,4.2087,4.2592,4.1519,4.1635,76730328,1.0513848916755175
2007-11-22,4.0993,4.1235,3.9911,3.9995,96667602,1.0513848916755175
2007-11-23,3.9847,4.0689,3.9374,4.0604,73380427,1.0513848916755175
2007-11-26,4.1214,4.1319,3.9427,3.9784,103477149,1.0513848916755175
2007-11-27,3.9585,4.0415,3.9585,3.9679,61212635,1.0513848916755175
2007-11-28,3.99,4.0037,3.908,3.9133,95795204,1.0513848916755175
2007-11-29,3.9553,4.1162,3.9269,4.1141,166339901,1.0513848916755175
2007-11-30,4.0794,4.1004,3.9963,4.0163,175389594,1.0513848916755175
2007-12-03,3.989,4.0846,3.9795,4.0541,68795666,1.0513848916755175
2007-12-04,4.0552,4.1477,4.0541,4.0899,106922684,1.0513848916755175
2007-12-05,4.0846,4.2097,4.0699,4.2055,139035211,1.0513848916755175
2007-12-06,4.2055,4.2192,4.1782,4.1898,99747442,1.0513848916755175
2007-12-07,4.2045,4.2823,4.1845,4.2686,95068264,1.0513848916755175
2007-12-10,4.2034,4.3359,4.1929,4.3254,175673094,1.0513848916755175
2007-12-11,4.3222,4.3422,4.2434,4.2939,125413689,1.0513848916755175
2007-12-12,4.2581,4.2613,4.1856,4.2087,119849437,1.0513848916755175
2007-12-13,4.1929,4.2118,4.0499,4.0636,131307947,1.0513848916755175
2007-12-14,4.0279,4.1456,4.0173,4.1446,94972515,1.0513848916755175
2007-12-17,4.1498,4.1498,4.0331,4.0363,91552926,1.0513848916755175
2007-12-18,4.0258,4.0573,3.9911,4.0058,84687229,1.0513848916755175
2007-12-19,4.0541,4.1214,4.0457,4.1015,104160893,1.0513848916755175
2007-12-20,4.1004,4.195,4.0899,4.1793,103469768,1.0513848916755175
2007-12-21,4.1719,4.2371,4.1319,4.2339,109513492,1.0513848916755175
2007-12-24,4.2581,4.3212,4.2423,4.296,129991975,1.0513848916755175
2007-12-25,4.2928,4.3212,4.277,4.2918,85914060,1.0513848916755175
2007-12-26,4.2949,4.338,4.2676,4.3159,88203242,1.0513848916755175
2007-12-27,4.3307,4.4011,4.2907,4.399,131049310,1.0513848916755175
2007-12-28,4.4,4.4106,4.3464,4.3643,92231780,1.0513848916755175
2008-01-02,4.3664,4.3832,4.3107,4.3538,101692498,1.0513848916755175
2008-01-03,4.3328,4.3717,4.2749,4.3696,90606405,1.0513848916755175
2008-01-04,4.3664,4.4368,4.3496,4.419,115759406,1.0513848916755175
2008-01-07,4.3937,4.4873,4.3853,4.4715,79227360,1.0513848916755175
2008-01-08,4.481,4.5641,4.4684,4.4852,105222083,1.0513848916755175
2008-01-09,4.4579,4.5525,4.4495,4.5504,55287154,1.0513848916755175
2008-01-10,4.5546,4.5882,4.5273,4.5662,48655447,1.0513848916755175
2008-01-11,4.5683,4.6366,4.5683,4.6282,84089288,1.0513848916755175
2008-01-14,4.6377,4.6892,4.6261,4.665,57500864,1.0513848916755175
2008-01-15,4.665,4.6808,4.584,4.5946,92855151,1.0513848916755175
2008-01-16,4.562,4.562,4.4453,4.4526,143323592,1.0513848916755175
2008-01-17,4.4148,4.4673,4.2697,4.3643,152277523,1.0513848916755175
2008-01-18,4.3286,4.3948,4.3138,4.379,82714190,1.0513848916755175
2008-01-21,4.3632,4.3769,4.1624,4.1729,108003804,1.0513848916755175
2008-01-22,4.0878,4.1057,3.8407,3.888,202443852,1.0513848916755175
2008-01-23,3.99,4.0457,3.8901,4.0426,133405822,1.0513848916755175
2008-01-24,4.0636,4.0846,3.948,4.0215,106643241,1.0513848916755175
2008-01-25,4.0016,4.1099,3.9458,4.0804,113151391,1.0513848916755175
2008-01-28,4.0215,4.0215,3.805,3.8071,101270607,1.0513848916755175
2008-01-29,3.8691,3.8901,3.7703,3.8218,106200018,1.0513848916755175
2008-01-30,3.8586,3.8901,3.6788,3.7345,133447561,1.0513848916755175
2008-01-31,3.7209,3.786,3.683,3.6925,66859451,1.0513848916755175
2008-02-01,3.7114,3.7429,3.5936,3.6809,102820383,1.0513848916755175
2008-02-04,3.785,4.0489,3.7755,4.0489,174208201,1.0513848916755175
2008-02-05,3.9953,4.0321,3.9416,3.9711,114479547,1.0513848916755175
2008-02-13,3.8512,3.9385,3.8481,3.8723,73113756,1.0513848916755175
2008-02-14,3.9122,3.9427,3.8901,3.9122,106897966,1.0513848916755175
2008-02-15,3.8691,3.8796,3.7976,3.8407,81671631,1.0513848916755175
2008-02-18,3.9006,3.9395,3.8765,3.9059,70103085,1.0513848916755175
2008-02-19,3.9122,3.9953,3.8933,3.9932,68506357,1.0513848916755175
2008-02-20,3.9932,4.0163,3.8796,3.8838,112059854,1.0513848916755175
2008-02-21,3.8628,3.8712,3.786,3.8323,76243854,1.0513848916755175
2008-02-22,3.7955,3.8018,3.6557,3.6798,118447782,1.0513848916755175
2008-02-25,3.6798,3.6935,3.5337,3.5579,105682223,1.0513848916755175
2008-02-26,3.6746,3.7009,3.4916,3.5842,162674322,1.0513848916755175
2008-02-27,3.5852,3.6925,3.5579,3.6725,108586265,1.0513848916755175
2008-02-28,3.6725,3.6851,3.6241,3.6473,61114235,1.0513848916755175
2008-02-29,3.6315,3.6946,3.6273,3.6809,76162714,1.0513848916755175
2008-03-03,3.6473,3.7745,3.6241,3.764,98732904,1.0513848916755175
2008-03-04,3.764,3.7818,3.6273,3.6367,116404718,1.0513848916755175
2008-03-05,3.6252,3.6483,3.5411,3.5989,107952536,1.0513848916755175
2008-03-06,3.6115,3.7219,3.5547,3.6357,119314961,1.0513848916755175
2008-03-07,3.5905,3.6515,3.58,3.5968,67705231,1.0513848916755175
2008-03-10,3.561,3.5631,3.4391,3.4633,133629343,1.0513848916755175
2008-03-11,3.4233,3.4696,3.3991,3.4633,107223506,1.0513848916755175
2008-03-12,3.5642,3.5642,3.3665,3.3718,175367619,1.0513848916755175
2008-03-13,3.3424,3.3497,3.2383,3.2971,150654115,1.0513848916755175
2008-03-14,3.2761,3.3108,3.2278,3.2751,127761291,1.0513848916755175
2008-03-17,3.2498,3.2603,3.1804,3.1825,182025758,1.0513848916755175
2008-03-18,3.1752,3.2067,3.0259,3.0616,363991608,1.0513848916755175
2008-03-19,3.1237,3.1962,3.0858,3.1478,320366706,1.0513848916755175
2008-03-20,3.0806,3.254,2.9754,3.2088,449477218,1.0513848916755175
2008-03-21,3.2046,3.2561,3.1668,3.2141,205272503,1.0513848916755175
2008-03-24,3.2446,3.2509,3.0606,3.0637,203898343,1.0513848916755175
2008-03-25,3.0175,3.1163,2.9838,3.0742,221724153,1.0513848916755175
2008-03-26,3.0848,3.1647,3.07,3.0911,199666478,1.0513848916755175
2008-03-27,3.028,3.0606,2.9554,2.9649,406691710,1.0513848916755175
2008-03-28,2.925,3.1195,2.9186,3.11,455985398,1.0513848916755175
2008-03-31,3.008,3.0753,2.9901,3.0133,316173268,1.0513848916755175
2008-04-01,2.9975,3.0301,2.8797,2.905,395200492,1.0513848916755175
2008-04-02,2.9491,3.0438,2.8882,2.9313,600165587,1.0513848916755175
2008-04-03,2.9176,3.0227,2.865,3.0196,700946786,1.0513848916755175
2008-04-07,2.9849,3.1521,2.9723,3.1426,666339885,1.0513848916755175
2008-04-08,3.1331,3.1804,3.1016,3.1352,452608235,1.0513848916755175
2008-04-09,3.1026,3.1352,2.9859,2.9901,542766535,1.0513848916755175
2008-04-10,2.9586,3.0238,2.9281,3.0206,354699036,1.0513848916755175
2008-04-11,3.048,3.0679,3.0122,3.0301,255148417,1.0513848916755175
2008-04-14,2.9681,2.9807,2.8545,2.8577,468271954,1.0513848916755175
2008-04-15,2.8545,2.8861,2.7715,2.8808,373615537,1.0513848916755175
2008-04-16,2.8776,2.8808,2.8146,2.8177,303678755,1.0513848916755175
2008-04-17,2.8387,2.865,2.7231,2.7399,302108969,1.0513848916755175
2008-04-18,2.7115,2.7389,2.6453,2.6695,373474121,1.0513848916755175
2008-04-21,2.8598,2.8598,2.6705,2.7073,826010742,1.0513848916755175
2008-04-22,2.6474,2.7557,2.6085,2.7441,571349540,1.0513848916755175
2008-04-23,2.7105,2.8808,2.6926,2.8577,591819520,1.0513848916755175
2008-04-24,3.0595,3.1436,3.0175,3.1436,1207720696,1.0513848916755175
2008-04-25,3.1321,3.2383,3.1016,3.1384,1136607907,1.0513848916755175
2008-04-28,3.0595,3.11,3.0501,3.0616,568324674,1.0513848916755175
2008-04-29,3.049,3.11,3.0385,3.0942,454973934,1.0513848916755175
2008-04-30,3.1132,3.2866,3.1121,3.2709,1074243837,1.0513848916755175
2008-05-05,3.3224,3.3276,3.2414,3.2961,698236104,1.0513848916755175
2008-05-06,3.2593,3.3003,3.2225,3.2456,621615884,1.0513848916755175
2008-05-07,3.2225,3.2877,3.1121,3.1153,621233126,1.0513848916755175
2008-05-08,3.0795,3.1752,3.07,3.1752,476739601,1.0513848916755175
2008-05-09,3.1941,3.2025,3.0764,3.1132,518493549,1.0513848916755175
2008-05-12,3.049,3.1731,3.0364,3.1258,483279101,1.0513848916755175
2008-05-13,3.049,3.1268,3.049,3.0753,514322231,1.0513848916755175
2008-05-14,3.0606,3.1752,3.0606,3.1689,610091911,1.0513848916755175
2008-05-15,3.1857,3.2151,3.1489,3.151,329471550,1.0513848916755175
2008-05-16,3.151,3.1804,3.1205,3.1436,233968528,1.0513848916755175
2008-05-19,3.1331,3.1405,3.0858,3.1163,192150275,1.0513848916755175
2008-05-20,3.1163,3.1542,2.9754,2.9817,439061013,1.0513848916755175
2008-05-21,2.9523,3.049,2.9039,3.0353,631777898,1.0513848916755175
2008-05-22,2.9765,3.0427,2.966,2.987,338221854,1.0513848916755175
2008-05-23,2.9817,3.0238,2.9628,2.9912,262622137,1.0513848916755175
2008-05-26,2.9649,2.9702,2.8955,2.9008,232503130,1.0513848916755175
2008-05-27,2.9008,2.9239,2.8829,2.906,226932852,1.0513848916755175
2008-05-28,2.9123,3.0122,2.8976,2.9849,327924135,1.0513848916755175
2008-05-29,2.967,2.9912,2.9134,2.9165,234872047,1.0513848916755175
2008-05-30,2.9439,2.9702,2.906,2.9512,196088675,1.0513848916755175
2008-06-02,2.9281,2.9849,2.925,2.967,180671089,1.0513848916755175
2008-06-03,2.9775,2.987,2.9344,2.9554,195918197,1.0513848916755175
2008-06-04,2.9418,2.9439,2.8724,2.8955,236319901,1.0513848916755175
2008-06-05,2.8797,2.8903,2.8472,2.865,167106408,1.0513848916755175
2008-06-06,2.8818,2.8882,2.8408,2.8514,142667252,1.0513848916755175
2008-06-10,2.7389,2.7578,2.5738,2.6095,473119069,1.0513848916755175
2008-06-11,2.6074,2.6264,2.5601,2.5875,434993988,1.0513848916755175
2008-06-12,2.5759,2.5917,2.5065,2.5296,399298767,1.0513848916755175
2008-06-13,2.5349,2.5633,2.4865,2.4886,285630566,1.0513848916755175
2008-06-16,2.5002,2.5223,2.4497,2.4907,343195395,1.0513848916755175
2008-06-17,2.4939,2.5012,2.4182,2.4361,324196068,1.0513848916755175
2008-06-18,2.4192,2.5601,2.3856,2.5317,665064961,1.0513848916755175
2008-06-19,2.4991,2.5023,2.3583,2.3656,471096685,1.0513848916755175
2008-06-20,2.3972,2.5202,2.3299,2.4497,636181425,1.0513848916755175
2008-06-23,2.3887,2.4392,2.3656,2.3856,323983486,1.0513848916755175
2008-06-24,2.3824,2.4413,2.3677,2.4245,371935087,1.0513848916755175
2008-06-25,2.4182,2.5065,2.4087,2.5033,413957942,1.0513848916755175
2008-06-26,2.497,2.5233,2.4623,2.5002,425848436,1.0513848916755175
2008-06-27,2.4182,2.4308,2.3593,2.3719,421723744,1.0513848916755175
2008-06-30,2.3572,2.3887,2.3162,2.3467,292754633,1.0513848916755175
2008-07-01,2.353,2.3625,2.2458,2.2531,318281840,1.0513848916755175
2008-07-02,2.2615,2.2857,2.2184,2.2426,295674573,1.0513848916755175
2008-07-03,2.21,2.3151,2.169,2.271,618357274,1.0513848916755175
2008-07-04,2.2563,2.2857,2.2321,2.25,337786275,1.0513848916755175
2008-07-07,2.25,2.3951,2.25,2.3793,533845273,1.0513848916755175
2008-07-08,2.3845,2.4245,2.3362,2.3782,553759814,1.0513848916755175
2008-07-09,2.4129,2.4907,2.4129,2.4897,643061291,1.0513848916755175
2008-07-10,2.4497,2.5118,2.4287,2.456,554331742,1.0513848916755175
2008-07-11,2.4434,2.4592,2.4077,2.4392,435812690,1.0513848916755175
2008-07-14,2.4234,2.4729,2.4129,2.4508,336001429,1.0513848916755175
2008-07-15,2.4708,2.4708,2.3341,2.3404,549138711,1.0513848916755175
2008-07-16,2.3109,2.3288,2.2394,2.2678,434374524,1.0513848916755175
2008-07-17,2.3078,2.3288,2.2458,2.2521,416306610,1.0513848916755175
2008-07-18,2.2868,2.3646,2.2468,2.353,491557545,1.0513848916755175
2008-07-21,2.3288,2.4255,2.313,2.4203,637626647,1.0513848916755175
2008-07-22,2.4129,2.4213,2.3951,2.4066,350687517,1.0513848916755175
2008-07-23,2.4224,2.4445,2.3951,2.3961,454329646,1.0513848916755175
2008-07-24,2.414,2.4897,2.414,2.4834,555316595,1.0513848916755175
2008-07-25,2.4487,2.4729,2.4329,2.4571,371839686,1.0513848916755175
2008-07-28,2.4697,2.5086,2.4592,2.4708,362846328,1.0513848916755175
2008-07-29,2.434,2.4361,2.4077,2.4182,310992909,1.0513848916755175
2008-07-30,2.4518,2.4613,2.3951,2.4129,328899152,1.0513848916755175
2008-07-31,2.4182,2.4234,2.3498,2.3519,331014943,1.0513848916755175
2008-08-01,2.3372,2.4203,2.3109,2.3898,390653556,1.0513848916755175
2008-08-04,2.3688,2.3856,2.332,2.3383,220109520,1.0513848916755175
2008-08-05,2.3498,2.3593,2.2973,2.3025,244964429,1.0513848916755175
2008-08-06,2.3246,2.3519,2.3004,2.3309,314801900,1.0513848916755175
2008-08-07,2.332,2.3509,2.2994,2.3341,286084278,1.0513848916755175
2008-08-08,2.3246,2.3278,2.2195,2.2205,467959338,1.0513848916755175
2008-08-11,2.2111,2.2394,2.1364,2.1459,476236273,1.0513848916755175
2008-08-12,2.1354,2.1659,2.1185,2.1354,358119320,1.0513848916755175
2008-08-13,2.1259,2.1448,2.0733,2.1227,401672060,1.0513848916755175
2008-08-14,2.1028,2.1333,2.0954,2.1154,252188802,1.0513848916755175
2008-08-15,2.1133,2.1574,2.1007,2.1312,272779418,1.0513848916755175
2008-08-18,2.1322,2.1364,2.0323,2.0344,313322020,1.0513848916755175
2008-08-19,2.0134,2.0775,2.0071,2.0544,337384130,1.0513848916755175
2008-08-20,2.0344,2.2342,2.026,2.2279,676770608,1.0513848916755175
2008-08-21,2.1837,2.2195,2.1448,2.1543,606927141,1.0513848916755175
2008-08-22,2.1406,2.1448,2.0881,2.1122,363560680,1.0513848916755175
2008-08-25,2.1143,2.1627,2.0996,2.1248,270833739,1.0513848916755175
2008-08-26,2.1028,2.127,2.0691,2.0838,287083253,1.0513848916755175
2008-08-27,2.0849,2.1238,2.0649,2.0902,328137398,1.0513848916755175
2008-08-28,2.0933,2.1291,2.0859,2.1059,345345266,1.0513848916755175
2008-08-29,2.1185,2.1701,2.1091,2.1427,482267803,1.0513848916755175
2008-09-01,2.1217,2.1291,2.0628,2.0765,317445663,1.0513848916755175
2008-09-02,2.0618,2.0712,2.0386,2.0481,275577419,1.0513848916755175
2008-09-03,2.046,2.0607,1.9934,2.006,372595899,1.0513848916755175
2008-09-04,2.0029,2.0218,1.9777,2.0081,279578572,1.0513848916755175
2008-09-05,1.943,1.984,1.9356,1.9556,306420720,1.0513848916755175
2008-09-08,1.9629,1.9745,1.9209,1.9261,348216637,1.0513848916755175
2008-09-09,1.9398,1.9493,1.9167,1.9367,299358448,1.0513848916755175
2008-09-10,1.9209,1.9692,1.9009,1.9335,393115125,1.0513848916755175
2008-09-11,1.924,1.9293,1.8588,1.862,376407321,1.0513848916755175
2008-09-12,1.8641,1.8862,1.8536,1.8652,298856923,1.0513848916755175
2008-09-16,1.7979,1.8136,1.7264,1.7337,557811353,1.0513848916755175
2008-09-17,1.7379,1.7569,1.677,1.6833,452089058,1.0513848916755175
2008-09-18,1.6423,1.698,1.5771,1.6496,898573535,1.0513848916755175
2008-09-19,1.8147,1.8147,1.7884,1.8147,610146077,1.0513848916755175
2008-09-22,1.9777,1.9966,1.882,1.9966,1605784249,1.0513848916755175
2008-09-23,1.903,1.9293,1.8641,1.8683,1121067447,1.0513848916755175
2008-09-24,1.8157,1.8925,1.8084,1.8904,706486740,1.0513848916755175
2008-09-25,1.8946,2.0018,1.8736,1.9682,1417413930,1.0513848916755175
2008-09-26,1.9871,1.9871,1.9188,1.9619,901569904,1.0513848916755175
2008-10-06,1.8977,1.9293,1.8504,1.8525,663902214,1.0513848916755175
2008-10-07,1.7863,1.8567,1.7537,1.8199,778159856,1.0513848916755175
2008-10-08,1.7537,1.7916,1.7148,1.7348,625726967,1.0513848916755175
2008-10-09,1.7684,1.7747,1.7138,1.718,647780701,1.0513848916755175
2008-10-10,1.6381,1.6854,1.6317,1.6528,745485825,1.0513848916755175
2008-10-13,1.6465,1.7516,1.6076,1.7485,964663624,1.0513848916755175
2008-10-14,1.8189,1.8252,1.6875,1.6948,1028139160,1.0513848916755175
2008-10-15,1.6612,1.6854,1.6433,1.6633,525151592,1.0513848916755175
2008-10-16,1.5981,1.6254,1.5771,1.5802,583145933,1.0513848916755175
2008-10-17,1.5981,1.6076,1.5729,1.5907,460153376,1.0513848916755175
2008-10-20,1.5792,1.6517,1.5624,1.6486,672032192,1.0513848916755175
2008-10-21,1.6486,1.6664,1.6202,1.6223,575174492,1.0513848916755175
2008-10-22,1.5981,1.6317,1.5781,1.5792,408425230,1.0513848916755175
2008-10-23,1.5518,1.5739,1.5298,1.5708,484616085,1.0513848916755175
2008-10-24,1.5718,1.5739,1.5087,1.5203,422181210,1.0513848916755175
2008-10-27,1.4825,1.4909,1.3889,1.391,578164994,1.0513848916755175
2008-10-28,1.3584,1.4688,1.3584,1.4604,970890119,1.0513848916755175
2008-10-29,1.4709,1.4793,1.4152,1.4162,753445718,1.0513848916755175
2008-10-30,1.4257,1.4888,1.4036,1.4625,846749314,1.0513848916755175
2008-10-31,1.4457,1.4604,1.4215,1.4288,443044364,1.0513848916755175
2008-11-03,1.4194,1.4583,1.4068,1.4299,355933801,1.0513848916755175
2008-11-04,1.4194,1.4362,1.3973,1.4246,334335832,1.0513848916755175
2008-11-05,1.4393,1.5129,1.4351,1.4877,720633299,1.0513848916755175
2008-11-06,1.4404,1.453,1.4309,1.4425,379185440,1.0513848916755175
2008-11-07,1.4204,1.4888,1.4141,1.4709,557852038,1.0513848916755175
2008-11-10,1.515,1.6097,1.5066,1.6076,1080520517,1.0513848916755175
2008-11-11,1.5771,1.6013,1.5645,1.5676,876280901,1.0513848916755175
2008-11-12,1.5455,1.5918,1.5413,1.5823,732848381,1.0513848916755175
2008-11-13,1.556,1.6507,1.5466,1.6339,1172208863,1.0513848916755175
2008-11-14,1.6517,1.677,1.6265,1.6707,1156415004,1.0513848916755175
2008-11-17,1.6601,1.6864,1.6465,1.6843,1020125600,1.0513848916755175
2008-11-18,1.6685,1.6927,1.5666,1.5718,1136169905,1.0513848916755175
2008-11-19,1.5784,1.689,1.5554,1.6814,1124709527,1.0953452355783266
2008-11-20,1.643,1.6726,1.6014,1.6321,861482698,1.0953452355783266
2008-11-21,1.5773,1.6726,1.5488,1.6266,1200501623,1.0953452355783266
2008-11-24,1.6091,1.6167,1.5532,1.5598,718068849,1.0953452355783266
2008-11-25,1.5915,1.597,1.528,1.5554,654929766,1.0953452355783266
2008-11-26,1.5488,1.5762,1.539,1.5576,543462944,1.0953452355783266
2008-11-27,1.666,1.6792,1.5828,1.5861,1335338364,1.0953452355783266
2008-11-28,1.5718,1.5729,1.5247,1.5302,692569922,1.0953452355783266
2008-12-01,1.5302,1.5488,1.5061,1.5466,557995619,1.0953452355783266
2008-12-02,1.5116,1.5565,1.5028,1.5412,574231367,1.0953452355783266
2008-12-03,1.5598,1.6211,1.5532,1.6167,888369005,1.0953452355783266
2008-12-04,1.6452,1.6978,1.6321,1.6463,1311766345,1.0953452355783266
2008-12-05,1.6397,1.6671,1.6332,1.6649,797136862,1.0953452355783266
2008-12-08,1.6825,1.735,1.6803,1.7339,1093156536,1.0953452355783266
2008-12-09,1.7328,1.7372,1.6825,1.6846,1048393870,1.0953452355783266
2008-12-10,1.6737,1.7427,1.6616,1.7361,1146281694,1.0953452355783266
2008-12-11,1.7142,1.7394,1.6846,1.6901,999317399,1.0953452355783266
2008-12-12,1.6748,1.6857,1.608,1.6189,942216354,1.0953452355783266
2008-12-15,1.6463,1.6594,1.608,1.6277,707125568,1.0953452355783266
2008-12-16,1.6102,1.6397,1.5806,1.6375,610200389,1.0953452355783266
2008-12-17,1.6452,1.6573,1.6288,1.6364,668684616,1.0953452355783266
2008-12-18,1.6343,1.6803,1.6167,1.6759,821282134,1.0953452355783266
2008-12-19,1.6638,1.7033,1.6594,1.6737,768458632,1.0953452355783266
2008-12-22,1.6671,1.6781,1.6288,1.6419,512143094,1.0953452355783266
2008-12-23,1.6408,1.6408,1.5685,1.5707,628372173,1.0953452355783266
2008-12-24,1.5609,1.5685,1.5368,1.5455,506566624,1.0953452355783266
2008-12-25,1.5488,1.5587,1.5181,1.5324,499601632,1.0953452355783266
2008-12-26,1.5346,1.5477,1.5214,1.5313,409456704,1.0953452355783266
2008-12-29,1.5236,1.5302,1.5006,1.5236,336672352,1.0953452355783266
2008-12-30,1.5247,1.5357,1.4984,1.5039,394915616,1.0953452355783266
2008-12-31,1.5083,1.5171,1.4941,1.4951,353879104,1.0953452355783266
2009-01-05,1.5225,1.5532,1.5149,1.5521,539671296,1.0953452355783266
2009-01-06,1.5444,1.6069,1.5412,1.5959,772111936,1.0953452355783266
2009-01-07,1.597,1.6145,1.5839,1.5861,463574144,1.0953452355783266
2009-01-08,1.5642,1.5652,1.5313,1.5412,493556896,1.0953452355783266
2009-01-09,1.5379,1.5685,1.5379,1.5642,384687776,1.0953452355783266
2009-01-12,1.5554,1.5806,1.5499,1.5554,302448512,1.0953452355783266
2009-01-13,1.5379,1.5488,1.528,1.5302,274906880,1.0953452355783266
2009-01-14,1.5302,1.5992,1.5302,1.5992,491851936,1.0953452355783266
2009-01-15,1.5795,1.6047,1.5685,1.585,506310432,1.0953452355783266
2009-01-16,1.5904,1.6605,1.5904,1.631,830986560,1.0953452355783266
2009-01-19,1.6485,1.6923,1.6364,1.6518,870670848,1.0953452355783266
2009-01-20,1.6419,1.6649,1.6266,1.6627,462633632,1.0953452355783266
2009-01-21,1.6343,1.6846,1.6332,1.6551,642503808,1.0953452355783266
2009-01-22,1.6715,1.6781,1.6452,1.6715,526679328,1.0953452355783266
2009-01-23,1.6649,1.677,1.6485,1.6627,378663872,1.0953452355783266
2009-02-02,1.6726,1.677,1.6529,1.6649,293689984,1.0953452355783266
2009-02-03,1.6638,1.712,1.6605,1.7076,568321152,1.0953452355783266
2009-02-04,1.7153,1.7602,1.7153,1.7591,647566592,1.0953452355783266
2009-02-05,1.7569,1.8051,1.7449,1.7526,859039104,1.0953452355783266
2009-02-06,1.7624,1.8292,1.7624,1.827,878020224,1.0953452355783266
2009-02-09,1.8544,1.8752,1.8325,1.8533,824927808,1.0953452355783266
2009-02-10,1.8446,1.8621,1.8194,1.8588,707924352,1.0953452355783266
2009-02-11,1.8227,1.8993,1.8205,1.8621,989584960,1.0953452355783266
2009-02-12,1.8588,1.8719,1.7986,1.8347,882043776,1.0953452355783266
2009-02-13,1.8347,1.9092,1.8259,1.9026,1053759616,1.0953452355783266
2009-02-16,1.9158,1.965,1.9125,1.9629,943802816,1.0953452355783266
2009-02-17,1.9596,1.9771,1.9059,1.9147,1078475136,1.0953452355783266
2009-02-18,1.8774,1.8873,1.8183,1.827,1261167488,1.0953452355783266
2009-02-19,1.8424,1.85,1.792,1.8183,912428544,1.0953452355783266
2009-02-20,1.8161,1.8413,1.7942,1.8391,652203392,1.0953452355783266
2009-02-23,1.8259,1.8928,1.7964,1.8818,920908736,1.0953452355783266
2009-02-24,1.8511,1.8708,1.7723,1.7843,966928256,1.0953452355783266
2009-02-25,1.7986,1.8237,1.7361,1.8018,1013511808,1.0953452355783266
2009-02-26,1.7898,1.8358,1.7339,1.7449,1188162816,1.0953452355783266
2009-02-27,1.7328,1.7526,1.7098,1.7241,802798336,1.0953452355783266
2009-03-02,1.7219,1.7438,1.6857,1.7263,668493504,1.0953452355783266
2009-03-03,1.6879,1.7197,1.6803,1.7011,607530560,1.0953452355783266
2009-03-04,1.7087,1.8347,1.7087,1.8303,1142081024,1.0953452355783266
2009-03-05,1.8468,1.8741,1.8084,1.85,1322697344,1.0953452355783266
2009-03-06,1.8139,1.8599,1.8106,1.8358,870646784,1.0953452355783266
2009-03-09,1.8468,1.873,1.7712,1.7734,900215552,1.0953452355783266
2009-03-10,1.7591,1.7997,1.7427,1.7975,690930304,1.0953452355783266
2009-03-11,1.8511,1.8555,1.7745,1.781,657247360,1.0953452355783266
2009-03-12,1.7745,1.7865,1.7405,1.7788,686650496,1.0953452355783266
2009-03-13,1.792,1.8117,1.7734,1.7756,643006656,1.0953452355783266
2009-03-16,1.7657,1.8237,1.7547,1.8161,722135616,1.0953452355783266
2009-03-17,1.8095,1.8774,1.804,1.8719,1065954944,1.0953452355783266
2009-03-18,1.8785,1.8928,1.861,1.8665,909859584,1.0953452355783266
2009-03-19,1.8643,1.9004,1.861,1.8971,658154688,1.0953452355783266
2009-03-20,1.8982,1.9103,1.8654,1.8906,672179072,1.0953452355783266
2009-03-23,1.8862,1.9431,1.8851,1.9344,607807168,1.0953452355783266
2009-03-24,1.9607,1.9815,1.9344,1.9431,828143872,1.0953452355783266
2009-03-25,1.9355,1.9618,1.9103,1.9114,734876672,1.0953452355783266
2009-03-26,1.9158,1.9935,1.907,1.9913,844610624,1.0953452355783266
2009-03-27,2.0034,2.0132,1.987,1.9968,871205120,1.0953452355783266
2009-03-30,1.9946,2.01,1.9804,1.9881,609081792,1.0953452355783266
2009-03-31,1.9497,2.0143,1.941,2.0056,917930496,1.0953452355783266
2009-04-01,2.0143,2.0417,2.0078,2.0264,875841728,1.0953452355783266
2009-04-02,2.0319,2.0812,2.0286,2.0549,796703936,1.0953452355783266
2009-04-03,2.079,2.102,2.0571,2.0691,857109696,1.0953452355783266
2009-04-07,2.0735,2.0965,2.0472,2.0746,530838304,1.0953452355783266
2009-04-08,2.0603,2.0713,1.9881,1.9891,861406080,1.0953452355783266
2009-04-09,1.9913,2.022,1.9705,2.0198,817443840,1.0953452355783266
2009-04-10,2.0384,2.0746,2.0297,2.0713,820641856,1.0953452355783266
2009-04-13,2.0812,2.1315,2.0757,2.1228,818875328,1.0953452355783266
2009-04-14,2.1129,2.1359,2.1042,2.1272,622176064,1.0953452355783266
2009-04-15,2.1151,2.1294,2.0823,2.1195,841686848,1.0953452355783266
2009-04-16,2.1217,2.1359,2.0877,2.1173,903605632,1.0953452355783266
2009-04-17,2.1129,2.1217,2.0833,2.091,873584832,1.0953452355783266
2009-04-20,2.0801,2.137,2.0768,2.1326,841970560,1.0953452355783266
2009-04-21,2.1118,2.1217,2.0779,2.0987,875095552,1.0953452355783266
2009-04-22,2.1151,2.1403,2.033,2.045,1124058368,1.0953452355783266
2009-04-23,2.0308,2.0461,2.0143,2.0406,830907456,1.0953452355783266
2009-04-24,2.0549,2.0592,2.0209,2.0242,530854144,1.0953452355783266
2009-04-27,2.022,2.0308,1.9804,1.9891,791945792,1.0953452355783266
2009-04-28,1.9826,2.0012,1.9705,1.9881,630127680,1.0953452355783266
2009-04-29,1.9891,2.0768,1.9837,2.0669,935517568,1.0953452355783266
2009-04-30,2.0735,2.0844,2.056,2.0669,694497664,1.0953452355783266
2009-05-04,2.0746,2.1392,2.0702,2.1348,718717888,1.0953452355783266
2009-05-05,2.1425,2.1644,2.1283,2.1392,720365120,1.0953452355783266
2009-05-06,2.1359,2.1721,2.1304,2.1622,884395392,1.0953452355783266
2009-05-07,2.1743,2.1995,2.1469,2.1699,757433792,1.0953452355783266
2009-05-08,2.1611,2.2181,2.1534,2.2115,687314880,1.0953452355783266
2009-05-11,2.2257,2.2674,2.1754,2.1797,908958464,1.0953452355783266
2009-05-12,2.1589,2.2236,2.1589,2.217,783865408,1.0953452355783266
2009-05-13,2.2126,2.2444,2.2005,2.2378,797020608,1.0953452355783266
2009-05-14,2.2126,2.217,2.1797,2.2016,816804480,1.0953452355783266
2009-05-15,2.2082,2.2225,2.1896,2.206,423690368,1.0953452355783266
2009-05-18,2.1907,2.2257,2.1754,2.2181,619478272,1.0953452355783266
2009-05-19,2.2422,2.2564,2.2345,2.2433,659755840,1.0953452355783266
2009-05-20,2.2422,2.2466,2.2104,2.2126,500494016,1.0953452355783266
2009-05-21,2.194,2.2104,2.1524,2.1567,793465856,1.0953452355783266
2009-05-22,2.148,2.1699,2.1359,2.1556,551668416,1.0953452355783266
2009-05-25,2.1294,2.1743,2.1129,2.1633,602519936,1.0953452355783266
2009-05-26,2.1633,2.1677,2.125,2.1283,404407072,1.0953452355783266
2009-05-27,2.1414,2.1929,2.1381,2.1797,772053312,1.0953452355783266
2009-06-01,2.2115,2.2838,2.2104,2.275,889276288,1.0953452355783266
2009-06-02,2.2871,2.3046,2.2685,2.2707,844664064,1.0953452355783266
2009-06-03,2.2696,2.3649,2.2696,2.3605,802295104,1.0953452355783266
2009-06-04,2.344,2.3889,2.332,2.3758,1377988352,1.0953452355783266
2009-06-05,2.39,2.3988,2.3659,2.367,715899072,1.0953452355783266
2009-06-08,2.3659,2.4207,2.3451,2.3889,819623424,1.0953452355783266
2009-06-09,2.3879,2.4076,2.3462,2.4065,736587584,1.0953452355783266
2009-06-10,2.4076,2.4371,2.4021,2.4251,635195584,1.0953452355783266
2009-06-11,2.424,2.4503,2.4109,2.413,599685696,1.0953452355783266
2009-06-12,2.4109,2.4306,2.355,2.3681,713060160,1.0953452355783266
2009-06-15,2.3769,2.4317,2.3572,2.4306,964767488,1.0953452355783266
2009-06-16,2.4043,2.4382,2.3966,2.4141,803426624,1.0953452355783266
2009-06-17,2.4098,2.4623,2.3813,2.4459,856837824,1.0953452355783266
2009-06-18,2.4481,2.5018,2.4426,2.4985,852639296,1.0953452355783266
2009-06-19,2.5051,2.539,2.5007,2.5324,608966400,1.0953452355783266
2009-06-22,2.5631,2.573,2.5324,2.5368,624039616,1.0953452355783266
2009-06-23,2.5029,2.5894,2.4952,2.5478,1068716160,1.0953452355783266
2009-06-24,2.5357,2.5598,2.5193,2.5543,777842624,1.0953452355783266
2009-06-25,2.5554,2.5741,2.5456,2.5522,678907008,1.0953452355783266
2009-06-26,2.5576,2.5741,2.5478,2.5587,444559456,1.0953452355783266
2009-06-29,2.562,2.6212,2.5598,2.6201,464757696,1.0953452355783266
2009-06-30,2.6299,2.6321,2.6036,2.6058,611750656,1.0953452355783266
2009-07-01,2.6003,2.677,2.596,2.6748,737115712,1.0953452355783266
2009-07-02,2.6792,2.7296,2.6759,2.7186,739607552,1.0953452355783266
2009-07-03,2.711,2.7504,2.6989,2.7504,917535680,1.0953452355783266
2009-07-06,2.7515,2.7997,2.7515,2.7931,703411712,1.0953452355783266
2009-07-07,2.7877,2.8052,2.746,2.7526,878281152,1.0953452355783266
2009-07-08,2.7252,2.757,2.6683,2.7351,1299237120,1.0953452355783266
2009-07-09,2.7296,2.7745,2.7132,2.7723,860612032,1.0953452355783266
2009-07-10,2.7723,2.7887,2.7427,2.7548,641008128,1.0953452355783266
2009-07-13,2.7395,2.746,2.7022,2.7033,585446080,1.0953452355783266
2009-07-14,2.7143,2.7964,2.7143,2.7942,784397696,1.0953452355783266
2009-07-15,2.8052,2.8304,2.8052,2.8216,502894432,1.0953452355783266
2009-07-16,2.8479,2.8829,2.8271,2.8457,745611968,1.0953452355783266
2009-07-17,2.8501,2.8709,2.8326,2.8599,474893216,1.0953452355783266
2009-07-20,2.8698,2.9191,2.8479,2.9147,551167040,1.0953452355783266
2009-07-21,2.9224,2.941,2.8687,2.8709,920725376,1.0953452355783266
2009-07-22,2.8753,2.9388,2.8753,2.9366,819243776,1.0953452355783266
2009-07-23,2.9366,2.9826,2.9191,2.975,610530688,1.0953452355783266
2009-07-24,2.998,3.0144,2.9465,3.0067,793400576,1.0953452355783266
2009-07-27,3.0144,3.0779,3.0144,3.0768,640125184,1.0953452355783266
2009-07-28,3.079,3.079,3.0363,3.0615,783943744,1.0953452355783266
2009-07-29,3.056,3.1009,2.8183,2.9169,1621811618,1.0953452355783266
2009-07-30,2.9662,3.0341,2.9191,3.0144,1869133440,1.0953452355783266
2009-07-31,3.0505,3.0911,3.0111,3.0878,1113916288,1.0953452355783266
2009-08-03,3.102,3.1152,3.0659,3.1086,944875392,1.0953452355783266
2009-08-04,3.1195,3.1217,3.0352,3.0801,989497536,1.0953452355783266
2009-08-05,3.0703,3.0779,3.0023,3.0264,968703360,1.0953452355783266
2009-08-06,3.0012,3.0242,2.9136,2.9574,1089712256,1.0953452355783266
2009-08-07,2.9684,2.9848,2.8753,2.8884,1109224704,1.0953452355783266
2009-08-10,2.9169,2.9355,2.826,2.8676,1190236800,1.0953452355783266
2009-08-11,2.8819,2.8851,2.8315,2.8687,933324032,1.0953452355783266
2009-08-12,2.8589,2.8654,2.7055,2.7307,1482479488,1.0953452355783266
2009-08-13,2.7438,2.7877,2.6902,2.7734,1375078784,1.0953452355783266
2009-08-14,2.7657,2.7811,2.688,2.7121,1339075200,1.0953452355783266
2009-08-17,2.6617,2.6967,2.5532,2.562,1965095168,1.0953452355783266
2009-08-18,2.5554,2.5861,2.5061,2.5719,1689418240,1.0953452355783266
2009-08-19,2.5741,2.5894,2.424,2.4536,1638055808,1.0953452355783266
2009-08-20,2.47,2.5708,2.4612,2.5675,1545720960,1.0953452355783266
2009-08-21,2.5664,2.6299,2.5434,2.5993,1627166464,1.0953452355783266
2009-08-24,2.6201,2.6288,2.5763,2.6025,803172480,1.0953452355783266
2009-08-25,2.585,2.5861,2.4109,2.4864,1275856896,1.0953452355783266
2009-08-26,2.4591,2.5543,2.4492,2.5248,1153578880,1.0953452355783266
2009-08-27,2.5029,2.5489,2.4744,2.5029,1564160128,1.0953452355783266
2009-08-28,2.5083,2.5193,2.4043,2.4163,1283904256,1.0953452355783266
2009-08-31,2.3714,2.3769,2.2334,2.24,1195672192,1.0953452355783266
2009-09-01,2.2455,2.332,2.24,2.2882,1458219520,1.0953452355783266
2009-09-02,2.2674,2.3495,2.2564,2.3386,1201464832,1.0953452355783266
2009-09-03,2.344,2.47,2.332,2.4612,1277383168,1.0953452355783266
2009-09-04,2.4536,2.4897,2.4404,2.4612,1262029568,1.0953452355783266
2009-09-07,2.4864,2.5226,2.4623,2.4744,1149650560,1.0953452355783266
2009-09-08,2.4623,2.5292,2.4339,2.527,1132259584,1.0953452355783266
2009-09-09,2.5357,2.5543,2.4963,2.5302,853167296,1.0953452355783266
2009-09-10,2.5193,2.539,2.4963,2.504,622102528,1.0953452355783266
2009-09-11,2.504,2.5971,2.504,2.5861,1061808960,1.0953452355783266
2009-09-14,2.5971,2.619,2.5752,2.6124,773460224,1.0953452355783266
2009-09-15,2.6135,2.6354,2.5894,2.6124,844522496,1.0953452355783266
2009-09-16,2.596,2.6179,2.5401,2.5653,983815744,1.0953452355783266
2009-09-17,2.5861,2.6212,2.5861,2.6146,917943552,1.0953452355783266
2009-09-18,2.6146,2.6201,2.5051,2.5193,1040190336,1.0953452355783266
2009-09-21,2.4996,2.5248,2.4426,2.5204,1281580544,1.0953452355783266
2009-09-22,2.5018,2.5423,2.4536,2.4558,999609728,1.0953452355783266
2009-09-23,2.4722,2.4897,2.413,2.424,830495360,1.0953452355783266
2009-09-24,2.4087,2.4853,2.39,2.4547,1091930368,1.0953452355783266
2009-09-25,2.4404,2.47,2.4185,2.4503,830391360,1.0953452355783266
2009-09-28,2.4623,2.47,2.3758,2.3824,599509760,1.0953452355783266
2009-09-29,2.3944,2.4196,2.3659,2.3966,861509312,1.0953452355783266
2009-09-30,2.4098,2.4448,2.3988,2.424,695920384,1.0953452355783266
2009-10-09,2.4853,2.5511,2.47,2.5467,656760256,1.0953452355783266
2009-10-12,2.5532,2.5708,2.5193,2.5237,634013312,1.0953452355783266
2009-10-13,2.5193,2.5708,2.516,2.5686,576904000,1.0953452355783266
2009-10-14,2.5741,2.6288,2.5664,2.5828,868842176,1.0953452355783266
2009-10-15,2.6179,2.6387,2.5861,2.5982,761514816,1.0953452355783266
2009-10-16,2.608,2.619,2.5522,2.596,714406912,1.0953452355783266
2009-10-19,2.5817,2.6639,2.5763,2.6606,723668800,1.0953452355783266
2009-10-20,2.6781,2.7011,2.6672,2.6945,995886208,1.0953452355783266
2009-10-21,2.6836,2.7241,2.6803,2.6913,702020992,1.0953452355783266
2009-10-22,2.6902,2.6978,2.6617,2.6672,678827904,1.0953452355783266
2009-10-23,2.6825,2.7406,2.677,2.7197,837231488,1.0953452355783266
2009-10-26,2.7252,2.7384,2.7077,2.7263,653783680,1.0953452355783266
2009-10-27,2.7055,2.7066,2.6464,2.6485,736417792,1.0953452355783266
2009-10-28,2.6398,2.6595,2.5883,2.6409,1059691584,1.0953452355783266
2009-10-29,2.5949,2.6135,2.5686,2.5763,760758336,1.0953452355783266
2009-10-30,2.6244,2.6507,2.6025,2.6058,757553536,1.0953452355783266
2009-11-02,2.5456,2.7077,2.5401,2.7033,1096018816,1.0953452355783266
2009-11-03,2.7033,2.7471,2.6978,2.7296,843672960,1.0953452355783266
2009-11-04,2.7318,2.7668,2.7132,2.7449,766085632,1.0953452355783266
2009-11-05,2.746,2.7636,2.7274,2.7515,619740544,1.0953452355783266
2009-11-06,2.7822,2.7877,2.7548,2.7581,688943680,1.0953452355783266
2009-11-09,2.7603,2.7679,2.7307,2.7657,588249344,1.0953452355783266
2009-11-10,2.7833,2.8008,2.7679,2.7745,580172032,1.0953452355783266
2009-11-11,2.7657,2.7723,2.7406,2.757,598421184,1.0953452355783266
2009-11-12,2.7657,2.7833,2.7427,2.7482,522628960,1.0953452355783266
2009-11-13,2.7395,2.7745,2.711,2.7712,752845696,1.0953452355783266
2009-11-16,2.7877,2.8578,2.7877,2.8567,838517696,1.0953452355783266
2009-11-17,2.8709,2.8819,2.8512,2.8567,698728448,1.0953452355783266
2009-11-18,2.861,2.8753,2.8479,2.8545,524128832,1.0953452355783266
2009-11-19,2.8621,2.8775,2.826,2.8556,871965696,1.0953452355783266
2009-11-20,2.8369,2.8512,2.8074,2.8304,562913216,1.0953452355783266
2009-11-23,2.8337,2.8457,2.8183,2.8435,439294688,1.0953452355783266
2009-11-24,2.8556,2.8687,2.7603,2.7723,1061376320,1.0953452355783266
2009-11-25,2.7723,2.815,2.7329,2.8128,1076835712,1.0953452355783266
2009-11-26,2.815,2.8227,2.6913,2.6956,1283051136,1.0953452355783266
2009-11-27,2.6726,2.688,2.6102,2.6234,1100470400,1.0953452355783266
2009-11-30,2.6595,2.7099,2.642,2.7066,1027940032,1.0953452355783266
2009-12-01,2.6989,2.7384,2.6737,2.7307,957783296,1.0953452355783266
2009-12-02,2.7471,2.7701,2.7395,2.7559,810169536,1.0953452355783266
2009-12-03,2.7581,2.7581,2.7154,2.7384,594884160,1.0953452355783266
2009-12-04,2.7274,2.8534,2.7197,2.8413,1765660928,1.0953452355783266
2009-12-07,2.8348,2.8599,2.826,2.8435,1179883264,1.0953452355783266
2009-12-08,2.8446,2.8523,2.7734,2.7931,898780864,1.0953452355783266
2009-12-09,2.7592,2.7756,2.7274,2.734,825129024,1.0953452355783266
2009-12-10,2.7581,2.7712,2.7274,2.7526,696764224,1.0953452355783266
2009-12-11,2.7581,2.7866,2.7471,2.7526,698198592,1.0953452355783266
2009-12-14,2.7449,2.8183,2.6902,2.8019,1418954624,1.0953452355783266
2009-12-15,2.7778,2.8019,2.7625,2.7657,764909184,1.0953452355783266
2009-12-16,2.7515,2.7964,2.7471,2.7515,755129728,1.0953452355783266
2009-12-17,2.7668,2.7767,2.6989,2.7033,812279104,1.0953452355783266
2009-12-18,2.677,2.6935,2.6453,2.6617,695952320,1.0953452355783266
2009-12-21,2.6628,2.6694,2.6179,2.6453,697190848,1.0953452355783266
2009-12-22,2.6518,2.654,2.5773,2.5927,677068864,1.0953452355783266
2009-12-23,2.5883,2.608,2.5719,2.6003,634041024,1.0953452355783266
2009-12-24,2.6091,2.6705,2.5971,2.6672,919975552,1.0953452355783266
2009-12-25,2.6617,2.6661,2.6354,2.6376,496893536,1.0953452355783266
2009-12-28,2.6474,2.7011,2.6474,2.6847,634378048,1.0953452355783266
2009-12-29,2.6836,2.7121,2.6715,2.711,500569408,1.0953452355783266
2009-12-30,2.711,2.7986,2.7077,2.7844,1212204672,1.0953452355783266
2009-12-31,2.7877,2.815,2.7822,2.803,926696448,1.0953452355783266
2010-01-04,2.8139,2.8172,2.7493,2.7515,786433216,1.0953452355783266
2010-01-05,2.7657,2.8063,2.7263,2.7866,1099878784,1.0953452355783266
2010-01-06,2.7811,2.7931,2.7504,2.7515,546572497,1.0953452355783266
2010-01-07,2.7526,2.7668,2.6825,2.6967,894267520,1.0953452355783266
2010-01-08,2.6924,2.7033,2.6584,2.6967,885476032,1.0953452355783266
2010-01-11,2.8479,2.8479,2.6967,2.7088,1354881024,1.0953452355783266
2010-01-12,2.6967,2.7449,2.6595,2.7438,1217262581,1.0953452355783266
2010-01-13,2.6858,2.6913,2.6179,2.6223,1420743168,1.0953452355783266
2010-01-14,2.6398,2.6551,2.6069,2.6464,878212544,1.0953452355783266
2010-01-15,2.6464,2.6726,2.6277,2.6529,652328448,1.0953452355783266
2010-01-18,2.642,2.6485,2.6266,2.6453,508850240,1.0953452355783266
2010-01-19,2.6518,2.6814,2.6485,2.6628,971663744,1.0953452355783266
2010-01-20,2.6672,2.6683,2.5784,2.5806,769251648,1.0953452355783266
2010-01-21,2.5861,2.6168,2.5708,2.6025,1107771008,1.0953452355783266
2010-01-22,2.5741,2.6288,2.539,2.6036,1170291584,1.0953452355783266
2010-01-25,2.5763,2.6201,2.5741,2.5795,797176128,1.0953452355783266
2010-01-26,2.5806,2.5861,2.5204,2.5292,961401408,1.0953452355783266
2010-01-27,2.5335,2.5401,2.4766,2.4777,1010113472,1.0953452355783266
2010-01-28,2.4788,2.4853,2.4481,2.4645,596860288,1.0953452355783266
2010-01-29,2.4514,2.4963,2.4437,2.458,620091840,1.0953452355783266
2010-02-01,2.4547,2.4547,2.3944,2.4185,700122368,1.0953452355783266
2010-02-02,2.4371,2.481,2.4207,2.4273,656543296,1.0953452355783266
2010-02-03,2.4393,2.5007,2.4021,2.4996,1095397504,1.0953452355783266
2010-02-04,2.4766,2.4963,2.4612,2.481,728476928,1.0953452355783266
2010-02-05,2.4371,2.447,2.4163,2.4306,652672448,1.0953452355783266
2010-02-08,2.4317,2.447,2.412,2.4229,349984608,1.0953452355783266
2010-02-09,2.4185,2.4503,2.4141,2.4404,408855296,1.0953452355783266
2010-02-10,2.4601,2.4799,2.4558,2.4788,348961120,1.0953452355783266
2010-02-11,2.4777,2.4952,2.4733,2.4842,222058912,1.0953452355783266
2010-02-12,2.4919,2.5094,2.4875,2.5051,229641024,1.0953452355783266
2010-02-22,2.5051,2.5127,2.4853,2.4875,395044288,1.0953452355783266
2010-02-23,2.4766,2.4842,2.4174,2.4426,576802432,1.0953452355783266
2010-02-24,2.436,2.4689,2.4174,2.4667,403690624,1.0953452355783266
2010-02-25,2.47,2.5083,2.4656,2.5051,678995904,1.0953452355783266
2010-02-26,2.4963,2.5116,2.493,2.4974,336878656,1.0953452355783266
2010-03-01,2.4963,2.5445,2.4963,2.539,426241696,1.0953452355783266
2010-03-02,2.5412,2.5511,2.5248,2.5313,405330752,1.0953452355783266
2010-03-03,2.5313,2.5434,2.5116,2.5423,297466080,1.0953452355783266
2010-03-04,2.5401,2.5423,2.4831,2.4853,551707392,1.0953452355783266
2010-03-05,2.4886,2.5061,2.4864,2.4897,267958528,1.0953452355783266
2010-03-08,2.4963,2.516,2.4897,2.5083,245906960,1.0953452355783266
2010-03-09,2.5083,2.5434,2.4908,2.5259,417541824,1.0953452355783266
2010-03-10,2.5259,2.5434,2.5094,2.5149,343183168,1.0953452355783266
2010-03-11,2.5193,2.539,2.4996,2.5237,577884544,1.0953452355783266
2010-03-12,2.5215,2.5259,2.4919,2.4952,431437440,1.0953452355783266
2010-03-15,2.4908,2.4963,2.4448,2.4525,646422080,1.0953452355783266
2010-03-16,2.4503,2.4755,2.4492,2.4744,349058560,1.0953452355783266
2010-03-17,2.481,2.5281,2.4755,2.5259,576197632,1.0953452355783266
2010-03-18,2.5259,2.539,2.5061,2.5127,471913536,1.0953452355783266
2010-03-19,2.5116,2.5368,2.4996,2.5346,439874240,1.0953452355783266
2010-03-22,2.5346,2.5522,2.5292,2.5357,495343392,1.0953452355783266
2010-03-23,2.5379,2.5401,2.5061,2.5072,372564288,1.0953452355783266
2010-03-24,2.5182,2.5324,2.5061,2.5094,403002656,1.0953452355783266
2010-03-25,2.5018,2.5018,2.47,2.4722,373875808,1.0953452355783266
2010-03-26,2.4711,2.5259,2.47,2.5149,474679168,1.0953452355783266
2010-03-29,2.5302,2.596,2.5259,2.5916,967477568,1.0953452355783266
2010-03-30,2.5916,2.6003,2.5763,2.596,453997472,1.0953452355783266
2010-03-31,2.5938,2.5982,2.5664,2.5741,441623168,1.0953452355783266
2010-04-01,2.5741,2.6058,2.5741,2.5993,493245824,1.0953452355783266
2010-04-02,2.6047,2.6124,2.5927,2.6014,360514496,1.0953452355783266
2010-04-06,2.6146,2.6365,2.5905,2.6003,562604544,1.0953452355783266
2010-04-07,2.5982,2.6014,2.5719,2.5839,511709472,1.0953452355783266
2010-04-08,2.5784,2.5784,2.5346,2.5423,443993344,1.0953452355783266
2010-04-09,2.5467,2.5686,2.5445,2.5653,346242432,1.0953452355783266
2010-04-12,2.5741,2.5795,2.5204,2.5346,424125376,1.0953452355783266
2010-04-13,2.5346,2.5916,2.5335,2.5872,1036319552,1.0953452355783266
2010-04-14,2.5883,2.6069,2.5752,2.5971,403656384,1.0953452355783266
2010-04-15,2.5993,2.5993,2.5675,2.5905,492517760,1.0953452355783266
2010-04-16,2.5741,2.5872,2.5467,2.5522,490903808,1.0953452355783266
2010-04-19,2.5248,2.5248,2.4141,2.4207,1227932032,1.0953452355783266
2010-04-20,2.4251,2.4317,2.3857,2.412,730104704,1.0953452355783266
2010-04-21,2.4109,2.4503,2.3944,2.4459,677941120,1.0953452355783266
2010-04-22,2.4306,2.4306,2.3879,2.39,709689408,1.0953452355783266
2010-04-23,2.3944,2.4065,2.3627,2.3747,722811008,1.0953452355783266
2010-04-26,2.3824,2.39,2.3495,2.355,799815360,1.0953452355783266
2010-04-27,2.3473,2.3484,2.2783,2.3123,735802496,1.0953452355783266
2010-04-28,2.2915,2.3134,2.2783,2.3057,524045536,1.0953452355783266
2010-04-29,2.3178,2.3375,2.2958,2.298,572707072,1.0953452355783266
2010-04-30,2.3068,2.3364,2.2947,2.3342,714107712,1.0953452355783266
2010-05-04,2.3046,2.3232,2.2958,2.3024,547507200,1.0953452355783266
2010-05-05,2.2838,2.3123,2.2498,2.3079,723996096,1.0953452355783266
2010-05-06,2.2904,2.2937,2.1973,2.2005,839942784,1.0953452355783266
2010-05-07,2.1633,2.2104,2.1513,2.1754,855935616,1.0953452355783266
2010-05-10,2.1874,2.2181,2.1655,2.2049,814778304,1.0953452355783266
2010-05-11,2.2509,2.2564,2.1502,2.1622,1015144128,1.0953452355783266
2010-05-12,2.1578,2.2016,2.1392,2.2005,1045575168,1.0953452355783266
2010-05-13,2.1995,2.2487,2.1907,2.2422,1001507776,1.0953452355783266
2010-05-14,2.2214,2.2378,2.2104,2.2192,555654336,1.0953452355783266
2010-05-17,2.1907,2.1907,2.1173,2.1195,771725120,1.0953452355783266
2010-05-18,2.1261,2.1786,2.1118,2.1655,941195904,1.0953452355783266
2010-05-19,2.1524,2.1874,2.1217,2.1534,840645760,1.0953452355783266
2010-05-20,2.1381,2.171,2.1151,2.1162,679022656,1.0953452355783266
2010-05-21,2.0603,2.1414,2.0571,2.1381,802983936,1.0953452355783266
2010-05-24,2.1534,2.2203,2.1524,2.2082,895963136,1.0953452355783266
2010-05-25,2.1907,2.1918,2.1425,2.1502,515545536,1.0953452355783266
2010-05-26,2.1567,2.1754,2.1414,2.1513,414165632,1.0953452355783266
2010-05-27,2.1491,2.1907,2.1206,2.1841,614595456,1.0953452355783266
2010-05-28,2.2071,2.2093,2.1644,2.1721,709172544,1.0953452355783266
2010-05-31,2.1622,2.1754,2.1162,2.125,593673088,1.0953452355783266
2010-06-01,2.1129,2.1337,2.0833,2.1042,597566208,1.0953452355783266
2010-06-02,2.1009,2.1118,2.0669,2.1009,418117472,1.0953452355783266
2010-06-03,2.1096,2.1261,2.0877,2.0888,562833088,1.0953452355783266
2010-06-04,2.0844,2.0954,2.0735,2.0877,314690240,1.0953452355783266
2010-06-07,2.0516,2.068,2.0384,2.045,399848512,1.0953452355783266
2010-06-08,2.0461,2.0603,2.0209,2.0362,330622400,1.0953452355783266
2010-06-09,2.0483,2.1118,2.0187,2.1042,909263744,1.0953452355783266
2010-06-10,2.0833,2.0877,2.0658,2.0702,507987328,1.0953452355783266
2010-06-11,2.0801,2.1009,2.0746,2.0779,426963744,1.0953452355783266
2010-06-17,2.0932,2.0987,2.0757,2.0768,338591104,1.0953452355783266
2010-06-18,2.0735,2.0976,2.0549,2.0592,358989120,1.0953452355783266
2010-06-21,2.0713,2.1425,2.0647,2.1337,758845952,1.0953452355783266
2010-06-22,2.125,2.1392,2.1217,2.1304,313034592,1.0953452355783266
2010-06-23,2.1206,2.1326,2.0921,2.1096,332778624,1.0953452355783266
2010-06-24,2.1096,2.1403,2.102,2.1217,345618688,1.0953452355783266
2010-06-25,2.1074,2.1283,2.102,2.1151,378242912,1.0953452355783266
2010-06-28,2.1118,2.1392,2.1085,2.1162,304091136,1.0953452355783266
2010-06-29,2.1195,2.1228,2.0275,2.0297,587908544,1.0953452355783266
2010-06-30,2.0198,2.0253,2.0045,2.01,487900768,1.0953452355783266
2010-07-01,2.0067,2.0231,1.9913,1.9968,383684352,1.0953452355783266
2010-07-02,1.9979,2.0176,1.9661,2.0121,596043968,1.0953452355783266
2010-07-05,1.9913,2.0121,1.9683,1.9924,515792160,1.0953452355783266
2010-07-06,1.9881,2.0264,1.9859,2.0253,592391808,1.0953452355783266
2010-07-07,2.0242,2.0275,2.0089,2.0264,379166400,1.0953452355783266
2010-07-08,2.0373,2.0505,2.0231,2.0319,374439424,1.0953452355783266
2010-07-09,2.033,2.0921,2.0187,2.0779,515495040,1.0953452355783266
2010-07-12,2.0746,2.1031,2.0636,2.0899,418954464,1.0953452355783266
2010-07-13,2.068,2.068,2.0439,2.0582,388114816,1.0953452355783266
2010-07-14,2.0647,2.0965,2.0614,2.0713,407506848,1.0953452355783266
2010-07-15,2.0757,2.0965,2.0362,2.0384,408115200,1.0953452355783266
2010-07-16,2.0308,2.0417,2.0132,2.0352,300303712,1.0953452355783266
2010-07-19,2.022,2.0965,2.0176,2.0833,485990432,1.0953452355783266
2010-07-20,2.0866,2.125,2.0844,2.1206,508304576,1.0953452355783266
2010-07-21,2.1206,2.1326,2.1107,2.1206,420885376,1.0953452355783266
2010-07-22,2.114,2.148,2.1107,2.1458,391422528,1.0953452355783266
2010-07-23,2.148,2.1699,2.1447,2.1589,463091904,1.0953452355783266
2010-07-26,2.16,2.1688,2.1425,2.1622,322591424,1.0953452355783266
2010-07-27,2.1534,2.1622,2.1447,2.1491,258974384,1.0953452355783266
2010-07-28,2.148,2.2126,2.1447,2.2104,603357312,1.0953452355783266
2010-07-29,2.2093,2.2279,2.2027,2.2137,463818560,1.0953452355783266
2010-07-30,2.2082,2.2137,2.1962,2.2082,302084928,1.0953452355783266
2010-08-02,2.2082,2.2498,2.2071,2.2444,474355584,1.0953452355783266
2010-08-03,2.2444,2.2487,2.1951,2.1962,545608512,1.0953452355783266
2010-08-04,2.1984,2.2181,2.1688,2.2038,629255488,1.0953452355783266
2010-08-05,2.1995,2.2027,2.1589,2.1721,369945952,1.0953452355783266
2010-08-06,2.1666,2.2082,2.1545,2.206,458282848,1.0953452355783266
2010-08-09,2.1962,2.2181,2.1896,2.2082,396139648,1.0953452355783266
2010-08-10,2.2082,2.217,2.1524,2.1534,493237120,1.0953452355783266
2010-08-11,2.1545,2.1732,2.1436,2.1556,371774848,1.0953452355783266
2010-08-12,2.1414,2.1589,2.125,2.1304,313713824,1.0953452355783266
2010-08-13,2.1294,2.1524,2.1173,2.148,354766176,1.0953452355783266
2010-08-16,2.1392,2.1995,2.1326,2.1951,409273216,1.0953452355783266
2010-08-17,2.1973,2.2115,2.1874,2.206,416730400,1.0953452355783266
2010-08-18,2.206,2.229,2.194,2.1962,403166048,1.0953452355783266
2010-08-19,2.1973,2.2378,2.194,2.2192,476368160,1.0953452355783266
2010-08-20,2.2115,2.2257,2.1863,2.1885,467286592,1.0953452355783266
2010-08-23,2.183,2.2082,2.1732,2.183,300866848,1.0953452355783266
2010-08-24,2.1775,2.2071,2.1578,2.1797,434402016,1.0953452355783266
2010-08-25,2.1644,2.1786,2.1294,2.1348,395870176,1.0953452355783266
2010-08-26,2.1414,2.1502,2.1228,2.1294,358408928,1.0953452355783266
2010-08-27,2.1272,2.137,2.1206,2.1337,221579088,1.0953452355783266
2010-08-30,2.148,2.1721,2.1425,2.1622,378090304,1.0953452355783266
2010-08-31,2.1513,2.1545,2.1348,2.1414,258298736,1.0953452355783266
2010-09-01,2.1447,2.1721,2.1206,2.1337,448284960,1.0953452355783266
2010-09-02,2.1589,2.1633,2.1469,2.1545,379190464,1.0953452355783266
2010-09-03,2.1567,2.1589,2.1304,2.1458,362264960,1.0953452355783266
2010-09-06,2.1589,2.2027,2.1567,2.2016,520258272,1.0953452355783266
2010-09-07,2.2016,2.2093,2.183,2.1951,299268992,1.0953452355783266
2010-09-08,2.183,2.1885,2.1644,2.1775,248971664,1.0953452355783266
2010-09-09,2.1765,2.1775,2.1272,2.137,312479936,1.0953452355783266
2010-09-10,2.1359,2.1447,2.114,2.1326,331023104,1.0953452355783266
2010-09-13,2.1304,2.1578,2.1228,2.1425,380971712,1.0953452355783266
2010-09-14,2.1513,2.1589,2.137,2.1425,324012000,1.0953452355783266
2010-09-15,2.1425,2.1425,2.1031,2.1063,297352640,1.0953452355783266
2010-09-16,2.1053,2.1107,2.056,2.0735,387597824,1.0953452355783266
2010-09-17,2.0779,2.0844,2.068,2.0713,197198656,1.0953452355783266
2010-09-20,2.0724,2.0888,2.0592,2.0779,230225728,1.0953452355783266
2010-09-21,2.0844,2.0899,2.0713,2.079,138721888,1.0953452355783266
2010-09-27,2.0866,2.1031,2.0812,2.0965,195970016,1.0953452355783266
2010-09-28,2.091,2.0976,2.0768,2.0779,436571168,1.0953452355783266
2010-09-29,2.0746,2.1085,2.0724,2.0844,252733008,1.0953452355783266
2010-09-30,2.0746,2.1348,2.0702,2.1337,331703072,1.0953452355783266
2010-10-08,2.1567,2.2312,2.1513,2.2192,876185728,1.0953452355783266
2010-10-11,2.2312,2.3243,2.2312,2.3013,1076773504,1.0953452355783266
2010-10-12,2.298,2.3309,2.2827,2.3287,551775744,1.0953452355783266
2010-10-13,2.3342,2.3681,2.3232,2.3659,697333312,1.0953452355783266
2010-10-14,2.3933,2.4459,2.39,2.3977,977496448,1.0953452355783266
2010-10-15,2.3879,2.5193,2.3857,2.4952,1295562752,1.0953452355783266
2010-10-18,2.5182,2.5741,2.4777,2.4799,1522946944,1.0953452355783266
2010-10-19,2.4777,2.5292,2.4591,2.527,1073269184,1.0953452355783266
2010-10-20,2.5051,2.5675,2.4777,2.5259,1525388288,1.0953452355783266
2010-10-21,2.5313,2.5412,2.4667,2.4842,782205696,1.0953452355783266
2010-10-22,2.4777,2.4996,2.4492,2.4711,566044352,1.0953452355783266
2010-10-25,2.4711,2.5467,2.4459,2.5456,652403200,1.0953452355783266
2010-10-26,2.5522,2.5587,2.4974,2.5127,625311360,1.0953452355783266
2010-10-27,2.4974,2.539,2.458,2.4601,698342016,1.0953452355783266
2010-10-28,2.4569,2.481,2.4426,2.4612,492705056,1.0953452355783266
2010-10-29,2.4634,2.47,2.4141,2.4251,613957632,1.0953452355783266
2010-11-01,2.4328,2.4864,2.4328,2.4842,577876800,1.0953452355783266
2010-11-02,2.4842,2.5105,2.4481,2.4711,542789632,1.0953452355783266
2010-11-03,2.4711,2.5029,2.4437,2.4656,885191232,1.0953452355783266
2010-11-04,2.4667,2.504,2.4667,2.4963,631572544,1.0953452355783266
2010-11-05,2.5478,2.5741,2.5029,2.5226,481534144,1.0953452355783266
2010-11-08,2.5281,2.5423,2.5094,2.5313,507820288,1.0953452355783266
2010-11-09,2.5292,2.5302,2.4831,2.4952,482450080,1.0953452355783266
2010-11-10,2.4788,2.4821,2.4448,2.458,582210496,1.0953452355783266
2010-11-11,2.4645,2.5215,2.4558,2.4897,766002880,1.0953452355783266
2010-11-12,2.4755,2.4875,2.3539,2.355,996892672,1.0953452355783266
2010-11-15,2.3659,2.3747,2.3079,2.3451,773976128,1.0953452355783266
2010-11-16,2.3307,2.3352,2.2365,2.2398,679064640,1.108810472516878
2010-11-17,2.2198,2.2553,2.2021,2.2187,812728128,1.108810472516878
2010-11-18,2.2409,2.2575,2.2176,2.2442,559805120,1.108810472516878
2010-11-19,2.2553,2.2575,2.1788,2.2476,577740160,1.108810472516878
2010-11-22,2.2276,2.2442,2.2121,2.2232,539552576,1.108810472516878
2010-11-23,2.2088,2.2121,2.1489,2.1777,678164544,1.108810472516878
2010-11-24,2.1777,2.2376,2.1777,2.2232,584770816,1.108810472516878
2010-11-25,2.2343,2.2586,2.211,2.2564,596187968,1.108810472516878
2010-11-26,2.2465,2.2586,2.2232,2.232,436819904,1.108810472516878
2010-11-29,2.2287,2.2376,2.2076,2.2254,327161888,1.108810472516878
2010-11-30,2.2243,2.2343,2.1511,2.1921,660092288,1.108810472516878
2010-12-01,2.1832,2.2043,2.1766,2.1932,335581312,1.108810472516878
2010-12-02,2.2287,2.2343,2.2054,2.2099,374738720,1.108810472516878
2010-12-03,2.2154,2.2276,2.2054,2.2187,385480384,1.108810472516878
2010-12-06,2.2287,2.2531,2.2243,2.2476,484342144,1.108810472516878
2010-12-07,2.2409,2.2764,2.211,2.2598,465144256,1.108810472516878
2010-12-08,2.2542,2.2686,2.2298,2.232,349761760,1.108810472516878
2010-12-09,2.2221,2.2387,2.2043,2.2088,285565088,1.108810472516878
2010-12-10,2.1966,2.242,2.1954,2.2343,342143328,1.108810472516878
2010-12-13,2.242,2.2975,2.2387,2.2952,442058752,1.108810472516878
2010-12-14,2.3019,2.3063,2.283,2.2875,315433312,1.108810472516878
2010-12-15,2.2886,2.2952,2.2708,2.2731,277884608,1.108810472516878
2010-12-16,2.2708,2.2764,2.2509,2.252,242154944,1.108810472516878
2010-12-17,2.252,2.2564,2.2398,2.2476,185448608,1.108810472516878
2010-12-20,2.2542,2.2631,2.1788,2.2099,448372448,1.108810472516878
2010-12-21,2.2143,2.2775,2.2088,2.2664,562947264,1.108810472516878
2010-12-22,2.2697,2.2753,2.2254,2.2343,284836320,1.108810472516878
2010-12-23,2.2376,2.2653,2.2243,2.2309,354056768,1.108810472516878
2010-12-24,2.2176,2.2409,2.2065,2.2254,434617728,1.108810472516878
2010-12-27,2.242,2.2631,2.1821,2.1866,383540576,1.108810472516878
2010-12-28,2.1832,2.1888,2.1589,2.16,397409376,1.108810472516878
2010-12-29,2.1622,2.1655,2.1433,2.16,246002336,1.108810472516878
2010-12-30,2.1611,2.1644,2.1311,2.1478,286550176,1.108810472516878
2010-12-31,2.1522,2.1832,2.1511,2.1821,340470016,1.108810472516878
2011-01-04,2.2032,2.2376,2.1932,2.2276,327005248,1.108810472516878
2011-01-05,2.2143,2.2243,2.2054,2.2099,297537856,1.108810472516878
2011-01-06,2.2121,2.2232,2.1877,2.1954,276954656,1.108810472516878
2011-01-07,2.1954,2.252,2.1799,2.2176,550730816,1.108810472516878
2011-01-10,2.2154,2.2331,2.1855,2.1877,358915904,1.108810472516878
2011-01-11,2.1832,2.2154,2.1788,2.211,346024832,1.108810472516878
2011-01-12,2.2165,2.2354,2.1999,2.2287,324060224,1.108810472516878
2011-01-13,2.2365,2.2398,2.2209,2.2265,246833376,1.108810472516878
2011-01-14,2.2176,2.2209,2.1899,2.191,266310480,1.108810472516878
2011-01-17,2.1799,2.1899,2.1145,2.12,551819840,1.108810472516878
2011-01-18,2.1167,2.1345,2.1101,2.1289,306326048,1.108810472516878
2011-01-19,2.13,2.1611,2.1178,2.16,269244800,1.108810472516878
2011-01-20,2.1533,2.1533,2.0968,2.099,319170752,1.108810472516878
2011-01-21,2.0957,2.1666,2.0957,2.1267,506916224,1.108810472516878
2011-01-24,2.13,2.1433,2.1101,2.1123,318210016,1.108810472516878
2011-01-25,2.1123,2.1267,2.1034,2.1145,327659840,1.108810472516878
2011-01-26,2.1167,2.1345,2.1134,2.1322,218224224,1.108810472516878
2011-01-27,2.1156,2.1622,2.1034,2.1544,389782528,1.108810472516878
2011-01-28,2.1511,2.1566,2.1345,2.1489,248797840,1.108810472516878
2011-01-31,2.1478,2.1722,2.1467,2.1688,209864688,1.108810472516878
2011-02-01,2.1722,2.181,2.1655,2.1777,184988848,1.108810472516878
2011-02-09,2.1622,2.1844,2.1455,2.1467,280071648,1.108810472516878
2011-02-10,2.1478,2.1866,2.1389,2.1832,324198976,1.108810472516878
2011-02-11,2.1777,2.191,2.1733,2.1821,232305952,1.108810472516878
2011-02-14,2.1844,2.272,2.1844,2.2631,637736960,1.108810472516878
2011-02-15,2.2675,2.2897,2.2553,2.2598,536560096,1.108810472516878
2011-02-16,2.2575,2.2664,2.2387,2.2653,262009664,1.108810472516878
2011-02-17,2.2697,2.283,2.2465,2.262,290942400,1.108810472516878
2011-02-18,2.2553,2.2609,2.2365,2.2431,267063184,1.108810472516878
2011-02-21,2.2309,2.2642,2.2309,2.2631,265285584,1.108810472516878
2011-02-22,2.2631,2.2653,2.1999,2.2021,512531328,1.108810472516878
2011-02-23,2.1954,2.2065,2.191,2.2021,296057216,1.108810472516878
2011-02-24,2.1999,2.2176,2.1932,2.2099,208382736,1.108810472516878
2011-02-25,2.211,2.2276,2.1932,2.2143,319857632,1.108810472516878
2011-02-28,2.2143,2.2343,2.1966,2.2287,272898144,1.108810472516878
2011-03-01,2.2287,2.2609,2.2265,2.2442,351253440,1.108810472516878
2011-03-02,2.2331,2.2631,2.2298,2.252,412184640,1.108810472516878
2011-03-03,2.2553,2.3008,2.2531,2.2642,625642624,1.108810472516878
2011-03-04,2.2664,2.3019,2.262,2.2997,360809312,1.108810472516878
2011-03-07,2.3041,2.3529,2.3041,2.344,549481344,1.108810472516878
2011-03-08,2.3407,2.3562,2.3274,2.3407,304896224,1.108810472516878
2011-03-09,2.3474,2.3607,2.3329,2.3385,308773088,1.108810472516878
2011-03-10,2.3296,2.3307,2.2853,2.2886,369880288,1.108810472516878
2011-03-11,2.2819,2.2919,2.2531,2.2598,337705344,1.108810472516878
2011-03-14,2.2598,2.2708,2.2498,2.2642,326241120,1.108810472516878
2011-03-15,2.252,2.2631,2.1954,2.2265,448252864,1.108810472516878
2011-03-16,2.2331,2.2664,2.2298,2.2609,340812064,1.108810472516878
2011-03-17,2.2398,2.2586,2.2209,2.232,292176960,1.108810472516878
2011-03-18,2.252,2.2598,2.2398,2.2453,230998400,1.108810472516878
2011-03-21,2.2553,2.2631,2.2376,2.2465,261445760,1.108810472516878
2011-03-22,2.2553,2.2731,2.2287,2.2686,358340288,1.108810472516878
2011-03-23,2.2642,2.2986,2.2586,2.2975,327244032,1.108810472516878
2011-03-24,2.2963,2.2975,2.2764,2.2797,185477504,1.108810472516878
2011-03-25,2.2875,2.3274,2.2819,2.3163,683034304,1.108810472516878
2011-03-28,2.3263,2.3474,2.3174,2.3196,355978336,1.108810472516878
2011-03-29,2.3185,2.3485,2.3108,2.313,464149888,1.108810472516878
2011-03-30,2.313,2.3285,2.3008,2.3185,415963712,1.108810472516878
2011-03-31,2.3196,2.3252,2.2919,2.2997,268986240,1.108810472516878
2011-04-01,2.2997,2.3485,2.2997,2.3474,371282880,1.108810472516878
2011-04-06,2.3462,2.405,2.3451,2.3984,559615232,1.108810472516878
2011-04-07,2.4017,2.415,2.3895,2.3972,287110624,1.108810472516878
2011-04-08,2.3984,2.4139,2.3906,2.4117,278841184,1.108810472516878
2011-04-11,2.4172,2.4405,2.3972,2.3995,359769088,1.108810472516878
2011-04-12,2.3917,2.4039,2.3751,2.3851,286475520,1.108810472516878
2011-04-13,2.374,2.4305,2.3673,2.4283,370938848,1.108810472516878
2011-04-14,2.4294,2.4361,2.4094,2.4128,388608544,1.108810472516878
2011-04-15,2.4061,2.4449,2.4006,2.4272,575466112,1.108810472516878
2011-04-18,2.4117,2.4405,2.4094,2.4261,460694272,1.108810472516878
2011-04-19,2.4139,2.415,2.3706,2.3729,386835744,1.108810472516878
2011-04-20,2.3762,2.3862,2.3562,2.3651,251159936,1.108810472516878
2011-04-21,2.3806,2.3972,2.3729,2.3817,211278784,1.108810472516878
2011-04-22,2.3817,2.3939,2.3662,2.3751,165956816,1.108810472516878
2011-04-25,2.3717,2.3717,2.344,2.3462,422404032,1.108810472516878
2011-04-26,2.3418,2.3562,2.3318,2.3385,306120672,1.108810472516878
2011-04-27,2.3485,2.3595,2.3174,2.3318,403156224,1.108810472516878
2011-04-28,2.3451,2.3729,2.3296,2.3374,512098208,1.108810472516878
2011-04-29,2.3352,2.3374,2.3019,2.3318,485971840,1.108810472516878
2011-05-03,2.3285,2.334,2.3074,2.3307,374578016,1.108810472516878
2011-05-04,2.3174,2.3207,2.262,2.2642,419639264,1.108810472516878
2011-05-05,2.2609,2.2664,2.2442,2.2586,333155200,1.108810472516878
2011-05-06,2.2398,2.2631,2.2331,2.2453,333276544,1.108810472516878
2011-05-09,2.2509,2.2609,2.2354,2.2431,160293536,1.108810472516878
2011-05-10,2.2465,2.2675,2.2409,2.2664,236139712,1.108810472516878
2011-05-11,2.2653,2.2731,2.2509,2.2586,178282512,1.108810472516878
2011-05-12,2.2453,2.2542,2.2254,2.2265,229125600,1.108810472516878
2011-05-13,2.2343,2.2531,2.2176,2.252,403668608,1.108810472516878
2011-05-16,2.2398,2.2553,2.2232,2.2232,232489168,1.108810472516878
2011-05-17,2.2243,2.2564,2.2165,2.242,324660864,1.108810472516878
2011-05-18,2.2376,2.2686,2.2343,2.2631,301726880,1.108810472516878
2011-05-19,2.2664,2.2753,2.2531,2.2542,186285296,1.108810472516878
2011-05-20,2.252,2.2697,2.252,2.2609,160860416,1.108810472516878
2011-05-23,2.2564,2.2575,2.1932,2.1966,359412928,1.108810472516878
2011-05-24,2.1966,2.2043,2.1921,2.1977,246375088,1.108810472516878
2011-05-25,2.1954,2.201,2.1722,2.1744,187415584,1.108810472516878
2011-05-26,2.1888,2.1943,2.1766,2.1788,230723904,1.108810472516878
2011-05-27,2.1821,2.1999,2.1777,2.1821,335359488,1.108810472516878
2011-05-30,2.1777,2.1954,2.1666,2.1844,296972896,1.108810472516878
2011-05-31,2.1844,2.2176,2.181,2.2154,348438112,1.108810472516878
2011-06-01,2.2088,2.211,2.1999,2.2065,274979840,1.108810472516878
2011-06-02,2.1943,2.1954,2.1455,2.1633,334120448,1.108810472516878
2011-06-03,2.1622,2.1832,2.1577,2.1799,246227328,1.108810472516878
2011-06-07,2.1733,2.1899,2.1699,2.1877,173702672,1.108810472516878
2011-06-08,2.1899,2.191,2.1589,2.1855,182231536,1.108810472516878
2011-06-09,2.1799,2.1832,2.1511,2.1533,179697056,1.108810472516878
2011-06-10,2.1533,2.1633,2.1367,2.1589,230140112,1.108810472516878
2011-06-13,2.1455,2.16,2.1334,2.1522,230100528,1.108810472516878
2011-06-14,2.1467,2.1888,2.1467,2.1799,268236576,1.108810472516878
2011-06-15,2.1788,2.1844,2.1644,2.1655,163975184,1.108810472516878
2011-06-16,2.1522,2.1555,2.1389,2.14,180839984,1.108810472516878
2011-06-17,2.1389,2.1489,2.1245,2.1256,263388272,1.108810472516878
2011-06-20,2.1234,2.1278,2.1067,2.1167,257929088,1.108810472516878
2011-06-21,2.1223,2.1356,2.1189,2.1345,251765264,1.108810472516878
2011-06-22,2.1356,2.1544,2.1256,2.1334,241158608,1.108810472516878
2011-06-23,2.1289,2.1788,2.1267,2.1688,299337056,1.108810472516878
2011-06-24,2.1666,2.2354,2.1611,2.2187,498509312,1.108810472516878
2011-06-27,2.2143,2.2309,2.2065,2.2143,224732048,1.108810472516878
2011-06-28,2.2209,2.2221,2.1977,2.2143,239012704,1.108810472516878
2011-06-29,2.2143,2.2154,2.1766,2.1777,196196608,1.108810472516878
2011-06-30,2.1821,2.2287,2.1821,2.2154,374678304,1.108810472516878
2011-07-01,2.2187,2.2298,2.2043,2.2121,188224000,1.108810472516878
2011-07-04,2.2254,2.272,2.2254,2.2708,415489248,1.108810472516878
2011-07-05,2.2686,2.2731,2.252,2.2609,215295456,1.108810472516878
2011-07-06,2.2575,2.2575,2.2298,2.2465,214561904,1.108810472516878
2011-07-07,2.262,2.2731,2.2354,2.2376,274092544,1.108810472516878
2011-07-08,2.2398,2.2586,2.2331,2.2476,256663120,1.108810472516878
2011-07-11,2.2387,2.2476,2.2287,2.2409,172851088,1.108810472516878
2011-07-12,2.2309,2.2309,2.1943,2.1954,232250368,1.108810472516878
2011-07-13,2.1999,2.2343,2.1999,2.2276,303541152,1.108810472516878
2011-07-14,2.2309,2.2453,2.2243,2.2354,142867088,1.108810472516878
2011-07-15,2.2331,2.2465,2.2187,2.2409,170033888,1.108810472516878
2011-07-18,2.242,2.2476,2.2265,2.2331,131513168,1.108810472516878
2011-07-19,2.2243,2.2265,2.2132,2.2176,137216464,1.108810472516878
2011-07-20,2.2298,2.2309,2.2043,2.2121,172956384,1.108810472516878
2011-07-21,2.2143,2.2221,2.1866,2.1877,252079712,1.108810472516878
2011-07-22,2.191,2.2032,2.1877,2.191,130035392,1.108810472516878
2011-07-25,2.1799,2.1821,2.1267,2.1322,222928416,1.108810472516878
2011-07-26,2.1311,2.1422,2.1278,2.1367,128300760,1.108810472516878
2011-07-27,2.1278,2.1433,2.1212,2.1411,196496448,1.108810472516878
2011-07-28,2.12,2.13,2.109,2.1212,143933792,1.108810472516878
2011-07-29,2.1256,2.1533,2.1067,2.1345,285319328,1.108810472516878
2011-08-01,2.1334,2.1444,2.1223,2.1356,113215520,1.108810472516878
2011-08-02,2.1189,2.1212,2.0968,2.1167,262044784,1.108810472516878
2011-08-03,2.099,2.1256,2.0968,2.1145,152958160,1.108810472516878
2011-08-04,2.12,2.1367,2.1145,2.1156,91395296,1.108810472516878
2011-08-05,2.069,2.0823,2.0624,2.0713,309940864,1.108810472516878
2011-08-08,2.058,2.0679,1.9803,2.0058,467957376,1.108810472516878
2011-08-09,1.9626,2.0225,1.946,2.0147,506030528,1.108810472516878
2011-08-10,2.0424,2.0513,2.0203,2.028,287693408,1.108810472516878
2011-08-11,1.997,2.0591,1.9948,2.0557,300473600,1.108810472516878
2011-08-12,2.0602,2.0657,2.0469,2.0491,260418336,1.108810472516878
2011-08-15,2.0546,2.0968,2.0469,2.0945,320541600,1.108810472516878
2011-08-16,2.0846,2.1067,2.0746,2.079,216519296,1.108810472516878
2011-08-17,2.0823,2.0934,2.0713,2.0713,182515808,1.108810472516878
2011-08-18,2.0757,2.0768,2.0313,2.0347,280057504,1.108810472516878
2011-08-19,2.0047,2.0236,2.0003,2.018,302793664,1.108810472516878
2011-08-22,2.0191,2.0324,1.9936,1.9992,212755456,1.108810472516878
2011-08-23,2.0058,2.0391,1.9992,2.0347,238946512,1.108810472516878
2011-08-24,2.0369,2.0469,2.0158,2.0191,142426672,1.108810472516878
2011-08-25,2.0269,2.1001,2.0225,2.0979,483315648,1.108810472516878
2011-08-26,2.0912,2.099,2.0735,2.0934,358396128,1.108810472516878
2011-08-29,2.0679,2.0735,2.0491,2.0524,249336192,1.108810472516878
2011-08-30,2.0635,2.0934,2.0446,2.0469,333263680,1.108810472516878
2011-08-31,2.048,2.0646,2.0435,2.0568,233744176,1.108810472516878
2011-09-01,2.0624,2.079,2.0513,2.0546,274092896,1.108810472516878
2011-09-02,2.0491,2.058,2.0247,2.0336,261952656,1.108810472516878
2011-09-05,2.0214,2.0214,1.9981,2.0003,247392192,1.108810472516878
2011-09-06,1.9914,2.0014,1.9814,1.9903,259490656,1.108810472516878
2011-09-07,1.997,2.0302,1.9948,2.0258,354584896,1.108810472516878
2011-09-08,2.0336,2.0358,2.0125,2.0125,182333728,1.108810472516878
2011-09-09,2.0158,2.0446,2.0047,2.0114,279809440,1.108810472516878
2011-09-13,1.987,1.997,1.9792,1.9925,220808176,1.108810472516878
2011-09-14,1.9992,2.0047,1.9626,1.9959,310082560,1.108810472516878
2011-09-15,1.9959,2.0125,1.987,1.9881,260325600,1.108810472516878
2011-09-16,2.0014,2.0092,1.9903,1.9925,183569376,1.108810472516878
2011-09-19,1.9814,1.9826,1.9582,1.9582,191168000,1.108810472516878
2011-09-20,1.9582,1.9748,1.9493,1.9659,281783136,1.108810472516878
2011-09-21,1.9626,2.028,1.9537,2.0203,485317472,1.108810472516878
2011-09-22,2.0025,2.0081,1.9571,1.9615,330213728,1.108810472516878
2011-09-23,1.9315,1.9537,1.9171,1.946,580696768,1.108810472516878
2011-09-26,1.9282,1.9493,1.8872,1.8894,446676320,1.108810472516878
2011-09-27,1.9094,1.9249,1.8972,1.9149,315024064,1.108810472516878
2011-09-28,1.9238,1.9282,1.8905,1.8961,266332400,1.108810472516878
2011-09-29,1.8861,1.9049,1.8805,1.8927,379857888,1.108810472516878
2011-09-30,1.895,1.906,1.8783,1.8883,386128352,1.108810472516878
2011-10-10,1.8927,1.895,1.8683,1.8695,255031600,1.108810472516878
2011-10-11,1.9238,1.926,1.8606,1.8728,525888512,1.108810472516878
2011-10-12,1.8595,1.9482,1.855,1.946,846192320,1.108810472516878
2011-10-13,1.9349,1.9593,1.9293,1.9515,431791520,1.108810472516878
2011-10-14,1.9471,1.9559,1.9304,1.9526,301723968,1.108810472516878
2011-10-17,1.9548,1.9803,1.9515,1.9681,464644480,1.108810472516878
2011-10-18,1.9515,1.9548,1.9072,1.9105,484841056,1.108810472516878
2011-10-19,1.9182,1.9338,1.9094,1.9116,342912160,1.108810472516878
2011-10-20,1.8994,1.9027,1.8573,1.8706,405487808,1.108810472516878
2011-10-21,1.875,1.8916,1.8672,1.8761,375512768,1.108810472516878
2011-10-24,1.885,1.9415,1.8772,1.9327,616929856,1.108810472516878
2011-10-25,1.9315,1.9681,1.9182,1.9604,571533824,1.108810472516878
2011-10-26,1.9548,1.9948,1.9482,1.9737,577728128,1.108810472516878
2011-10-27,1.9759,1.9892,1.9715,1.9814,345892864,1.108810472516878
2011-10-28,2.0092,2.0446,2.0069,2.0225,619620352,1.108810472516878
2011-10-31,2.018,2.018,1.9936,2.0014,386341696,1.108810472516878
2011-11-01,1.9903,2.0324,1.9848,2.0081,478055872,1.108810472516878
2011-11-02,1.9837,2.0469,1.9759,2.0435,620644608,1.108810472516878
2011-11-03,2.0469,2.058,2.0302,2.0324,579366400,1.108810472516878
2011-11-04,2.0513,2.0613,2.0358,2.0491,334769728,1.108810472516878
2011-11-07,2.0324,2.0446,2.0191,2.0214,301145504,1.108810472516878
2011-11-08,2.0236,2.0391,2.0203,2.0247,330919072,1.108810472516878
2011-11-09,2.0313,2.0424,2.0092,2.038,388104000,1.108810472516878
2011-11-10,2.0225,2.0225,1.9914,1.9936,436537088,1.108810472516878
2011-11-11,2.0025,2.0036,1.9837,1.9903,302285376,1.108810472516878
2011-11-14,2.0058,2.0347,2.0014,2.028,470730336,1.108810472516878
2011-11-15,2.0236,2.0302,2.0125,2.0169,271103456,1.108810472516878
2011-11-16,2.018,2.0191,1.9537,1.9615,559994560,1.108810472516878
2011-11-17,1.9637,1.9715,1.9515,1.9537,286174240,1.108810472516878
2011-11-18,1.9437,1.9493,1.9194,1.9238,362700448,1.108810472516878
2011-11-21,1.926,1.926,1.9094,1.9238,291844768,1.108810472516878
2011-11-22,1.9127,1.9271,1.9072,1.9238,336084768,1.108810472516878
2011-11-23,1.9249,1.9271,1.8972,1.9038,427266752,1.108810472516878
2011-11-24,1.8927,1.9182,1.885,1.9049,373840320,1.108810472516878
2011-11-25,1.9027,1.9094,1.8839,1.8894,303489856,1.108810472516878
2011-11-28,1.895,1.9072,1.8861,1.8961,435504320,1.108810472516878
2011-11-29,1.9094,1.9194,1.8983,1.916,418203840,1.108810472516878
2011-11-30,1.9116,1.9127,1.8539,1.8584,598284736,1.108810472516878
2011-12-01,1.9138,1.9515,1.9083,1.9149,923494784,1.108810472516878
2011-12-02,1.9171,1.9171,1.8938,1.9038,359220224,1.108810472516878
2011-12-05,1.9038,1.9127,1.8894,1.895,481493632,1.108810472516878
2011-12-06,1.8905,1.8983,1.8805,1.8894,325451584,1.108810472516878
2011-12-07,1.8894,1.9094,1.8872,1.9038,337271680,1.108810472516878
2011-12-08,1.9016,1.9216,1.8861,1.9027,358619040,1.108810472516878
2011-12-09,1.8905,1.9049,1.8894,1.8938,283608224,1.108810472516878
2011-12-12,1.8883,1.8938,1.8783,1.8805,306652832,1.108810472516878
2011-12-13,1.8739,1.8761,1.8406,1.8428,503421280,1.108810472516878
2011-12-14,1.8395,1.8484,1.8295,1.8329,309008992,1.108810472516878
2011-12-15,1.824,1.8284,1.7863,1.7885,584748224,1.108810472516878
2011-12-16,1.7896,1.8218,1.7841,1.8196,617753216,1.108810472516878
2011-12-19,1.804,1.8184,1.7741,1.8151,580309632,1.108810472516878
2011-12-20,1.8074,1.8417,1.8063,1.8162,525004672,1.108810472516878
2011-12-21,1.8306,1.8384,1.7929,1.7929,428926080,1.108810472516878
2011-12-22,1.7852,1.8074,1.773,1.7963,576333312,1.108810472516878
2011-12-23,1.7918,1.8262,1.7896,1.8096,543805056,1.108810472516878
2011-12-26,1.7974,1.8162,1.7885,1.7918,242253600,1.108810472516878
2011-12-27,1.7896,1.8051,1.7242,1.7807,467096224,1.108810472516878
2011-12-28,1.7741,1.7841,1.7586,1.7819,342326016,1.108810472516878
2011-12-29,1.7752,1.7941,1.773,1.7841,272943456,1.108810472516878
2011-12-30,1.7907,1.8118,1.7896,1.8063,296092064,1.108810472516878
2012-01-04,1.8196,1.8218,1.7841,1.7852,317895488,1.108810472516878
2012-01-05,1.7796,1.8129,1.7774,1.7863,617394112,1.108810472516878
2012-01-06,1.7841,1.7985,1.7785,1.7974,413536864,1.108810472516878
2012-01-09,1.8018,1.8606,1.7863,1.8595,582485440,1.108810472516878
2012-01-10,1.8539,1.9105,1.8539,1.9083,724776000,1.108810472516878
2012-01-11,1.9049,1.9138,1.8861,1.8972,408470752,1.108810472516878
2012-01-12,1.8894,1.9227,1.8883,1.9038,372284160,1.108810472516878
2012-01-13,1.9027,1.9116,1.8672,1.885,389686848,1.108810472516878
2012-01-16,1.8761,1.8905,1.8573,1.8595,290324928,1.108810472516878
2012-01-17,1.8628,1.9493,1.8451,1.9482,744475072,1.108810472516878
2012-01-18,1.9437,1.9582,1.9127,1.9171,455513632,1.108810472516878
2012-01-19,1.9205,1.9659,1.9182,1.9604,603383616,1.108810472516878
2012-01-20,1.967,1.9925,1.9559,1.9892,413622304,1.108810472516878
2012-01-30,1.9903,1.9925,1.9515,1.9537,432013056,1.108810472516878
2012-01-31,1.9537,1.9648,1.9393,1.9493,286848320,1.108810472516878
2012-02-01,1.946,1.9593,1.9105,1.916,298916576,1.108810472516878
2012-02-02,1.9216,1.9704,1.9194,1.9704,475087488,1.108810472516878
2012-02-03,1.9626,1.9914,1.9559,1.9792,427308640,1.108810472516878
2012-02-06,1.9826,1.9948,1.9593,1.9759,335251296,1.108810472516878
2012-02-07,1.9648,1.9648,1.9293,1.936,471602496,1.108810472516878
2012-02-08,1.936,2.0069,1.9349,1.9948,544617216,1.108810472516878
2012-02-09,1.9914,1.9992,1.9792,1.987,515278944,1.108810472516878
2012-02-10,1.9814,2.0147,1.9803,1.9881,363884736,1.108810472516878
2012-02-13,1.9681,1.9981,1.9582,1.9759,427909888,1.108810472516878
2012-02-14,1.9759,1.977,1.9537,1.9648,323544512,1.108810472516878
2012-02-15,1.9615,1.9959,1.9582,1.9814,408492864,1.108810472516878
2012-02-16,1.9826,1.987,1.9582,1.9681,353573536,1.108810472516878
2012-02-17,1.9781,1.9903,1.9626,1.9737,327109344,1.108810472516878
2012-02-20,2.0025,2.0036,1.977,1.9781,364752544,1.108810472516878
2012-02-21,1.9792,1.9892,1.9637,1.9881,335549152,1.108810472516878
2012-02-22,1.9881,2.0069,1.9814,2.0047,339355072,1.108810472516878
2012-02-23,2.0047,2.0169,1.9992,2.0092,482616064,1.108810472516878
2012-02-24,2.0092,2.0435,2.0069,2.0413,446346336,1.108810472516878
2012-02-27,2.048,2.0668,2.0424,2.0446,422785792,1.108810472516878
2012-02-28,2.0424,2.0602,2.0424,2.0568,449272768,1.108810472516878
2012-02-29,2.0524,2.0591,2.0347,2.0358,316393664,1.108810472516878
2012-03-01,2.0302,2.0524,2.028,2.0336,195735728,1.108810472516878
2012-03-02,2.0358,2.0591,2.0313,2.058,412239872,1.108810472516878
2012-03-05,2.0624,2.0657,2.038,2.0446,277841248,1.108810472516878
2012-03-06,2.0413,2.0413,2.0047,2.0058,503897152,1.108810472516878
2012-03-07,1.9925,2.0036,1.9826,1.9848,406795712,1.108810472516878
2012-03-08,1.9903,2.0158,1.9903,2.0069,355417728,1.108810472516878
2012-03-09,2.0147,2.0225,2.0047,2.0214,365637760,1.108810472516878
2012-03-12,2.0214,2.0225,1.997,2.0047,229591568,1.108810472516878
2012-03-13,2.0081,2.0247,2.0025,2.0236,361710080,1.108810472516878
2012-03-14,2.0347,2.0458,1.9792,1.987,664514240,1.108810472516878
2012-03-15,1.9881,1.9914,1.967,1.9704,465208576,1.108810472516878
2012-03-16,1.9737,1.9859,1.9582,1.9848,334134752,1.108810472516878
2012-03-19,1.9759,1.987,1.9637,1.9859,342950400,1.108810472516878
2012-03-20,1.9826,1.9826,1.9571,1.9582,360729536,1.108810472516878
2012-03-21,1.9726,1.9803,1.9571,1.9637,511445376,1.108810472516878
2012-03-22,1.9637,1.9792,1.9537,1.967,267202048,1.108810472516878
2012-03-23,1.9593,1.9659,1.946,1.9504,285185504,1.108810472516878
2012-03-26,1.9504,1.9582,1.9471,1.9548,180045120,1.108810472516878
2012-03-27,1.9604,1.9648,1.9526,1.9548,214457120,1.108810472516878
2012-03-28,1.9504,1.9515,1.9072,1.9127,405828896,1.108810472516878
2012-03-29,1.906,1.9072,1.8817,1.8894,408959680,1.108810472516878
2012-03-30,1.8916,1.9072,1.8905,1.906,478023552,1.108810472516878
2012-04-05,1.9027,1.9404,1.8883,1.9349,492767936,1.108810472516878
2012-04-06,1.9315,1.9415,1.926,1.9393,265376864,1.108810472516878
2012-04-09,1.9293,1.936,1.9194,1.9238,174309568,1.108810472516878
2012-04-10,1.9205,1.9382,1.9027,1.9371,287347200,1.108810472516878
2012-04-11,1.9194,1.9504,1.9194,1.9349,247499888,1.108810472516878
2012-04-12,1.9371,1.9781,1.9327,1.977,388494528,1.108810472516878
2012-04-13,1.9781,1.9925,1.9726,1.9837,435528640,1.108810472516878
2012-04-16,1.9737,1.9837,1.967,1.9737,291685600,1.108810472516878
2012-04-17,1.9726,1.9781,1.9493,1.9515,291226912,1.108810472516878
2012-04-18,1.9548,1.997,1.9548,1.9959,339103616,1.108810472516878
2012-04-19,1.9925,2.0036,1.9903,1.9948,203752928,1.108810472516878
2012-04-20,1.9925,2.0258,1.9903,2.0247,374099232,1.108810472516878
2012-04-23,2.0236,2.028,2.0047,2.0092,247563168,1.108810472516878
2012-04-24,2.0047,2.0446,1.9859,2.0169,704576512,1.108810472516878
2012-04-25,2.0158,2.0313,2.0081,2.0269,401681696,1.108810472516878
2012-04-26,2.0336,2.0413,2.0214,2.0324,277417664,1.108810472516878
2012-04-27,2.0336,2.0413,2.0302,2.0347,303058368,1.108810472516878
2012-05-02,2.0591,2.0901,2.048,2.0812,520701504,1.108810472516878
2012-05-03,2.0768,2.0835,2.0701,2.0812,327091776,1.108810472516878
2012-05-04,2.0812,2.0912,2.0657,2.0912,362669664,1.108810472516878
2012-05-07,2.0846,2.0868,2.0713,2.0812,374875328,1.108810472516878
2012-05-08,2.0801,2.0835,2.0591,2.0757,462467328,1.108810472516878
2012-05-09,2.0613,2.0613,2.0413,2.0424,344484000,1.108810472516878
2012-05-10,2.0413,2.048,2.0369,2.0413,247436256,1.108810472516878
2012-05-11,2.0402,2.0491,2.028,2.028,310150368,1.108810472516878
2012-05-14,2.038,2.0424,2.0069,2.0114,403672896,1.108810472516878
2012-05-15,1.9992,2.0114,1.9959,2.0081,265914656,1.108810472516878
2012-05-16,2.0103,2.0103,1.9791,1.9802,299784096,1.115586536515592
2012-05-17,1.9835,2.0159,1.9813,2.0114,306048672,1.115586536515592
2012-05-18,1.998,2.0014,1.9802,1.9835,207868976,1.115586536515592
2012-05-21,1.9869,2.0058,1.9791,1.9924,241233200,1.115586536515592
2012-05-22,2.0002,2.0237,1.9991,2.0226,312658976,1.115586536515592
2012-05-23,2.0181,2.0281,2.0014,2.0114,185309072,1.115586536515592
2012-05-24,2.0103,2.0237,1.9913,2.0002,257350656,1.115586536515592
2012-05-25,2.0002,2.0047,1.9779,1.9824,280919232,1.115586536515592
2012-05-28,1.9746,2.0125,1.9712,2.0114,324467584,1.115586536515592
2012-05-29,2.0103,2.0426,2.0069,2.0404,386117120,1.115586536515592
2012-05-30,2.0371,2.0382,2.0237,2.027,177603680,1.115586536515592
2012-05-31,2.0226,2.0281,2.0125,2.017,157433072,1.115586536515592
2012-06-01,2.0181,2.0359,2.0159,2.0214,170054704,1.115586536515592
2012-06-04,2.0058,2.0069,1.969,1.9712,329336320,1.115586536515592
2012-06-05,1.9746,1.9813,1.9657,1.9712,197687968,1.115586536515592
2012-06-06,1.9746,1.988,1.9735,1.9768,133781736,1.115586536515592
2012-06-07,1.998,1.9991,1.9657,1.9701,245137296,1.115586536515592
2012-06-08,1.9802,1.9813,1.95,1.9512,237818976,1.115586536515592
2012-06-11,1.9567,1.9813,1.9556,1.9724,260224368,1.115586536515592
2012-06-12,1.9679,1.9724,1.9523,1.9601,191732560,1.115586536515592
2012-06-13,1.9657,1.9936,1.9634,1.9891,188658112,1.115586536515592
2012-06-14,1.9846,1.9936,1.9757,1.9779,130068528,1.115586536515592
2012-06-15,1.9835,2.0002,1.9757,1.9969,260680160,1.115586536515592
2012-06-18,2.0103,2.0125,1.9969,1.998,131796408,1.115586536515592
2012-06-19,1.9958,2.0002,1.9857,1.9891,106794288,1.115586536515592
2012-06-20,1.9913,2.0036,1.9891,1.9924,105093776,1.115586536515592
2012-06-21,1.9891,1.9891,1.9534,1.9601,225488624,1.115586536515592
2012-06-25,1.9545,1.9567,1.9188,1.9222,263831344,1.115586536515592
2012-06-26,1.9143,1.9367,1.9143,1.9288,250833904,1.115586536515592
2012-06-27,1.9288,1.9411,1.9199,1.9222,356360832,1.115586536515592
2012-06-28,1.9277,1.93,1.9099,1.911,137936928,1.115586536515592
2012-06-29,1.9054,1.9389,1.9032,1.9355,226471344,1.115586536515592
2012-07-02,1.9445,1.9467,1.9244,1.9322,147367088,1.115586536515592
2012-07-03,1.9333,1.9534,1.93,1.9378,195811984,1.115586536515592
2012-07-04,1.9422,1.9512,1.9344,1.9389,142293088,1.115586536515592
2012-07-05,1.9355,1.9355,1.9177,1.9233,164060208,1.115586536515592
2012-07-06,1.9244,1.9489,1.911,1.9422,239982912,1.115586536515592
2012-07-09,1.9322,1.9378,1.8943,1.8954,261572544,1.115586536515592
2012-07-10,1.8965,1.9065,1.8887,1.8932,182405088,1.115586536515592
2012-07-11,1.8932,1.9032,1.8876,1.8998,181913760,1.115586536515592
2012-07-12,1.8965,1.921,1.8798,1.9099,316302912,1.115586536515592
2012-07-13,1.9065,1.93,1.9043,1.9143,229873744,1.115586536515592
2012-07-16,1.9166,1.9188,1.8876,1.8887,247364272,1.115586536515592
2012-07-17,1.8853,1.9043,1.8842,1.8976,167045040,1.115586536515592
2012-07-18,1.8932,1.901,1.8686,1.892,196293744,1.115586536515592
2012-07-19,1.8887,1.9199,1.8876,1.9032,249674048,1.115586536515592
2012-07-20,1.9032,1.9032,1.8853,1.8887,170379120,1.115586536515592
2012-07-23,1.8775,1.8775,1.8519,1.8563,204295168,1.115586536515592
2012-07-24,1.8519,1.8708,1.8496,1.8586,170460240,1.115586536515592
2012-07-25,1.853,1.8675,1.8519,1.8541,203440208,1.115586536515592
2012-07-26,1.8563,1.8686,1.8496,1.8519,233288592,1.115586536515592
2012-07-27,1.8563,1.8686,1.8519,1.8597,257509440,1.115586536515592
2012-07-30,1.8608,1.8731,1.8541,1.8563,182705456,1.115586536515592
2012-07-31,1.8575,1.872,1.8552,1.863,185841936,1.115586536515592
2012-08-01,1.8641,1.8786,1.863,1.8731,239407696,1.115586536515592
2012-08-02,1.8697,1.8764,1.8575,1.8664,147609104,1.115586536515592
2012-08-03,1.8664,1.8731,1.8586,1.872,159622320,1.115586536515592
2012-08-06,1.8686,1.892,1.8653,1.8876,203953440,1.115586536515592
2012-08-07,1.8887,1.8943,1.8842,1.8876,169114672,1.115586536515592
2012-08-08,1.8909,1.9043,1.8898,1.8943,238321664,1.115586536515592
2012-08-09,1.8954,1.9054,1.8853,1.9054,184373056,1.115586536515592
2012-08-10,1.9043,1.911,1.8976,1.8987,113624000,1.115586536515592
2012-08-13,1.8965,1.8965,1.8619,1.8641,248091936,1.115586536515592
2012-08-14,1.8619,1.8675,1.8452,1.8597,209818960,1.115586536515592
2012-08-15,1.8586,1.8586,1.8329,1.8363,183918000,1.115586536515592
2012-08-16,1.834,1.8407,1.8296,1.8329,133710680,1.115586536515592
2012-08-17,1.8307,1.8363,1.8206,1.8329,176587648,1.115586536515592
2012-08-20,1.8206,1.824,1.8073,1.8184,137542416,1.115586536515592
2012-08-21,1.8206,1.8374,1.8173,1.8229,191265632,1.115586536515592
2012-08-22,1.8262,1.8262,1.8084,1.8128,100297776,1.115586536515592
2012-08-23,1.8151,1.8273,1.8117,1.8206,143122800,1.115586536515592
2012-08-24,1.8173,1.8218,1.8117,1.8128,102287512,1.115586536515592
2012-08-27,1.8095,1.8095,1.7738,1.7771,223296080,1.115586536515592
2012-08-28,1.7794,1.8028,1.7727,1.7905,230333792,1.115586536515592
2012-08-29,1.7838,1.7905,1.7727,1.7738,130572464,1.115586536515592
2012-08-30,1.7671,1.7838,1.7626,1.776,214558832,1.115586536515592
2012-08-31,1.7716,1.7849,1.7704,1.776,138323984,1.115586536515592
2012-09-03,1.7727,1.7894,1.7671,1.7816,176536224,1.115586536515592
2012-09-04,1.7861,1.7883,1.7637,1.7671,110375056,1.115586536515592
2012-09-05,1.7649,1.7671,1.7481,1.7548,149473408,1.115586536515592
2012-09-06,1.7559,1.7727,1.7559,1.7704,167727872,1.115586536515592
2012-09-07,1.7827,1.8664,1.7805,1.853,646864640,1.115586536515592
2012-09-10,1.8541,1.8597,1.8452,1.8519,278186848,1.115586536515592
2012-09-11,1.8418,1.8418,1.8218,1.8374,228296576,1.115586536515592
2012-09-12,1.8463,1.8541,1.8251,1.8385,235380592,1.115586536515592
2012-09-13,1.8351,1.8407,1.8262,1.8262,205598752,1.115586536515592
2012-09-14,1.8452,1.8563,1.8318,1.8429,341713184,1.115586536515592
2012-09-17,1.8385,1.8452,1.8095,1.8106,251109024,1.115586536515592
2012-09-18,1.8017,1.8028,1.7838,1.7905,219576640,1.115586536515592
2012-09-19,1.7894,1.795,1.7827,1.7916,164887312,1.115586536515592
2012-09-20,1.7883,1.7883,1.7582,1.7626,198411136,1.115586536515592
2012-09-21,1.7582,1.7782,1.7548,1.7671,178404624,1.115586536515592
2012-09-24,1.7548,1.7838,1.7481,1.7738,223307936,1.115586536515592
2012-09-25,1.7693,1.7838,1.7671,1.7749,155431680,1.115586536515592
2012-09-26,1.7738,1.7838,1.757,1.7615,163989856,1.115586536515592
2012-09-27,1.7626,1.8965,1.7626,1.8084,661259648,1.115586536515592
2012-09-28,1.8017,1.8463,1.7983,1.8429,475822272,1.115586536515592
2012-10-08,1.8407,1.8519,1.8139,1.824,172735616,1.115586536515592
2012-10-09,1.8329,1.8675,1.8329,1.8586,404837536,1.115586536515592
2012-10-10,1.8563,1.8575,1.8441,1.8552,179997680,1.115586536515592
2012-10-11,1.8519,1.8552,1.8396,1.8463,168187792,1.115586536515592
2012-10-12,1.8519,1.8675,1.8351,1.8463,239643584,1.115586536515592
2012-10-15,1.8519,1.8519,1.834,1.8407,139261760,1.115586536515592
2012-10-16,1.8407,1.8552,1.8363,1.8418,199481440,1.115586536515592
2012-10-17,1.8508,1.8552,1.8329,1.8474,207680752,1.115586536515592
2012-10-18,1.8519,1.8764,1.8485,1.872,409180480,1.115586536515592
2012-10-19,1.8697,1.8764,1.8675,1.8708,224228912,1.115586536515592
2012-10-22,1.8664,1.8842,1.8575,1.8775,217698080,1.115586536515592
2012-10-23,1.8764,1.8786,1.8563,1.8586,175348880,1.115586536515592
2012-10-24,1.8519,1.8641,1.8508,1.8552,175399600,1.115586536515592
2012-10-25,1.8563,1.863,1.8396,1.8418,189013792,1.115586536515592
2012-10-26,1.8441,1.8452,1.7994,1.8061,212475744,1.115586536515592
2012-10-29,1.8039,1.8073,1.7872,1.7927,149758368,1.115586536515592
2012-10-30,1.795,1.8117,1.7894,1.7972,171673296,1.115586536515592
2012-10-31,1.8006,1.8139,1.795,1.8128,145192368,1.115586536515592
2012-11-01,1.8139,1.8563,1.8139,1.8463,208036192,1.115586536515592
2012-11-02,1.8463,1.8586,1.8363,1.8563,215089648,1.115586536515592
2012-11-05,1.8519,1.8664,1.8441,1.8519,148605296,1.115586536515592
2012-11-06,1.853,1.8563,1.8218,1.8463,155878416,1.115586536515592
2012-11-07,1.8418,1.8563,1.8351,1.8463,142656368,1.115586536515592
2012-11-08,1.8329,1.8363,1.8162,1.8173,163446256,1.115586536515592
2012-11-09,1.8117,1.824,1.8117,1.8151,120018592,1.115586536515592
2012-11-12,1.8195,1.8262,1.8117,1.8251,119879504,1.115586536515592
2012-11-13,1.8285,1.8285,1.7954,1.8,167728176,1.1414006089677975
2012-11-14,1.7988,1.8125,1.792,1.8068,369150304,1.1414006089677975
2012-11-15,1.7988,1.8023,1.784,1.7852,146987584,1.1414006089677975
2012-11-16,1.7829,1.7829,1.7623,1.7692,162063296,1.1414006089677975
2012-11-19,1.7692,1.7692,1.7498,1.7669,190498608,1.1414006089677975
2012-11-20,1.7726,1.7749,1.7566,1.7578,137419184,1.1414006089677975
2012-11-21,1.7589,1.7829,1.752,1.7817,240515888,1.1414006089677975
2012-11-22,1.7715,1.7772,1.7635,1.776,204036192,1.1414006089677975
2012-11-23,1.7806,1.7966,1.7737,1.7874,232090480,1.1414006089677975
2012-11-26,1.7863,1.7897,1.776,1.7829,145629120,1.1414006089677975
2012-11-27,1.7772,1.7829,1.7703,1.7726,113823320,1.1414006089677975
2012-11-28,1.7669,1.768,1.7566,1.76,179813504,1.1414006089677975
2012-11-29,1.7612,1.7669,1.752,1.7532,151697632,1.1414006089677975
2012-11-30,1.752,1.7646,1.7463,1.7623,185480112,1.1414006089677975
2012-12-03,1.7612,1.7749,1.7475,1.7498,147299408,1.1414006089677975
2012-12-04,1.7463,1.7669,1.7441,1.7657,210537632,1.1414006089677975
2012-12-05,1.7635,1.8331,1.7612,1.8251,467337632,1.1414006089677975
2012-12-06,1.8262,1.8331,1.816,1.8251,271522400,1.1414006089677975
2012-12-07,1.8262,1.8685,1.824,1.8639,427573344,1.1414006089677975
2012-12-10,1.8685,1.8913,1.8685,1.8833,549528128,1.1414006089677975
2012-12-11,1.8765,1.8902,1.873,1.8765,184954592,1.1414006089677975
2012-12-12,1.8787,1.8913,1.873,1.8913,299627712,1.1414006089677975
2012-12-13,1.8833,1.8856,1.8685,1.8696,268665216,1.1414006089677975
2012-12-14,1.8696,1.9723,1.8696,1.9689,650868416,1.1414006089677975
2012-12-17,1.9735,1.994,1.9735,1.9815,518274976,1.1414006089677975
2012-12-18,1.9769,2.0146,1.9701,1.9872,490037056,1.1414006089677975
2012-12-19,1.9838,2.0032,1.9803,1.986,320301824,1.1414006089677975
2012-12-20,1.9803,2.0032,1.9689,1.9952,347705856,1.1414006089677975
2012-12-21,1.9986,2.018,1.9792,1.9803,327079712,1.1414006089677975
2012-12-24,1.978,2.0066,1.9769,1.994,299159456,1.1414006089677975
2012-12-25,1.9838,2.0625,1.9792,2.0465,589046016,1.1414006089677975
2012-12-26,2.0465,2.0591,2.0442,2.0534,301051200,1.1414006089677975
2012-12-27,2.0648,2.0705,2.0374,2.0385,354944832,1.1414006089677975
2012-12-28,2.0374,2.0739,2.0363,2.0705,361336352,1.1414006089677975
2012-12-31,2.0762,2.1173,2.0762,2.1162,366313920,1.1414006089677975
2013-01-04,2.1458,2.1641,2.1082,2.131,579336896,1.1414006089677975
2013-01-07,2.1207,2.1527,2.115,2.1413,316759872,1.1414006089677975
2013-01-08,2.1401,2.1436,2.1036,2.115,326119584,1.1414006089677975
2013-01-09,2.1093,2.1207,2.0945,2.1093,263674512,1.1414006089677975
2013-01-10,2.1093,2.1356,2.099,2.1104,266849136,1.1414006089677975
2013-01-11,2.1127,2.1219,2.0648,2.0739,367867040,1.1414006089677975
2013-01-14,2.0659,2.1618,2.0625,2.1527,766294016,1.1414006089677975
2013-01-15,2.1527,2.1709,2.1481,2.1607,421744640,1.1414006089677975
2013-01-16,2.1607,2.1607,2.1059,2.1356,349744928,1.1414006089677975
2013-01-17,2.1344,2.1356,2.1002,2.1139,366064128,1.1414006089677975
2013-01-18,2.1241,2.1607,2.1116,2.1481,352137152,1.1414006089677975
2013-01-21,2.1515,2.1607,2.1241,2.1595,453156512,1.1414006089677975
2013-01-22,2.1572,2.1812,2.139,2.1607,313002496,1.1414006089677975
2013-01-23,2.1561,2.1744,2.1481,2.1698,332256192,1.1414006089677975
2013-01-24,2.1721,2.2326,2.1481,2.163,617696960,1.1414006089677975
2013-01-25,2.163,2.1687,2.1413,2.1515,284411232,1.1414006089677975
2013-01-28,2.1527,2.2246,2.1527,2.2246,491206176,1.1414006089677975
2013-01-29,2.2257,2.2668,2.22,2.2543,460017152,1.1414006089677975
2013-01-30,2.26,2.2657,2.2406,2.2611,289710496,1.1414006089677975
2013-01-31,2.2634,2.2725,2.2508,2.268,370728192,1.1414006089677975
2013-02-01,2.2577,2.341,2.2543,2.3376,519887040,1.1414006089677975
2013-02-04,2.3479,2.373,2.3342,2.3456,721273728,1.1414006089677975
2013-02-05,2.3342,2.3627,2.317,2.3501,429702176,1.1414006089677975
2013-02-06,2.349,2.3855,2.349,2.365,269246208,1.1414006089677975
2013-02-07,2.3627,2.365,2.2919,2.3353,448704224,1.1414006089677975
2013-02-08,2.3399,2.3433,2.3033,2.3228,363986400,1.1414006089677975
2013-02-18,2.3342,2.3376,2.2942,2.2954,416907072,1.1414006089677975
2013-02-19,2.2896,2.2988,2.2474,2.2577,346584672,1.1414006089677975
2013-02-20,2.2554,2.26,2.2177,2.252,441176448,1.1414006089677975
2013-02-21,2.2292,2.2292,2.1378,2.1607,859029248,1.1414006089677975
2013-02-22,2.1595,2.1675,2.1401,2.1458,268402320,1.1414006089677975
2013-02-25,2.1538,2.1824,2.1424,2.155,233213600,1.1414006089677975
2013-02-26,2.1458,2.1869,2.1241,2.1253,519612640,1.1414006089677975
2013-02-27,2.1344,2.1744,2.1333,2.1515,490896544,1.1414006089677975
2013-02-28,2.1744,2.2314,2.1504,2.228,615553472,1.1414006089677975
2013-03-01,2.2292,2.2371,2.1824,2.2189,426992448,1.1414006089677975
2013-03-04,2.1801,2.1915,2.0888,2.1013,711679104,1.1414006089677975
2013-03-05,2.1059,2.1858,2.1025,2.1835,785528512,1.1414006089677975
2013-03-06,2.1972,2.2166,2.1732,2.2052,462343520,1.1414006089677975
2013-03-07,2.1949,2.2086,2.1458,2.1675,506437376,1.1414006089677975
2013-03-08,2.1767,2.1869,2.1572,2.1687,308447040,1.1414006089677975
2013-03-11,2.1584,2.1664,2.131,2.1447,264033744,1.1414006089677975
2013-03-12,2.1413,2.1641,2.0956,2.115,410352192,1.1414006089677975
2013-03-13,2.107,2.1219,2.0865,2.0933,313544640,1.1414006089677975
2013-03-14,2.0899,2.1116,2.0785,2.099,251266592,1.1414006089677975
2013-03-15,2.099,2.1607,2.0739,2.1059,577225664,1.1414006089677975
2013-03-18,2.0945,2.1025,2.0682,2.0682,366668672,1.1414006089677975
2013-03-19,2.0705,2.0979,2.0625,2.0888,403770400,1.1414006089677975
2013-03-20,2.0899,2.1732,2.0899,2.1721,921103744,1.1414006089677975
2013-03-21,2.1755,2.1812,2.1584,2.1698,306476160,1.1414006089677975
2013-03-22,2.1721,2.1824,2.1607,2.1721,241401200,1.1414006089677975
2013-03-25,2.1801,2.1995,2.1641,2.1698,318119808,1.1414006089677975
2013-03-26,2.1618,2.1618,2.115,2.123,326954688,1.1414006089677975
2013-03-27,2.1264,2.1584,2.115,2.1287,349939424,1.1414006089677975
2013-03-28,2.0933,2.0933,2.0203,2.0408,590067008,1.1414006089677975
2013-03-29,2.0454,2.0522,2.026,2.0408,346033152,1.1414006089677975
2013-04-01,2.0363,2.0511,2.0283,2.0351,358335200,1.1414006089677975
2013-04-02,2.0363,2.0602,2.0237,2.0385,399181376,1.1414006089677975
2013-04-03,2.0431,2.0625,2.0317,2.0408,368405184,1.1414006089677975
2013-04-08,2.0123,2.0294,1.9975,2.0203,409020576,1.1414006089677975
2013-04-09,2.026,2.0557,2.026,2.0397,441426464,1.1414006089677975
2013-04-10,2.0397,2.0465,2.0271,2.0408,267597664,1.1414006089677975
2013-04-11,2.0591,2.0648,2.0374,2.0397,227564672,1.1414006089677975
2013-04-12,2.0385,2.0477,2.0248,2.0271,199370000,1.1414006089677975
2013-04-15,2.0237,2.0294,2.0043,2.0111,336939520,1.1414006089677975
2013-04-16,1.9997,2.0226,1.9883,2.0203,443502848,1.1414006089677975
2013-04-17,2.018,2.0237,1.9952,2.01,263960304,1.1414006089677975
2013-04-18,1.9975,2.0248,1.9883,2.0157,402712896,1.1414006089677975
2013-04-19,2.0237,2.0945,2.0226,2.0842,734144256,1.1414006089677975
2013-04-22,2.0831,2.0876,2.0728,2.0808,341663808,1.1414006089677975
2013-04-23,2.0842,2.0842,2.01,2.0123,528989984,1.1414006089677975
2013-04-24,2.0146,2.0637,2.0054,2.0431,632942464,1.1414006089677975
2013-04-25,2.0374,2.0545,2.0111,2.0283,521981440,1.1414006089677975
2013-04-26,2.0351,2.0488,2.0054,2.0146,376026336,1.1414006089677975
2013-05-02,2.0089,2.0157,1.9929,2.0146,269206688,1.1414006089677975
2013-05-03,2.0214,2.0773,2.0191,2.05,592478336,1.1414006089677975
2013-05-06,2.0557,2.0842,2.0557,2.0694,437882208,1.1414006089677975
2013-05-07,2.0671,2.0808,2.0545,2.0739,319769248,1.1414006089677975
2013-05-08,2.0842,2.1059,2.0728,2.0796,431044096,1.1414006089677975
2013-05-09,2.0785,2.0842,2.0454,2.0637,288317024,1.1414006089677975
2013-05-10,2.0545,2.0808,2.0534,2.0762,344087328,1.1414006089677975
2013-05-13,2.0785,2.0808,2.0545,2.0648,258189936,1.1414006089677975
2013-05-14,2.0602,2.0637,2.0214,2.0374,309174688,1.1414006089677975
2013-05-15,2.0385,2.0465,2.0306,2.0385,213979824,1.1414006089677975
2013-05-16,2.0317,2.0773,2.0214,2.0762,527516672,1.1414006089677975
2013-05-17,2.0762,2.1104,2.0659,2.1036,470439136,1.1414006089677975
2013-05-20,2.1047,2.1424,2.1036,2.1241,481229696,1.1414006089677975
2013-05-21,2.1207,2.1264,2.1025,2.1139,336900064,1.1414006089677975
2013-05-22,2.1127,2.1241,2.107,2.1184,274668896,1.1414006089677975
2013-05-23,2.107,2.1173,2.0796,2.0808,398965120,1.1414006089677975
2013-05-24,2.0899,2.107,2.0694,2.0876,356987488,1.1414006089677975
2013-05-27,2.0853,2.0979,2.0773,2.0831,241848160,1.1414006089677975
2013-05-28,2.0853,2.1367,2.0751,2.1356,528325440,1.1414006089677975
2013-05-29,2.1367,2.1481,2.1219,2.1241,425691936,1.1414006089677975
2013-05-30,2.1184,2.1299,2.1116,2.1173,313020576,1.1414006089677975
2013-05-31,2.1207,2.1299,2.0956,2.1002,359835616,1.1414006089677975
2013-06-03,2.1036,2.1253,2.1013,2.1047,348559136,1.1414006089677975
2013-06-04,2.1025,2.1059,2.0785,2.0842,467590880,1.1414006089677975
2013-06-05,2.0853,2.0865,2.0648,2.0694,233314096,1.1414006089677975
2013-06-06,2.0671,2.0705,2.0442,2.0477,314798752,1.1414006089677975
2013-06-07,2.05,2.0579,2.0123,2.0203,351914336,1.1414006089677975
2013-06-13,1.9963,1.9963,1.9415,1.9689,1336375168,1.1414006089677975
2013-06-14,1.9689,1.9735,1.9541,1.9701,790863552,1.1414006089677975
2013-06-17,1.9735,1.9769,1.9507,1.9529,267397056,1.1414006089677975
2013-06-18,1.9632,1.9746,1.9461,1.9655,332266496,1.1414006089677975
2013-06-19,1.9575,1.9586,1.9267,1.9484,373672544,1.1414006089677975
2013-06-20,1.9404,1.9404,1.8833,1.8867,341341408,1.1414006089677975
2013-06-21,1.8605,1.9004,1.8514,1.8833,466807456,1.1414006089677975
2013-06-24,1.8776,1.8776,1.7589,1.7635,697035776,1.1414006089677975
2013-06-25,1.7486,1.7726,1.6436,1.7692,1889323648,1.1414006089677975
2013-06-26,1.7703,1.7715,1.7235,1.7452,554486976,1.1414006089677975
2013-06-27,1.7532,1.776,1.7418,1.752,487451008,1.1414006089677975
2013-06-28,1.752,1.8171,1.7326,1.8034,511965120,1.1414006089677975
2013-07-01,1.7874,1.8011,1.7726,1.7977,286853920,1.1414006089677975
2013-07-02,1.8068,1.808,1.7692,1.7897,349604608,1.1414006089677975
2013-07-03,1.7806,1.7817,1.7498,1.7737,325011744,1.1414006089677975
2013-07-04,1.7635,1.8068,1.7543,1.7874,429749312,1.1414006089677975
2013-07-05,1.7954,1.816,1.792,1.7966,351375392,1.1414006089677975
2013-07-08,1.7794,1.7874,1.752,1.7635,489533472,1.1414006089677975
2013-07-09,1.7635,1.7692,1.7509,1.7589,276205184,1.1414006089677975
2013-07-10,1.7589,1.8091,1.7555,1.808,422370304,1.1414006089677975
2013-07-11,1.8205,1.9472,1.8205,1.9221,918225664,1.1414006089677975
2013-07-12,1.9153,1.9176,1.8548,1.8628,476862784,1.1414006089677975
2013-07-15,1.873,1.9153,1.8559,1.881,593200320,1.1414006089677975
2013-07-16,1.8742,1.8822,1.8502,1.881,329538784,1.1414006089677975
2013-07-17,1.8776,1.8924,1.8559,1.8571,430871584,1.1414006089677975
2013-07-18,1.8491,1.8571,1.816,1.8183,295937024,1.1414006089677975
2013-07-19,1.8228,1.8285,1.7692,1.7749,339498272,1.1414006089677975
2013-07-22,1.752,1.7806,1.7498,1.7772,299355936,1.1414006089677975
2013-07-23,1.7863,1.8468,1.7794,1.8262,805001984,1.1414006089677975
2013-07-24,1.8148,1.8228,1.7772,1.8034,371043872,1.1414006089677975
2013-07-25,1.8068,1.824,1.7909,1.8023,423201056,1.1414006089677975
2013-07-26,1.7863,1.8011,1.7806,1.792,295103776,1.1414006089677975
2013-07-29,1.776,1.776,1.7429,1.7486,274565344,1.1414006089677975
2013-07-30,1.7532,1.7977,1.7498,1.768,429509856,1.1414006089677975
2013-07-31,1.7863,1.8103,1.7669,1.7703,316711200,1.1414006089677975
2013-08-01,1.7817,1.8205,1.7783,1.8125,532685216,1.1414006089677975
2013-08-02,1.8262,1.8377,1.8057,1.8103,386414144,1.1414006089677975
2013-08-05,1.8137,1.8308,1.8046,1.8297,286497472,1.1414006089677975
2013-08-06,1.8217,1.8445,1.8046,1.8319,353431712,1.1414006089677975
2013-08-07,1.8297,1.8548,1.8217,1.824,442317568,1.1414006089677975
2013-08-08,1.8217,1.8411,1.8114,1.8205,340268352,1.1414006089677975
2013-08-09,1.8331,1.8411,1.8046,1.8308,426369280,1.1414006089677975
2013-08-12,1.8434,1.9004,1.8365,1.8981,824187392,1.1414006089677975
2013-08-13,1.8981,1.9107,1.889,1.9061,400242880,1.1414006089677975
2013-08-14,1.9096,1.937,1.8924,1.8981,494393088,1.1414006089677975
2013-08-15,1.9096,1.913,1.8753,1.8787,312604768,1.1414006089677975
2013-08-16,1.873,2.0009,1.8514,1.8787,1763768320,1.1414006089677975
2013-08-19,1.8593,1.905,1.8514,1.8913,495134208,1.1414006089677975
2013-08-20,1.8902,1.9176,1.8708,1.8787,445145856,1.1414006089677975
2013-08-21,1.881,1.8913,1.8548,1.8708,330394112,1.1414006089677975
2013-08-22,1.8662,1.8936,1.8616,1.865,430275616,1.1414006089677975
2013-08-23,1.8753,1.8833,1.8171,1.8468,463913408,1.1414006089677975
2013-08-26,1.8536,1.8913,1.8434,1.889,567156480,1.1414006089677975
2013-08-27,1.8856,1.8959,1.8719,1.8867,362208064,1.1414006089677975
2013-08-28,1.8742,1.8936,1.8548,1.8799,441694592,1.1414006089677975
2013-08-29,1.8924,1.8959,1.8639,1.873,369306720,1.1414006089677975
2013-08-30,1.8696,1.889,1.8571,1.8776,289446016,1.1414006089677975
2013-09-02,1.8833,1.889,1.865,1.881,258289776,1.1414006089677975
2013-09-03,1.8845,1.9073,1.881,1.9039,414691840,1.1414006089677975
2013-09-04,1.9004,1.9107,1.8981,1.9061,272928672,1.1414006089677975
2013-09-05,1.9039,1.9061,1.8947,1.9004,257008384,1.1414006089677975
2013-09-06,1.8959,1.9221,1.8959,1.921,407399168,1.1414006089677975
2013-09-09,1.9381,2.0317,1.9381,2.0226,871313920,1.1414006089677975
2013-09-10,2.0294,2.0545,2.018,2.0534,633844160,1.1414006089677975
2013-09-11,2.0671,2.0842,2.0511,2.0579,740406976,1.1414006089677975
2013-09-12,2.0579,2.1264,2.042,2.0922,768161472,1.1414006089677975
2013-09-13,2.0899,2.0979,2.0625,2.0671,430652064,1.1414006089677975
2013-09-16,2.0762,2.0853,2.0328,2.0511,474411424,1.1414006089677975
2013-09-17,2.0557,2.0614,2.0032,2.0054,445771200,1.1414006089677975
2013-09-18,2.0043,2.0146,1.9815,2.0077,343469856,1.1414006089677975
2013-09-23,2.0146,2.026,2.0009,2.0191,344242880,1.1414006089677975
2013-09-24,2.0191,2.0191,1.9609,1.9758,482185632,1.1414006089677975
2013-09-25,1.9701,1.9906,1.9575,1.9598,318480096,1.1414006089677975
2013-09-26,1.9575,1.9575,1.921,1.9278,572478848,1.1414006089677975
2013-09-27,1.9233,1.9358,1.9176,1.9347,308386144,1.1414006089677975
2013-09-30,1.9427,1.9552,1.929,1.937,284449184,1.1414006089677975
2013-10-08,1.929,1.9655,1.9164,1.9598,367380224,1.1414006089677975
2013-10-09,1.9507,1.9735,1.9449,1.9666,334060160,1.1414006089677975
2013-10-10,1.9689,1.9746,1.9301,1.9335,440737632,1.1414006089677975
2013-10-11,1.9461,1.9723,1.9392,1.9689,545740864,1.1414006089677975
2013-10-14,1.9701,1.9735,1.9552,1.9609,271507520,1.1414006089677975
2013-10-15,1.9621,1.9666,1.9404,1.9518,328359456,1.1414006089677975
2013-10-16,1.9461,1.9484,1.9198,1.9278,364125888,1.1414006089677975
2013-10-17,1.937,1.9404,1.9164,1.9187,346598400,1.1414006089677975
2013-10-18,1.921,1.9438,1.9198,1.9324,258341120,1.1414006089677975
2013-10-21,1.9347,1.9586,1.9198,1.9564,401041376,1.1414006089677975
2013-10-22,1.9529,1.9529,1.9267,1.9335,334651488,1.1414006089677975
2013-10-23,1.9449,1.9666,1.9267,1.9324,584933632,1.1414006089677975
2013-10-24,1.929,1.9347,1.9084,1.9107,439162400,1.1414006089677975
2013-10-25,1.9118,1.9278,1.8879,1.8981,609115456,1.1414006089677975
2013-10-28,1.9016,1.9073,1.889,1.9004,293296352,1.1414006089677975
2013-10-29,1.9039,1.9518,1.8981,1.9244,635549696,1.1414006089677975
2013-10-30,1.9267,1.9495,1.9153,1.9495,651709376,1.1414006089677975
2013-10-31,1.9404,1.9427,1.921,1.9233,341510528,1.1414006089677975
2013-11-01,1.9255,1.9461,1.9187,1.9404,396694112,1.1414006089677975
2013-11-04,1.9484,1.9586,1.9267,1.9324,301441728,1.1414006089677975
2013-11-05,1.921,1.9392,1.9027,1.9255,382480064,1.1414006089677975
2013-11-06,1.9164,1.9221,1.9016,1.905,364274080,1.1414006089677975
2013-11-07,1.905,1.9084,1.8913,1.8993,289719680,1.1414006089677975
2013-11-08,1.8936,1.9039,1.8685,1.8708,455367392,1.1414006089677975
2013-11-11,1.8696,1.8799,1.8616,1.873,268529600,1.1414006089677975
2013-11-12,1.8787,1.8981,1.8787,1.8981,343837856,1.1414006089677975
2013-11-13,1.8845,1.8845,1.8502,1.8502,444156768,1.1414006089677975
2013-11-14,1.8502,1.8582,1.8388,1.8514,366697440,1.1414006089677975
2013-11-15,1.8537,1.9115,1.8537,1.8879,613483328,1.179956525013236
2013-11-18,1.9056,1.9776,1.8974,1.9764,695942272,1.179956525013236
2013-11-19,1.9764,1.9764,1.9505,1.954,414040192,1.179956525013236
2013-11-20,1.9682,1.9764,1.9457,1.9587,426576512,1.179956525013236
2013-11-21,1.9469,1.9469,1.9174,1.9398,466427136,1.179956525013236
2013-11-22,1.9434,1.9481,1.9304,1.9339,402462176,1.179956525013236
2013-11-25,1.9221,1.9528,1.9186,1.9233,504694368,1.179956525013236
2013-11-26,1.9221,1.9328,1.9151,1.9198,347230880,1.179956525013236
2013-11-27,1.9198,1.9528,1.9162,1.9387,464927968,1.179956525013236
2013-11-28,1.9446,1.9776,1.941,1.9575,513417472,1.179956525013236
2013-11-29,1.9646,1.9658,1.9493,1.954,313398048,1.179956525013236
2013-12-02,1.9587,1.9941,1.9481,1.9764,775532928,1.179956525013236
2013-12-03,1.967,1.9847,1.9575,1.9776,461767776,1.179956525013236
2013-12-04,1.9776,2.0154,1.9729,2.0012,542629568,1.179956525013236
2013-12-05,1.9977,2.0036,1.9906,1.9941,338694560,1.179956525013236
2013-12-06,1.987,1.9894,1.967,1.9729,433133024,1.179956525013236
2013-12-09,1.9788,1.9882,1.9623,1.9658,363247232,1.179956525013236
2013-12-10,1.9705,1.9776,1.9611,1.9682,368446752,1.179956525013236
2013-12-11,1.9599,1.9599,1.9233,1.9339,413036864,1.179956525013236
2013-12-12,1.928,1.9339,1.921,1.9221,347785088,1.179956525013236
2013-12-13,1.9092,1.9245,1.9021,1.9198,372347200,1.179956525013236
2013-12-16,1.928,1.9304,1.8891,1.8915,391510976,1.179956525013236
2013-12-17,1.8938,1.8962,1.8797,1.882,403994112,1.179956525013236
2013-12-18,1.8844,1.8962,1.8809,1.8868,381525696,1.179956525013236
2013-12-19,1.8938,1.8974,1.8643,1.8655,443909088,1.179956525013236
2013-12-20,1.8667,1.8691,1.816,1.8207,632084992,1.179956525013236
2013-12-23,1.823,1.8337,1.8053,1.8195,511543584,1.179956525013236
2013-12-24,1.8266,1.8384,1.8053,1.8171,463261728,1.179956525013236
2013-12-25,1.8195,1.8266,1.8101,1.8242,453779968,1.179956525013236
2013-12-26,1.8219,1.823,1.7947,1.8018,435516064,1.179956525013236
2013-12-27,1.8042,1.8407,1.7994,1.8278,443015008,1.179956525013236
2013-12-30,1.8372,1.8384,1.8207,1.8266,394954240,1.179956525013236
2013-12-31,1.823,1.8596,1.8148,1.8537,614116672,1.179956525013236
2014-01-02,1.8478,1.849,1.8313,1.8384,287784768,1.179956525013236
2014-01-03,1.8313,1.8325,1.8065,1.8112,416293344,1.179956525013236
2014-01-06,1.8089,1.8089,1.7699,1.7853,492912384,1.179956525013236
2014-01-07,1.7735,1.7876,1.7688,1.7841,313911840,1.179956525013236
2014-01-08,1.7841,1.8006,1.7735,1.7853,431202592,1.179956525013236
2014-01-09,1.7794,1.7983,1.7711,1.7735,511350624,1.179956525013236
2014-01-10,1.7723,1.7782,1.7617,1.7664,421332192,1.179956525013236
2014-01-13,1.7676,1.7782,1.757,1.7593,640383232,1.179956525013236
2014-01-14,1.7605,1.7723,1.7475,1.764,469859808,1.179956525013236
2014-01-15,1.764,1.764,1.744,1.7546,307782496,1.179956525013236
2014-01-16,1.7546,1.7711,1.7475,1.7581,324563680,1.179956525013236
2014-01-17,1.7522,1.7558,1.7345,1.7381,354405856,1.179956525013236
2014-01-20,1.7381,1.7393,1.7204,1.7286,341205344,1.179956525013236
2014-01-21,1.731,1.7534,1.7298,1.7393,369079232,1.179956525013236
2014-01-22,1.7452,1.7876,1.7416,1.7853,521483872,1.179956525013236
2014-01-23,1.7817,1.7841,1.764,1.7688,289789696,1.179956525013236
2014-01-24,1.7593,1.7865,1.7581,1.7688,404345312,1.179956525013236
2014-01-27,1.7581,1.7605,1.7404,1.744,310891584,1.179956525013236
2014-01-28,1.7463,1.7593,1.7428,1.7534,262287472,1.179956525013236
2014-01-29,1.7581,1.764,1.7546,1.7605,187728768,1.179956525013236
2014-01-30,1.7581,1.7581,1.7404,1.7404,218609648,1.179956525013236
2014-02-07,1.7286,1.7381,1.7216,1.7369,245496896,1.179956525013236
2014-02-10,1.7428,1.7735,1.7428,1.7711,460391264,1.179956525013236
2014-02-11,1.7699,1.8089,1.7652,1.8006,623025664,1.179956525013236
2014-02-12,1.803,1.8112,1.7924,1.7959,401730688,1.179956525013236
2014-02-13,1.7935,1.823,1.7888,1.8018,456395776,1.179956525013236
2014-02-14,1.7983,1.8077,1.7971,1.8053,266987792,1.179956525013236
2014-02-17,1.823,1.8242,1.8006,1.8101,387485312,1.179956525013236
2014-02-18,1.8077,1.8077,1.7711,1.777,515769344,1.179956525013236
2014-02-19,1.7758,1.8171,1.7711,1.8042,663320640,1.179956525013236
2014-02-20,1.8101,1.8337,1.7888,1.7912,623963776,1.179956525013236
2014-02-21,1.7876,1.7947,1.7652,1.7723,328483520,1.179956525013236
2014-02-24,1.7558,1.7558,1.7204,1.731,468732576,1.179956525013236
2014-02-25,1.731,1.7393,1.6944,1.6991,458014464,1.179956525013236
2014-02-26,1.6897,1.7062,1.6862,1.6991,387057248,1.179956525013236
2014-02-27,1.7039,1.7227,1.6909,1.7121,455763264,1.179956525013236
2014-02-28,1.7098,1.7286,1.6897,1.7239,464017920,1.179956525013236
2014-03-03,1.7204,1.7286,1.7109,1.7204,319773664,1.179956525013236
2014-03-04,1.7145,1.7286,1.7074,1.7216,332570240,1.179956525013236
2014-03-05,1.7251,1.7275,1.7039,1.7039,254666912,1.179956525013236
2014-03-06,1.7027,1.7263,1.6921,1.718,421893824,1.179956525013236
2014-03-07,1.7168,1.7345,1.7098,1.7133,319640320,1.179956525013236
2014-03-10,1.7027,1.7039,1.659,1.6614,432830976,1.179956525013236
2014-03-11,1.6614,1.6767,1.6543,1.6637,433139680,1.179956525013236
2014-03-12,1.6602,1.685,1.6543,1.6685,419262848,1.179956525013236
2014-03-13,1.6814,1.7098,1.6732,1.6921,457767200,1.179956525013236
2014-03-14,1.6862,1.6944,1.6708,1.6779,196209440,1.179956525013236
2014-03-17,1.6909,1.6956,1.6779,1.6921,250946208,1.179956525013236
2014-03-18,1.6921,1.6956,1.6803,1.6814,245516576,1.179956525013236
2014-03-19,1.6791,1.6791,1.659,1.6744,331866208,1.179956525013236
2014-03-20,1.6661,1.6921,1.6602,1.6614,379443744,1.179956525013236
2014-03-21,1.659,1.7322,1.6555,1.7263,825467904,1.179956525013236
2014-03-24,1.7298,1.7522,1.7227,1.7416,641134144,1.179956525013236
2014-03-25,1.7345,1.7487,1.7263,1.7286,383350592,1.179956525013236
2014-03-26,1.7369,1.7428,1.7227,1.7263,323369504,1.179956525013236
2014-03-27,1.7227,1.7522,1.7109,1.7275,546016256,1.179956525013236
2014-03-28,1.7275,1.7475,1.7251,1.7357,564255680,1.179956525013236
2014-03-31,1.7404,1.7416,1.7157,1.7275,364409952,1.179956525013236
2014-04-01,1.7275,1.7452,1.7216,1.7334,446023936,1.179956525013236
2014-04-02,1.7357,1.7593,1.7345,1.7558,619125376,1.179956525013236
2014-04-03,1.764,1.7723,1.7404,1.7404,557376832,1.179956525013236
2014-04-04,1.7381,1.757,1.7298,1.7558,491083360,1.179956525013236
2014-04-08,1.7522,1.8171,1.7522,1.8077,863753792,1.179956525013236
2014-04-09,1.8101,1.8124,1.7983,1.803,399524192,1.179956525013236
2014-04-10,1.8042,1.8702,1.7924,1.849,876352832,1.179956525013236
2014-04-11,1.849,1.8549,1.8301,1.8419,584037248,1.179956525013236
2014-04-14,1.8407,1.8466,1.823,1.8313,403141728,1.179956525013236
2014-04-15,1.8266,1.8266,1.79,1.7959,501375840,1.179956525013236
2014-04-16,1.7888,1.8101,1.7841,1.7959,432877728,1.179956525013236
2014-04-17,1.8042,1.8053,1.7853,1.7888,327915712,1.179956525013236
2014-04-18,1.7817,1.7947,1.7688,1.7876,468765120,1.179956525013236
2014-04-21,1.7747,1.7971,1.7558,1.757,450441312,1.179956525013236
2014-04-22,1.7558,1.7794,1.7522,1.7758,486762656,1.179956525013236
2014-04-23,1.7699,1.7853,1.7676,1.7758,387478240,1.179956525013236
2014-04-24,1.7747,1.7947,1.7699,1.7806,363321376,1.179956525013236
2014-04-25,1.7853,1.7924,1.7688,1.7699,397264704,1.179956525013236
2014-04-28,1.7676,1.7711,1.7463,1.7499,376856384,1.179956525013236
2014-04-29,1.7499,1.764,1.7428,1.7617,475628320,1.179956525013236
2014-04-30,1.7605,1.764,1.7546,1.7605,282706592,1.179956525013236
2014-05-05,1.757,1.7581,1.7357,1.7499,320350624,1.179956525013236
2014-05-06,1.7452,1.764,1.744,1.7475,353322528,1.179956525013236
2014-05-07,1.744,1.7475,1.7357,1.7381,315653664,1.179956525013236
2014-05-08,1.7357,1.7652,1.7334,1.7416,525161984,1.179956525013236
2014-05-09,1.7452,1.7475,1.7357,1.7416,411218304,1.179956525013236
2014-05-12,1.7546,1.7782,1.744,1.7735,632071360,1.179956525013236
2014-05-13,1.7723,1.7758,1.764,1.7652,288566240,1.179956525013236
2014-05-14,1.7664,1.777,1.764,1.7676,243800544,1.179956525013236
2014-05-15,1.7664,1.7676,1.7511,1.7511,317292128,1.179956525013236
2014-05-16,1.7511,1.757,1.744,1.7475,289055552,1.179956525013236
2014-05-19,1.7428,1.7428,1.7121,1.7192,404180192,1.179956525013236
2014-05-20,1.7251,1.7286,1.7145,1.7168,262512560,1.179956525013236
2014-05-21,1.7145,1.7357,1.7027,1.7334,380416864,1.179956525013236
2014-05-22,1.7322,1.7581,1.7286,1.7298,459244832,1.179956525013236
2014-05-23,1.731,1.7487,1.731,1.7463,367558080,1.179956525013236
2014-05-26,1.7534,1.764,1.7428,1.7487,350940192,1.179956525013236
2014-05-27,1.7499,1.7534,1.7416,1.744,302460416,1.179956525013236
2014-05-28,1.744,1.7581,1.7345,1.7558,366135264,1.179956525013236
2014-05-29,1.757,1.7617,1.7475,1.7487,361175392,1.179956525013236
2014-05-30,1.7475,1.7522,1.7393,1.7428,296468320,1.179956525013236
2014-06-03,1.744,1.7558,1.7381,1.7381,274254464,1.179956525013236
2014-06-04,1.7381,1.7393,1.7204,1.7275,265025040,1.179956525013236
2014-06-05,1.7263,1.7487,1.7227,1.7475,276642496,1.179956525013236
2014-06-06,1.7475,1.7475,1.7239,1.7334,286439040,1.179956525013236
2014-06-09,1.7263,1.7558,1.7239,1.7369,434378144,1.179956525013236
2014-06-10,1.7428,1.7581,1.7357,1.7581,463991328,1.179956525013236
2014-06-11,1.7511,1.7558,1.7463,1.7511,324852256,1.179956525013236
2014-06-12,1.7499,1.7546,1.7463,1.7475,262987280,1.179956525013236
2014-06-13,1.7463,1.777,1.7452,1.7699,494442336,1.179956525013236
2014-06-16,1.7699,1.7935,1.7676,1.7888,620840640,1.179956525013236
2014-06-17,1.7841,1.7841,1.7711,1.7723,430793792,1.179956525013236
2014-06-18,1.7723,1.7758,1.764,1.7652,389876864,1.179956525013236
2014-06-19,1.7652,1.7711,1.7393,1.744,454067488,1.179956525013236
2014-06-20,1.7452,1.7546,1.744,1.7522,390180064,1.179956525013236
2014-06-23,1.7534,1.7617,1.7452,1.7463,317678976,1.179956525013236
2014-06-24,1.7463,1.7581,1.7452,1.757,264854000,1.179956525013236
2014-06-25,1.7581,1.7581,1.7463,1.7487,229750976,1.179956525013236
2014-06-26,1.7511,1.7605,1.7499,1.7581,297557440,1.179956525013236
2014-06-27,1.757,1.764,1.7499,1.7534,300442208,1.179956525013236
2014-06-30,1.7546,1.7699,1.7546,1.7664,428760864,1.179956525013236
2014-07-01,1.7747,1.7758,1.757,1.7617,289802304,1.179956525013236
2014-07-02,1.764,1.7723,1.7593,1.7711,396305632,1.179956525013236
2014-07-03,1.7699,1.7806,1.7664,1.7758,419994624,1.179956525013236
2014-07-04,1.7747,1.7841,1.7747,1.7817,351333920,1.179956525013236
2014-07-07,1.7817,1.7865,1.777,1.7829,273888352,1.179956525013236
2014-07-08,1.7817,1.7829,1.7711,1.7794,285636000,1.179956525013236
2014-07-09,1.7794,1.7806,1.7605,1.7605,379637568,1.179956525013236
2014-07-10,1.7605,1.7652,1.7546,1.7593,255357872,1.179956525013236
2014-07-11,1.7581,1.7735,1.7581,1.7676,242832832,1.179956525013236
2014-07-14,1.7688,1.7841,1.7652,1.7829,270744512,1.179956525013236
2014-07-15,1.7829,1.7888,1.7794,1.7853,240586192,1.179956525013236
2014-07-16,1.7853,1.7935,1.7829,1.7841,295883616,1.179956525013236
2014-07-17,1.7817,1.7853,1.7747,1.7782,234209008,1.179956525013236
2014-07-18,1.777,1.7959,1.7747,1.7888,326389536,1.179956525013236
2014-07-21,1.7888,1.7947,1.7841,1.7876,211434144,1.179956525013236
2014-07-22,1.7841,1.8136,1.7829,1.8089,423261280,1.179956525013236
2014-07-23,1.8089,1.8289,1.8077,1.823,458987552,1.179956525013236
2014-07-24,1.823,1.8691,1.823,1.8643,756626112,1.179956525013236
2014-07-25,1.8679,1.8832,1.8608,1.8832,565665536,1.179956525013236
2014-07-28,1.8903,1.954,1.8903,1.9434,1005060992,1.179956525013236
2014-07-29,1.9446,1.9564,1.9363,1.9469,526852128,1.179956525013236
2014-07-30,1.9434,1.9599,1.9363,1.9375,460145536,1.179956525013236
2014-07-31,1.9375,1.967,1.9339,1.9658,458903328,1.179956525013236
2014-08-01,1.9587,1.9847,1.9446,1.9457,826284544,1.179956525013236
2014-08-04,1.954,1.9906,1.9481,1.9882,733984192,1.179956525013236
2014-08-05,1.9894,1.9906,1.9623,1.9729,602999488,1.179956525013236
2014-08-06,1.9599,1.9693,1.9387,1.9564,613115264,1.179956525013236
2014-08-07,1.9575,1.9623,1.9245,1.9269,555214848,1.179956525013236
2014-08-08,1.9304,1.9387,1.921,1.9316,364971264,1.179956525013236
2014-08-11,1.9398,1.9634,1.9351,1.9575,494120448,1.179956525013236
2014-08-12,1.954,1.954,1.9375,1.9434,317461248,1.179956525013236
2014-08-13,1.9457,1.9599,1.9316,1.9481,378912128,1.179956525013236
2014-08-14,1.9493,1.9528,1.9316,1.9316,358514144,1.179956525013236
2014-08-15,1.9328,1.9564,1.9292,1.9505,516503584,1.179956525013236
2014-08-18,1.9528,1.9634,1.9446,1.9516,459561792,1.179956525013236
2014-08-19,1.954,1.9575,1.9363,1.9457,386939200,1.179956525013236
2014-08-20,1.9422,1.9446,1.9351,1.941,332418240,1.179956525013236
2014-08-21,1.9351,1.9398,1.9115,1.9221,406796704,1.179956525013236
2014-08-22,1.9198,1.9363,1.9162,1.9292,362220800,1.179956525013236
2014-08-25,1.9316,1.9339,1.9092,1.9115,414720928,1.179956525013236
2014-08-26,1.9092,1.9186,1.9021,1.908,446426112,1.179956525013236
2014-08-27,1.908,1.9127,1.9033,1.9056,319048256,1.179956525013236
2014-08-28,1.9068,1.9139,1.8986,1.9021,445464192,1.179956525013236
2014-08-29,1.9021,1.9162,1.8997,1.9151,467579360,1.179956525013236
2014-09-01,1.9139,1.921,1.9068,1.9186,578408000,1.179956525013236
2014-09-02,1.9221,1.9493,1.9127,1.9457,696721024,1.179956525013236
2014-09-03,1.9528,1.9717,1.9493,1.967,667050816,1.179956525013236
2014-09-04,1.9693,1.9835,1.9623,1.9811,551680448,1.179956525013236
2014-09-05,1.9882,2.0083,1.9847,2.0047,565091456,1.179956525013236
2014-09-09,2.0047,2.0083,1.987,1.9882,484590464,1.179956525013236
2014-09-10,1.9811,1.9811,1.967,1.9717,488219040,1.179956525013236
2014-09-11,1.9717,1.9965,1.9587,1.9658,579329088,1.179956525013236
2014-09-12,1.9599,1.9776,1.9552,1.9764,381478848,1.179956525013236
2014-09-15,1.9623,1.9729,1.954,1.9693,392154016,1.179956525013236
2014-09-16,1.9705,1.9729,1.9375,1.9398,526996640,1.179956525013236
2014-09-17,1.9481,1.9516,1.9351,1.9446,519199232,1.179956525013236
2014-09-18,1.9422,1.9587,1.9351,1.9493,483338272,1.179956525013236
2014-09-19,1.9493,1.967,1.9446,1.9646,394677536,1.179956525013236
2014-09-22,1.9552,1.9552,1.9151,1.921,418604320,1.179956525013236
2014-09-23,1.921,1.9363,1.9198,1.9351,621001152,1.179956525013236
2014-09-24,1.9269,1.9741,1.921,1.9729,640543808,1.179956525013236
2014-09-25,1.9823,1.9847,1.9587,1.9599,499306560,1.179956525013236
2014-09-26,1.9575,1.9634,1.9457,1.9611,356402528,1.179956525013236
2014-09-29,1.9646,1.9705,1.954,1.967,653669440,1.179956525013236
2014-09-30,1.967,1.9682,1.9587,1.9658,291936672,1.179956525013236
2014-10-08,1.9682,1.9776,1.9587,1.9776,387555104,1.179956525013236
2014-10-09,1.9788,1.9847,1.9693,1.9788,370599744,1.179956525013236
2014-10-10,1.967,1.9752,1.9599,1.9634,354325216,1.179956525013236
2014-10-13,1.9587,1.9587,1.9363,1.9505,384191520,1.179956525013236
2014-10-14,1.9446,1.9587,1.9339,1.9387,346573152,1.179956525013236
2014-10-15,1.9398,1.9599,1.9316,1.9587,379535360,1.179956525013236
2014-10-16,1.9481,1.9741,1.9422,1.9528,443401632,1.179956525013236
2014-10-17,1.954,1.9599,1.9339,1.9469,485893120,1.179956525013236
2014-10-20,1.954,1.9575,1.9457,1.9528,330949216,1.179956525013236
2014-10-21,1.9528,1.9575,1.941,1.9422,348298208,1.179956525013236
2014-10-22,1.9422,1.9564,1.9375,1.9398,404664352,1.179956525013236
2014-10-23,1.9387,1.9457,1.9245,1.9257,421969280,1.179956525013236
2014-10-24,1.9269,1.9316,1.9198,1.9221,366086208,1.179956525013236
2014-10-27,1.9103,1.9103,1.8903,1.8927,436866688,1.179956525013236
2014-10-28,1.8962,1.9245,1.895,1.9221,451252032,1.179956525013236
2014-10-29,1.9304,1.9599,1.9245,1.9481,428852448,1.179956525013236
2014-10-30,1.9481,1.9705,1.9422,1.9623,367772608,1.179956525013236
2014-10-31,1.9693,2.0236,1.9693,2.0118,667371392,1.179956525013236
2014-11-03,2.013,2.0177,1.9977,2.0,481080064,1.179956525013236
2014-11-04,1.9953,2.0012,1.9894,1.9941,435722080,1.179956525013236
2014-11-05,1.9953,1.9977,1.9811,1.9882,416084576,1.179956525013236
2014-11-06,1.9906,1.9977,1.9752,1.9847,468757344,1.179956525013236
2014-11-07,1.9847,2.0248,1.9811,1.9906,583039104,1.179956525013236
2014-11-10,2.0236,2.0496,2.0106,2.0472,568984192,1.179956525013236
2014-11-11,2.0614,2.1098,2.0543,2.0732,849723072,1.179956525013236
2014-11-12,2.0637,2.098,2.0567,2.0956,513409600,1.179956525013236
2014-11-13,2.1003,2.1216,2.0862,2.0944,581907456,1.179956525013236
2014-11-14,2.0885,2.0944,2.072,2.0932,487767136,1.179956525013236
2014-11-17,2.1319,2.138,2.0654,2.0666,427945664,1.2092679811516351
2014-11-18,2.0691,2.0739,2.0328,2.0364,383172704,1.2092679811516351
2014-11-19,2.0352,2.0388,2.0195,2.0255,427270624,1.2092679811516351
2014-11-20,2.0195,2.0388,2.0134,2.0292,449205856,1.2092679811516351
2014-11-21,2.0316,2.0836,2.0231,2.0799,594090944,1.2092679811516351
2014-11-24,2.0896,2.1525,2.0884,2.1271,764341568,1.2092679811516351
2014-11-25,2.1247,2.1525,2.1211,2.1452,757433728,1.2092679811516351
2014-11-26,2.1549,2.196,2.1549,2.196,630577664,1.2092679811516351
2014-11-27,2.2105,2.2396,2.2069,2.2384,716636288,1.2092679811516351
2014-11-28,2.2384,2.3194,2.2287,2.3121,894655616,1.2092679811516351
2014-12-01,2.3375,2.3738,2.3157,2.3194,980368064,1.2092679811516351
2014-12-02,2.3061,2.4705,2.3049,2.4463,1191051904,1.2092679811516351
2014-12-03,2.4621,2.5491,2.4185,2.4584,1222552320,1.2092679811516351
2014-12-04,2.473,2.6362,2.4548,2.635,1111029120,1.2092679811516351
2014-12-05,2.6676,2.7293,2.5588,2.6556,1602849536,1.2092679811516351
2014-12-08,2.6302,2.8164,2.5915,2.7958,1216250880,1.2092679811516351
2014-12-09,2.7571,2.9022,2.5818,2.6229,1590364544,1.2092679811516351
2014-12-10,2.6435,2.7172,2.5407,2.7076,1596527488,1.2092679811516351
2014-12-11,2.6809,2.7209,2.6302,2.6386,1232954240,1.2092679811516351
2014-12-12,2.6386,2.7015,2.6132,2.6386,940356160,1.2092679811516351
2014-12-15,2.6326,2.6543,2.5685,2.641,945613312,1.2092679811516351
2014-12-16,2.6459,2.7608,2.6338,2.7583,1329242880,1.2092679811516351
2014-12-17,2.7813,2.8648,2.7571,2.849,1350575488,1.2092679811516351
2014-12-18,2.8515,2.8877,2.8067,2.8273,1114713984,1.2092679811516351
2014-12-19,2.8309,2.8793,2.7608,2.8635,1303056384,1.2092679811516351
2014-12-22,2.866,2.9712,2.8478,2.9083,1410719872,1.2092679811516351
2014-12-23,2.8756,2.9506,2.8176,2.8454,1031005568,1.2092679811516351
2014-12-24,2.849,2.8575,2.6942,2.7281,1231617408,1.2092679811516351
2014-12-25,2.7571,2.8357,2.7233,2.8345,1077186176,1.2092679811516351
2014-12-26,2.8357,2.9688,2.8309,2.9651,1376103424,1.2092679811516351
2014-12-29,3.0353,3.0643,2.9264,2.9736,1497711872,1.2092679811516351
2014-12-30,2.9736,3.0474,2.9506,3.0135,1853951104,1.2092679811516351
2014-12-31,3.022,3.0981,3.0002,3.0861,1718050944,1.2092679811516351
2015-01-05,3.1199,3.2106,3.0897,3.1707,1596469248,1.2092679811516351
2015-01-06,3.1441,3.2058,3.0969,3.1344,1556186752,1.2092679811516351
2015-01-07,3.1139,3.1707,3.0933,3.1296,888796928,1.2092679811516351
2015-01-08,3.1429,3.1562,3.0353,3.0449,793662464,1.2092679811516351
2015-01-09,3.0353,3.1973,3.0183,3.0522,1156150528,1.2092679811516351
2015-01-12,3.0873,3.0897,2.9724,3.0232,1514645248,1.2092679811516351
2015-01-13,3.0232,3.0522,2.9881,3.005,853799872,1.2092679811516351
2015-01-14,3.0171,3.0594,2.9821,3.0159,1207694464,1.2092679811516351
2015-01-15,3.0159,3.132,2.9929,3.1272,1940225920,1.2092679811516351
2015-01-16,3.1417,3.1852,3.1211,3.1489,1693215232,1.2092679811516351
2015-01-19,2.9385,2.9808,2.8345,2.8345,1800416000,1.2092679811516351
2015-01-20,2.8309,2.9022,2.8007,2.8551,1838117120,1.2092679811516351
2015-01-21,2.8853,3.0437,2.8684,3.0268,1644295680,1.2092679811516351
2015-01-22,3.0353,3.0413,2.9772,3.022,1653108864,1.2092679811516351
2015-01-23,3.0401,3.1066,3.022,3.0522,1946775040,1.2092679811516351
2015-01-26,3.0607,3.0607,3.005,3.0461,1096595072,1.2092679811516351
2015-01-27,3.0582,3.0619,2.9458,2.9966,1388384640,1.2092679811516351
2015-01-28,2.9651,3.0147,2.9446,2.953,1416961664,1.2092679811516351
2015-01-29,2.9059,2.9288,2.8768,2.9022,979790720,1.2092679811516351
2015-01-30,2.9204,2.9421,2.8515,2.8623,1143491584,1.2092679811516351
2015-02-02,2.7825,2.8321,2.7729,2.7801,1176367744,1.2092679811516351
2015-02-03,2.8164,2.8756,2.7813,2.8623,1235914880,1.2092679811516351
2015-02-04,2.872,2.9071,2.8188,2.8224,1244132352,1.2092679811516351
2015-02-05,2.9264,2.9337,2.797,2.8007,1549460992,1.2092679811516351
2015-02-06,2.7946,2.8212,2.745,2.7704,1463378048,1.2092679811516351
2015-02-09,2.7704,2.8527,2.7571,2.8188,1639267456,1.2092679811516351
2015-02-10,2.8188,2.8708,2.8067,2.8648,1404951552,1.2092679811516351
2015-02-11,2.8672,2.8877,2.8527,2.8781,949834240,1.2092679811516351
2015-02-12,2.8768,2.8914,2.843,2.8829,728166848,1.2092679811516351
2015-02-13,2.8902,2.9373,2.8805,2.8902,1073007424,1.2092679811516351
2015-02-16,2.8902,2.9059,2.8768,2.895,656174080,1.2092679811516351
2015-02-17,2.9035,2.9373,2.9035,2.9155,707313856,1.2092679811516351
2015-02-25,2.9155,2.9155,2.8527,2.866,621418688,1.2092679811516351
2015-02-26,2.8635,2.9651,2.8394,2.9627,1277919872,1.2092679811516351
2015-02-27,2.9591,2.9808,2.9361,2.9482,864907584,1.2092679811516351
2015-03-02,2.97,2.9748,2.9313,2.9518,1123464320,1.2092679811516351
2015-03-03,2.9349,2.9349,2.8539,2.8587,1090539776,1.2092679811516351
2015-03-04,2.8635,2.8793,2.8321,2.8563,1077661312,1.2092679811516351
2015-03-05,2.8357,2.843,2.7958,2.8224,1168613248,1.2092679811516351
2015-03-06,2.8236,2.8551,2.8212,2.8285,1273296640,1.2092679811516351
2015-03-09,2.7813,2.9143,2.768,2.8986,1616493696,1.2092679811516351
2015-03-10,2.8793,2.8889,2.8478,2.8527,1140339328,1.2092679811516351
2015-03-11,2.8575,2.9143,2.8563,2.8708,1076556800,1.2092679811516351
2015-03-12,2.9071,2.9893,2.8877,2.9603,1531205888,1.2092679811516351
2015-03-13,2.9724,3.0171,2.9506,2.9688,1220491392,1.2092679811516351
2015-03-16,2.9893,3.0389,2.9639,3.0353,1159802112,1.2092679811516351
2015-03-17,3.0679,3.0824,3.0461,3.0752,1000452160,1.2092679811516351
2015-03-18,3.0836,3.161,3.0836,3.1574,1140666880,1.2092679811516351
2015-03-19,3.1489,3.1562,3.1139,3.1284,1269959936,1.2092679811516351
2015-03-20,3.1429,3.2263,3.1151,3.1864,1194598656,1.2092679811516351
2015-03-23,3.2118,3.2445,3.2009,3.236,1015275968,1.2092679811516351
2015-03-24,3.236,3.2384,3.1538,3.19,1194593536,1.2092679811516351
2015-03-25,3.1804,3.2034,3.1223,3.1489,976579712,1.2092679811516351
2015-03-26,3.132,3.2324,3.1163,3.1961,1083022720,1.2092679811516351
2015-03-27,3.2046,3.2324,3.1695,3.2034,696578944,1.2092679811516351
2015-03-30,3.2336,3.3279,3.2179,3.3134,1211519104,1.2092679811516351
2015-03-31,3.3654,3.4041,3.265,3.2735,1151864832,1.2092679811516351
2015-04-01,3.2807,3.346,3.2771,3.3291,934389632,1.2092679811516351
2015-04-02,3.3618,3.3666,3.2699,3.3122,767612096,1.2092679811516351
2015-04-03,3.2965,3.3569,3.294,3.3533,935870336,1.2092679811516351
2015-04-07,3.3847,3.4428,3.3714,3.4367,1030475008,1.2092679811516351
2015-04-08,3.4525,3.5202,3.4222,3.5045,1722049792,1.2092679811516351
2015-04-09,3.5202,3.6012,3.467,3.4791,1618281216,1.2092679811516351
2015-04-10,3.4803,3.5649,3.467,3.5504,1001361792,1.2092679811516351
2015-04-13,3.6157,3.6387,3.5855,3.6169,1175705344,1.2092679811516351
2015-04-14,3.6169,3.6568,3.5867,3.6266,1341788800,1.2092679811516351
2015-04-15,3.6266,3.7221,3.6121,3.6411,1503258496,1.2092679811516351
2015-04-16,3.6556,3.8056,3.606,3.8031,3471117056,1.2092679811516351
2015-04-17,3.918,3.9253,3.8177,3.8515,3099213312,1.2092679811516351
2015-04-20,3.8733,3.9084,3.7366,3.7524,3133739776,1.2092679811516351
2015-04-21,3.7608,3.8092,3.7233,3.7983,1534753664,1.2092679811516351
2015-04-22,3.8346,3.9277,3.8056,3.9192,3647140608,1.2092679811516351
2015-04-23,3.9301,3.9374,3.8515,3.8842,1892025216,1.2092679811516351
2015-04-24,3.8358,3.86,3.7524,3.8346,1918718720,1.2092679811516351
2015-04-27,3.8733,3.9422,3.8636,3.9362,1827485312,1.2092679811516351
2015-04-28,3.9301,3.999,3.8684,3.9035,2358123776,1.2092679811516351
2015-04-29,3.8938,3.9253,3.8539,3.8938,1586207872,1.2092679811516351
2015-04-30,3.912,3.9289,3.8648,3.8672,960557376,1.2092679811516351
2015-05-04,3.8697,3.8902,3.8092,3.883,1167304064,1.2092679811516351
2015-05-05,3.8805,3.883,3.7282,3.7439,1510710784,1.2092679811516351
2015-05-06,3.7608,3.8551,3.6919,3.7282,1761916672,1.2092679811516351
2015-05-07,3.7245,3.7366,3.6762,3.6822,1534672896,1.2092679811516351
2015-05-08,3.7137,3.7221,3.6169,3.6943,1442657664,1.2092679811516351
2015-05-11,3.6943,3.7681,3.652,3.7608,1374490624,1.2092679811516351
2015-05-12,3.7524,3.8007,3.7233,3.7838,1461961344,1.2092679811516351
2015-05-13,3.7838,3.7911,3.7088,3.7294,1261806592,1.2092679811516351
2015-05-14,3.7209,3.7475,3.6943,3.7161,1329476352,1.2092679811516351
2015-05-15,3.7161,3.7161,3.6218,3.6351,1837572224,1.2092679811516351
2015-05-18,3.6036,3.6266,3.5613,3.5625,1329129984,1.2092679811516351
2015-05-19,3.5625,3.7161,3.5552,3.7076,1743883008,1.2092679811516351
2015-05-20,3.7294,3.7814,3.6895,3.7076,2436702208,1.2092679811516351
2015-05-21,3.7354,3.7657,3.7064,3.7536,1062602496,1.2092679811516351
2015-05-22,3.7959,3.8709,3.7705,3.8684,2373640448,1.2092679811516351
2015-05-25,3.9144,3.9978,3.889,3.9942,2330479104,1.2092679811516351
2015-05-26,4.0244,4.0474,3.9434,4.0148,1877364352,1.2092679811516351
2015-05-27,4.0317,4.0523,3.9495,3.9724,1903846272,1.2092679811516351
2015-05-28,3.9724,3.9906,3.6883,3.7233,2265428480,1.2092679811516351
2015-05-29,3.7258,3.7657,3.623,3.7076,1868000640,1.2092679811516351
2015-06-01,3.7076,3.8818,3.6653,3.8672,1419662848,1.2092679811516351
2015-06-02,3.8624,3.8926,3.808,3.8805,1234532864,1.2092679811516351
2015-06-03,3.8757,3.8854,3.8056,3.8588,1000194240,1.2092679811516351
2015-06-04,3.8588,3.9628,3.6883,3.941,2103848704,1.2092679811516351
2015-06-05,4.039,4.051,3.8551,3.935,1866872320,1.2092679811516351
2015-06-08,3.9664,4.1696,3.9374,4.1442,3245881088,1.2092679811516351
2015-06-09,4.1829,4.1901,4.022,4.0643,3311958528,1.2092679811516351
2015-06-10,4.0099,4.0813,3.9797,4.0148,1744912896,1.2092679811516351
2015-06-11,4.0317,4.045,3.9543,3.9906,2217088512,1.2092679811516351
2015-06-12,4.0184,4.0365,3.9543,4.0063,1725316096,1.2092679811516351
2015-06-15,4.0317,4.0498,3.8818,3.889,2842011136,1.2092679811516351
2015-06-16,3.8684,3.9168,3.762,3.8068,2500597248,1.2092679811516351
2015-06-17,3.8213,3.8576,3.7657,3.8394,2449588992,1.2092679811516351
2015-06-18,3.8177,3.8177,3.6641,3.6786,1553765376,1.2092679811516351
2015-06-19,3.658,3.6762,3.4646,3.4754,2122214784,1.2092679811516351
2015-06-23,3.4984,3.6145,3.386,3.5988,2573711360,1.2092679811516351
2015-06-24,3.6157,3.6641,3.5311,3.6496,2269673728,1.2092679811516351
2015-06-25,3.6858,3.7004,3.5141,3.5299,2239861248,1.2092679811516351
2015-06-26,3.4585,3.5444,3.1864,3.2481,4091997184,1.2092679811516351
2015-06-29,3.3521,3.3847,3.0002,3.2167,7737936896,1.2092679811516351
2015-06-30,3.2167,3.4525,3.1453,3.4476,6802366464,1.2092679811516351
2015-07-01,3.398,3.4464,3.2517,3.2989,4433403392,1.2092679811516351
2015-07-02,3.3739,3.3775,3.1199,3.2457,5865295360,1.2092679811516351
2015-07-03,3.213,3.2989,3.0232,3.1187,4464871936,1.2092679811516351
2015-07-06,3.4307,3.4307,3.1864,3.3158,9146831872,1.2092679811516351
2015-07-07,3.2433,3.4101,3.1526,3.3739,6650103296,1.2092679811516351
2015-07-08,3.1441,3.334,3.0365,3.1489,7054986240,1.2092679811516351
2015-07-09,3.0582,3.4537,2.9954,3.3763,3893441280,1.2092679811516351
2015-07-10,3.3086,3.6399,3.2771,3.5129,4152573440,1.2092679811516351
2015-07-13,3.4343,3.5661,3.3799,3.4609,2921906176,1.2092679811516351
2015-07-14,3.392,3.4331,3.2844,3.34,2216741632,1.2092679811516351
2015-07-15,3.3025,3.3581,3.2227,3.3243,2962960384,1.2092679811516351
2015-07-16,3.3255,3.3593,3.265,3.3134,2330590976,1.2092679811516351
2015-07-17,3.3327,3.4283,3.2916,3.3896,1791239936,1.2092679811516351
2015-07-20,3.3787,3.4005,3.3352,3.3581,1369040768,1.2092679811516351
2015-07-21,3.3025,3.386,3.3025,3.3473,1021324864,1.2092679811516351
2015-07-22,3.3315,3.3497,3.2892,3.3098,854165056,1.2092679811516351
2015-07-23,3.3098,3.3811,3.3098,3.3787,1337961088,1.2092679811516351
2015-07-24,3.3751,3.392,3.3061,3.3194,1092095232,1.2092679811516351
2015-07-27,3.2904,3.2916,3.0111,3.0159,1379427072,1.2092679811516351
2015-07-28,2.9555,3.0607,2.9095,3.0038,2612182016,1.2092679811516351
2015-07-29,3.0232,3.0715,2.9772,3.0643,1093043712,1.2092679811516351
2015-07-30,3.0522,3.0812,2.9748,2.9857,908665344,1.2092679811516351
2015-07-31,2.9748,3.0183,2.9458,2.9772,926730240,1.2092679811516351
2015-08-03,2.9506,2.9978,2.9264,2.9966,728000384,1.2092679811516351
2015-08-04,3.0087,3.074,2.9833,3.0715,689233536,1.2092679811516351
2015-08-05,3.0582,3.0655,3.0099,3.0123,647448256,1.2092679811516351
2015-08-06,2.9821,3.0328,2.9639,2.9881,654783872,1.2092679811516351
2015-08-07,3.0135,3.0498,2.999,3.028,702485376,1.2092679811516351
2015-08-10,3.0498,3.1804,3.0413,3.1634,703324928,1.2092679811516351
2015-08-11,3.1659,3.1671,3.1163,3.132,458023744,1.2092679811516351
2015-08-12,3.1054,3.1441,3.0909,3.1006,547843072,1.2092679811516351
2015-08-13,3.0969,3.126,3.051,3.1151,661136256,1.2092679811516351
2015-08-14,3.126,3.1332,3.1006,3.1139,561500736,1.2092679811516351
2015-08-17,3.0957,3.0969,3.0522,3.0812,483713504,1.2092679811516351
2015-08-18,3.0836,3.109,2.8902,2.9143,857814720,1.2092679811516351
2015-08-19,2.8986,2.9506,2.8152,2.9349,1451342720,1.2092679811516351
2015-08-20,2.9035,2.9264,2.8539,2.8551,701199360,1.2092679811516351
2015-08-21,2.8212,2.8563,2.7414,2.7499,1020528192,1.2092679811516351
2015-08-24,2.6797,2.6797,2.4754,2.4754,1018573376,1.2092679811516351
2015-08-25,2.3484,2.479,2.2601,2.2807,1963701248,1.2092679811516351
2015-08-26,2.3448,2.4597,2.2722,2.3532,2464277248,1.2092679811516351
2015-08-27,2.4161,2.5636,2.3726,2.5516,1705422464,1.2092679811516351
2015-08-28,2.5878,2.6289,2.5358,2.6217,1788365952,1.2092679811516351
2015-08-31,2.5842,2.6761,2.5104,2.6713,1253607552,1.2092679811516351
2015-09-01,2.6023,2.7136,2.5431,2.6942,1786786176,1.2092679811516351
2015-09-02,2.5939,2.7172,2.5903,2.7039,1775174144,1.2092679811516351
2015-09-07,2.6797,2.7269,2.5794,2.5878,701801856,1.2092679811516351
2015-09-08,2.5636,2.6459,2.5213,2.6326,882662720,1.2092679811516351
2015-09-09,2.6568,2.6942,2.6338,2.6713,777486592,1.2092679811516351
2015-09-10,2.6386,2.6834,2.6338,2.6676,638374528,1.2092679811516351
2015-09-11,2.6664,2.6846,2.641,2.6519,420897888,1.2092679811516351
2015-09-14,2.6725,2.6906,2.5661,2.6882,868275392,1.2092679811516351
2015-09-15,2.6362,2.6471,2.5951,2.6205,742104896,1.2092679811516351
2015-09-16,2.6229,2.7632,2.5915,2.7112,623954112,1.2092679811516351
2015-09-17,2.687,2.7317,2.6556,2.658,723452288,1.2092679811516351
2015-09-18,2.6725,2.6906,2.6495,2.658,498441696,1.2092679811516351
2015-09-21,2.6483,2.6858,2.6338,2.6749,305409216,1.2092679811516351
2015-09-22,2.6725,2.7317,2.6725,2.7051,415724832,1.2092679811516351
2015-09-23,2.6531,2.6846,2.6326,2.6362,290194880,1.2092679811516351
2015-09-24,2.6507,2.6592,2.6265,2.6447,176907296,1.2092679811516351
2015-09-25,2.641,2.6447,2.5939,2.6253,273127712,1.2092679811516351
2015-09-28,2.6217,2.6362,2.5963,2.6289,157721584,1.2092679811516351
2015-09-29,2.6023,2.6048,2.5624,2.5721,123856696,1.2092679811516351
2015-09-30,2.5866,2.6229,2.5854,2.5963,111796128,1.2092679811516351
2015-10-08,2.71,2.7124,2.6519,2.6556,183101776,1.2092679811516351
2015-10-09,2.6664,2.6942,2.658,2.6858,179145904,1.2092679811516351
2015-10-12,2.7027,2.8019,2.6918,2.7668,291580960,1.2092679811516351
2015-10-13,2.7414,2.7632,2.7402,2.7559,257545184,1.2092679811516351
2015-10-14,2.7366,2.7668,2.7281,2.7305,188263664,1.2092679811516351
2015-10-15,2.7342,2.7898,2.7257,2.7862,304426208,1.2092679811516351
2015-10-16,2.7934,2.8212,2.7886,2.8079,344854048,1.2092679811516351
2015-10-19,2.8091,2.8357,2.7789,2.8055,286968416,1.2092679811516351
2015-10-20,2.797,2.8333,2.7813,2.8309,231423504,1.2092679811516351
2015-10-21,2.8261,2.8635,2.7462,2.8055,448090912,1.2092679811516351
2015-10-22,2.8115,2.8273,2.7813,2.8212,320496800,1.2092679811516351
2015-10-23,2.8261,2.8478,2.8055,2.8418,281692768,1.2092679811516351
2015-10-26,2.8781,2.8841,2.8188,2.8418,318977856,1.2092679811516351
2015-10-27,2.8273,2.8539,2.7849,2.8394,368848800,1.2092679811516351
2015-10-28,2.8273,2.8309,2.7874,2.791,335176288,1.2092679811516351
2015-10-29,2.7958,2.8103,2.7753,2.7946,221076832,1.2092679811516351
2015-10-30,2.7874,2.8249,2.7789,2.7934,229814576,1.2092679811516351
2015-11-02,2.7704,2.7982,2.7583,2.7608,233551520,1.2092679811516351
2015-11-03,2.7668,2.7777,2.7378,2.7475,224054768,1.2092679811516351
2015-11-04,2.7535,2.8889,2.7535,2.8853,624206848,1.2092679811516351
2015-11-05,2.872,3.0413,2.8648,2.9567,798096128,1.2092679811516351
2015-11-06,2.9518,3.0304,2.9288,3.022,537688896,1.2092679811516351
2015-11-09,3.0232,3.1308,3.0195,3.0619,712933568,1.2092679811516351
2015-11-10,3.0365,3.0885,3.0232,3.0486,400171008,1.2092679811516351
2015-11-11,3.0437,3.0486,2.9845,3.028,355086720,1.2092679811516351
2015-11-12,3.0353,3.0425,2.976,2.9869,271888480,1.2092679811516351
2015-11-13,2.9627,2.9954,2.9482,2.9555,281752128,1.2092679811516351
2015-11-16,2.9071,2.9675,2.9059,2.9615,212102848,1.2092679811516351
2015-11-17,2.9748,3.0377,2.9567,2.9627,347478528,1.2092679811516351
2015-11-18,2.9639,2.9869,2.9397,2.9482,262823488,1.2092679811516351
2015-11-19,2.9518,2.9929,2.9434,2.9881,248218240,1.2092679811516351
2015-11-20,2.9857,2.999,2.9663,2.9736,239285712,1.2092679811516351
2015-11-23,2.9724,3.0002,2.9264,2.9627,227301920,1.2092679811516351
2015-11-24,2.9567,2.9567,2.9228,2.9555,249898560,1.2092679811516351
2015-11-25,2.9446,2.9736,2.9301,2.9675,390308928,1.2092679811516351
2015-11-26,2.9869,2.9966,2.9542,2.9591,290801536,1.2092679811516351
2015-11-27,2.9446,2.9494,2.7765,2.8031,490673888,1.2092679811516351
2015-11-30,2.8128,2.8357,2.7632,2.8164,354508672,1.2092679811516351
2015-12-01,2.8176,2.8623,2.7922,2.8285,287561554,1.2092679811516351
2015-12-02,2.8236,2.9845,2.82,2.9772,657511680,1.2092679811516351
2015-12-03,2.9651,2.9941,2.9276,2.976,493260653,1.2092679811516351
2015-12-04,2.9434,2.9542,2.8865,2.8998,390429824,1.2092679811516351
2015-12-07,2.8986,2.9155,2.8732,2.8902,287467602,1.2092679811516351
2015-12-08,2.872,2.8902,2.843,2.8611,340155072,1.2092679811516351
2015-12-09,2.8551,2.8853,2.8454,2.8648,317773996,1.2092679811516351
2015-12-10,2.8684,2.9083,2.8382,2.8478,314261952,1.2092679811516351
2015-12-11,2.8321,2.8515,2.8067,2.8345,249044096,1.2092679811516351
2015-12-14,2.8091,2.9264,2.8043,2.9204,371982400,1.2092679811516351
2015-12-15,2.9059,2.9131,2.8648,2.8805,314791136,1.2092679811516351
2015-12-16,2.8853,2.895,2.8611,2.8684,242253104,1.2092679811516351
2015-12-17,2.8829,2.9325,2.8817,2.9035,380696000,1.2092679811516351
2015-12-18,2.8974,2.9724,2.8938,2.9288,461902336,1.2092679811516351
2015-12-21,2.9107,3.0365,2.9083,3.022,668957888,1.2092679811516351
2015-12-22,3.0183,3.0268,2.9893,3.0111,316366194,1.2092679811516351
2015-12-23,3.0111,3.0776,3.005,3.022,710997184,1.2092679811516351
2015-12-24,3.0183,3.022,2.9627,2.9966,387187072,1.2092679811516351
2015-12-25,2.999,3.0147,2.9869,3.0062,173585789,1.2092679811516351
2015-12-28,3.0074,3.0171,2.9119,2.9168,274040618,1.2092679811516351
2015-12-29,2.9155,2.9434,2.9095,2.9409,296946284,1.2092679811516351
2015-12-30,2.9421,2.9434,2.8962,2.9313,275357090,1.2092679811516351
2015-12-31,2.924,2.9434,2.9083,2.9216,345872070,1.2092679811516351
2016-01-04,2.9155,2.918,2.7462,2.7547,298546954,1.2092679811516351
2016-01-05,2.7329,2.7946,2.6967,2.7644,645699581,1.2092679811516351
2016-01-06,2.7692,2.8055,2.7511,2.8019,400953404,1.2092679811516351
2016-01-07,2.7644,2.7644,2.6181,2.6326,89166922,1.2092679811516351
2016-01-08,2.7039,2.7317,2.6072,2.6834,576676937,1.2092679811516351
2016-01-11,2.6362,2.6652,2.5673,2.5697,633230858,1.2092679811516351
2016-01-12,2.5878,2.606,2.56,2.577,451803541,1.2092679811516351
2016-01-13,2.6036,2.6181,2.5516,2.554,563080756,1.2092679811516351
2016-01-14,2.5092,2.5866,2.4911,2.577,624115975,1.2092679811516351
2016-01-15,2.5636,2.577,2.4911,2.5032,507111375,1.2092679811516351
2016-01-18,2.4669,2.5346,2.4633,2.5032,389406901,1.2092679811516351
2016-01-19,2.5032,2.5903,2.4923,2.5757,515872548,1.2092679811516351
2016-01-20,2.56,2.5697,2.5056,2.5286,349411875,1.2092679811516351
2016-01-21,2.5092,2.56,2.4669,2.4705,343825998,1.2092679811516351
2016-01-22,2.4971,2.5141,2.456,2.4996,358331812,1.2092679811516351
2016-01-25,2.5032,2.5129,2.4838,2.4971,197192852,1.2092679811516351
2016-01-26,2.4814,2.4863,2.3581,2.3677,416763728,1.2092679811516351
2016-01-27,2.3762,2.3883,2.3194,2.3665,516637644,1.2092679811516351
2016-01-28,2.3496,2.3798,2.3049,2.3157,388943665,1.2092679811516351
2016-01-29,2.3194,2.4125,2.3194,2.3883,429217325,1.2092679811516351
2016-02-01,2.3871,2.3907,2.3278,2.3484,216456617,1.2092679811516351
2016-02-02,2.3484,2.398,2.3448,2.3883,259086186,1.2092679811516351
2016-02-03,2.3641,2.3726,2.3363,2.3617,240273015,1.2092679811516351
2016-02-04,2.375,2.4004,2.3702,2.3919,294364765,1.2092679811516351
2016-02-05,2.3907,2.3968,2.3762,2.3798,278307394,1.2092679811516351
2016-02-15,2.3278,2.369,2.3206,2.3569,245871952,1.2092679811516351
2016-02-16,2.3653,2.4258,2.3641,2.4197,293769854,1.2092679811516351
2016-02-17,2.4173,2.4439,2.4125,2.4343,271890595,1.2092679811516351
2016-02-18,2.4463,2.4609,2.4282,2.4318,210138456,1.2092679811516351
2016-02-19,2.4282,2.4379,2.4113,2.4258,202912967,1.2092679811516351
2016-02-22,2.4476,2.4971,2.4367,2.4838,394641326,1.2092679811516351
2016-02-23,2.4814,2.4826,2.4379,2.4548,223368980,1.2092679811516351
2016-02-24,2.4476,2.4705,2.4294,2.4657,296172079,1.2092679811516351
2016-02-25,2.4584,2.4621,2.3145,2.3411,376139340,1.2092679811516351
2016-02-26,2.3532,2.3774,2.3339,2.3653,419162219,1.2092679811516351
2016-02-29,2.3544,2.3641,2.2855,2.3424,424698981,1.2092679811516351
2016-03-01,2.346,2.4077,2.3327,2.3835,340261379,1.2092679811516351
2016-03-02,2.3871,2.4863,2.3871,2.4778,437368583,1.2092679811516351
2016-03-03,2.4717,2.4923,2.4609,2.4826,345658049,1.2092679811516351
2016-03-04,2.4742,2.5757,2.4669,2.5661,655095784,1.2092679811516351
2016-03-07,2.5636,2.5878,2.5346,2.5528,432579216,1.2092679811516351
2016-03-08,2.5443,2.56,2.4609,2.5576,421433999,1.2092679811516351
2016-03-09,2.5056,2.5516,2.4814,2.5479,451953645,1.2092679811516351
2016-03-10,2.5201,2.5467,2.485,2.4899,296200933,1.2092679811516351
2016-03-11,2.4693,2.5044,2.4657,2.4983,346669113,1.2092679811516351
2016-03-14,2.5165,2.5636,2.5056,2.5104,326317038,1.2092679811516351
2016-03-15,2.5092,2.5443,2.485,2.537,411197497,1.2092679811516351
2016-03-16,2.5213,2.589,2.5177,2.5818,494151582,1.2092679811516351
2016-03-17,2.577,2.6108,2.5528,2.5782,381997732,1.2092679811516351
2016-03-18,2.5818,2.6205,2.577,2.5878,537871058,1.2092679811516351
2016-03-21,2.612,2.6785,2.6048,2.6507,706321192,1.2092679811516351
2016-03-22,2.6423,2.6519,2.6181,2.6229,433733013,1.2092679811516351
2016-03-23,2.6169,2.6435,2.6048,2.6253,592352819,1.2092679811516351
2016-03-24,2.6132,2.6132,2.583,2.5878,339085623,1.2092679811516351
2016-03-25,2.5854,2.6084,2.5818,2.5939,395244752,1.2092679811516351
2016-03-28,2.6023,2.6217,2.56,2.5649,329248197,1.2092679811516351
2016-03-29,2.5697,2.583,2.537,2.5443,402609267,1.2092679811516351
2016-03-30,2.5649,2.6144,2.5649,2.6096,351645265,1.2092679811516351
2016-03-31,2.6169,2.6253,2.5951,2.6072,246207741,1.2092679811516351
2016-04-01,2.6023,2.6193,2.5588,2.6181,346769746,1.2092679811516351
2016-04-05,2.6023,2.6471,2.5951,2.6302,403300688,1.2092679811516351
2016-04-06,2.6217,2.6302,2.6084,2.6181,219331555,1.2092679811516351
2016-04-07,2.6241,2.6326,2.583,2.5866,235002920,1.2092679811516351
2016-04-08,2.5733,2.5806,2.554,2.5685,271361824,1.2092679811516351
2016-04-11,2.5866,2.6193,2.5866,2.5927,288228854,1.2092679811516351
2016-04-12,2.5927,2.5987,2.5794,2.5903,177404765,1.2092679811516351
2016-04-13,2.6048,2.6568,2.6048,2.6217,548035317,1.2092679811516351
2016-04-14,2.635,2.6483,2.6169,2.6289,306183070,1.2092679811516351
2016-04-15,2.6338,2.6435,2.6241,2.6338,305096392,1.2092679811516351
2016-04-18,2.6156,2.6253,2.5999,2.6048,219177180,1.2092679811516351
2016-04-19,2.6205,2.6241,2.6036,2.6132,205869478,1.2092679811516351
2016-04-20,2.6169,2.6229,2.531,2.5975,575360042,1.2092679811516351
2016-04-21,2.5806,2.6229,2.5745,2.5951,349057916,1.2092679811516351
2016-04-22,2.5794,2.6108,2.5649,2.6072,248758155,1.2092679811516351
2016-04-25,2.5987,2.6048,2.5636,2.5939,189835204,1.2092679811516351
2016-04-26,2.5915,2.6156,2.5842,2.6023,174927164,1.2092679811516351
2016-04-27,2.6036,2.6072,2.5878,2.5927,148227240,1.2092679811516351
2016-04-28,2.5939,2.6048,2.577,2.5903,171732075,1.2092679811516351
2016-04-29,2.5794,2.5927,2.5782,2.5818,124887542,1.2092679811516351
2016-05-03,2.5842,2.6217,2.5721,2.6108,252815104,1.2092679811516351
2016-05-04,2.6023,2.6096,2.5939,2.6036,124427747,1.2092679811516351
2016-05-05,2.5939,2.6023,2.5915,2.6011,103110856,1.2092679811516351
2016-05-06,2.6011,2.6036,2.5395,2.5431,265843731,1.2092679811516351
2016-05-09,2.5358,2.5407,2.4959,2.5044,344292467,1.2092679811516351
2016-05-10,2.4996,2.5189,2.4959,2.5032,156035320,1.2092679811516351
2016-05-11,2.5104,2.5274,2.4996,2.5116,144101041,1.2092679811516351
2016-05-12,2.502,2.5262,2.4863,2.5189,133679631,1.2092679811516351
2016-05-13,2.5032,2.5262,2.5032,2.5141,94126303,1.2092679811516351
2016-05-16,2.5008,2.5213,2.4935,2.5165,126102017,1.2092679811516351
2016-05-17,2.5177,2.5237,2.502,2.5116,109150570,1.2092679811516351
2016-05-18,2.5032,2.5189,2.4814,2.5129,318851717,1.2092679811516351
2016-05-19,2.5044,2.5213,2.502,2.5056,82786196,1.2092679811516351
2016-05-20,2.4971,2.5201,2.4971,2.5189,94632282,1.2092679811516351
2016-05-23,2.5201,2.5383,2.5141,2.5201,120606156,1.2092679811516351
2016-05-24,2.5165,2.5165,2.4983,2.502,174428210,1.2092679811516351
2016-05-25,2.5104,2.5213,2.5044,2.508,118205792,1.2092679811516351
2016-05-26,2.5104,2.5225,2.4935,2.508,115116920,1.2092679811516351
2016-05-27,2.5092,2.5201,2.5032,2.5129,112454974,1.2092679811516351
2016-05-30,2.5104,2.5322,2.4971,2.5262,159108771,1.2092679811516351
2016-05-31,2.5286,2.6132,2.5286,2.612,584239517,1.2092679811516351
2016-06-01,2.612,2.6144,2.5903,2.5903,262548490,1.2092679811516351
2016-06-02,2.5878,2.5987,2.577,2.5878,148701134,1.2092679811516351
2016-06-03,2.5903,2.6096,2.5842,2.6048,208039504,1.2092679811516351
2016-06-06,2.6048,2.6096,2.5842,2.589,135163776,1.2092679811516351
2016-06-07,2.5939,2.5999,2.5878,2.5915,118207693,1.2092679811516351
2016-06-08,2.5915,2.5951,2.5757,2.5866,91726477,1.2092679811516351
2016-06-13,2.5673,2.5709,2.5237,2.525,254758277,1.2092679811516351
2016-06-14,2.5237,2.5443,2.5225,2.5407,123424265,1.2092679811516351
2016-06-15,2.5153,2.5661,2.5116,2.5503,202855697,1.2092679811516351
2016-06-16,2.5395,2.5516,2.5358,2.5419,124370440,1.2092679811516351
2016-06-17,2.5479,2.5697,2.5467,2.5503,216651097,1.2092679811516351
2016-06-20,2.5576,2.5612,2.5419,2.5564,121297514,1.2092679811516351
2016-06-21,2.5624,2.589,2.5516,2.554,161171861,1.2092679811516351
2016-06-22,2.5516,2.5709,2.5467,2.5685,174876612,1.2092679811516351
2016-06-23,2.5709,2.5721,2.5479,2.5588,100064600,1.2092679811516351
2016-06-24,2.5552,2.5721,2.5008,2.5274,213853383,1.2092679811516351
2016-06-27,2.5274,2.554,2.5237,2.5528,194311660,1.2092679811516351
2016-06-28,2.5467,2.5624,2.537,2.56,144945186,1.2092679811516351
2016-06-29,2.5624,2.5854,2.5624,2.5818,190564491,1.2092679811516351
2016-06-30,2.5878,2.5951,2.583,2.583,125497025,1.2092679811516351
2016-07-01,2.5903,2.5987,2.589,2.5903,114436179,1.2092679811516351
2016-07-04,2.589,2.6435,2.5842,2.6326,205683019,1.2092679811516351
2016-07-05,2.6302,2.6519,2.6302,2.6423,172952348,1.2092679811516351
2016-07-06,2.6326,2.6435,2.6205,2.641,166427832,1.2092679811516351
2016-07-07,2.6386,2.6556,2.6289,2.6471,119414625,1.2092679811516351
2016-07-08,2.641,2.6447,2.6314,2.6326,98380157,1.2092679811516351
2016-07-11,2.6374,2.6701,2.6374,2.6459,132129313,1.2092679811516351
2016-07-12,2.6459,2.7027,2.6459,2.7003,294052810,1.2092679811516351
2016-07-13,2.7051,2.7402,2.7003,2.7039,476477733,1.2092679811516351
2016-07-14,2.7051,2.7076,2.6846,2.7003,247353186,1.2092679811516351
2016-07-15,2.7027,2.7112,2.693,2.7039,304761437,1.2092679811516351
2016-07-18,2.7027,2.7172,2.693,2.6942,219094505,1.2092679811516351
2016-07-19,2.6918,2.7027,2.6664,2.6797,197132024,1.2092679811516351
2016-07-20,2.6797,2.687,2.6689,2.6713,131993350,1.2092679811516351
2016-07-21,2.6737,2.6942,2.6737,2.6846,142953110,1.2092679811516351
2016-07-22,2.6822,2.687,2.6592,2.6604,101770091,1.2092679811516351
2016-07-25,2.6592,2.6725,2.6568,2.6616,100801794,1.2092679811516351
2016-07-26,2.6616,2.6955,2.6568,2.693,191455033,1.2092679811516351
2016-07-27,2.6942,2.6991,2.6265,2.6785,292617112,1.2092679811516351
2016-07-28,2.664,2.6822,2.6519,2.6737,123521600,1.2092679811516351
2016-07-29,2.6713,2.6749,2.6543,2.6616,85580840,1.2092679811516351
2016-08-01,2.6592,2.6604,2.6386,2.6483,145176921,1.2092679811516351
2016-08-02,2.6495,2.658,2.6386,2.6483,87779501,1.2092679811516351
2016-08-03,2.6459,2.6519,2.6374,2.6459,90183485,1.2092679811516351
2016-08-04,2.6447,2.6471,2.6265,2.6435,99411400,1.2092679811516351
2016-08-05,2.6435,2.6664,2.6374,2.6543,111299603,1.2092679811516351
2016-08-08,2.6556,2.6676,2.6423,2.6652,88039430,1.2092679811516351
2016-08-09,2.6616,2.6882,2.6616,2.6858,111826852,1.2092679811516351
2016-08-10,2.687,2.6882,2.6761,2.6797,133866547,1.2092679811516351
2016-08-11,2.6797,2.7281,2.6749,2.6882,262615365,1.2092679811516351
2016-08-12,2.6882,2.7487,2.687,2.7475,297461695,1.2092679811516351
2016-08-15,2.7523,2.8635,2.7487,2.8249,541252737,1.2092679811516351
2016-08-16,2.8297,2.8442,2.7862,2.7886,525962460,1.2092679811516351
2016-08-17,2.791,2.8067,2.7704,2.7813,231496983,1.2092679811516351
2016-08-18,2.7825,2.8079,2.7608,2.7692,228985110,1.2092679811516351
2016-08-19,2.768,2.7874,2.7583,2.7825,155968567,1.2092679811516351
2016-08-22,2.7813,2.7862,2.7608,2.7656,150054174,1.2092679811516351
2016-08-23,2.7668,2.7898,2.7595,2.7692,234044705,1.2092679811516351
2016-08-24,2.7716,2.7825,2.7499,2.7571,209121600,1.2092679811516351
2016-08-25,2.7511,2.7511,2.7257,2.7438,186907855,1.2092679811516351
2016-08-26,2.7475,2.7595,2.739,2.7414,154901802,1.2092679811516351
2016-08-29,2.7414,2.7438,2.7257,2.739,119658902,1.2092679811516351
2016-08-30,2.7402,2.7595,2.7402,2.7523,148651762,1.2092679811516351
2016-08-31,2.7511,2.768,2.745,2.762,194218899,1.2092679811516351
2016-09-01,2.762,2.7644,2.7414,2.7426,133114876,1.2092679811516351
2016-09-02,2.7426,2.7571,2.739,2.7559,171101501,1.2092679811516351
2016-09-05,2.7583,2.7765,2.7547,2.7571,171372220,1.2092679811516351
2016-09-06,2.7571,2.7753,2.7414,2.7644,169287934,1.2092679811516351
2016-09-07,2.7644,2.7813,2.7632,2.7692,293816118,1.2092679811516351
2016-09-08,2.7656,2.7716,2.762,2.7692,119199492,1.2092679811516351
2016-09-09,2.7668,2.7729,2.7511,2.7571,108119678,1.2092679811516351
2016-09-12,2.7172,2.7269,2.6967,2.7209,345482671,1.2092679811516351
2016-09-13,2.7184,2.7209,2.7063,2.7112,142401487,1.2092679811516351
2016-09-14,2.7015,2.7063,2.6906,2.6955,150699821,1.2092679811516351
2016-09-19,2.6955,2.7148,2.6942,2.7112,106391138,1.2092679811516351
2016-09-20,2.71,2.7124,2.7015,2.7076,80457042,1.2092679811516351
2016-09-21,2.7051,2.7148,2.7039,2.7124,110712222,1.2092679811516351
2016-09-22,2.7196,2.7402,2.7184,2.7269,140573426,1.2092679811516351
2016-09-23,2.7269,2.7305,2.7184,2.7196,104278049,1.2092679811516351
2016-09-26,2.7148,2.716,2.6846,2.687,217005517,1.2092679811516351
2016-09-27,2.6846,2.7015,2.6834,2.6955,98802948,1.2092679811516351
2016-09-28,2.6979,2.6991,2.6822,2.6834,119564736,1.2092679811516351
2016-09-29,2.6894,2.7076,2.6894,2.6967,101006407,1.2092679811516351
2016-09-30,2.6906,2.7063,2.6906,2.7027,127490513,1.2092679811516351
2016-10-10,2.716,2.7414,2.7124,2.7354,114135834,1.2092679811516351
2016-10-11,2.7354,2.7426,2.7305,2.739,133111593,1.2092679811516351
2016-10-12,2.7329,2.7342,2.7257,2.7293,103010776,1.2092679811516351
2016-10-13,2.7257,2.7366,2.7257,2.7293,78409711,1.2092679811516351
2016-10-14,2.7293,2.7462,2.7221,2.7402,114417097,1.2092679811516351
2016-10-17,2.7438,2.7438,2.716,2.7209,121543726,1.2092679811516351
2016-10-18,2.7172,2.762,2.716,2.7595,168908806,1.2092679811516351
2016-10-19,2.7595,2.7668,2.7523,2.7559,110999220,1.2092679811516351
2016-10-20,2.7547,2.7632,2.7523,2.7571,103505157,1.2092679811516351
2016-10-21,2.7571,2.7837,2.7511,2.7753,177779758,1.2092679811516351
2016-10-24,2.7741,2.8333,2.7741,2.8103,389317813,1.2092679811516351
2016-10-25,2.8115,2.8152,2.7995,2.8043,246338165,1.2092679811516351
2016-10-26,2.8043,2.8079,2.7922,2.7946,193467973,1.2092679811516351
2016-10-27,2.7934,2.7946,2.7813,2.7874,173905425,1.2092679811516351
2016-10-28,2.7874,2.8164,2.7874,2.7898,302805617,1.2092679811516351
2016-10-31,2.7886,2.7898,2.768,2.7874,124029244,1.2092679811516351
2016-11-01,2.7862,2.8007,2.7825,2.8007,139990634,1.2092679811516351
2016-11-02,2.7946,2.7958,2.7789,2.7813,145924960,1.2092679811516351
2016-11-03,2.7777,2.8285,2.7741,2.814,259471220,1.2092679811516351
2016-11-04,2.8115,2.8285,2.8067,2.8103,131030535,1.2092679811516351
2016-11-07,2.8103,2.8224,2.8067,2.8176,94344316,1.2092679811516351
2016-11-08,2.8249,2.843,2.8176,2.8273,145871821,1.2092679811516351
2016-11-09,2.8261,2.8261,2.7801,2.8055,262233854,1.2092679811516351
2016-11-10,2.82,2.843,2.82,2.8345,174295884,1.2092679811516351
2016-11-11,2.8285,2.8672,2.8261,2.8575,359148592,1.2092679811516351
2016-11-14,2.8515,2.8962,2.849,2.8708,328432167,1.2092679811516351
2016-11-15,2.866,2.8708,2.8551,2.8611,133944667,1.2092679811516351
2016-11-16,2.8623,2.866,2.8515,2.8551,134915821,1.2092679811516351
2016-11-17,2.8539,2.866,2.8418,2.8648,125276010,1.2092679811516351
2016-11-18,2.866,2.8756,2.8515,2.8575,143797100,1.2092679811516351
2016-11-21,2.8527,2.9095,2.8527,2.8902,317160310,1.2092679811516351
2016-11-22,2.8877,2.9168,2.8865,2.9119,266951309,1.2092679811516351
2016-11-23,2.9131,2.9397,2.9071,2.9204,215415497,1.2092679811516351
2016-11-24,2.9155,2.9458,2.9131,2.9325,214452869,1.2092679811516351
2016-11-25,2.9325,2.9663,2.9143,2.9639,279737507,1.2092679811516351
2016-11-28,2.9748,3.005,2.9688,2.9748,269426311,1.2092679811516351
2016-11-29,2.9699,3.0391,2.9612,3.023,343098193,1.2358949869684348
2016-11-30,3.0143,3.0267,2.9797,2.9896,557195963,1.2358949869684348
2016-12-01,2.9958,3.0279,2.9884,3.0069,345810322,1.2358949869684348
2016-12-02,3.0057,3.0069,2.9699,2.9859,359834282,1.2358949869684348
2016-12-05,2.9563,2.9575,2.9217,2.9328,455702257,1.2358949869684348
2016-12-06,2.9315,2.9451,2.9254,2.9266,203386391,1.2358949869684348
2016-12-07,2.9266,2.9365,2.9179,2.9353,210462691,1.2358949869684348
2016-12-08,2.9402,2.9513,2.9353,2.9414,230304569,1.2358949869684348
2016-12-09,2.939,2.9921,2.9315,2.9822,362651828,1.2358949869684348
2016-12-12,2.981,2.9983,2.9241,2.9488,593485909,1.2358949869684348
2016-12-13,2.9377,2.9439,2.9167,2.9303,347867203,1.2358949869684348
2016-12-14,2.9315,2.9476,2.9155,2.9167,254149755,1.2358949869684348
2016-12-15,2.9081,2.9105,2.8092,2.8524,408180364,1.2358949869684348
2016-12-16,2.8512,2.8636,2.8426,2.8438,206936020,1.2358949869684348
2016-12-19,2.8413,2.8487,2.8277,2.8339,202730064,1.2358949869684348
2016-12-20,2.8339,2.8376,2.7968,2.8191,218108204,1.2358949869684348
2016-12-21,2.8228,2.8512,2.8228,2.8401,328875026,1.2358949869684348
2016-12-22,2.8389,2.8413,2.8203,2.8327,129338051,1.2358949869684348
2016-12-23,2.8302,2.8339,2.8092,2.8166,158992561,1.2358949869684348
2016-12-26,2.8005,2.8438,2.7882,2.8401,300514373,1.2358949869684348
2016-12-27,2.8389,2.8475,2.8265,2.829,182939286,1.2358949869684348
2016-12-28,2.8265,2.8339,2.808,2.8154,213765194,1.2358949869684348
2016-12-29,2.8117,2.8265,2.803,2.8154,214242165,1.2358949869684348
2016-12-30,2.8141,2.8302,2.8129,2.8265,238642744,1.2358949869684348
2017-01-03,2.824,2.8599,2.824,2.8512,271643243,1.2358949869684348
2017-01-04,2.8475,2.8735,2.8475,2.8735,224378029,1.2358949869684348
2017-01-05,2.871,2.8772,2.8636,2.8697,165305262,1.2358949869684348
2017-01-06,2.8697,2.8747,2.8574,2.8599,109326029,1.2358949869684348
2017-01-09,2.8574,2.8722,2.8524,2.866,146019112,1.2358949869684348
2017-01-10,2.8611,2.8697,2.8549,2.8586,118209140,1.2358949869684348
2017-01-11,2.8599,2.866,2.8438,2.8463,180403845,1.2358949869684348
2017-01-12,2.8438,2.8549,2.8364,2.8376,158176859,1.2358949869684348
2017-01-13,2.8364,2.8636,2.8339,2.8549,165297429,1.2358949869684348
2017-01-16,2.8524,2.8969,2.8253,2.8908,436829846,1.2358949869684348
2017-01-17,2.8784,2.8858,2.8697,2.8784,140162355,1.2358949869684348
2017-01-18,2.8772,2.9068,2.8772,2.8969,185974169,1.2358949869684348
2017-01-19,2.8932,2.9068,2.8821,2.8846,244188956,1.2358949869684348
2017-01-20,2.8858,2.9081,2.8846,2.9031,184440199,1.2358949869684348
2017-01-23,2.9044,2.9179,2.8957,2.9019,313908919,1.2358949869684348
2017-01-24,2.9031,2.9118,2.8982,2.9093,176930507,1.2358949869684348
2017-01-25,2.9056,2.9167,2.8982,2.913,164728609,1.2358949869684348
2017-01-26,2.9179,2.9315,2.9155,2.9241,196123092,1.2358949869684348
2017-02-03,2.9254,2.9291,2.8908,2.8945,145585265,1.2358949869684348
2017-02-06,2.8982,2.9056,2.8871,2.8957,154829919,1.2358949869684348
2017-02-07,2.8957,2.9006,2.8809,2.8858,140896042,1.2358949869684348
2017-02-08,2.8858,2.9031,2.8722,2.9019,168446497,1.2358949869684348
2017-02-09,2.9019,2.9229,2.8945,2.9093,233121295,1.2358949869684348
2017-02-10,2.9118,2.9315,2.9105,2.9241,273369430,1.2358949869684348
2017-02-13,2.9254,2.9427,2.9254,2.939,248831205,1.2358949869684348
2017-02-14,2.9377,2.9402,2.9254,2.9291,141567886,1.2358949869684348
2017-02-15,2.9291,2.9439,2.9266,2.9278,137721647,1.2358949869684348
2017-02-16,2.9278,2.9365,2.9241,2.9315,115787448,1.2358949869684348
2017-02-17,2.9353,2.9488,2.9167,2.9179,196865807,1.2358949869684348
2017-02-20,2.9192,2.9612,2.9192,2.96,404564398,1.2358949869684348
2017-02-21,2.96,2.9748,2.9538,2.9575,249471953,1.2358949869684348
2017-02-22,2.9575,2.9637,2.9513,2.9612,213783881,1.2358949869684348
2017-02-23,2.96,2.9661,2.9414,2.9501,148392431,1.2358949869684348
2017-02-24,2.9488,2.9488,2.934,2.9476,254494833,1.2358949869684348
2017-02-27,2.9451,2.9464,2.9204,2.9254,181920949,1.2358949869684348
2017-02-28,2.9241,2.9377,2.9192,2.9266,163251033,1.2358949869684348
2017-03-01,2.9291,2.9427,2.9241,2.9266,210357822,1.2358949869684348
2017-03-02,2.9328,2.9402,2.9056,2.9081,144382755,1.2358949869684348
2017-03-03,2.9044,2.9044,2.8908,2.8957,138267854,1.2358949869684348
2017-03-06,2.8969,2.9093,2.8932,2.9031,155925879,1.2358949869684348
2017-03-07,2.8994,2.9093,2.8982,2.9093,141233490,1.2358949869684348
2017-03-08,2.9081,2.9167,2.9031,2.9105,113125153,1.2358949869684348
2017-03-09,2.9056,2.9068,2.8821,2.8957,147752391,1.2358949869684348
2017-03-10,2.8932,2.8969,2.8858,2.8858,95025962,1.2358949869684348
2017-03-13,2.8846,2.9118,2.8759,2.9105,160616570,1.2358949869684348
2017-03-14,2.9105,2.913,2.9006,2.9056,77854552,1.2358949869684348
2017-03-15,2.9019,2.9105,2.8969,2.9093,103765394,1.2358949869684348
2017-03-16,2.9179,2.9365,2.9167,2.9278,188714094,1.2358949869684348
2017-03-17,2.9303,2.9315,2.8895,2.8957,217350473,1.2358949869684348
2017-03-20,2.9019,2.9081,2.8895,2.9006,99725292,1.2358949869684348
2017-03-21,2.9006,2.9105,2.8982,2.9081,187362276,1.2358949869684348
2017-03-22,2.8982,2.9031,2.8784,2.8871,218263156,1.2358949869684348
2017-03-23,2.8858,2.9081,2.8846,2.8969,136127111,1.2358949869684348
2017-03-24,2.8994,2.9303,2.8932,2.9217,194696569,1.2358949869684348
2017-03-27,2.9217,2.9377,2.9142,2.9167,174001481,1.2358949869684348
2017-03-28,2.9204,2.9241,2.9068,2.9093,167086477,1.2358949869684348
2017-03-29,2.9118,2.9179,2.9006,2.9068,139272831,1.2358949869684348
2017-03-30,2.9056,2.9118,2.8858,2.8957,265856784,1.2358949869684348
2017-03-31,2.8932,2.9142,2.8932,2.9118,171004321,1.2358949869684348
2017-04-05,2.9241,2.9451,2.9204,2.9439,185273134,1.2358949869684348
2017-04-06,2.9451,2.9538,2.9315,2.9464,282008877,1.2358949869684348
2017-04-07,2.9476,2.9538,2.9353,2.9464,154898368,1.2358949869684348
2017-04-10,2.9464,2.9513,2.9377,2.9377,129630597,1.2358949869684348
2017-04-11,2.934,2.9451,2.9093,2.939,257438802,1.2358949869684348
2017-04-12,2.9353,2.9439,2.9179,2.934,153067104,1.2358949869684348
2017-04-13,2.9291,2.9353,2.9229,2.9254,175656266,1.2358949869684348
2017-04-14,2.9241,2.9254,2.8982,2.9044,209691165,1.2358949869684348
2017-04-17,2.9019,2.9118,2.8883,2.9081,279426209,1.2358949869684348
2017-04-18,2.9044,2.9056,2.8871,2.8895,142334470,1.2358949869684348
2017-04-19,2.8833,2.8858,2.8586,2.8697,346528223,1.2358949869684348
2017-04-20,2.8673,2.8833,2.8673,2.8809,185190784,1.2358949869684348
2017-04-21,2.8821,2.8994,2.8796,2.8932,203121127,1.2358949869684348
2017-04-24,2.8945,2.8957,2.871,2.8871,248721410,1.2358949869684348
2017-04-25,2.8846,2.8969,2.8846,2.8945,174577987,1.2358949869684348
2017-04-26,2.8945,2.9118,2.8908,2.8908,228289491,1.2358949869684348
2017-04-27,2.8871,2.9006,2.8747,2.8969,154384913,1.2358949869684348
2017-04-28,2.8957,2.8969,2.8796,2.892,183458174,1.2358949869684348
2017-05-02,2.8895,2.8982,2.8821,2.8821,82025798,1.2358949869684348
2017-05-03,2.8821,2.8895,2.8722,2.8735,159410451,1.2358949869684348
2017-05-04,2.8722,2.8796,2.8599,2.8673,179265714,1.2358949869684348
2017-05-05,2.8636,2.8648,2.8376,2.8586,267101577,1.2358949869684348
2017-05-08,2.8512,2.8673,2.8401,2.8648,389083266,1.2358949869684348
2017-05-09,2.8574,2.866,2.8549,2.8611,145651477,1.2358949869684348
2017-05-10,2.8623,2.8821,2.8623,2.8685,256604888,1.2358949869684348
2017-05-11,2.8623,2.8883,2.8611,2.8846,292160613,1.2358949869684348
2017-05-12,2.8809,2.9291,2.8809,2.9291,547966983,1.2358949869684348
2017-05-15,2.934,2.9526,2.9315,2.934,180452589,1.2358949869684348
2017-05-16,2.9266,2.9402,2.9167,2.9402,187207728,1.2358949869684348
2017-05-17,2.9353,2.939,2.913,2.9142,157024842,1.2358949869684348
2017-05-18,2.9006,2.913,2.8969,2.9044,190121211,1.2358949869684348
2017-05-19,2.9031,2.913,2.9006,2.9105,139433123,1.2358949869684348
2017-05-22,2.9118,2.9377,2.9093,2.9328,271072201,1.2358949869684348
2017-05-23,2.9291,2.9711,2.9291,2.9699,489723691,1.2358949869684348
2017-05-24,2.9674,2.9736,2.9402,2.9649,283690113,1.2358949869684348
2017-05-25,2.9587,3.0613,2.9575,3.0527,458678947,1.2358949869684348
2017-05-26,3.0452,3.0663,3.0329,3.0477,204268710,1.2358949869684348
2017-05-31,3.0539,3.0897,3.0341,3.0588,242973035,1.2358949869684348
2017-06-01,3.0551,3.0811,3.0378,3.0774,188051876,1.2358949869684348
2017-06-02,3.0774,3.0823,3.0477,3.0527,208101994,1.2358949869684348
2017-06-05,3.0403,3.0514,3.0143,3.0181,223612954,1.2358949869684348
2017-06-06,3.0143,3.0428,3.0143,3.0366,259641198,1.2358949869684348
2017-06-07,3.0403,3.0774,3.0366,3.065,228706749,1.2358949869684348
2017-06-08,3.0625,3.0972,3.0539,3.091,250598150,1.2358949869684348
2017-06-09,3.0897,3.1305,3.0897,3.1107,335854876,1.2358949869684348
2017-06-12,3.1033,3.1404,3.0984,3.107,240050417,1.2358949869684348
2017-06-13,3.1021,3.107,3.0811,3.1046,225367263,1.2358949869684348
2017-06-14,3.1021,3.1021,3.0638,3.0675,286507921,1.2358949869684348
2017-06-15,3.0638,3.0761,3.0391,3.0465,341763876,1.2358949869684348
2017-06-16,3.0465,3.0613,3.0341,3.0403,242180063,1.2358949869684348
2017-06-19,3.0415,3.0885,3.0415,3.086,258861173,1.2358949869684348
2017-06-20,3.0897,3.0972,3.0625,3.0687,178760870,1.2358949869684348
2017-06-21,3.0873,3.1021,3.0601,3.1009,314425160,1.2358949869684348
2017-06-22,3.0947,3.1577,3.0811,3.1194,526239123,1.2358949869684348
2017-06-23,3.1132,3.1441,3.0996,3.1429,288116856,1.2358949869684348
2017-06-26,3.1441,3.1763,3.1416,3.1565,338375282,1.2358949869684348
2017-06-27,3.1515,3.1738,3.1404,3.1688,313123076,1.2358949869684348
2017-06-28,3.1614,3.1763,3.1478,3.1491,258574419,1.2358949869684348
2017-06-29,3.1528,3.1713,3.1441,3.1701,188914556,1.2358949869684348
2017-06-30,3.154,3.1688,3.1478,3.1614,179664471,1.2358949869684348
2017-07-03,3.1664,3.1676,3.1305,3.1429,176384655,1.2358949869684348
2017-07-04,3.1404,3.1466,3.112,3.1132,242204084,1.2358949869684348
2017-07-05,3.1132,3.1713,3.112,3.1676,245548173,1.2358949869684348
2017-07-06,3.1602,3.1861,3.1503,3.1725,215517415,1.2358949869684348
2017-07-07,3.1676,3.175,3.1528,3.1651,238047727,1.2358949869684348
2017-07-10,3.1627,3.1911,3.1565,3.1824,245710897,1.2358949869684348
2017-07-11,3.18,3.2442,3.1787,3.2183,374132073,1.2358949869684348
2017-07-12,3.2146,3.2578,3.1985,3.2096,330030316,1.2358949869684348
2017-07-13,3.2146,3.2615,3.2096,3.2603,317856711,1.2358949869684348
2017-07-14,3.2628,3.2949,3.2516,3.2937,248372460,1.2358949869684348
2017-07-17,3.2974,3.3431,3.2591,3.2986,741421246,1.2358949869684348
2017-07-18,3.2887,3.3122,3.2566,3.2862,501216693,1.2358949869684348
2017-07-19,3.2875,3.3406,3.2862,3.3394,413717813,1.2358949869684348
2017-07-20,3.3344,3.3505,3.3208,3.3493,431109086,1.2358949869684348
2017-07-21,3.3369,3.3419,3.3073,3.3122,372423635,1.2358949869684348
2017-07-24,3.3048,3.3493,3.3048,3.3369,311506410,1.2358949869684348
2017-07-25,3.3369,3.3493,3.3134,3.3159,374252478,1.2358949869684348
2017-07-26,3.3147,3.3431,3.2875,3.3085,460048131,1.2358949869684348
2017-07-27,3.3035,3.3184,3.2825,3.3085,233115920,1.2358949869684348
2017-07-28,3.3035,3.3196,3.2937,3.3122,161068264,1.2358949869684348
2017-07-31,3.3097,3.327,3.3011,3.3147,230753867,1.2358949869684348
2017-08-01,3.3171,3.3678,3.3134,3.3666,314403858,1.2358949869684348
2017-08-02,3.3678,3.3888,3.3616,3.3715,330842399,1.2358949869684348
2017-08-03,3.3666,3.3826,3.3233,3.3233,433976751,1.2358949869684348
2017-08-04,3.3208,3.3357,3.2998,3.3011,224558853,1.2358949869684348
2017-08-07,3.2961,3.3233,3.2862,3.311,193812021,1.2358949869684348
2017-08-08,3.311,3.3196,3.2949,3.3147,145122573,1.2358949869684348
2017-08-09,3.3097,3.3122,3.29,3.2924,203857942,1.2358949869684348
2017-08-10,3.2912,3.3147,3.2578,3.2813,347841237,1.2358949869684348
2017-08-11,3.2615,3.2714,3.2257,3.2294,327199901,1.2358949869684348
2017-08-14,3.2356,3.2677,3.2294,3.2566,342343730,1.2358949869684348
2017-08-15,3.2603,3.2974,3.2566,3.2764,352219318,1.2358949869684348
2017-08-16,3.2702,3.2739,3.2516,3.2628,177978171,1.2358949869684348
2017-08-17,3.2665,3.2813,3.2591,3.2776,142533558,1.2358949869684348
2017-08-18,3.2677,3.2998,3.264,3.2924,277155932,1.2358949869684348
2017-08-21,3.2949,3.311,3.2825,3.2912,230313435,1.2358949869684348
2017-08-22,3.2974,3.3246,3.2912,3.3233,399565654,1.2358949869684348
2017-08-23,3.3233,3.3629,3.3196,3.3468,303389092,1.2358949869684348
2017-08-24,3.348,3.3666,3.3246,3.3344,245009889,1.2358949869684348
2017-08-25,3.3332,3.4098,3.3307,3.4074,489901366,1.2358949869684348
2017-08-28,3.4172,3.4828,3.4172,3.4457,555476865,1.2358949869684348
2017-08-29,3.4432,3.4568,3.4321,3.4469,351996925,1.2358949869684348
2017-08-30,3.4457,3.4766,3.4247,3.4284,364944001,1.2358949869684348
2017-08-31,3.4333,3.4444,3.4024,3.4185,584238327,1.2358949869684348
2017-09-01,3.4172,3.442,3.4012,3.4111,404497028,1.2358949869684348
2017-09-04,3.4086,3.4185,3.3925,3.416,296871501,1.2358949869684348
2017-09-05,3.4148,3.4519,3.4148,3.4383,317520271,1.2358949869684348
2017-09-06,3.4296,3.4333,3.4074,3.416,309191976,1.2358949869684348
2017-09-07,3.4197,3.4259,3.3864,3.3901,267544288,1.2358949869684348
2017-09-08,3.3913,3.4024,3.374,3.3839,190675141,1.2358949869684348
2017-09-11,3.3913,3.4135,3.369,3.374,386435942,1.2358949869684348
2017-09-12,3.3802,3.3975,3.369,3.3938,378796132,1.2358949869684348
2017-09-13,3.3913,3.3938,3.374,3.3851,307060583,1.2358949869684348
2017-09-14,3.3864,3.3938,3.3555,3.3641,279469617,1.2358949869684348
2017-09-15,3.3629,3.3728,3.3505,3.3641,261055082,1.2358949869684348
2017-09-18,3.3666,3.395,3.3666,3.3728,319970691,1.2358949869684348
2017-09-19,3.3752,3.3839,3.3493,3.3616,309547000,1.2358949869684348
2017-09-20,3.3592,3.3703,3.3517,3.3579,221019452,1.2358949869684348
2017-09-21,3.3567,3.3901,3.3517,3.3715,276094952,1.2358949869684348
2017-09-22,3.3653,3.3826,3.3542,3.3728,274585065,1.2358949869684348
2017-09-25,3.3641,3.3777,3.3579,3.3728,344747300,1.2358949869684348
2017-09-26,3.3703,3.3802,3.3666,3.3752,248984480,1.2358949869684348
2017-09-27,3.374,3.374,3.3493,3.3505,648228100,1.2358949869684348
2017-09-28,3.3505,3.3567,3.3419,3.3555,265998872,1.2358949869684348
2017-09-29,3.3579,3.3802,3.3567,3.369,470840324,1.2358949869684348
2017-10-09,3.4457,3.4593,3.3901,3.3987,575367164,1.2358949869684348
2017-10-10,3.3975,3.416,3.3715,3.3938,595061455,1.2358949869684348
2017-10-11,3.395,3.421,3.3938,3.4135,333377202,1.2358949869684348
2017-10-12,3.4111,3.4321,3.4037,3.4271,203575404,1.2358949869684348
2017-10-13,3.4259,3.4296,3.4185,3.4247,161877110,1.2358949869684348
2017-10-16,3.4234,3.4519,3.4234,3.437,312720349,1.2358949869684348
2017-10-17,3.4358,3.4432,3.4259,3.4346,242466318,1.2358949869684348
2017-10-18,3.4346,3.4667,3.4321,3.463,673569832,1.2358949869684348
2017-10-19,3.4617,3.4692,3.4568,3.4679,327686441,1.2358949869684348
2017-10-20,3.4605,3.4605,3.4457,3.4481,182730139,1.2358949869684348
2017-10-23,3.4543,3.458,3.4395,3.4494,238330478,1.2358949869684348
2017-10-24,3.442,3.4766,3.442,3.4679,556614444,1.2358949869684348
2017-10-25,3.4667,3.4716,3.458,3.463,359967879,1.2358949869684348
2017-10-26,3.4704,3.5136,3.4654,3.4939,521254366,1.2358949869684348
2017-10-27,3.4939,3.552,3.4889,3.5507,333262936,1.2358949869684348
2017-10-30,3.5483,3.5544,3.5038,3.5359,520035030,1.2358949869684348
2017-10-31,3.5248,3.5248,3.5099,3.5235,218165928,1.2358949869684348
2017-11-01,3.5235,3.547,3.505,3.5124,378125364,1.2358949869684348
2017-11-02,3.5075,3.5198,3.4939,3.5186,410226675,1.2358949869684348
2017-11-03,3.5149,3.5285,3.4926,3.5235,551914902,1.2358949869684348
2017-11-06,3.5174,3.5198,3.4976,3.5136,285482550,1.2358949869684348
2017-11-07,3.5136,3.5631,3.5136,3.5532,621831860,1.2358949869684348
2017-11-08,3.552,3.5829,3.5433,3.552,571053240,1.2358949869684348
2017-11-09,3.5483,3.5668,3.5408,3.5656,426942919,1.2358949869684348
2017-11-10,3.5631,3.6113,3.5594,3.6063,637270253,1.2358949869684348
2017-11-13,3.61,3.6323,3.6063,3.6187,299033178,1.2358949869684348
2017-11-14,3.6199,3.6274,3.5965,3.6002,471873253,1.2358949869684348
2017-11-15,3.5915,3.6051,3.5792,3.5853,518571985,1.2358949869684348
2017-11-16,3.5779,3.6274,3.5754,3.6236,431172492,1.2358949869684348
2017-11-17,3.615,3.699,3.6125,3.6953,921008932,1.2358949869684348
2017-11-20,3.6793,3.7027,3.6496,3.7027,598059178,1.2358949869684348
2017-11-21,3.6891,3.7954,3.6842,3.7645,807246390,1.2358949869684348
2017-11-22,3.7757,3.8239,3.7645,3.7905,652107908,1.2358949869684348
2017-11-23,3.7843,3.8016,3.6681,3.6966,1010756587,1.2358949869684348
2017-11-24,3.6916,3.7126,3.662,3.6953,594197303,1.2358949869684348
2017-11-27,3.6867,3.6941,3.6323,3.6657,693788536,1.2358949869684348
2017-11-28,3.6619,3.6631,3.6203,3.6455,508575010,1.258813369281723
2017-11-29,3.6543,3.6694,3.5977,3.638,404488235,1.258813369281723
2017-11-30,3.6254,3.648,3.5876,3.5977,635741908,1.258813369281723
2017-12-01,3.6002,3.609,3.565,3.5725,463945591,1.258813369281723
2017-12-04,3.5599,3.6103,3.5499,3.5977,293800199,1.258813369281723
2017-12-05,3.5876,3.6757,3.5838,3.6606,892369859,1.258813369281723
2017-12-06,3.6493,3.6493,3.5788,3.6141,466055560,1.258813369281723
2017-12-07,3.6128,3.6216,3.5574,3.5801,597012135,1.258813369281723
2017-12-08,3.5738,3.6178,3.565,3.6065,489059588,1.258813369281723
2017-12-11,3.6065,3.6493,3.5952,3.648,387045892,1.258813369281723
2017-12-12,3.6455,3.6531,3.5813,3.5826,394161835,1.258813369281723
2017-12-13,3.5876,3.6229,3.57,3.6128,543399404,1.258813369281723
2017-12-14,3.6128,3.6229,3.5775,3.5876,456691339,1.258813369281723
2017-12-15,3.5788,3.5851,3.5423,3.5448,452294042,1.258813369281723
2017-12-18,3.5436,3.5788,3.5436,3.5599,456137110,1.258813369281723
2017-12-19,3.5612,3.6141,3.5599,3.6128,518890547,1.258813369281723
2017-12-20,3.6128,3.6317,3.6015,3.6203,407217149,1.258813369281723
2017-12-21,3.6128,3.6606,3.6002,3.6417,574287641,1.258813369281723
2017-12-22,3.6342,3.648,3.6178,3.6229,410117075,1.258813369281723
2017-12-25,3.6216,3.6682,3.6078,3.6203,504269783,1.258813369281723
2017-12-26,3.6216,3.6468,3.6078,3.6417,492768034,1.258813369281723
2017-12-27,3.6355,3.6417,3.5587,3.5675,858237684,1.258813369281723
2017-12-28,3.5725,3.6128,3.5612,3.5939,451675680,1.258813369281723
2017-12-29,3.5977,3.6178,3.5851,3.5977,274105661,1.258813369281723
2018-01-02,3.6052,3.6619,3.6027,3.6594,477697012,1.258813369281723
2018-01-03,3.6619,3.7072,3.6581,3.6657,570874297,1.258813369281723
2018-01-04,3.6669,3.6908,3.6619,3.6745,308413084,1.258813369281723
2018-01-05,3.677,3.6984,3.6707,3.6921,322008830,1.258813369281723
2018-01-08,3.6845,3.7148,3.682,3.7059,312553092,1.258813369281723
2018-01-09,3.7034,3.7387,3.7022,3.7387,309711243,1.258813369281723
2018-01-10,3.7349,3.7714,3.7261,3.7689,477905689,1.258813369281723
2018-01-11,3.7613,3.7827,3.75,3.7651,322739287,1.258813369281723
2018-01-12,3.7651,3.8016,3.7651,3.7991,318776174,1.258813369281723
2018-01-15,3.8029,3.8583,3.7991,3.8306,585266717,1.258813369281723
2018-01-16,3.8218,3.8583,3.8192,3.857,470250218,1.258813369281723
2018-01-17,3.857,3.9363,3.8457,3.8658,838391612,1.258813369281723
2018-01-18,3.8897,3.93,3.8797,3.9099,612352357,1.258813369281723
2018-01-19,3.9225,3.9527,3.8973,3.9187,767921220,1.258813369281723
2018-01-22,3.9061,3.9514,3.8923,3.9388,608078275,1.258813369281723
2018-01-23,3.9489,3.9967,3.9489,3.9942,935563894,1.258813369281723
2018-01-24,4.0081,4.0219,3.9602,3.993,849642627,1.258813369281723
2018-01-25,3.9841,3.9917,3.9288,3.9653,642486865,1.258813369281723
2018-01-26,3.959,4.0219,3.9539,3.9917,597438041,1.258813369281723
2018-01-29,4.0043,4.0194,3.9061,3.9199,741525838,1.258813369281723
2018-01-30,3.9099,3.9325,3.8671,3.8709,450105801,1.258813369281723
2018-01-31,3.857,3.9237,3.8545,3.9187,573769304,1.258813369281723
2018-02-01,3.9212,3.9476,3.8973,3.9451,701066553,1.258813369281723
2018-02-02,3.9149,3.9627,3.8721,3.959,729215706,1.258813369281723
2018-02-05,3.9099,4.0043,3.9011,4.003,826498116,1.258813369281723
2018-02-06,3.9413,3.9602,3.8885,3.9149,1729886045,1.258813369281723
2018-02-07,3.9552,3.9804,3.7928,3.8054,1388927408,1.258813369281723
2018-02-08,3.7764,3.7966,3.6594,3.6997,1206013478,1.258813369281723
2018-02-09,3.5889,3.6229,3.4152,3.5285,1848601312,1.258813369281723
2018-02-12,3.5259,3.5524,3.4869,3.5247,782889674,1.258813369281723
2018-02-13,3.5612,3.6304,3.5599,3.5851,603550338,1.258813369281723
2018-02-14,3.5952,3.6166,3.5713,3.6078,259654865,1.258813369281723
2018-02-22,3.6594,3.6997,3.643,3.682,363241017,1.258813369281723
2018-02-23,3.6934,3.7286,3.6808,3.7198,351074427,1.258813369281723
2018-02-26,3.7387,3.7626,3.6845,3.7324,651191347,1.258813369281723
2018-02-27,3.7425,3.7462,3.6657,3.6757,638534203,1.258813369281723
2018-02-28,3.648,3.6531,3.5977,3.6141,604360811,1.258813369281723
2018-03-01,3.5901,3.6556,3.5864,3.6304,450512759,1.258813369281723
2018-03-02,3.6027,3.6304,3.5826,3.5952,342488511,1.258813369281723
2018-03-05,3.5977,3.6367,3.5713,3.5939,484453943,1.258813369281723
2018-03-06,3.6191,3.6367,3.5624,3.6355,532161449,1.258813369281723
2018-03-07,3.6355,3.672,3.5989,3.6141,692903517,1.258813369281723
2018-03-08,3.6166,3.648,3.6002,3.6417,338225401,1.258813369281723
2018-03-09,3.6506,3.6669,3.6317,3.6543,415786355,1.258813369281723
2018-03-12,3.6707,3.6795,3.643,3.6569,524250859,1.258813369281723
2018-03-13,3.6581,3.6707,3.6115,3.6166,611026319,1.258813369281723
2018-03-14,3.6052,3.6178,3.5914,3.604,307910846,1.258813369281723
2018-03-15,3.5952,3.6392,3.5901,3.638,332744795,1.258813369281723
2018-03-16,3.6392,3.6569,3.6015,3.6027,429644043,1.258813369281723
2018-03-19,3.604,3.6417,3.5876,3.6405,418328198,1.258813369281723
2018-03-20,3.6203,3.6518,3.6141,3.6443,309561253,1.258813369281723
2018-03-21,3.6757,3.6808,3.6141,3.6304,438675217,1.258813369281723
2018-03-22,3.6317,3.648,3.5775,3.5964,446799997,1.258813369281723
2018-03-23,3.4995,3.5171,3.4529,3.5008,657713836,1.258813369281723
2018-03-26,3.4794,3.4844,3.4013,3.4416,615811633,1.258813369281723
2018-03-27,3.4806,3.4919,3.4202,3.4479,594417612,1.258813369281723
2018-03-28,3.4114,3.4491,3.3711,3.3837,680253180,1.258813369281723
2018-03-29,3.3887,3.4655,3.3371,3.4416,705585541,1.258813369281723
2018-03-30,3.4403,3.4429,3.4089,3.4152,519739819,1.258813369281723
2018-04-02,3.4114,3.463,3.3925,3.4013,570173005,1.258813369281723
2018-04-03,3.3761,3.4089,3.3686,3.39,412658967,1.258813369281723
2018-04-04,3.4013,3.4303,3.3837,3.3912,426019022,1.258813369281723
2018-04-09,3.3963,3.4189,3.3774,3.4126,445749735,1.258813369281723
2018-04-10,3.4152,3.4945,3.4051,3.4932,698182792,1.258813369281723
2018-04-11,3.4932,3.5184,3.4756,3.4932,702535327,1.258813369281723
2018-04-12,3.4932,3.497,3.4491,3.4517,462988709,1.258813369281723
2018-04-13,3.468,3.4794,3.4164,3.4202,438486254,1.258813369281723
2018-04-16,3.4089,3.4215,3.3359,3.3421,686090525,1.258813369281723
2018-04-17,3.3497,3.3711,3.3006,3.3056,742739670,1.258813369281723
2018-04-18,3.3459,3.351,3.2956,3.327,833165288,1.258813369281723
2018-04-19,3.3384,3.3837,3.3308,3.3686,548797150,1.258813369281723
2018-04-20,3.3547,3.3648,3.3031,3.3195,732609220,1.258813369281723
2018-04-23,3.3044,3.3547,3.3044,3.3459,583220768,1.258813369281723
2018-04-24,3.3522,3.4391,3.3522,3.4215,1036373400,1.258813369281723
2018-04-25,3.4026,3.4139,3.3862,3.39,576526197,1.258813369281723
2018-04-26,3.4038,3.4126,3.3283,3.3421,512949185,1.258813369281723
2018-04-27,3.3547,3.3585,3.2767,3.3258,826336630,1.258813369281723
2018-05-02,3.3384,3.351,3.3094,3.3308,525424412,1.258813369281723
2018-05-03,3.322,3.356,3.2943,3.3409,499165604,1.258813369281723
2018-05-04,3.3333,3.3497,3.3132,3.3157,424955968,1.258813369281723
2018-05-07,3.3258,3.3724,3.3082,3.3661,561054257,1.258813369281723
2018-05-08,3.3673,3.4328,3.3648,3.4164,780850730,1.258813369281723
2018-05-09,3.4139,3.4202,3.395,3.4126,348634432,1.258813369281723
2018-05-10,3.4189,3.4416,3.4013,3.4277,521580369,1.258813369281723
2018-05-11,3.4353,3.4403,3.4152,3.4189,410360233,1.258813369281723
2018-05-14,3.4303,3.4668,3.4303,3.4554,567599142,1.258813369281723
2018-05-15,3.4643,3.4668,3.4265,3.4491,396704066,1.258813369281723
2018-05-16,3.4391,3.4429,3.4013,3.4051,678681505,1.258813369281723
2018-05-17,3.4126,3.4177,3.3837,3.3849,366116950,1.258813369281723
2018-05-18,3.3862,3.4416,3.3761,3.4403,653961477,1.258813369281723
2018-05-21,3.463,3.4718,3.434,3.4441,671915295,1.258813369281723
2018-05-22,3.4441,3.4454,3.3988,3.4202,609091559,1.258813369281723
2018-05-23,3.4126,3.4126,3.361,3.3635,787236155,1.258813369281723
2018-05-24,3.3648,3.3774,3.3409,3.3421,334519522,1.258813369281723
2018-05-25,3.3459,3.3673,3.3283,3.3409,361552052,1.258813369281723
2018-05-28,3.3459,3.3736,3.3333,3.3585,534919871,1.258813369281723
2018-05-29,3.356,3.3623,3.317,3.3421,528008132,1.258813369281723
2018-05-30,3.3119,3.3132,3.2729,3.2742,609194736,1.258813369281723
2018-05-31,3.2981,3.3447,3.2943,3.3371,513940884,1.258813369281723
2018-06-01,3.3283,3.3459,3.3132,3.327,343515815,1.258813369281723
2018-06-04,3.3447,3.3849,3.3333,3.3812,492216145,1.258813369281723
2018-06-05,3.3799,3.4026,3.3648,3.3938,371805052,1.258813369281723
2018-06-06,3.3887,3.3925,3.3761,3.3812,274974197,1.258813369281723
2018-06-07,3.3938,3.4202,3.3875,3.3912,452097492,1.258813369281723
2018-06-08,3.3887,3.3887,3.3245,3.3384,447201474,1.258813369281723
2018-06-11,3.3308,3.3598,3.3207,3.3522,376837470,1.258813369281723
2018-06-12,3.3522,3.3938,3.3396,3.3837,496906815,1.258813369281723
2018-06-13,3.3774,3.3824,3.3573,3.3635,318187240,1.258813369281723
2018-06-14,3.3497,3.395,3.3497,3.3673,503593883,1.258813369281723
2018-06-15,3.3686,3.3862,3.3585,3.3711,436938078,1.258813369281723
2018-06-19,3.3421,3.351,3.2515,3.288,867108553,1.258813369281723
2018-06-20,3.2754,3.2993,3.2528,3.2855,473411288,1.258813369281723
2018-06-21,3.2868,3.3245,3.2616,3.2628,614492167,1.258813369281723
2018-06-22,3.254,3.2792,3.2364,3.2717,514507067,1.258813369281723
2018-06-25,3.2817,3.2905,3.2049,3.2075,545113043,1.258813369281723
2018-06-26,3.1924,3.1924,3.1256,3.1722,689694561,1.258813369281723
2018-06-27,3.1659,3.1848,3.0854,3.103,752661854,1.258813369281723
2018-06-28,3.0854,3.1219,3.0627,3.0728,468016423,1.258813369281723
2018-06-29,3.0854,3.147,3.0816,3.1407,573563438,1.258813369281723
2018-07-02,3.1344,3.1344,3.0048,3.0237,788283471,1.258813369281723
2018-07-03,3.0363,3.0426,2.9595,3.0337,749829769,1.258813369281723
2018-07-04,3.0262,3.0501,3.001,3.0086,427974871,1.258813369281723
2018-07-05,3.0086,3.0451,2.9846,3.0098,480674236,1.258813369281723
2018-07-06,3.0199,3.0778,2.9834,3.0526,749159142,1.258813369281723
2018-07-09,3.0665,3.1433,3.0652,3.142,610786106,1.258813369281723
2018-07-10,3.1407,3.1483,3.1118,3.1382,416367825,1.258813369281723
2018-07-11,3.0778,3.103,3.0577,3.0891,504294445,1.258813369281723
2018-07-12,3.0866,3.176,3.0866,3.1533,539826260,1.258813369281723
2018-07-13,3.1634,3.1684,3.1445,3.1584,334776399,1.258813369281723
2018-07-16,3.1571,3.1772,3.1193,3.1344,398141205,1.258813369281723
2018-07-17,3.1332,3.137,3.0954,3.1156,420874939,1.258813369281723
2018-07-18,3.1231,3.1533,3.0979,3.1005,562709840,1.258813369281723
2018-07-19,3.1143,3.147,3.1005,3.1143,396676268,1.258813369281723
2018-07-20,3.1143,3.2138,3.0866,3.1974,907777227,1.258813369281723
2018-07-23,3.181,3.2465,3.1785,3.2339,776137376,1.258813369281723
2018-07-24,3.2427,3.3056,3.2427,3.2855,665471379,1.258813369281723
2018-07-25,3.2968,3.2993,3.2704,3.2842,390885052,1.258813369281723
2018-07-26,3.2905,3.3044,3.2389,3.2414,379358365,1.258813369281723
2018-07-27,3.2414,3.2616,3.2263,3.2414,406461617,1.258813369281723
2018-07-30,3.2326,3.2855,3.2289,3.2566,554179899,1.258813369281723
2018-07-31,3.2528,3.2805,3.2389,3.2666,477061620,1.258813369281723
2018-08-01,3.2817,3.2993,3.1886,3.1936,628102705,1.258813369281723
2018-08-02,3.1823,3.1911,3.0967,3.1269,721197256,1.258813369281723
2018-08-03,3.1269,3.1458,3.0916,3.0929,449223512,1.258813369281723
2018-08-06,3.0942,3.1395,3.069,3.0904,610752393,1.258813369281723
2018-08-07,3.0992,3.1861,3.0904,3.1848,674778966,1.258813369281723
2018-08-08,3.1785,3.1848,3.1319,3.1395,504680345,1.258813369281723
2018-08-09,3.1294,3.2213,3.1256,3.2112,562950387,1.258813369281723
2018-08-10,3.2112,3.2314,3.1886,3.2112,530356297,1.258813369281723
2018-08-13,3.1835,3.1949,3.1344,3.1798,508858678,1.258813369281723
2018-08-14,3.176,3.1873,3.1496,3.1697,401333810,1.258813369281723
2018-08-15,3.1672,3.1672,3.0828,3.0891,520405387,1.258813369281723
2018-08-16,3.0602,3.1231,3.0325,3.0879,737608091,1.258813369281723
2018-08-17,3.1156,3.1193,3.0388,3.0463,622378515,1.258813369281723
2018-08-20,3.0551,3.0967,3.0438,3.0954,597188762,1.258813369281723
2018-08-21,3.0967,3.1596,3.0916,3.142,734320029,1.258813369281723
2018-08-22,3.1584,3.1584,3.1256,3.1458,571211615,1.258813369281723
2018-08-23,3.147,3.176,3.1244,3.1584,482829452,1.258813369281723
2018-08-24,3.147,3.2049,3.1282,3.176,460293248,1.258813369281723
2018-08-27,3.1898,3.2377,3.1848,3.2364,460496784,1.258813369281723
2018-08-28,3.2414,3.2515,3.2138,3.2226,290231114,1.258813369281723
2018-08-29,3.2188,3.2276,3.2087,3.2138,235411696,1.258813369281723
2018-08-30,3.2175,3.2352,3.1823,3.1898,342579006,1.258813369281723
2018-08-31,3.1596,3.1974,3.1508,3.1697,565830265,1.258813369281723
2018-09-03,3.1571,3.1722,3.137,3.1621,349966838,1.258813369281723
2018-09-04,3.1647,3.22,3.1458,3.21,587169878,1.258813369281723
2018-09-05,3.1936,3.2012,3.1282,3.1307,616296250,1.258813369281723
2018-09-06,3.1269,3.1496,3.0942,3.1042,445022413,1.258813369281723
2018-09-07,3.1143,3.1596,3.1042,3.1357,472138295,1.258813369281723
2018-09-10,3.1282,3.1407,3.1017,3.1042,547395925,1.258813369281723
2018-09-11,3.1017,3.1168,3.0715,3.0828,748356209,1.258813369281723
2018-09-12,3.0765,3.0854,3.0539,3.0614,538663869,1.258813369281723
2018-09-13,3.0992,3.1105,3.064,3.1042,719113453,1.258813369281723
2018-09-14,3.108,3.1294,3.0967,3.1156,477495105,1.258813369281723
2018-09-17,3.0967,3.108,3.0828,3.0866,358750701,1.258813369281723
2018-09-18,3.0765,3.1659,3.0728,3.1634,625716566,1.258813369281723
2018-09-19,3.1558,3.2188,3.1496,3.1949,1134662770,1.258813369281723
2018-09-20,3.1986,3.2163,3.1911,3.1986,563091483,1.258813369281723
2018-09-21,3.2049,3.3195,3.1974,3.3132,1252601911,1.258813369281723
2018-09-25,3.2742,3.288,3.2603,3.2729,879392109,1.258813369281723
2018-09-26,3.283,3.3547,3.2817,3.3207,1250934054,1.258813369281723
2018-09-27,3.3107,3.322,3.2931,3.3082,709197260,1.258813369281723
2018-09-28,3.3157,3.3661,3.3157,3.3472,935788393,1.258813369281723
2018-10-08,3.2729,3.2855,3.1848,3.1886,1381296013,1.258813369281723
2018-10-09,3.1924,3.2213,3.181,3.2037,685726992,1.258813369281723
2018-10-10,3.2075,3.2339,3.1747,3.2037,923727540,1.258813369281723
2018-10-11,3.103,3.1433,3.04,3.0702,1720144797,1.258813369281723
2018-10-12,3.0791,3.1533,3.074,3.1395,1191445090,1.258813369281723
2018-10-15,3.1445,3.1458,3.0954,3.1005,711162797,1.258813369281723
2018-10-16,3.1042,3.1596,3.0879,3.1055,1028953987,1.258813369281723
2018-10-17,3.1458,3.1546,3.0602,3.1181,1509539747,1.258813369281723
2018-10-18,3.0967,3.1017,3.0426,3.0451,856099287,1.258813369281723
2018-10-19,3.0186,3.147,3.0136,3.1357,1407597770,1.258813369281723
2018-10-22,3.1848,3.2993,3.1609,3.2717,2173907449,1.258813369281723
2018-10-23,3.2628,3.2717,3.1445,3.1609,1742997572,1.258813369281723
2018-10-24,3.1546,3.2465,3.1546,3.1785,1711930721,1.258813369281723
2018-10-25,3.1093,3.1936,3.0979,3.1861,1073078521,1.258813369281723
2018-10-26,3.1936,3.21,3.137,3.1672,915634076,1.258813369281723
2018-10-29,3.1596,3.1785,3.0476,3.0602,1305305726,1.258813369281723
2018-10-30,3.0514,3.142,3.0488,3.1005,1395994824,1.258813369281723
2018-10-31,3.1118,3.1571,3.0942,3.142,1128913271,1.258813369281723
2018-11-01,3.1722,3.2075,3.1496,3.1558,1097287485,1.258813369281723
2018-11-02,3.2352,3.2679,3.1924,3.2654,1720034522,1.258813369281723
2018-11-05,3.2389,3.2389,3.1961,3.22,750637426,1.258813369281723
2018-11-06,3.2138,3.22,3.181,3.2049,727151239,1.258813369281723
2018-11-07,3.21,3.2364,3.1772,3.1823,752480172,1.258813369281723
2018-11-08,3.2112,3.2238,3.1848,3.1936,657737637,1.258813369281723
2018-11-09,3.1722,3.1722,3.1219,3.1219,1244108931,1.258813369281723
2018-11-12,3.1181,3.1407,3.1055,3.1344,760810324,1.258813369281723
2018-11-13,3.0979,3.1772,3.0942,3.1584,930177652,1.258813369281723
2018-11-14,3.1558,3.1571,3.1105,3.1156,673156650,1.258813369281723
2018-11-15,3.1156,3.1546,3.1143,3.1533,663693258,1.258813369281723
2018-11-16,3.1546,3.1848,3.1332,3.1558,865175374,1.258813369281723
2018-11-19,3.1609,3.1974,3.1609,3.1974,882122136,1.258813369281723
2018-11-20,3.176,3.1873,3.1357,3.1445,745093907,1.258813369281723
2018-11-21,3.1219,3.1508,3.1168,3.1433,675945054,1.258813369281723
2018-11-22,3.1483,3.1521,3.1093,3.1256,603705721,1.258813369281723
2018-11-23,3.1244,3.1332,3.069,3.074,755789130,1.258813369281723
2018-11-26,3.0879,3.1093,3.0677,3.0841,917185216,1.258813369281723
2018-11-27,3.0879,3.0992,3.0614,3.0702,792300029,1.258813369281723
2018-11-28,3.0715,3.1118,3.0702,3.1042,923785222,1.258813369281723
2018-11-29,3.1206,3.1294,3.0854,3.0879,509437704,1.258813369281723
2018-11-30,3.0841,3.1206,3.0816,3.1143,630339499,1.258813369281723
2018-12-03,3.1978,3.2029,3.1631,3.1875,742989187,1.284249185815663
2018-12-04,3.1875,3.2055,3.1785,3.1978,516692455,1.284249185815663
2018-12-05,3.167,3.1965,3.1644,3.1837,643724257,1.284249185815663
2018-12-06,3.1528,3.1593,3.122,3.1246,1032601649,1.284249185815663
2018-12-07,3.1336,3.1374,3.1143,3.1143,701526423,1.284249185815663
2018-12-10,3.0976,3.113,3.0796,3.0925,816643914,1.284249185815663
2018-12-11,3.0925,3.104,3.0873,3.0989,718079777,1.284249185815663
2018-12-12,3.1182,3.122,3.0976,3.1066,621019924,1.284249185815663
2018-12-13,3.1092,3.1644,3.1092,3.1503,895802476,1.284249185815663
2018-12-14,3.14,3.14,3.1105,3.1117,604436766,1.284249185815663
2018-12-17,3.1053,3.1182,3.0912,3.1079,959718517,1.284249185815663
2018-12-18,3.0925,3.1117,3.0642,3.0706,815781227,1.284249185815663
2018-12-19,3.0745,3.0796,3.0295,3.0372,679428965,1.284249185815663
2018-12-20,3.0308,3.0424,2.9692,2.9936,888966224,1.284249185815663
2018-12-21,2.982,2.9859,2.9319,2.9563,796032229,1.284249185815663
2018-12-24,2.9396,2.9666,2.9294,2.9589,819904426,1.284249185815663
2018-12-25,2.9319,2.9615,2.8908,2.9435,1670367488,1.284249185815663
2018-12-26,2.9396,2.9499,2.9165,2.9217,1151572234,1.284249185815663
2018-12-27,2.9589,2.9653,2.9127,2.9217,693608954,1.284249185815663
2018-12-28,2.9242,2.9576,2.9204,2.9358,950515186,1.284249185815663
2019-01-02,2.9422,2.9461,2.8844,2.896,757076490,1.284249185815663
2019-01-03,2.896,2.9332,2.8896,2.9037,623733184,1.284249185815663
2019-01-04,2.887,2.9692,2.8844,2.9666,1094084985,1.284249185815663
2019-01-07,2.9795,2.9859,2.9525,2.9628,589783489,1.284249185815663
2019-01-08,2.9628,2.9628,2.9461,2.9538,390830538,1.284249185815663
2019-01-09,2.9705,3.0218,2.9679,2.9859,1027410889,1.284249185815663
2019-01-10,2.9859,3.0051,2.9718,2.9897,541955927,1.284249185815663
2019-01-11,2.9936,3.0244,2.9897,3.0141,614010416,1.284249185815663
2019-01-14,3.0077,3.0128,2.9846,2.9859,435158841,1.284249185815663
2019-01-15,2.9923,3.0462,2.9897,3.0437,1155168237,1.284249185815663
2019-01-16,3.0411,3.0527,3.027,3.0488,477096226,1.284249185815663
2019-01-17,3.0539,3.0706,3.0334,3.0372,396594289,1.284249185815663
2019-01-18,3.0501,3.1002,3.0475,3.0938,625110481,1.284249185815663
2019-01-21,3.0912,3.1297,3.0899,3.113,536180315,1.284249185815663
2019-01-22,3.1117,3.1117,3.0694,3.0771,618466058,1.284249185815663
2019-01-23,3.0681,3.0925,3.0617,3.0719,550387686,1.284249185815663
2019-01-24,3.0758,3.0912,3.0527,3.0861,548431505,1.284249185815663
2019-01-25,3.0976,3.14,3.0912,3.1246,842665198,1.284249185815663
2019-01-28,3.1426,3.1657,3.1092,3.1207,463932676,1.284249185815663
2019-01-29,3.1156,3.1515,3.104,3.1438,578963955,1.284249185815663
2019-01-30,3.1271,3.1528,3.122,3.1297,451049530,1.284249185815663
2019-01-31,3.1426,3.1824,3.1374,3.1772,706825845,1.284249185815663
2019-02-01,3.1978,3.2029,3.1708,3.2003,507108860,1.284249185815663
2019-02-11,3.1875,3.2337,3.1785,3.2312,624269617,1.284249185815663
2019-02-12,3.2325,3.2479,3.2183,3.2414,414054900,1.284249185815663
2019-02-13,3.2427,3.3146,3.235,3.3018,700800792,1.284249185815663
2019-02-14,3.2941,3.3108,3.2838,3.2967,711301960,1.284249185815663
2019-02-15,3.2877,3.2902,3.217,3.2247,852506753,1.284249185815663
2019-02-18,3.2479,3.3044,3.2479,3.3018,1173911571,1.284249185815663
2019-02-19,3.3069,3.3442,3.2838,3.2967,1078871306,1.284249185815663
2019-02-20,3.3146,3.3236,3.2877,3.3095,491632735,1.284249185815663
2019-02-21,3.3069,3.3442,3.2851,3.2954,1024101132,1.284249185815663
2019-02-22,3.2902,3.3647,3.2697,3.3622,840918533,1.284249185815663
2019-02-25,3.3968,3.6331,3.3904,3.6164,1887359641,1.284249185815663
2019-02-26,3.5959,3.5959,3.4893,3.5034,1795176019,1.284249185815663
2019-02-27,3.5047,3.5728,3.4765,3.5137,1352810647,1.284249185815663
2019-02-28,3.5137,3.542,3.4983,3.5137,728176467,1.284249185815663
2019-03-01,3.5317,3.6036,3.5099,3.5985,1011650146,1.284249185815663
2019-03-04,3.6229,3.7205,3.5933,3.6152,1557076967,1.284249185815663
2019-03-05,3.6113,3.6242,3.5843,3.6126,893755703,1.284249185815663
2019-03-06,3.6113,3.637,3.5664,3.6216,1280907536,1.284249185815663
2019-03-07,3.61,3.6126,3.5394,3.5612,1088030446,1.284249185815663
2019-03-08,3.5009,3.5188,3.4302,3.4354,1144230752,1.284249185815663
2019-03-11,3.4328,3.4688,3.4097,3.4546,1044634372,1.284249185815663
2019-03-12,3.4867,3.524,3.4508,3.4688,1323173371,1.284249185815663
2019-03-13,3.4842,3.5099,3.4444,3.4752,1314682856,1.284249185815663
2019-03-14,3.4688,3.5137,3.4662,3.4803,1070505552,1.284249185815663
2019-03-15,3.4893,3.5535,3.4893,3.5188,1282166470,1.284249185815663
2019-03-18,3.5227,3.6139,3.5111,3.6113,1331152647,1.284249185815663
2019-03-19,3.6152,3.6319,3.5741,3.5831,822864510,1.284249185815663
2019-03-20,3.5753,3.6177,3.5574,3.5882,1051982052,1.284249185815663
2019-03-21,3.5946,3.6049,3.5715,3.5753,808093944,1.284249185815663
2019-03-22,3.5753,3.5933,3.5355,3.5664,740931037,1.284249185815663
2019-03-25,3.5163,3.5317,3.4649,3.47,1374166740,1.284249185815663
2019-03-26,3.4932,3.4983,3.4418,3.4572,892731016,1.284249185815663
2019-03-27,3.47,3.5099,3.4675,3.497,1045899947,1.284249185815663
2019-03-28,3.4842,3.5009,3.4559,3.4906,592513265,1.284249185815663
2019-03-29,3.5021,3.6357,3.5021,3.6203,1393717572,1.284249185815663
2019-04-01,3.6473,3.7179,3.6473,3.6909,1203807976,1.284249185815663
2019-04-02,3.6986,3.7102,3.6742,3.6884,915298260,1.284249185815663
2019-04-03,3.6691,3.7384,3.6601,3.7256,810614646,1.284249185815663
2019-04-04,3.7397,3.7821,3.7243,3.7744,756670685,1.284249185815663
2019-04-08,3.8014,3.845,3.7487,3.7795,934205562,1.284249185815663
2019-04-09,3.7847,3.8091,3.7616,3.7873,905129790,1.284249185815663
2019-04-10,3.7757,3.8296,3.7513,3.8065,1192674585,1.284249185815663
2019-04-11,3.8039,3.8348,3.7256,3.7397,789417527,1.284249185815663
2019-04-12,3.7269,3.7487,3.7115,3.732,751556277,1.284249185815663
2019-04-15,3.795,3.8296,3.7295,3.732,1331960262,1.284249185815663
2019-04-16,3.7218,3.8643,3.714,3.863,1392616244,1.284249185815663
2019-04-17,3.8605,3.881,3.8232,3.8489,1058154603,1.284249185815663
2019-04-18,3.8463,3.8553,3.8232,3.8361,607874723,1.284249185815663
2019-04-19,3.8489,3.8926,3.8142,3.8836,1520293034,1.284249185815663
2019-04-22,3.8887,3.8964,3.7783,3.7988,1459809379,1.284249185815663
2019-04-23,3.7885,3.8412,3.7885,3.8052,943950004,1.284249185815663
2019-04-24,3.8155,3.8296,3.7423,3.7988,1007245578,1.284249185815663
2019-04-25,3.7821,3.7988,3.7384,3.741,1239752641,1.284249185815663
2019-04-26,3.7243,3.7474,3.6935,3.6986,1162013435,1.284249185815663
2019-04-29,3.7089,3.7911,3.7076,3.7513,1022288318,1.284249185815663
2019-04-30,3.75,3.7731,3.7282,3.7603,682725625,1.284249185815663
2019-05-06,3.6473,3.6691,3.5343,3.5792,1954852008,1.284249185815663
2019-05-07,3.5959,3.6177,3.5471,3.5831,1206167605,1.284249185815663
2019-05-08,3.5253,3.5728,3.5137,3.5253,950339446,1.284249185815663
2019-05-09,3.5099,3.515,3.4277,3.4495,1232912318,1.284249185815663
2019-05-10,3.4906,3.5741,3.4405,3.5664,2599899959,1.284249185815663
2019-05-13,3.5253,3.5317,3.4919,3.4996,750804629,1.284249185815663
2019-05-14,3.4726,3.5265,3.4675,3.4777,1168621298,1.284249185815663
2019-05-15,3.5034,3.5702,3.5009,3.5509,1095432562,1.284249185815663
2019-05-16,3.5432,3.5664,3.533,3.5625,653211932,1.284249185815663
2019-05-17,3.5612,3.5676,3.4867,3.497,1374025325,1.284249185815663
2019-05-20,3.4867,3.5124,3.4444,3.4662,1307078120,1.284249185815663
2019-05-21,3.4688,3.5304,3.4662,3.4957,1445258776,1.284249185815663
2019-05-22,3.497,3.5034,3.4636,3.479,961271582,1.284249185815663
2019-05-23,3.4662,3.4752,3.4264,3.4379,824092521,1.284249185815663
2019-05-24,3.4495,3.4867,3.4431,3.4559,625547871,1.284249185815663
2019-05-27,3.4508,3.4996,3.4148,3.4855,798351730,1.284249185815663
2019-05-28,3.4829,3.533,3.4777,3.5099,1114518631,1.284249185815663
2019-05-29,3.4944,3.5638,3.488,3.5291,700003574,1.284249185815663
2019-05-30,3.5214,3.5265,3.4893,3.515,443490553,1.284249185815663
2019-05-31,3.5086,3.5445,3.4983,3.5034,453367859,1.284249185815663
2019-06-03,3.515,3.5471,3.4957,3.5188,629966450,1.284249185815663
2019-06-04,3.5176,3.5278,3.4842,3.4957,582347167,1.284249185815663
2019-06-05,3.5188,3.5278,3.4855,3.4906,526969478,1.284249185815663
2019-06-06,3.4932,3.5034,3.47,3.4726,459376939,1.284249185815663
2019-06-10,3.4906,3.5291,3.4803,3.5176,933096006,1.284249185815663
2019-06-11,3.5317,3.6177,3.5291,3.6139,1173800602,1.284249185815663
2019-06-12,3.6049,3.6075,3.5895,3.5985,569217724,1.284249185815663
2019-06-13,3.5946,3.6087,3.5664,3.5908,609471690,1.284249185815663
2019-06-14,3.5959,3.6203,3.5766,3.5831,451575822,1.284249185815663
2019-06-17,3.5805,3.6152,3.5805,3.5946,391323312,1.284249185815663
2019-06-18,3.5972,3.6113,3.5818,3.6087,475932968,1.284249185815663
2019-06-19,3.6974,3.7153,3.664,3.6678,821325143,1.284249185815663
2019-06-20,3.6652,3.8168,3.6652,3.7937,1734115287,1.284249185815663
2019-06-21,3.7937,3.8142,3.7795,3.7924,1140271568,1.284249185815663
2019-06-24,3.7924,3.8142,3.7808,3.8001,541740259,1.284249185815663
2019-06-25,3.7988,3.8001,3.7089,3.7487,1527385577,1.284249185815663
2019-06-26,3.7346,3.759,3.7256,3.7449,575624222,1.284249185815663
2019-06-27,3.7564,3.8078,3.7564,3.795,609819065,1.284249185815663
2019-06-28,3.7911,3.7924,3.7641,3.7911,742859610,1.284249185815663
2019-07-01,3.8527,3.8913,3.8463,3.8784,1321848424,1.284249185815663
2019-07-02,3.872,3.8797,3.8592,3.8733,450813091,1.284249185815663
2019-07-03,3.8617,3.8656,3.8232,3.8361,810184385,1.284249185815663
2019-07-04,3.8335,3.8502,3.8027,3.8219,711496284,1.284249185815663
2019-07-05,3.8181,3.8438,3.8078,3.8361,641184984,1.284249185815663
2019-07-08,3.8194,3.8194,3.7282,3.7551,775801425,1.284249185815663
2019-07-09,3.7513,3.768,3.7295,3.7423,566011936,1.284249185815663
2019-07-10,3.7577,3.7629,3.7256,3.7397,426533483,1.284249185815663
2019-07-11,3.7577,3.7924,3.7384,3.7526,512322071,1.284249185815663
2019-07-12,3.7487,3.7937,3.7462,3.7795,732078529,1.284249185815663
2019-07-15,3.7629,3.8078,3.7089,3.7783,962297719,1.284249185815663
2019-07-16,3.7744,3.7873,3.7539,3.7564,523155126,1.284249185815663
2019-07-17,3.7423,3.7667,3.7307,3.7449,380458175,1.284249185815663
2019-07-18,3.7346,3.7436,3.7218,3.7307,446754544,1.284249185815663
2019-07-19,3.7449,3.786,3.7449,3.7757,650914374,1.284249185815663
2019-07-22,3.7706,3.7873,3.7384,3.7526,667265511,1.284249185815663
2019-07-23,3.7551,3.7654,3.7436,3.7539,842527169,1.284249185815663
2019-07-24,3.7718,3.8117,3.7718,3.7911,1001807866,1.284249185815663
2019-07-25,3.7911,3.8245,3.786,3.8232,552814469,1.284249185815663
2019-07-26,3.8065,3.8386,3.8039,3.8296,416322973,1.284249185815663
2019-07-29,3.8258,3.8309,3.8104,3.8245,314517230,1.284249185815663
2019-07-30,3.8271,3.8553,3.8271,3.8373,397992194,1.284249185815663
2019-07-31,3.8245,3.8258,3.7937,3.8014,656064663,1.284249185815663
2019-08-01,3.7821,3.7962,3.7551,3.7693,502313891,1.284249185815663
2019-08-02,3.6948,3.7205,3.6909,3.7115,701454298,1.284249185815663
2019-08-05,3.6896,3.6935,3.6357,3.6408,752235247,1.284249185815663
2019-08-06,3.5792,3.6139,3.5522,3.6023,1169417735,1.284249185815663
2019-08-07,3.6113,3.6164,3.5831,3.5843,735060652,1.284249185815663
2019-08-08,3.6126,3.6408,3.61,3.6357,591657638,1.284249185815663
2019-08-09,3.6537,3.6575,3.6139,3.6216,313877075,1.284249185815663
2019-08-12,3.6331,3.6871,3.6319,3.6845,395812403,1.284249185815663
2019-08-13,3.6601,3.6704,3.6396,3.6473,320757995,1.284249185815663
2019-08-14,3.6922,3.6974,3.6575,3.6588,348221205,1.284249185815663
2019-08-15,3.6023,3.6781,3.5972,3.6704,506209923,1.284249185815663
2019-08-16,3.6781,3.714,3.6614,3.6858,435790890,1.284249185815663
2019-08-19,3.7102,3.7603,3.6896,3.759,557901864,1.284249185815663
2019-08-20,3.75,3.7629,3.7423,3.7513,443612444,1.284249185815663
2019-08-21,3.7487,3.7551,3.741,3.7487,268865193,1.284249185815663
2019-08-22,3.7539,3.7603,3.7333,3.7539,280942492,1.284249185815663
2019-08-23,3.7539,3.8142,3.75,3.8052,707421624,1.284249185815663
2019-08-26,3.7603,3.7667,3.7307,3.7423,796433834,1.284249185815663
2019-08-27,3.7616,3.8039,3.7577,3.768,741528430,1.284249185815663
2019-08-28,3.7551,3.7706,3.7346,3.7397,862573076,1.284249185815663
2019-08-29,3.7397,3.7449,3.7063,3.7256,488934957,1.284249185815663
2019-08-30,3.7539,3.7667,3.7243,3.7449,549481640,1.284249185815663
2019-09-02,3.7423,3.7873,3.7359,3.7757,408459484,1.284249185815663
2019-09-03,3.7757,3.7821,3.7577,3.7744,282452585,1.284249185815663
2019-09-04,3.7731,3.8219,3.7718,3.8181,479411457,1.284249185815663
2019-09-05,3.8361,3.9093,3.8361,3.8579,638513313,1.284249185815663
2019-09-06,3.8823,3.9028,3.8643,3.9003,452729840,1.284249185815663
2019-09-09,3.9298,3.9362,3.8874,3.8938,475055774,1.284249185815663
2019-09-10,3.8938,3.9067,3.8669,3.8797,641686275,1.284249185815663
2019-09-11,3.8926,3.8951,3.8502,3.8617,870649148,1.284249185815663
2019-09-12,3.8707,3.9208,3.8707,3.9131,495192595,1.284249185815663
2019-09-16,3.917,3.9221,3.8771,3.8964,411185136,1.284249185815663
2019-09-17,3.8861,3.8887,3.8219,3.8361,785906825,1.284249185815663
2019-09-18,3.845,3.8733,3.8438,3.8566,798078728,1.284249185815663
2019-09-19,3.8669,3.872,3.8386,3.8617,394183855,1.284249185815663
2019-09-20,3.8733,3.8784,3.8617,3.8694,383008067,1.284249185815663
2019-09-23,3.854,3.8566,3.8129,3.8283,556005523,1.284249185815663
2019-09-24,3.8309,3.8566,3.8258,3.8361,599430440,1.284249185815663
2019-09-25,3.8258,3.8412,3.8142,3.8232,632663748,1.284249185815663
2019-09-26,3.8361,3.8527,3.8194,3.8245,458625739,1.284249185815663
2019-09-27,3.8232,3.8309,3.8091,3.8245,338713027,1.284249185815663
2019-09-30,3.8206,3.8296,3.7808,3.7821,446730770,1.284249185815663
2019-10-08,3.7821,3.8348,3.7808,3.8117,600325910,1.284249185815663
2019-10-09,3.7988,3.8258,3.7795,3.8155,429870798,1.284249185815663
2019-10-10,3.8155,3.8425,3.8001,3.8361,295143504,1.284249185815663
2019-10-11,3.8515,3.9041,3.8438,3.8938,568682566,1.284249185815663
2019-10-14,3.9195,3.967,3.9105,3.9311,473974950,1.284249185815663
2019-10-15,3.9272,3.9401,3.9234,3.9324,265660905,1.284249185815663
2019-10-16,3.9349,3.9735,3.9105,3.9182,410241811,1.284249185815663
2019-10-17,3.9221,3.9414,3.9144,3.9285,339864184,1.284249185815663
2019-10-18,3.9362,3.9504,3.8643,3.8707,514196769,1.284249185815663
2019-10-21,3.8643,3.881,3.8527,3.8733,341373272,1.284249185815663
2019-10-22,3.8836,3.89,3.8605,3.8771,348624635,1.284249185815663
2019-10-23,3.8746,3.8861,3.8412,3.8527,435389558,1.284249185815663
2019-10-24,3.8579,3.8823,3.8438,3.863,380310479,1.284249185815663
2019-10-25,3.8579,3.8784,3.8296,3.8707,508151438,1.284249185815663
2019-10-28,3.8759,3.899,3.8656,3.8887,367472173,1.284249185815663
2019-10-29,3.8913,3.8913,3.872,3.8733,226378887,1.284249185815663
2019-10-30,3.8682,3.881,3.845,3.8515,295160213,1.284249185815663
2019-10-31,3.8617,3.8682,3.8476,3.8566,261958783,1.284249185815663
2019-11-01,3.8527,3.9208,3.845,3.9195,503862802,1.284249185815663
2019-11-04,3.9259,3.9452,3.9247,3.9414,438774470,1.284249185815663
2019-11-05,3.9414,4.003,3.9311,3.9632,657056870,1.284249185815663
2019-11-06,3.9555,3.9709,3.9439,3.9542,354006558,1.284249185815663
2019-11-07,3.9491,3.976,3.9414,3.9542,369210881,1.284249185815663
2019-11-08,3.9799,3.9825,3.9285,3.9298,354070792,1.284249185815663
2019-11-11,3.9118,3.9118,3.8643,3.8694,755956605,1.284249185815663
2019-11-12,3.8784,3.8849,3.854,3.8746,393558887,1.284249185815663
2019-11-13,3.8656,3.8797,3.854,3.872,321767703,1.284249185815663
2019-11-14,3.8759,3.8861,3.8669,3.8694,301451351,1.284249185815663
2019-11-15,3.8784,3.8849,3.854,3.8566,383950687,1.284249185815663
2019-11-18,3.8566,3.8977,3.8502,3.8874,356986400,1.284249185815663
2019-11-19,3.8836,3.9131,3.8771,3.9118,424623600,1.284249185815663
2019-11-20,3.9093,3.9093,3.8605,3.8694,357529500,1.284249185815663
2019-11-21,3.8566,3.8605,3.8373,3.8463,581601875,1.284249185815663
2019-11-22,3.8515,3.872,3.7975,3.8104,753554568,1.284249185815663
2019-11-25,3.8142,3.8489,3.8142,3.845,408473761,1.284249185815663
2019-11-26,3.8553,3.8656,3.8373,3.8438,572617114,1.284249185815663
2019-11-27,3.8412,3.8502,3.8232,3.8373,446469247,1.284249185815663
2019-11-28,3.8386,3.8489,3.8155,3.8245,342094174,1.284249185815663
2019-11-29,3.8142,3.8206,3.759,3.7731,757251811,1.284249185815663
2019-12-02,3.7783,3.7966,3.7757,3.781,286432479,1.30512767482754
2019-12-03,3.7731,3.7953,3.7522,3.794,272341338,1.30512767482754
2019-12-04,3.781,3.7888,3.7653,3.7862,250216259,1.30512767482754
2019-12-05,3.7953,3.8188,3.7953,3.8097,407737415,1.30512767482754
2019-12-06,3.8188,3.8332,3.811,3.8319,290401988,1.30512767482754
2019-12-09,3.8371,3.8397,3.8149,3.8253,355812374,1.30512767482754
2019-12-10,3.8162,3.8305,3.8123,3.8279,233462533,1.30512767482754
2019-12-11,3.841,3.8501,3.8227,3.8462,421521949,1.30512767482754
2019-12-12,3.8462,3.8527,3.8292,3.8332,347398169,1.30512767482754
2019-12-13,3.8671,3.9219,3.8671,3.9154,626228958,1.30512767482754
2019-12-16,3.9141,3.9154,3.8893,3.9062,739498409,1.30512767482754
2019-12-17,3.9076,3.9806,3.8997,3.948,693591337,1.30512767482754
2019-12-18,3.9428,3.965,3.9363,3.9376,485361758,1.30512767482754
2019-12-19,3.9428,3.9454,3.9232,3.9284,379325108,1.30512767482754
2019-12-20,3.931,3.9493,3.918,3.9219,472381515,1.30512767482754
2019-12-23,3.9193,3.9402,3.8828,3.888,553635111,1.30512767482754
2019-12-24,3.8893,3.9049,3.8828,3.8997,359686606,1.30512767482754
2019-12-25,3.8945,3.8958,3.8723,3.8893,497845498,1.30512767482754
2019-12-26,3.8893,3.9219,3.888,3.918,507531462,1.30512767482754
2019-12-27,3.9219,3.9676,3.918,3.9271,615384398,1.30512767482754
2019-12-30,3.9219,3.9911,3.9141,3.9819,571400064,1.30512767482754
2019-12-31,3.9754,3.9937,3.965,3.9911,434376711,1.30512767482754
2020-01-02,4.008,4.0459,4.0067,4.0211,515432997,1.30512767482754
2020-01-03,4.0302,4.0328,3.9989,4.0041,335949392,1.30512767482754
2020-01-06,3.9846,4.0224,3.9532,3.9806,584398594,1.30512767482754
2020-01-07,3.9885,4.012,3.9819,3.9963,396497844,1.30512767482754
2020-01-08,3.9806,3.9846,3.9467,3.9585,442180042,1.30512767482754
2020-01-09,3.9819,3.9976,3.9754,3.9898,310053452,1.30512767482754
2020-01-10,4.0028,4.008,3.9832,3.995,245525788,1.30512767482754
2020-01-13,3.9976,4.0211,3.9741,4.0198,361624037,1.30512767482754
2020-01-14,4.0263,4.0459,4.0054,4.0146,376813274,1.30512767482754
2020-01-15,4.0107,4.0185,3.9741,3.9754,409759623,1.30512767482754
2020-01-16,3.9872,3.9911,3.9506,3.9624,386871970,1.30512767482754
2020-01-17,3.9689,3.9976,3.9585,3.9702,569829948,1.30512767482754
2020-01-20,3.9885,3.9937,3.9741,3.9911,459768122,1.30512767482754
2020-01-21,3.9676,3.9715,3.9206,3.9245,574211412,1.30512767482754
2020-01-22,3.9154,3.9323,3.858,3.9232,737727346,1.30512767482754
2020-01-23,3.8919,3.8997,3.7901,3.8175,767631284,1.30512767482754
2020-02-03,3.5173,3.5943,3.4808,3.533,1562732580,1.30512767482754
2020-02-04,3.5434,3.6374,3.5369,3.6348,817873004,1.30512767482754
2020-02-05,3.6413,3.6844,3.6152,3.6557,674451001,1.30512767482754
2020-02-06,3.6713,3.7327,3.6544,3.7092,479625871,1.30512767482754
2020-02-07,3.6883,3.7092,3.6687,3.7079,382974745,1.30512767482754
2020-02-10,3.6765,3.7118,3.6674,3.7053,467001796,1.30512767482754
2020-02-11,3.717,3.7627,3.7105,3.7457,362941829,1.30512767482754
2020-02-12,3.7418,3.7679,3.7222,3.7627,266144903,1.30512767482754
2020-02-13,3.7627,3.7823,3.7353,3.7444,244340724,1.30512767482754
2020-02-14,3.734,3.7718,3.734,3.7653,329803160,1.30512767482754
2020-02-17,3.7692,3.8384,3.7666,3.8358,437866984,1.30512767482754
2020-02-18,3.8253,3.8279,3.7888,3.8018,360176674,1.30512767482754
2020-02-19,3.7966,3.8253,3.7914,3.8018,356549566,1.30512767482754
2020-02-20,3.8084,3.8762,3.7927,3.8723,684324337,1.30512767482754
2020-02-21,3.8567,3.8932,3.8488,3.8606,366806228,1.30512767482754
2020-02-24,3.8384,3.8449,3.7966,3.8162,438213959,1.30512767482754
2020-02-25,3.7783,3.7914,3.7353,3.7836,658357515,1.30512767482754
2020-02-26,3.7431,3.8097,3.734,3.777,713226475,1.30512767482754
2020-02-27,3.777,3.8031,3.7744,3.7823,381077635,1.30512767482754
2020-02-28,3.7196,3.7535,3.6622,3.6726,695878639,1.30512767482754
2020-03-02,3.6922,3.8044,3.6922,3.7836,570019408,1.30512767482754
2020-03-03,3.824,3.8384,3.7849,3.794,564810949,1.30512767482754
2020-03-04,3.7914,3.8371,3.7888,3.8358,394532331,1.30512767482754
2020-03-05,3.8567,3.9337,3.8449,3.9206,792807008,1.30512767482754
2020-03-06,3.8867,3.901,3.8501,3.8514,493335273,1.30512767482754
2020-03-09,3.7901,3.794,3.7274,3.734,786540298,1.30512767482754
2020-03-10,3.7327,3.8188,3.7079,3.7992,955126963,1.30512767482754
2020-03-11,3.7992,3.8058,3.7496,3.7509,546955787,1.30512767482754
2020-03-12,3.7131,3.7274,3.6752,3.7013,601465453,1.30512767482754
2020-03-13,3.5552,3.6778,3.5251,3.6491,859776185,1.30512767482754
2020-03-16,3.6348,3.6348,3.499,3.5069,728598617,1.30512767482754
2020-03-17,3.5238,3.5617,3.4233,3.4912,888395013,1.30512767482754
2020-03-18,3.5069,3.5408,3.4129,3.4168,766396589,1.30512767482754
2020-03-19,3.4051,3.4429,3.2693,3.3463,1166555611,1.30512767482754
2020-03-20,3.3724,3.4312,3.3568,3.4247,1075398984,1.30512767482754
2020-03-23,3.3163,3.3672,3.3098,3.332,763646843,1.30512767482754
2020-03-24,3.3933,3.4338,3.3698,3.4286,1016356174,1.30512767482754
2020-03-25,3.5069,3.5212,3.4821,3.5069,1196546927,1.30512767482754
2020-03-26,3.4808,3.5317,3.4742,3.4938,446033246,1.30512767482754
2020-03-27,3.5356,3.5565,3.5108,3.5134,519413847,1.30512767482754
2020-03-30,3.4703,3.5043,3.4612,3.4977,458744289,1.30512767482754
2020-03-31,3.5238,3.533,3.4847,3.4912,457193375,1.30512767482754
2020-04-01,3.486,3.5369,3.4795,3.486,478444952,1.30512767482754
2020-04-02,3.4664,3.5343,3.4612,3.5317,364541550,1.30512767482754
2020-04-03,3.5212,3.5343,3.5043,3.516,330872317,1.30512767482754
2020-04-07,3.576,3.5891,3.5643,3.58,424902768,1.30512767482754
2020-04-08,3.563,3.5774,3.5539,3.563,261926302,1.30512767482754
2020-04-09,3.576,3.5839,3.5695,3.5747,251002425,1.30512767482754
2020-04-10,3.5747,3.6191,3.5643,3.5734,425705171,1.30512767482754
2020-04-13,3.5643,3.5695,3.5486,3.5578,268395656,1.30512767482754
2020-04-14,3.58,3.6165,3.5682,3.6165,342569895,1.30512767482754
2020-04-15,3.61,3.6217,3.5891,3.5904,303144211,1.30512767482754
2020-04-16,3.5787,3.5982,3.576,3.593,234502641,1.30512767482754
2020-04-17,3.6217,3.6687,3.6113,3.6452,530009621,1.30512767482754
2020-04-20,3.6504,3.6635,3.6335,3.6583,289171883,1.30512767482754
2020-04-21,3.6504,3.6517,3.5969,3.6165,296662605,1.30512767482754
2020-04-22,3.6061,3.6426,3.5956,3.6413,343428312,1.30512767482754
2020-04-23,3.6478,3.6635,3.6309,3.6374,266170705,1.30512767482754
2020-04-24,3.6217,3.623,3.6008,3.6087,256785600,1.30512767482754
2020-04-27,3.6126,3.6596,3.6126,3.6413,470276294,1.30512767482754
2020-04-28,3.6504,3.6765,3.6126,3.6674,315689970,1.30512767482754
2020-04-29,3.6596,3.7026,3.6557,3.6922,320438412,1.30512767482754
2020-04-30,3.704,3.7457,3.6974,3.7222,262312238,1.30512767482754
2020-05-06,3.6805,3.7235,3.6687,3.717,309426848,1.30512767482754
2020-05-07,3.7131,3.7196,3.6974,3.7105,217451585,1.30512767482754
2020-05-08,3.7301,3.7535,3.7209,3.7366,259022738,1.30512767482754
2020-05-11,3.7392,3.7718,3.7274,3.7366,317849095,1.30512767482754
2020-05-12,3.7327,3.7483,3.7196,3.7327,276043953,1.30512767482754
2020-05-13,3.7222,3.7366,3.7053,3.7327,129350769,1.30512767482754
2020-05-14,3.7196,3.7196,3.6909,3.6948,238101400,1.30512767482754
2020-05-15,3.7,3.7118,3.6674,3.67,360934663,1.30512767482754
2020-05-18,3.6674,3.7092,3.6674,3.6974,324552388,1.30512767482754
2020-05-19,3.7261,3.7392,3.7157,3.7222,261512471,1.30512767482754
2020-05-20,3.7222,3.7314,3.7105,3.7183,264967771,1.30512767482754
2020-05-21,3.7248,3.7327,3.7013,3.704,266474698,1.30512767482754
2020-05-22,3.6935,3.6961,3.61,3.6126,526393100,1.30512767482754
2020-05-25,3.6152,3.6309,3.5969,3.6283,275189275,1.30512767482754
2020-05-26,3.6452,3.6583,3.6374,3.657,451492925,1.30512767482754
2020-05-27,3.6583,3.6648,3.6335,3.6439,244796971,1.30512767482754
2020-05-28,3.6413,3.6883,3.6243,3.6557,344819253,1.30512767482754
2020-05-29,3.6283,3.6661,3.6283,3.657,249940604,1.30512767482754
2020-06-01,3.6935,3.7444,3.6909,3.7379,360043706,1.30512767482754
2020-06-02,3.7314,3.7692,3.7287,3.7575,259134405,1.30512767482754
2020-06-03,3.7783,3.8097,3.7627,3.764,396536323,1.30512767482754
2020-06-04,3.781,3.7823,3.7496,3.7562,190374093,1.30512767482754
2020-06-05,3.7588,3.7783,3.7418,3.7744,162544519,1.30512767482754
2020-06-08,3.781,3.811,3.781,3.7914,266152097,1.30512767482754
2020-06-09,3.7953,3.8188,3.7875,3.8149,234882499,1.30512767482754
2020-06-10,3.8149,3.8149,3.7901,3.7953,145840148,1.30512767482754
2020-06-11,3.7849,3.7979,3.7457,3.7562,227138005,1.30512767482754
2020-06-12,3.7157,3.7757,3.7079,3.7731,207355786,1.30512767482754
2020-06-15,3.7431,3.7535,3.7079,3.7157,217522287,1.30512767482754
2020-06-16,3.7418,3.7575,3.7353,3.7549,232229908,1.30512767482754
2020-06-17,3.7535,3.7614,3.7366,3.7601,219333376,1.30512767482754
2020-06-18,3.7483,3.7796,3.7327,3.7783,330840064,1.30512767482754
2020-06-19,3.7744,3.8345,3.7718,3.8201,343200099,1.30512767482754
2020-06-22,3.8201,3.8501,3.8031,3.8162,295088652,1.30512767482754
2020-06-23,3.8058,3.8266,3.7888,3.824,215215341,1.30512767482754
2020-06-24,3.8345,3.8658,3.8253,3.8606,329540029,1.30512767482754
2020-06-29,3.8488,3.858,3.811,3.8332,376772660,1.30512767482754
2020-06-30,3.8436,3.8736,3.8423,3.858,428844681,1.30512767482754
2020-07-01,3.8671,3.9519,3.858,3.9506,464423279,1.30512767482754
2020-07-02,3.9402,4.0642,3.9402,4.0498,687646308,1.30512767482754
2020-07-03,4.0668,4.1634,4.0668,4.1594,787174681,1.30512767482754
2020-07-06,4.2156,4.5431,4.2156,4.5275,2339053083,1.30512767482754
2020-07-07,4.6019,4.6188,4.4374,4.44,1819728182,1.30512767482754
2020-07-08,4.4335,4.5536,4.4257,4.4988,988535773,1.30512767482754
2020-07-09,4.4975,4.5314,4.4635,4.5144,759348351,1.30512767482754
2020-07-10,4.4701,4.4896,4.3852,4.4022,784248398,1.30512767482754
2020-07-13,4.3918,4.5131,4.3774,4.4583,841174565,1.30512767482754
2020-07-14,4.4479,4.4753,4.3604,4.4113,747200569,1.30512767482754
2020-07-15,4.4413,4.4596,4.3617,4.3722,673905863,1.30512767482754
2020-07-16,4.38,4.3983,4.1764,4.1842,1269468698,1.30512767482754
2020-07-17,4.2025,4.2625,4.1699,4.2143,693396748,1.30512767482754
2020-07-20,4.2547,4.3591,4.2208,4.3474,756395566,1.30512767482754
2020-07-21,4.3604,4.367,4.3226,4.3448,705225417,1.30512767482754
2020-07-22,4.3422,4.4466,4.3265,4.3513,921931166,1.30512767482754
2020-07-23,4.3161,4.3761,4.2652,4.3474,634768634,1.30512767482754
2020-07-24,4.3304,4.3317,4.1516,4.1764,769536901,1.30512767482754
2020-07-27,4.1999,4.2351,4.1581,4.1908,421671756,1.30512767482754
2020-07-28,4.226,4.2443,4.1947,4.2169,420878797,1.30512767482754
2020-07-29,4.213,4.3043,4.1973,4.2952,483308548,1.30512767482754
2020-07-30,4.303,4.3226,4.2756,4.2769,362218412,1.30512767482754
2020-07-31,4.2782,4.3552,4.2338,4.3004,872622932,1.30512767482754
2020-08-03,4.3239,4.3578,4.3056,4.3435,436063993,1.30512767482754
2020-08-04,4.3552,4.4113,4.3435,4.3839,843609342,1.30512767482754
2020-08-05,4.3709,4.3709,4.3069,4.3539,656266687,1.30512767482754
2020-08-06,4.3657,4.3891,4.29,4.3565,613640321,1.30512767482754
2020-08-07,4.333,4.3565,4.2612,4.3174,450541914,1.30512767482754
2020-08-10,4.3017,4.3826,4.2743,4.35,456127861,1.30512767482754
2020-08-11,4.3474,4.4152,4.3082,4.3161,764764325,1.30512767482754
2020-08-12,4.3108,4.3291,4.2351,4.303,678060440,1.30512767482754
2020-08-13,4.3121,4.3187,4.2756,4.2886,365243136,1.30512767482754
2020-08-14,4.2873,4.367,4.2769,4.363,483047598,1.30512767482754
2020-08-17,4.3748,4.504,4.3696,4.4609,998561281,1.30512767482754
2020-08-18,4.4648,4.4727,4.4296,4.4544,616600600,1.30512767482754
2020-08-19,4.4531,4.4583,4.3709,4.3735,625511274,1.30512767482754
2020-08-20,4.3461,4.3513,4.3004,4.3226,464592274,1.30512767482754
2020-08-21,4.35,4.3748,4.3174,4.3539,401735624,1.30512767482754
2020-08-24,4.3709,4.4022,4.3565,4.367,675876600,1.30512767482754
2020-08-25,4.3813,4.4179,4.367,4.3839,419978533,1.30512767482754
2020-08-26,4.3787,4.4048,4.3239,4.3369,421744124,1.30512767482754
2020-08-27,4.3422,4.363,4.3121,4.3617,224394530,1.30512767482754
2020-08-28,4.3552,4.474,4.3474,4.4688,517650192,1.30512767482754
2020-08-31,4.4831,4.5184,4.4231,4.4309,522450877,1.30512767482754
2020-09-01,4.4179,4.444,4.41,4.4427,313469098,1.30512767482754
2020-09-02,4.4557,4.4661,4.3891,4.4309,557717032,1.30512767482754
2020-09-03,4.4296,4.4714,4.3996,4.4205,293789238,1.30512767482754
2020-09-04,4.3683,4.3918,4.35,4.38,306289737,1.30512767482754
2020-09-07,4.3709,4.4048,4.2978,4.3082,341779252,1.30512767482754
2020-09-08,4.3278,4.3643,4.3069,4.3539,401768855,1.30512767482754
2020-09-09,4.3108,4.3291,4.2521,4.2873,434571230,1.30512767482754
2020-09-10,4.3148,4.333,4.2926,4.3017,408338579,1.30512767482754
2020-09-11,4.286,4.333,4.2808,4.3239,269912773,1.30512767482754
2020-09-14,4.3422,4.3657,4.3369,4.3604,280336520,1.30512767482754
2020-09-15,4.3617,4.3996,4.3409,4.3944,339804522,1.30512767482754
2020-09-16,4.3891,4.4009,4.3552,4.367,250042394,1.30512767482754
2020-09-17,4.3604,4.3604,4.3161,4.3252,254680304,1.30512767482754
2020-09-18,4.3278,4.4492,4.3252,4.4453,719479850,1.30512767482754
2020-09-21,4.4518,4.4622,4.3852,4.3878,482392161,1.30512767482754
2020-09-22,4.3617,4.3983,4.3187,4.3356,540055829,1.30512767482754
2020-09-23,4.3356,4.3513,4.3134,4.3395,409635195,1.30512767482754
2020-09-24,4.3134,4.3252,4.2652,4.2691,294713447,1.30512767482754
2020-09-25,4.2821,4.3017,4.2639,4.2834,320318247,1.30512767482754
2020-09-28,4.2952,4.3317,4.2926,4.3095,228523832,1.30512767482754
2020-09-29,4.333,4.3369,4.2991,4.3004,287012615,1.30512767482754
2020-09-30,4.32,4.3343,4.2612,4.2821,388025725,1.30512767482754
2020-10-09,4.3422,4.3722,4.3395,4.3552,469678103,1.30512767482754
2020-10-12,4.3722,4.4949,4.3722,4.4922,544969092,1.30512767482754
2020-10-13,4.474,4.4962,4.4583,4.4857,271994295,1.30512767482754
2020-10-14,4.4779,4.4779,4.4531,4.4688,228471577,1.30512767482754
2020-10-15,4.4622,4.5014,4.4557,4.4701,494940923,1.30512767482754
2020-10-16,4.4701,4.5092,4.4479,4.4792,393686559,1.30512767482754
2020-10-19,4.5066,4.5497,4.4335,4.4492,535932001,1.30512767482754
2020-10-20,4.4348,4.4557,4.4296,4.4531,426396432,1.30512767482754
2020-10-21,4.4622,4.4818,4.4413,4.4805,433257663,1.30512767482754
2020-10-22,4.4675,4.4805,4.4113,4.4635,438333102,1.30512767482754
2020-10-23,4.4635,4.5014,4.44,4.4479,534227894,1.30512767482754
2020-10-26,4.4113,4.4179,4.3591,4.3774,535554337,1.30512767482754
2020-10-27,4.3709,4.3774,4.3474,4.367,337718901,1.30512767482754
2020-10-28,4.367,4.4009,4.3539,4.3904,632950855,1.30512767482754
2020-10-29,4.3526,4.4413,4.3448,4.4152,471322600,1.30512767482754
2020-10-30,4.4048,4.4152,4.3343,4.3448,385778133,1.30512767482754
2020-11-02,4.35,4.3735,4.3095,4.3291,394402626,1.30512767482754
2020-11-03,4.3474,4.4048,4.3461,4.3787,389458760,1.30512767482754
2020-11-04,4.3852,4.4309,4.3709,4.4113,376762310,1.30512767482754
2020-11-05,4.4609,4.4896,4.4309,4.4609,548497978,1.30512767482754
2020-11-06,4.474,4.4753,4.4205,4.4479,384234455,1.30512767482754
2020-11-09,4.4831,4.5445,4.4831,4.5262,469912381,1.30512767482754
2020-11-10,4.5562,4.5575,4.504,4.5236,429095468,1.30512767482754
2020-11-11,4.5184,4.5484,4.5157,4.521,261744222,1.30512767482754
2020-11-12,4.5223,4.5327,4.4844,4.4988,296467827,1.30512767482754
2020-11-13,4.4779,4.4779,4.3996,4.4218,543852196,1.30512767482754
2020-11-16,4.4505,4.4779,4.4309,4.4753,386260439,1.30512767482754
2020-11-17,4.4701,4.4844,4.4544,4.4766,323618833,1.30512767482754
2020-11-18,4.4766,4.5131,4.4635,4.4831,626648067,1.30512767482754
2020-11-19,4.4688,4.5262,4.4635,4.5157,411932902,1.30512767482754
2020-11-20,4.5184,4.5262,4.4962,4.5223,352204402,1.30512767482754
2020-11-23,4.5314,4.6202,4.5301,4.5954,756216358,1.30512767482754
2020-11-24,4.5954,4.6058,4.5562,4.5588,723999385,1.30512767482754
2020-11-25,4.5745,4.6006,4.5249,4.5262,595775601,1.30512767482754
2020-11-26,4.5262,4.5666,4.5223,4.564,307163558,1.30512767482754
2020-11-27,4.5653,4.6476,4.5614,4.6423,843676667,1.30512767482754
2020-11-30,4.6556,4.7337,4.5973,4.5986,1467464876,1.3241127037540101
2020-12-01,4.6026,4.7178,4.6026,4.7099,811632065,1.3241127037540101
2020-12-02,4.7112,4.7311,4.6675,4.694,541549798,1.3241127037540101
2020-12-03,4.6927,4.7032,4.6622,4.6847,545270803,1.3241127037540101
2020-12-04,4.6807,4.6993,4.6357,4.6913,442716436,1.3241127037540101
2020-12-07,4.6927,4.6993,4.6238,4.649,486309440,1.3241127037540101
2020-12-08,4.7403,4.7403,4.6185,4.6331,436983773,1.3241127037540101
2020-12-09,4.6437,4.6609,4.5881,4.5947,512286103,1.3241127037540101
2020-12-10,4.5828,4.6039,4.5536,4.5761,458333410,1.3241127037540101
2020-12-11,4.5933,4.6053,4.506,4.5404,540670655,1.3241127037540101
2020-12-14,4.5483,4.5894,4.5417,4.5828,303408537,1.3241127037540101
2020-12-15,4.5788,4.596,4.551,4.5867,300402396,1.3241127037540101
2020-12-16,4.5933,4.6172,4.5854,4.6106,382326587,1.3241127037540101
2020-12-17,4.6172,4.6874,4.6106,4.6834,631899791,1.3241127037540101
2020-12-18,4.6701,4.6821,4.6172,4.641,726989190,1.3241127037540101
2020-12-21,4.6423,4.6715,4.5973,4.6516,538736687,1.3241127037540101
2020-12-22,4.645,4.6569,4.5788,4.5867,821657506,1.3241127037540101
2020-12-23,4.592,4.6476,4.592,4.6225,778427723,1.3241127037540101
2020-12-24,4.6278,4.6503,4.5947,4.6145,342027162,1.3241127037540101
2020-12-25,4.5973,4.6503,4.5828,4.6463,507738096,1.3241127037540101
2020-12-28,4.6437,4.686,4.6278,4.6596,437031367,1.3241127037540101
2020-12-29,4.6701,4.6834,4.6423,4.6503,288187752,1.3241127037540101
2020-12-30,4.6463,4.7218,4.6397,4.7178,535168542,1.3241127037540101
2020-12-31,4.7284,4.8237,4.7284,4.8118,668195485,1.3241127037540101
2021-01-04,4.8145,4.8396,4.7642,4.8092,570759818,1.3241127037540101
2021-01-05,4.7999,4.8661,4.7774,4.8608,844943674,1.3241127037540101
2021-01-06,4.8635,4.9363,4.8476,4.9336,651523191,1.3241127037540101
2021-01-07,4.9482,5.0409,4.9283,5.0356,588820087,1.3241127037540101
2021-01-08,5.0449,5.07,4.9588,5.0078,814331223,1.3241127037540101
2021-01-11,5.0051,5.0859,4.9654,4.9853,619308303,1.3241127037540101
2021-01-12,4.9773,5.1693,4.972,5.1627,714697993,1.3241127037540101
2021-01-13,5.1773,5.1958,5.078,5.1137,648591116,1.3241127037540101
2021-01-14,5.1058,5.1071,5.0197,5.0343,562724773,1.3241127037540101
2021-01-15,5.0515,5.1071,4.9985,5.0382,699719411,1.3241127037540101
2021-01-18,5.0224,5.119,5.0157,5.0806,551065080,1.3241127037540101
2021-01-19,5.0925,5.0992,5.0051,5.0277,432457525,1.3241127037540101
2021-01-20,5.0277,5.0674,4.9972,5.0316,485005290,1.3241127037540101
2021-01-21,5.0541,5.1217,5.033,5.0846,532673073,1.3241127037540101
2021-01-22,5.0793,5.0992,5.0449,5.0753,462417806,1.3241127037540101
2021-01-25,5.0714,5.1561,5.0488,5.1508,1048827430,1.3241127037540101
2021-01-26,5.127,5.1296,5.0277,5.0316,664673144,1.3241127037540101
2021-01-27,5.0316,5.0594,5.0065,5.0396,766624223,1.3241127037540101
2021-01-28,4.9813,4.9893,4.9151,4.9403,731226749,1.3241127037540101
2021-01-29,4.9615,4.972,4.8476,4.9045,657338669,1.3241127037540101
2021-02-01,4.9085,4.9429,4.8886,4.9403,509476743,1.3241127037540101
2021-02-02,4.9535,4.9734,4.9297,4.9681,641496022,1.3241127037540101
2021-02-03,4.9681,5.0078,4.9403,4.984,380828212,1.3241127037540101
2021-02-04,4.9601,5.0422,4.9601,5.0144,497927696,1.3241127037540101
2021-02-05,5.0369,5.1164,5.0303,5.0766,356766657,1.3241127037540101
2021-02-08,5.0952,5.1429,5.0581,5.1309,458774035,1.3241127037540101
2021-02-09,5.1468,5.217,5.1071,5.2157,347031586,1.3241127037540101
2021-02-10,5.2302,5.3362,5.2236,5.3123,382168884,1.3241127037540101
2021-02-18,5.4156,5.4275,5.2713,5.3057,579603469,1.3241127037540101
2021-02-19,5.2859,5.307,5.2263,5.2938,742446617,1.3241127037540101
2021-02-22,5.2991,5.3031,5.119,5.1283,853631895,1.3241127037540101
2021-02-23,5.0965,5.1998,5.0912,5.1455,594569639,1.3241127037540101
2021-02-24,5.1468,5.1587,4.9681,5.0157,859755074,1.3241127037540101
2021-02-25,5.0634,5.1137,5.0369,5.0886,540372102,1.3241127037540101
2021-02-26,5.0012,5.0422,4.9535,4.9562,769832381,1.3241127037540101
2021-03-01,5.0012,5.0051,4.9482,4.9959,400600102,1.3241127037540101
2021-03-02,5.025,5.0263,4.8621,4.9085,643368721,1.3241127037540101
2021-03-03,4.8992,5.0396,4.8966,5.0369,517148432,1.3241127037540101
2021-03-04,4.9853,4.9946,4.8688,4.8966,715951650,1.3241127037540101
2021-03-05,4.833,4.9151,4.788,4.8701,625701694,1.3241127037540101
2021-03-08,4.8966,4.9217,4.7085,4.7152,791825886,1.3241127037540101
2021-03-09,4.7152,4.7469,4.6119,4.641,1118752371,1.3241127037540101
2021-03-10,4.6966,4.7165,4.6529,4.6648,445455959,1.3241127037540101
2021-03-11,4.686,4.7893,4.6847,4.7853,500166304,1.3241127037540101
2021-03-12,4.8079,4.8092,4.7443,4.7893,729295454,1.3241127037540101
2021-03-15,4.7681,4.788,4.6688,4.7112,396806646,1.3241127037540101
2021-03-16,4.7218,4.7615,4.6913,4.743,420298125,1.3241127037540101
2021-03-17,4.735,4.7721,4.6794,4.735,348177666,1.3241127037540101
2021-03-18,4.7403,4.7708,4.7337,4.7549,321935472,1.3241127037540101
2021-03-19,4.7019,4.7138,4.6106,4.6291,753210725,1.3241127037540101
2021-03-22,4.6225,4.7006,4.6225,4.6648,411897499,1.3241127037540101
2021-03-23,4.6662,4.6807,4.5907,4.6397,484198283,1.3241127037540101
2021-03-24,4.6185,4.6582,4.5563,4.5735,643580882,1.3241127037540101
2021-03-25,4.5563,4.592,4.5404,4.5708,313949402,1.3241127037540101
2021-03-26,4.5881,4.6675,4.5881,4.6529,466843998,1.3241127037540101
2021-03-29,4.6675,4.6953,4.6331,4.6622,467377310,1.3241127037540101
2021-03-30,4.6635,4.7218,4.6609,4.7152,295522870,1.3241127037540101
2021-03-31,4.7125,4.7125,4.637,4.6701,155181641,1.3241127037540101
2021-04-01,4.6847,4.7337,4.6768,4.7231,278829509,1.3241127037540101
2021-04-02,4.743,4.7708,4.7218,4.7681,268663210,1.3241127037540101
2021-04-06,4.7721,4.7761,4.7218,4.7377,248361461,1.3241127037540101
2021-04-07,4.7403,4.743,4.6688,4.69,157320215,1.3241127037540101
2021-04-08,4.6794,4.7271,4.6543,4.7112,220107742,1.3241127037540101
2021-04-09,4.698,4.698,4.6251,4.6423,222900205,1.3241127037540101
2021-04-12,4.6278,4.6463,4.5735,4.592,742060106,1.3241127037540101
2021-04-13,4.5841,4.6212,4.5497,4.5682,649756429,1.3241127037540101
2021-04-14,4.5708,4.5986,4.5404,4.5761,639346007,1.3241127037540101
2021-04-15,4.5655,4.5655,4.4834,4.5271,385693490,1.3241127037540101
2021-04-16,4.5324,4.5616,4.4967,4.547,457624801,1.3241127037540101
2021-04-19,4.5417,4.6397,4.5192,4.6344,562866585,1.3241127037540101
2021-04-20,4.6106,4.6556,4.5986,4.6238,397561241,1.3241127037540101
2021-04-21,4.5986,4.645,4.5986,4.6317,576098944,1.3241127037540101
2021-04-22,4.645,4.6609,4.592,4.6092,474319143,1.3241127037540101
2021-04-23,4.5986,4.6635,4.5986,4.6529,528040558,1.3241127037540101
2021-04-26,4.6662,4.6913,4.5695,4.5788,730601406,1.3241127037540101
2021-04-27,4.5761,4.6013,4.5602,4.5894,475711945,1.3241127037540101
2021-04-28,4.5682,4.5947,4.5457,4.5907,683757117,1.3241127037540101
2021-04-29,4.6026,4.6543,4.5854,4.6516,518687394,1.3241127037540101
2021-04-30,4.6476,4.6569,4.5814,4.6106,712682901,1.3241127037540101
2021-05-06,4.5841,4.645,4.5444,4.5602,665838728,1.3241127037540101
2021-05-07,4.5748,4.5814,4.4887,4.5007,452238441,1.3241127037540101
2021-05-10,4.5245,4.5245,4.4517,4.5007,478090638,1.3241127037540101
2021-05-11,4.4636,4.5523,4.4583,4.5404,489605374,1.3241127037540101
2021-05-12,4.5285,4.5682,4.5179,4.5576,318194217,1.3241127037540101
2021-05-13,4.5232,4.5417,4.4834,4.5113,484668486,1.3241127037540101
2021-05-14,4.5245,4.6344,4.5046,4.6317,603058065,1.3241127037540101
2021-05-17,4.6344,4.7032,4.6278,4.6741,566063703,1.3241127037540101
2021-05-18,4.6847,4.6913,4.6503,4.6715,252170545,1.3241127037540101
2021-05-19,4.6582,4.6609,4.6264,4.6397,483006168,1.3241127037540101
2021-05-20,4.6384,4.6688,4.6145,4.6556,301916251,1.3241127037540101
2021-05-21,4.6648,4.6874,4.5867,4.6013,534415380,1.3241127037540101
2021-05-24,4.6,4.6212,4.5655,4.6198,325345793,1.3241127037540101
2021-05-25,4.6251,4.8198,4.6251,4.8131,1206307810,1.3241127037540101
2021-05-26,4.8304,4.8635,4.8131,4.8304,684458256,1.3241127037540101
2021-05-27,4.8251,4.9085,4.792,4.8436,569428938,1.3241127037540101
2021-05-28,4.8423,4.8794,4.7906,4.8343,491940578,1.3241127037540101
2021-05-31,4.8277,4.8277,4.7721,4.8184,544967107,1.3241127037540101
2021-06-01,4.8105,4.8251,4.7615,4.8198,467828359,1.3241127037540101
2021-06-02,4.829,4.8396,4.7589,4.784,476427429,1.3241127037540101
2021-06-03,4.7774,4.8079,4.7377,4.7456,371426764,1.3241127037540101
2021-06-04,4.7284,4.833,4.7205,4.7681,725410302,1.3241127037540101
2021-06-07,4.7721,4.7748,4.7271,4.7575,314777235,1.3241127037540101
2021-06-08,4.7549,4.8065,4.7006,4.7297,748174597,1.3241127037540101
2021-06-09,4.7271,4.7536,4.7165,4.743,435996400,1.3241127037540101
2021-06-10,4.743,4.8065,4.7364,4.7681,494729956,1.3241127037540101
2021-06-11,4.7787,4.784,4.7218,4.7284,487356718,1.3241127037540101
2021-06-15,4.7324,4.7364,4.6423,4.6635,438608600,1.3241127037540101
2021-06-16,4.6622,4.6688,4.6,4.6159,569671858,1.3241127037540101
2021-06-17,4.6119,4.6357,4.5894,4.6066,375637500,1.3241127037540101
2021-06-18,4.6079,4.6238,4.543,4.5748,647635703,1.3241127037540101
2021-06-21,4.5602,4.5801,4.5179,4.5483,587713074,1.3241127037540101
2021-06-22,4.5602,4.5933,4.5497,4.5867,699930444,1.3241127037540101
2021-06-23,4.5947,4.6291,4.5788,4.5933,986137874,1.3241127037540101
2021-06-24,4.5986,4.6198,4.5788,4.6185,392603306,1.3241127037540101
2021-06-25,4.6198,4.7085,4.6198,4.6887,616350042,1.3241127037540101
2021-06-28,4.6966,4.7006,4.6476,4.6701,479293260,1.3241127037540101
2021-06-29,4.6688,4.6688,4.6145,4.6304,378334184,1.3241127037540101
2021-06-30,4.6317,4.6609,4.6291,4.6543,535123927,1.3241127037540101
2021-07-01,4.6688,4.6993,4.6225,4.698,912383447,1.3241127037540101
2021-07-02,4.6569,4.6741,4.5245,4.5324,609549653,1.3241127037540101
2021-07-05,4.5271,4.5483,4.4927,4.5285,426280181,1.3241127037540101
2021-07-06,4.5285,4.5444,4.4887,4.543,662336674,1.3241127037540101
2021-07-07,4.5218,4.5761,4.5113,4.5576,499901108,1.3241127037540101
2021-07-08,4.5616,4.5722,4.4795,4.4954,574155624,1.3241127037540101
2021-07-09,4.4808,4.498,4.4345,4.4781,541821300,1.3241127037540101
2021-07-12,4.5046,4.551,4.4781,4.5152,499814342,1.3241127037540101
2021-07-13,4.5205,4.5602,4.5113,4.5298,374690818,1.3241127037540101
2021-07-14,4.5285,4.5285,4.4437,4.4596,608260479,1.3241127037540101
2021-07-15,4.4596,4.5602,4.4543,4.5549,677168306,1.3241127037540101
2021-07-16,4.5523,4.5616,4.498,4.506,599545713,1.3241127037540101
2021-07-19,4.4887,4.5338,4.4384,4.5232,823050020,1.3241127037540101
2021-07-20,4.4914,4.5218,4.4887,4.5126,416582252,1.3241127037540101
2021-07-21,4.5218,4.5655,4.5099,4.5298,614545335,1.3241127037540101
2021-07-22,4.5351,4.5642,4.5245,4.5351,473804139,1.3241127037540101
2021-07-23,4.5351,4.5377,4.4821,4.4861,486565879,1.3241127037540101
2021-07-26,4.4636,4.4676,4.2703,4.3153,1077822309,1.3241127037540101
2021-07-27,4.3153,4.3338,4.1643,4.1789,916395520,1.3241127037540101
2021-07-28,4.1736,4.2372,4.1392,4.2147,1375378402,1.3241127037540101
2021-07-29,4.2756,4.2795,4.2226,4.2531,1027235063,1.3241127037540101
2021-07-30,4.2239,4.2239,4.1657,4.1882,525898205,1.3241127037540101
2021-08-02,4.171,4.3034,4.1312,4.2928,1170401857,1.3241127037540101
2021-08-03,4.2742,4.3272,4.2544,4.3087,556312598,1.3241127037540101
2021-08-04,4.2994,4.3351,4.2914,4.3219,578407947,1.3241127037540101
2021-08-05,4.2994,4.3682,4.2822,4.314,286971842,1.3241127037540101
2021-08-06,4.3034,4.3047,4.261,4.2795,275368020,1.3241127037540101
2021-08-09,4.2504,4.3563,4.2411,4.3272,386442029,1.3241127037540101
2021-08-10,4.3179,4.4053,4.2756,4.3987,423944846,1.3241127037540101
2021-08-11,4.3868,4.4133,4.363,4.363,327959112,1.3241127037540101
2021-08-12,4.355,4.3656,4.314,4.3179,230336724,1.3241127037540101
2021-08-13,4.3034,4.3431,4.2835,4.3087,291691610,1.3241127037540101
2021-08-16,4.31,4.3497,4.2901,4.3193,334998304,1.3241127037540101
2021-08-17,4.3166,4.3431,4.2067,4.2133,664909946,1.3241127037540101
2021-08-18,4.2133,4.2954,4.2027,4.2689,646778110,1.3241127037540101
2021-08-19,4.2636,4.2636,4.1895,4.208,584118800,1.3241127037540101
2021-08-20,4.1829,4.1895,4.0796,4.1153,1493245755,1.3241127037540101
2021-08-23,4.1339,4.1696,4.1167,4.1524,1047652598,1.3241127037540101
2021-08-24,4.1657,4.2385,4.163,4.2173,980087102,1.3241127037540101
2021-08-25,4.2252,4.2517,4.2027,4.2332,839718678,1.3241127037540101
2021-08-26,4.2332,4.2358,4.1392,4.1418,429417725,1.3241127037540101
2021-08-27,4.1379,4.2199,4.1379,4.1829,582399354,1.3241127037540101
2021-08-30,4.2041,4.2107,4.1392,4.1696,387592703,1.3241127037540101
2021-08-31,4.1524,4.1895,4.0942,4.1551,711120530,1.3241127037540101
2021-09-01,4.1431,4.2716,4.11,4.2464,1154777365,1.3241127037540101
2021-09-02,4.2517,4.2782,4.2199,4.2425,650014335,1.3241127037540101
2021-09-03,4.2491,4.2967,4.2067,4.2531,792382328,1.3241127037540101
2021-09-06,4.2544,4.3298,4.2451,4.2994,751347932,1.3241127037540101
2021-09-07,4.302,4.3696,4.2729,4.3484,560195102,1.3241127037540101
2021-09-08,4.3471,4.363,4.2914,4.302,499630258,1.3241127037540101
2021-09-09,4.2835,4.3007,4.2663,4.2901,385845928,1.3241127037540101
2021-09-10,4.2848,4.3775,4.2822,4.359,636237931,1.3241127037540101
2021-09-13,4.3444,4.3841,4.3153,4.3444,389688432,1.3241127037540101
2021-09-14,4.3404,4.3669,4.2597,4.2742,591318184,1.3241127037540101
2021-09-15,4.2703,4.2716,4.1921,4.2186,661102013,1.3241127037540101
2021-09-16,4.216,4.2332,4.1683,4.1935,794308582,1.3241127037540101
2021-09-17,4.1935,4.2372,4.163,4.2358,816152658,1.3241127037540101
2021-09-22,4.1683,4.1948,4.1524,4.1815,951987488,1.3241127037540101
2021-09-23,4.208,4.2372,4.1736,4.1895,546689846,1.3241127037540101
2021-09-24,4.1842,4.2478,4.1829,4.2186,665822814,1.3241127037540101
2021-09-27,4.2372,4.3073,4.2345,4.2994,1253036127,1.3241127037540101
2021-09-28,4.2941,4.3232,4.257,4.2994,507399219,1.3241127037540101
2021-09-29,4.2703,4.3166,4.2305,4.3007,767053532,1.3241127037540101
2021-09-30,4.3007,4.3034,4.2663,4.2782,521097066,1.3241127037540101
2021-10-08,4.3193,4.3696,4.314,4.363,734601345,1.3241127037540101
2021-10-11,4.3815,4.4397,4.3775,4.3855,881909167,1.3241127037540101
2021-10-12,4.3696,4.3987,4.3312,4.363,703599890,1.3241127037540101
2021-10-13,4.359,4.4265,4.3431,4.4053,700594561,1.3241127037540101
2021-10-14,4.3987,4.4252,4.3682,4.3775,632867438,1.3241127037540101
2021-10-15,4.3722,4.4225,4.3563,4.4119,540417897,1.3241127037540101
2021-10-18,4.4146,4.4146,4.3034,4.3272,1165545048,1.3241127037540101
2021-10-19,4.3206,4.3696,4.3206,4.3577,820705592,1.3241127037540101
2021-10-20,4.3696,4.3961,4.3404,4.3603,341818099,1.3241127037540101
2021-10-21,4.3696,4.4133,4.3563,4.3881,425964351,1.3241127037540101
2021-10-22,4.4,4.4676,4.3987,4.4384,554788742,1.3241127037540101
2021-10-25,4.4186,4.445,4.408,4.4358,518292544,1.3241127037540101
2021-10-26,4.4437,4.4636,4.3961,4.408,656111500,1.3241127037540101
2021-10-27,4.3921,4.3921,4.3391,4.3524,698626192,1.3241127037540101
2021-10-28,4.3431,4.3616,4.3232,4.351,581631648,1.3241127037540101
2021-10-29,4.355,4.3762,4.3444,4.3749,616219745,1.3241127037540101
2021-11-01,4.3484,4.3749,4.3272,4.355,736783701,1.3241127037540101
2021-11-02,4.355,4.3802,4.2742,4.3034,757041022,1.3241127037540101
2021-11-03,4.3034,4.3153,4.2531,4.2623,459409889,1.3241127037540101
2021-11-04,4.2795,4.306,4.2729,4.2967,519586084,1.3241127037540101
2021-11-05,4.2875,4.3259,4.2742,4.2941,446083316,1.3241127037540101
2021-11-08,4.2901,4.3126,4.2663,4.2782,580408266,1.3241127037540101
2021-11-09,4.2981,4.31,4.2517,4.2689,488921429,1.3241127037540101
2021-11-10,4.2676,4.2676,4.1855,4.2451,638780752,1.3241127037540101
2021-11-11,4.2372,4.3391,4.2372,4.3365,566481920,1.3241127037540101
2021-11-12,4.3431,4.3484,4.3113,4.3193,632386532,1.3241127037540101
2021-11-15,4.3272,4.3497,4.3034,4.3219,521550952,1.3241127037540101
2021-11-16,4.3246,4.3471,4.2994,4.3219,558113910,1.3241127037540101
2021-11-17,4.3113,4.3259,4.2875,4.2954,680852230,1.3241127037540101
2021-11-18,4.2862,4.2875,4.2411,4.2517,528235208,1.3241127037540101
2021-11-19,4.2464,4.3166,4.2438,4.3034,628170573,1.3241127037540101
2021-11-22,4.3113,4.3232,4.2967,4.3007,517612628,1.3241127037540101
2021-11-23,4.2941,4.3338,4.2901,4.3179,716076454,1.3241127037540101
2021-11-24,4.3179,4.355,4.3047,4.3338,569230394,1.3241127037540101
2021-11-25,4.3391,4.3418,4.3034,4.3087,364599800,1.3241127037540101
2021-11-26,4.2994,4.302,4.261,4.2676,531486900,1.3241127037540101
2021-11-29,4.2582,4.2743,4.2381,4.2676,519448946,1.3411738668130655
2021-11-30,4.2716,4.2851,4.2234,4.2435,398169552,1.3411738668130655
2021-12-01,4.2435,4.2676,4.2421,4.2596,306678124,1.3411738668130655
2021-12-02,4.2542,4.2891,4.2395,4.2757,347492118,1.3411738668130655
2021-12-03,4.281,4.3132,4.273,4.3119,502028120,1.3411738668130655
2021-12-06,4.3186,4.3602,4.3186,4.3253,613975123,1.3411738668130655
2021-12-07,4.3508,4.3736,4.3374,4.3602,549913271,1.3411738668130655
2021-12-08,4.3709,4.4339,4.3481,4.4272,594824960,1.3411738668130655
2021-12-09,4.4366,4.5506,4.4326,4.4956,1402651241,1.3411738668130655
2021-12-10,4.4795,4.497,4.4701,4.4916,911015916,1.3411738668130655
2021-12-13,4.5265,4.5855,4.4956,4.4983,811171143,1.3411738668130655
2021-12-14,4.4809,4.5063,4.4634,4.4755,813245704,1.3411738668130655
2021-12-15,4.4688,4.4876,4.4299,4.4312,419777830,1.3411738668130655
2021-12-16,4.4312,4.4487,4.4151,4.446,651653500,1.3411738668130655
2021-12-17,4.442,4.4487,4.3763,4.3789,830208899,1.3411738668130655
2021-12-20,4.3642,4.3991,4.336,4.3494,845681649,1.3411738668130655
2021-12-21,4.3441,4.3763,4.3441,4.3695,529556333,1.3411738668130655
2021-12-22,4.3749,4.3883,4.3467,4.3508,885583531,1.3411738668130655
2021-12-23,4.3602,4.395,4.3374,4.3923,541819157,1.3411738668130655
2021-12-24,4.3923,4.4111,4.3736,4.3897,647059066,1.3411738668130655
2021-12-27,4.3883,4.4017,4.3602,4.383,913087911,1.3411738668130655
2021-12-28,4.387,4.4178,4.3803,4.4071,895735662,1.3411738668130655
2021-12-29,4.4084,4.4151,4.3226,4.3253,693683483,1.3411738668130655
2021-12-30,4.3253,4.3749,4.3199,4.3548,460235661,1.3411738668130655
2021-12-31,4.3655,4.3843,4.3561,4.3669,478245088,1.3411738668130655
2022-01-04,4.3856,4.3856,4.2985,4.3548,555264359,1.3411738668130655
2022-01-05,4.3481,4.395,4.3266,4.3467,629308389,1.3411738668130655
2022-01-06,4.3307,4.3427,4.2649,4.2824,781909436,1.3411738668130655
2022-01-07,4.2904,4.3226,4.2904,4.3011,546725999,1.3411738668130655
2022-01-10,4.3025,4.3226,4.2716,4.3132,480625329,1.3411738668130655
2022-01-11,4.3132,4.336,4.281,4.2864,550484021,1.3411738668130655
2022-01-12,4.2998,4.332,4.2891,4.3186,531375250,1.3411738668130655
2022-01-13,4.3266,4.3374,4.2435,4.2462,791741595,1.3411738668130655
2022-01-14,4.2381,4.2408,4.1831,4.1845,728869966,1.3411738668130655
2022-01-17,4.1818,4.2153,4.1804,4.1992,564491350,1.3411738668130655
2022-01-18,4.1992,4.2676,4.1845,4.2502,1133838823,1.3411738668130655
2022-01-19,4.2596,4.273,4.2327,4.2502,486995679,1.3411738668130655
2022-01-20,4.2488,4.3414,4.2488,4.3105,741549141,1.3411738668130655
2022-01-21,4.3065,4.3186,4.277,4.2998,624296582,1.3411738668130655
2022-01-24,4.281,4.2958,4.2448,4.2851,696507280,1.3411738668130655
2022-01-25,4.2636,4.2663,4.1912,4.1965,743175714,1.3411738668130655
2022-01-26,4.2059,4.2274,4.1751,4.2167,843365639,1.3411738668130655
2022-01-27,4.218,4.218,4.155,4.167,969817557,1.3411738668130655
2022-01-28,4.1804,4.1912,4.0624,4.0718,1199419308,1.3411738668130655
2022-02-07,4.1335,4.1724,4.1228,4.1509,740435734,1.3411738668130655
2022-02-08,4.1536,4.1617,4.0772,4.155,653342323,1.3411738668130655
2022-02-09,4.1576,4.1965,4.1442,4.1845,815928435,1.3411738668130655
2022-02-10,4.1871,4.1965,4.1657,4.1952,502039403,1.3411738668130655
2022-02-11,4.1831,4.2314,4.1737,4.1885,547767071,1.3411738668130655
2022-02-14,4.1778,4.1818,4.1268,4.1415,525543800,1.3411738668130655
2022-02-15,4.1375,4.1711,4.1308,4.1576,419853873,1.3411738668130655
2022-02-16,4.1764,4.1979,4.1697,4.1791,427968140,1.3411738668130655
2022-02-17,4.1737,4.2113,4.1737,4.1831,411764586,1.3411738668130655
2022-02-18,4.1711,4.2207,4.1603,4.2167,396213097,1.3411738668130655
2022-02-21,4.2099,4.2113,4.1697,4.1979,517077600,1.3411738668130655
2022-02-22,4.1576,4.1603,4.108,4.1322,640069840,1.3411738668130655
2022-02-23,4.1429,4.159,4.1201,4.1576,528840760,1.3411738668130655
2022-02-24,4.1362,4.1362,4.053,4.0812,645242258,1.3411738668130655
2022-02-25,4.0973,4.1415,4.0866,4.0986,690413511,1.3411738668130655
2022-02-28,4.0946,4.1094,4.0651,4.1053,318337866,1.3411738668130655
2022-03-01,4.1214,4.1737,4.1214,4.1643,545882088,1.3411738668130655
2022-03-02,4.1469,4.1509,4.1308,4.1415,323335065,1.3411738668130655
2022-03-03,4.159,4.1697,4.1161,4.1281,360368446,1.3411738668130655
2022-03-04,4.0906,4.104,4.0651,4.0852,598176941,1.3411738668130655
2022-03-07,4.0584,4.0611,3.9511,3.9632,747523153,1.3411738668130655
2022-03-08,3.9766,4.0034,3.8881,3.9095,1236647336,1.3411738668130655
2022-03-09,3.9283,3.9498,3.7419,3.872,1242148393,1.3411738668130655
2022-03-10,3.9457,3.9538,3.9015,3.9068,1078132803,1.3411738668130655
2022-03-11,3.8639,3.9283,3.7982,3.9189,1036180901,1.3411738668130655
2022-03-14,3.8626,3.8907,3.7955,3.7982,930174051,1.3411738668130655
2022-03-15,3.7553,3.7727,3.5984,3.6037,1506534000,1.3411738668130655
2022-03-16,3.648,3.7848,3.585,3.7687,1625101981,1.3411738668130655
2022-03-17,3.8438,3.8881,3.8103,3.8317,1079191326,1.3411738668130655
2022-03-18,3.817,3.9028,3.8036,3.8773,883087633,1.3411738668130655
2022-03-21,3.8867,3.8881,3.821,3.8545,874342004,1.3411738668130655
2022-03-22,3.8425,3.8975,3.8398,3.8653,490337674,1.3411738668130655
2022-03-23,3.8787,3.9015,3.8532,3.8881,627502990,1.3411738668130655
2022-03-24,3.8626,3.8921,3.8478,3.8679,291579030,1.3411738668130655
2022-03-25,3.8626,3.884,3.8036,3.8063,425799462,1.3411738668130655
2022-03-28,3.7741,3.8237,3.7298,3.8036,676007366,1.3411738668130655
2022-03-29,3.8116,3.8304,3.7821,3.7861,349506851,1.3411738668130655
2022-03-30,3.8116,3.8881,3.8116,3.8867,743308576,1.3411738668130655
2022-03-31,3.876,3.884,3.8586,3.8639,549268286,1.3411738668130655
2022-04-01,3.8398,3.9417,3.8331,3.9203,776568840,1.3411738668130655
2022-04-06,3.8948,3.9176,3.8747,3.9042,825594959,1.3411738668130655
2022-04-07,3.8881,3.9296,3.8612,3.8679,532291355,1.3411738668130655
2022-04-08,3.8693,3.9095,3.8532,3.9015,535844031,1.3411738668130655
2022-04-11,3.8854,3.8854,3.7861,3.7982,715207200,1.3411738668130655
2022-04-12,3.7982,3.8599,3.7714,3.8572,834140464,1.3411738668130655
2022-04-13,3.8371,3.8827,3.8304,3.8438,510781312,1.3411738668130655
2022-04-14,3.876,3.927,3.8639,3.9042,763366163,1.3411738668130655
2022-04-15,3.8827,3.927,3.876,3.9082,847805536,1.3411738668130655
2022-04-18,3.8747,3.876,3.8304,3.8505,660440474,1.3411738668130655
2022-04-19,3.8465,3.8653,3.7861,3.8143,611713866,1.3411738668130655
2022-04-20,3.817,3.821,3.7687,3.7767,541970290,1.3411738668130655
2022-04-21,3.7607,3.7942,3.7057,3.7285,830824207,1.3411738668130655
2022-04-22,3.699,3.766,3.6896,3.7486,609422117,1.3411738668130655
2022-04-25,3.6748,3.699,3.5675,3.5702,1243437148,1.3411738668130655
2022-04-26,3.5675,3.6386,3.5541,3.5729,1232214896,1.3411738668130655
2022-04-27,3.5702,3.6453,3.5648,3.6399,1386674794,1.3411738668130655
2022-04-28,3.6292,3.6936,3.6252,3.6869,1080532144,1.3411738668130655
2022-04-29,3.703,3.7647,3.6547,3.7459,875763675,1.3411738668130655
2022-05-05,3.7459,3.7714,3.7298,3.7298,775703581,1.3411738668130655
2022-05-06,3.6788,3.6855,3.6171,3.6252,976821346,1.3411738668130655
2022-05-09,3.6037,3.6198,3.5689,3.5903,690934326,1.3411738668130655
2022-05-10,3.5528,3.648,3.5246,3.6225,851965852,1.3411738668130655
2022-05-11,3.6145,3.6896,3.6145,3.6507,927450234,1.3411738668130655
2022-05-12,3.6346,3.6507,3.6158,3.6239,518862021,1.3411738668130655
2022-05-13,3.648,3.6788,3.6359,3.6601,398697264,1.3411738668130655
2022-05-16,3.6815,3.6842,3.6091,3.6239,592281858,1.3411738668130655
2022-05-17,3.6359,3.6721,3.6319,3.6708,467528842,1.3411738668130655
2022-05-18,3.6842,3.6842,3.6239,3.6587,568912702,1.3411738668130655
2022-05-19,3.6198,3.6668,3.6158,3.656,446115159,1.3411738668130655
2022-05-20,3.6775,3.7486,3.6748,3.7459,892272637,1.3411738668130655
2022-05-23,3.7526,3.7526,3.6896,3.7057,709371006,1.3411738668130655
2022-05-24,3.707,3.7137,3.6426,3.648,712111290,1.3411738668130655
2022-05-25,3.6493,3.6668,3.6359,3.6547,608997328,1.3411738668130655
2022-05-26,3.6614,3.6923,3.6185,3.6547,545805917,1.3411738668130655
2022-05-27,3.6842,3.7191,3.6681,3.6802,539618699,1.3411738668130655
2022-05-30,3.7083,3.7191,3.6882,3.699,631044523,1.3411738668130655
2022-05-31,3.699,3.7566,3.6909,3.7446,536254632,1.3411738668130655
2022-06-01,3.7486,3.7486,3.7097,3.7311,512684341,1.3411738668130655
2022-06-02,3.711,3.7271,3.7003,3.7244,367202688,1.3411738668130655
2022-06-06,3.7258,3.7687,3.6829,3.7687,544327021,1.3411738668130655
2022-06-07,3.766,3.8237,3.7553,3.7942,577668873,1.3411738668130655
2022-06-08,3.8049,3.8559,3.8009,3.8398,562627170,1.3411738668130655
2022-06-09,3.8358,3.8626,3.8156,3.8264,539818538,1.3411738668130655
2022-06-10,3.8022,3.8827,3.7942,3.8706,470239185,1.3411738668130655
2022-06-13,3.8277,3.8358,3.7767,3.8022,593110772,1.3411738668130655
2022-06-14,3.7674,3.8572,3.7539,3.8545,775588093,1.3411738668130655
2022-06-15,3.8519,3.9739,3.8505,3.9068,1227122390,1.3411738668130655
2022-06-16,3.9189,3.9283,3.8626,3.8706,463996393,1.3411738668130655
2022-06-17,3.8532,3.9377,3.8505,3.9283,715297731,1.3411738668130655
2022-06-20,3.9337,3.9618,3.8921,3.9203,699088936,1.3411738668130655
2022-06-21,3.9216,3.9578,3.8975,3.9283,571003821,1.3411738668130655
2022-06-22,3.9323,3.9363,3.884,3.8867,397350263,1.3411738668130655
2022-06-23,3.8907,3.9498,3.8894,3.9417,448679489,1.3411738668130655
2022-06-24,3.9591,4.0101,3.9511,3.994,540159716,1.3411738668130655
2022-06-27,4.0115,4.0772,4.0115,4.045,758064811,1.3411738668130655
2022-06-28,4.0463,4.159,4.0208,4.0812,432187074,1.3411738668130655
2022-06-29,4.0624,4.0973,4.0343,4.0477,455801545,1.3411738668130655
2022-06-30,4.0463,4.1576,4.0463,4.1161,566487474,1.3411738668130655
2022-07-01,4.1281,4.1362,4.0839,4.1013,418434782,1.3411738668130655
2022-07-04,4.0839,4.1107,4.0517,4.108,305782009,1.3411738668130655
2022-07-05,4.1255,4.1523,4.0597,4.108,560218641,1.3411738668130655
2022-07-06,4.0973,4.1,4.0155,4.0383,442604829,1.3411738668130655
2022-07-07,4.0262,4.0503,4.0007,4.0262,382975367,1.3411738668130655
2022-07-08,4.053,4.0758,4.0289,4.0316,292043110,1.3411738668130655
2022-07-11,4.0101,4.0115,3.9565,3.9712,434107610,1.3411738668130655
2022-07-12,3.9645,3.99,3.935,3.9484,412520935,1.3411738668130655
2022-07-13,3.9484,3.9605,3.9216,3.9363,291652335,1.3411738668130655
2022-07-14,3.931,3.9404,3.8921,3.9095,418512189,1.3411738668130655
2022-07-15,3.9042,3.9551,3.8505,3.8519,802783877,1.3411738668130655
2022-07-18,3.8599,3.9149,3.8411,3.9042,485984054,1.3411738668130655
2022-07-19,3.8975,3.9028,3.8505,3.8881,496141886,1.3411738668130655
2022-07-20,3.9095,3.9189,3.8894,3.9001,435637687,1.3411738668130655
2022-07-21,3.8881,3.8975,3.8519,3.8545,433289188,1.3411738668130655
2022-07-22,3.8639,3.9055,3.8425,3.872,689478056,1.3411738668130655
2022-07-25,3.8666,3.872,3.8465,3.8599,394892422,1.3411738668130655
2022-07-26,3.8653,3.8948,3.8653,3.8773,397074059,1.3411738668130655
2022-07-27,3.8679,3.872,3.8384,3.8451,624651117,1.3411738668130655
2022-07-28,3.8612,3.8961,3.8411,3.8438,811806264,1.3411738668130655
2022-07-29,3.8505,3.88,3.7848,3.7928,609826461,1.3411738668130655
2022-08-01,3.7835,3.7982,3.758,3.7794,425615415,1.3411738668130655
2022-08-02,3.7499,3.7499,3.6815,3.7151,594022441,1.3411738668130655
2022-08-03,3.7231,3.7459,3.6802,3.6882,573368276,1.3411738668130655
2022-08-04,3.707,3.7352,3.6963,3.7244,867555204,1.3411738668130655
2022-08-05,3.7392,3.7821,3.7218,3.7754,617502953,1.3411738668130655
2022-08-08,3.762,3.7741,3.7405,3.7553,413307897,1.3411738668130655
2022-08-09,3.7539,3.7647,3.7432,3.7566,329196384,1.3411738668130655
2022-08-10,3.7513,3.7647,3.699,3.7124,434408976,1.3411738668130655
2022-08-11,3.7298,3.7942,3.7204,3.7902,683506979,1.3411738668130655
2022-08-12,3.7848,3.813,3.7767,3.8036,460106467,1.3411738668130655
2022-08-15,3.7875,3.8264,3.7794,3.7821,298468615,1.3411738668130655
2022-08-16,3.7875,3.8022,3.758,3.7647,314701764,1.3411738668130655
2022-08-17,3.7647,3.7982,3.7392,3.7861,377994845,1.3411738668130655
2022-08-18,3.7821,3.7861,3.7405,3.7513,382914737,1.3411738668130655
2022-08-19,3.7446,3.7714,3.7392,3.7446,393969886,1.3411738668130655
2022-08-22,3.7338,3.766,3.7258,3.7459,619756423,1.3411738668130655
2022-08-23,3.7472,3.7553,3.7097,3.7204,502269652,1.3411738668130655
2022-08-24,3.7271,3.7446,3.6788,3.6829,768517748,1.3411738668130655
2022-08-25,3.6923,3.7539,3.6842,3.7459,795526749,1.3411738668130655
2022-08-26,3.7486,3.7633,3.7392,3.7472,463561063,1.3411738668130655
2022-08-29,3.7137,3.7298,3.7016,3.7177,363504852,1.3411738668130655
2022-08-30,3.7218,3.7298,3.6815,3.7124,363078114,1.3411738668130655
2022-08-31,3.6963,3.7861,3.6936,3.7566,791750381,1.3411738668130655
2022-09-01,3.7472,3.758,3.7151,3.7218,590774029,1.3411738668130655
2022-09-02,3.7271,3.7325,3.6708,3.6909,808352821,1.3411738668130655
2022-09-05,3.6788,3.6842,3.6426,3.6762,503100027,1.3411738668130655
2022-09-06,3.6815,3.711,3.6788,3.707,590997388,1.3411738668130655
2022-09-07,3.6909,3.703,3.6815,3.6936,464349161,1.3411738668130655
2022-09-08,3.6976,3.711,3.6842,3.6855,434148124,1.3411738668130655
2022-09-09,3.6949,3.7633,3.6936,3.7553,687876810,1.3411738668130655
2022-09-13,3.7674,3.7875,3.7459,3.766,648762465,1.3411738668130655
2022-09-14,3.7325,3.7607,3.7285,3.7392,908188895,1.3411738668130655
2022-09-15,3.7472,3.7687,3.7164,3.7338,1202453200,1.3411738668130655
2022-09-16,3.7204,3.7298,3.6507,3.6534,1593629071,1.3411738668130655
2022-09-19,3.644,3.6681,3.6346,3.6467,804965420,1.3411738668130655
2022-09-20,3.6614,3.6654,3.6292,3.6399,623272006,1.3411738668130655
2022-09-21,3.6279,3.6386,3.5957,3.6091,562331057,1.3411738668130655
2022-09-22,3.593,3.6064,3.5729,3.5809,658247437,1.3411738668130655
2022-09-23,3.5756,3.6091,3.5662,3.5836,622487335,1.3411738668130655
2022-09-26,3.5662,3.6078,3.5555,3.5595,774939204,1.3411738668130655
2022-09-27,3.5635,3.6011,3.5514,3.5957,741885615,1.3411738668130655
2022-09-28,3.5796,3.589,3.5514,3.5555,737843151,1.3411738668130655
2022-09-29,3.5783,3.5984,3.5353,3.5555,732951806,1.3411738668130655
2022-09-30,3.5595,3.5863,3.5501,3.5541,751490841,1.3411738668130655
2022-10-10,3.5541,3.5581,3.4602,3.4683,778160642,1.3411738668130655
2022-10-11,3.471,3.4777,3.4495,3.4575,503306753,1.3411738668130655
2022-10-12,3.4602,3.4844,3.3771,3.479,809394556,1.3411738668130655
2022-10-13,3.4549,3.4629,3.4267,3.4388,641402188,1.3411738668130655
2022-10-14,3.4683,3.5367,3.4629,3.5206,1052343312,1.3411738668130655
2022-10-17,3.5072,3.5219,3.4897,3.5179,522893256,1.3411738668130655
2022-10-18,3.5353,3.542,3.4924,3.4978,490499310,1.3411738668130655
2022-10-19,3.4951,3.5058,3.428,3.4294,638567636,1.3411738668130655
2022-10-20,3.4093,3.4575,3.3985,3.4119,729632680,1.3411738668130655
2022-10-21,3.42,3.428,3.3704,3.3891,632097017,1.3411738668130655
2022-10-24,3.3798,3.4026,3.251,3.2711,1774811332,1.3411738668130655
2022-10-25,3.255,3.314,3.2416,3.2604,1093038077,1.3411738668130655
2022-10-26,3.2604,3.3248,3.2591,3.2711,1345018971,1.3411738668130655
2022-10-27,3.2872,3.3181,3.243,3.2443,1088537745,1.3411738668130655
2022-10-28,3.2228,3.2443,3.1652,3.1719,1117953598,1.3411738668130655
2022-10-31,3.1437,3.1719,3.1129,3.129,1219580393,1.3411738668130655
2022-11-01,3.141,3.2698,3.141,3.2671,1377024150,1.3411738668130655
2022-11-02,3.2483,3.3207,3.2389,3.2939,1567254472,1.3411738668130655
2022-11-03,3.2698,3.2819,3.2349,3.2523,972230044,1.3411738668130655
2022-11-04,3.2483,3.3784,3.2483,3.361,1313377697,1.3411738668130655
2022-11-07,3.3382,3.3945,3.3342,3.3731,1110673676,1.3411738668130655
2022-11-08,3.3744,3.3851,3.3288,3.3489,660571167,1.3411738668130655
2022-11-09,3.3489,3.3677,3.3154,3.3234,664332911,1.3411738668130655
2022-11-10,3.3047,3.3435,3.2899,3.3288,1167814521,1.3411738668130655
2022-11-11,3.42,3.4723,3.3811,3.4267,1697369272,1.3411738668130655
2022-11-14,3.4871,3.5112,3.4468,3.4549,1548630557,1.3411738668130655
2022-11-15,3.4428,3.534,3.4388,3.5206,1222614349,1.3411738668130655
2022-11-16,3.5139,3.5367,3.4978,3.5072,780640392,1.3411738668130655
2022-11-17,3.4924,3.5005,3.4482,3.4871,1027870002,1.3411738668130655
2022-11-18,3.4938,3.5058,3.4629,3.4736,752479919,1.3411738668130655
2022-11-21,3.4441,3.4468,3.3878,3.4294,826805929,1.3411738668130655
2022-11-22,3.4267,3.4857,3.4146,3.4468,940862267,1.3411738668130655
2022-11-23,3.4415,3.4803,3.4334,3.4535,933057340,1.3411738668130655
2022-11-24,3.471,3.4911,3.424,3.4307,711970000,1.3411738668130655
2022-11-25,3.4267,3.4803,3.4227,3.4669,631289133,1.3411738668130655
2022-11-28,3.4026,3.4173,3.3503,3.4066,1028846094,1.3411738668130655
2022-11-29,3.4415,3.5541,3.4415,3.5514,1404322671,1.3411738668130655
2022-11-30,3.538,3.5715,3.5327,3.5474,700599410,1.3411738668130655
2022-12-01,3.6181,3.6521,3.5787,3.58,773566205,1.3602012567946926
2022-12-02,3.5773,3.5855,3.5542,3.5596,820538549,1.3602012567946926
2022-12-05,3.6018,3.6467,3.5841,3.6453,1083021613,1.3602012567946926
2022-12-06,3.6358,3.6821,3.6209,3.6562,816630494,1.3602012567946926
2022-12-07,3.6453,3.6861,3.6209,3.6331,912756491,1.3602012567946926
2022-12-08,3.629,3.6521,3.6236,3.6413,452715710,1.3602012567946926
2022-12-09,3.644,3.6943,3.6236,3.6834,789658964,1.3602012567946926
2022-12-12,3.6576,3.6739,3.6331,3.6399,483170464,1.3602012567946926
2022-12-13,3.6413,3.6617,3.6345,3.644,355155997,1.3602012567946926
2022-12-14,3.644,3.6793,3.629,3.6671,704453064,1.3602012567946926
2022-12-15,3.6644,3.6821,3.629,3.6481,540083591,1.3602012567946926
2022-12-16,3.6358,3.6698,3.6317,3.663,550495679,1.3602012567946926
2022-12-19,3.6685,3.6793,3.595,3.6086,793180681,1.3602012567946926
2022-12-20,3.5964,3.6018,3.5161,3.546,814017176,1.3602012567946926
2022-12-21,3.5474,3.5664,3.546,3.5528,548689697,1.3602012567946926
2022-12-22,3.58,3.6059,3.5556,3.576,584074487,1.3602012567946926
2022-12-23,3.5556,3.5869,3.5433,3.5664,767832774,1.3602012567946926
2022-12-26,3.5678,3.5814,3.5474,3.5528,462343676,1.3602012567946926
2022-12-27,3.5896,3.6045,3.5719,3.5937,731285962,1.3602012567946926
2022-12-28,3.5882,3.6127,3.576,3.6032,711606830,1.3602012567946926
2022-12-29,3.5828,3.5896,3.5542,3.5841,652941918,1.3602012567946926
2022-12-30,3.5991,3.6181,3.595,3.6032,573213231,1.3602012567946926
2023-01-03,3.5909,3.6168,3.5569,3.6059,699409077,1.3602012567946926
2023-01-04,3.6073,3.629,3.5991,3.6181,681150478,1.3602012567946926
2023-01-05,3.6453,3.6929,3.6399,3.6861,767349284,1.3602012567946926
2023-01-06,3.6889,3.7147,3.6848,3.7065,520734419,1.3602012567946926
2023-01-09,3.7188,3.7514,3.7147,3.7406,576704074,1.3602012567946926
2023-01-10,3.7406,3.7514,3.727,3.7297,370396361,1.3602012567946926
2023-01-11,3.7351,3.7678,3.7297,3.7378,550124071,1.3602012567946926
2023-01-12,3.7501,3.7555,3.7297,3.746,376002541,1.3602012567946926
2023-01-13,3.7569,3.8086,3.7514,3.8072,621151642,1.3602012567946926
2023-01-16,3.8099,3.9187,3.8086,3.8725,1494268546,1.3602012567946926
2023-01-17,3.8698,3.8766,3.8412,3.8603,774535597,1.3602012567946926
2023-01-18,3.8616,3.8766,3.8303,3.8344,437414496,1.3602012567946926
2023-01-19,3.8235,3.8507,3.8004,3.848,1060896108,1.3602012567946926
2023-01-20,3.8603,3.8875,3.8507,3.8739,515337134,1.3602012567946926
2023-01-30,3.9446,3.9514,3.8671,3.8752,722228977,1.3602012567946926
2023-01-31,3.8766,3.897,3.8276,3.8344,1002308679,1.3602012567946926
2023-02-01,3.8439,3.8507,3.7909,3.8494,880146750,1.3602012567946926
2023-02-02,3.8616,3.863,3.8154,3.8412,605065895,1.3602012567946926
2023-02-03,3.8167,3.829,3.7542,3.7854,718604961,1.3602012567946926
2023-02-06,3.7487,3.7501,3.7052,3.7256,802640840,1.3602012567946926
2023-02-07,3.7378,3.7528,3.7229,3.7365,538588991,1.3602012567946926
2023-02-08,3.7406,3.7664,3.7215,3.727,411614645,1.3602012567946926
2023-02-09,3.7215,3.7759,3.7188,3.7664,741944608,1.3602012567946926
2023-02-10,3.7569,3.761,3.7351,3.7501,447068384,1.3602012567946926
2023-02-13,3.7351,3.78,3.7242,3.7746,691453884,1.3602012567946926
2023-02-14,3.7759,3.7909,3.7637,3.7895,369811437,1.3602012567946926
2023-02-15,3.7882,3.7963,3.7474,3.7542,462919140,1.3602012567946926
2023-02-16,3.7596,3.8045,3.7147,3.7406,928407263,1.3602012567946926
2023-02-17,3.7338,3.7637,3.697,3.7011,828617857,1.3602012567946926
2023-02-20,3.712,3.8099,3.7025,3.8058,1616301226,1.3602012567946926
2023-02-21,3.8045,3.8303,3.7922,3.8249,1257125373,1.3602012567946926
2023-02-22,3.8058,3.8154,3.7705,3.7746,906876700,1.3602012567946926
2023-02-23,3.7786,3.8045,3.7569,3.7732,549270788,1.3602012567946926
2023-02-24,3.7718,3.7718,3.7093,3.7215,584589873,1.3602012567946926
2023-02-27,3.7038,3.7338,3.6984,3.7174,375352871,1.3602012567946926
2023-02-28,3.7256,3.7392,3.6834,3.7351,574726981,1.3602012567946926
2023-03-01,3.7324,3.7977,3.7229,3.7773,1075249163,1.3602012567946926
2023-03-02,3.7705,3.795,3.7637,3.7759,491163888,1.3602012567946926
2023-03-03,3.7882,3.7977,3.7582,3.78,510575754,1.3602012567946926
2023-03-06,3.78,3.7814,3.727,3.7392,671582365,1.3602012567946926
2023-03-07,3.7324,3.7637,3.6929,3.697,849608115,1.3602012567946926
2023-03-08,3.6834,3.6861,3.6521,3.6685,650647222,1.3602012567946926
2023-03-09,3.6698,3.6739,3.6236,3.6426,925180900,1.3602012567946926
2023-03-10,3.6195,3.6372,3.5909,3.5937,782545231,1.3602012567946926
2023-03-13,3.5909,3.644,3.5909,3.6304,579290238,1.3602012567946926
2023-03-14,3.6263,3.6263,3.5814,3.6059,665310467,1.3602012567946926
2023-03-15,3.6317,3.644,3.6059,3.6073,679853158,1.3602012567946926
2023-03-16,3.5869,3.6113,3.5705,3.5732,644852726,1.3602012567946926
2023-03-17,3.5991,3.6453,3.5678,3.5869,1107669000,1.3602012567946926
2023-03-20,3.5909,3.6059,3.561,3.5637,559014917,1.3602012567946926
2023-03-21,3.5773,3.6073,3.5746,3.6005,877468974,1.3602012567946926
2023-03-22,3.61,3.6331,3.6005,3.6127,779656882,1.3602012567946926
2023-03-23,3.6005,3.6372,3.6005,3.6358,421821049,1.3602012567946926
2023-03-24,3.6304,3.6331,3.6086,3.6181,422413587,1.3602012567946926
2023-03-27,3.6113,3.6209,3.5814,3.595,497208843,1.3602012567946926
2023-03-28,3.6032,3.6141,3.5869,3.5964,481423217,1.3602012567946926
2023-03-29,3.6181,3.6236,3.5855,3.5909,437034380,1.3602012567946926
2023-03-30,3.5909,3.6358,3.5814,3.6345,581113590,1.3602012567946926
2023-03-31,3.6385,3.6562,3.6222,3.6304,582710375,1.3602012567946926
2023-04-03,3.6304,3.6453,3.6154,3.6345,577560034,1.3602012567946926
2023-04-04,3.6385,3.6494,3.6222,3.6481,527752513,1.3602012567946926
2023-04-06,3.6331,3.644,3.6209,3.6317,510222258,1.3602012567946926
2023-04-07,3.6317,3.6712,3.6304,3.6576,439409862,1.3602012567946926
2023-04-10,3.6644,3.6685,3.6413,3.6589,427487549,1.3602012567946926
2023-04-11,3.6617,3.6712,3.6372,3.6508,513475640,1.3602012567946926
2023-04-12,3.6535,3.6562,3.6277,3.6304,352987311,1.3602012567946926
2023-04-13,3.6222,3.6453,3.6127,3.6358,426096748,1.3602012567946926
2023-04-14,3.6453,3.6671,3.6372,3.6508,375875152,1.3602012567946926
2023-04-17,3.6508,3.7256,3.6453,3.7242,826009562,1.3602012567946926
2023-04-18,3.7202,3.7487,3.7147,3.7378,684090031,1.3602012567946926
2023-04-19,3.7392,3.7446,3.7011,3.7052,705940330,1.3602012567946926
2023-04-20,3.7052,3.7079,3.6712,3.6807,992778510,1.3602012567946926
2023-04-21,3.6834,3.6848,3.6113,3.6168,694042756,1.3602012567946926
2023-04-24,3.6154,3.6209,3.5542,3.5678,653784248,1.3602012567946926
2023-04-25,3.5719,3.58,3.5379,3.5664,684351380,1.3602012567946926
2023-04-26,3.5664,3.5773,3.5515,3.5624,990182884,1.3602012567946926
2023-04-27,3.5624,3.6236,3.5596,3.6127,610672633,1.3602012567946926
2023-04-28,3.6127,3.6549,3.6127,3.6453,538594750,1.3602012567946926
2023-05-04,3.6317,3.6698,3.6141,3.6657,803327390,1.3602012567946926
2023-05-05,3.6712,3.6821,3.6385,3.6549,427609849,1.3602012567946926
2023-05-08,3.6589,3.7133,3.6549,3.7052,771897264,1.3602012567946926
2023-05-09,3.7106,3.7433,3.6793,3.6807,946039158,1.3602012567946926
2023-05-10,3.6753,3.6889,3.6358,3.6372,1267144202,1.3602012567946926
2023-05-11,3.6494,3.6589,3.6236,3.629,341470901,1.3602012567946926
2023-05-12,3.6249,3.6358,3.5773,3.5787,838146301,1.3602012567946926
2023-05-15,3.5773,3.6467,3.5678,3.6453,736541276,1.3602012567946926
2023-05-16,3.6481,3.6562,3.6236,3.6372,413953680,1.3602012567946926
2023-05-17,3.6331,3.6413,3.595,3.6032,646383779,1.3602012567946926
2023-05-18,3.6113,3.629,3.5841,3.5977,500181098,1.3602012567946926
2023-05-19,3.5869,3.61,3.5556,3.5828,489558932,1.3602012567946926
2023-05-22,3.58,3.6358,3.5773,3.6168,605754570,1.3602012567946926
2023-05-23,3.6222,3.6249,3.5583,3.5596,567988351,1.3602012567946926
2023-05-24,3.5542,3.5583,3.5039,3.5052,1025572594,1.3602012567946926
2023-05-25,3.4998,3.5039,3.4604,3.4889,567270454,1.3602012567946926
2023-05-26,3.4862,3.5012,3.4508,3.4862,489519797,1.3602012567946926
2023-05-29,3.4957,3.5025,3.4563,3.4712,487439010,1.3602012567946926
2023-05-30,3.4699,3.4821,3.4155,3.4563,773312680,1.3602012567946926
2023-05-31,3.4386,3.4413,3.3923,3.4005,822006916,1.3602012567946926
2023-06-01,3.3937,3.4427,3.3937,3.4073,744160842,1.3602012567946926
2023-06-02,3.4277,3.4753,3.425,3.4658,634889522,1.3602012567946926
2023-06-05,3.4576,3.4672,3.4372,3.4495,367321899,1.3602012567946926
2023-06-06,3.4481,3.4944,3.4291,3.4318,608887795,1.3602012567946926
2023-06-07,3.4454,3.4617,3.4155,3.4304,419696213,1.3602012567946926
2023-06-08,3.425,3.4794,3.4155,3.4644,606536452,1.3602012567946926
2023-06-09,3.4685,3.4835,3.4617,3.4753,673689778,1.3602012567946926
2023-06-12,3.474,3.493,3.4495,3.4753,698317477,1.3602012567946926
2023-06-13,3.4699,3.4916,3.4563,3.4876,349546745,1.3602012567946926
2023-06-14,3.4889,3.5175,3.4848,3.4862,641937997,1.3602012567946926
2023-06-15,3.4957,3.5406,3.4944,3.5392,475735571,1.3602012567946926
2023-06-16,3.542,3.5787,3.5406,3.5705,552836286,1.3602012567946926
2023-06-19,3.5664,3.5664,3.5216,3.527,390464865,1.3602012567946926
2023-06-20,3.5216,3.5338,3.5039,3.5107,331357574,1.3602012567946926
2023-06-21,3.5025,3.5148,3.4712,3.474,509543580,1.3602012567946926
2023-06-26,3.4549,3.4563,3.4263,3.4359,821192234,1.3602012567946926
2023-06-27,3.4359,3.4658,3.4236,3.4563,602977208,1.3602012567946926
2023-06-28,3.4481,3.4699,3.4372,3.4685,799154314,1.3602012567946926
2023-06-29,3.4631,3.4712,3.4399,3.4481,335843850,1.3602012567946926
2023-06-30,3.4467,3.478,3.4399,3.4576,423851991,1.3602012567946926
2023-07-03,3.4658,3.5148,3.4617,3.5093,535434731,1.3602012567946926
2023-07-04,3.5093,3.5161,3.4998,3.5148,234890110,1.3602012567946926
2023-07-05,3.5093,3.5175,3.4876,3.4944,290818050,1.3602012567946926
2023-07-06,3.4848,3.5025,3.4617,3.4685,275541600,1.3602012567946926
2023-07-07,3.4604,3.4672,3.444,3.4536,356969708,1.3602012567946926
2023-07-10,3.4699,3.4971,3.4604,3.4712,349871690,1.3602012567946926
2023-07-11,3.4862,3.4998,3.4753,3.4944,377371480,1.3602012567946926
2023-07-12,3.4984,3.512,3.4848,3.493,352103898,1.3602012567946926
2023-07-13,3.512,3.5488,3.5093,3.5488,538817171,1.3602012567946926
2023-07-14,3.5556,3.561,3.542,3.5488,364754590,1.3602012567946926
2023-07-17,3.5406,3.5406,3.5025,3.5148,590652203,1.3602012567946926
2023-07-18,3.5188,3.5243,3.4984,3.5107,283836794,1.3602012567946926
2023-07-19,3.5025,3.5243,3.5012,3.5229,354079301,1.3602012567946926
2023-07-20,3.527,3.5488,3.4998,3.5039,470657342,1.3602012567946926
2023-07-21,3.5066,3.5379,3.4957,3.5175,733859393,1.3602012567946926
2023-07-24,3.493,3.5148,3.4862,3.4998,387408549,1.3602012567946926
2023-07-25,3.5488,3.6113,3.5488,3.6113,1531727112,1.3602012567946926
2023-07-26,3.6045,3.6127,3.5937,3.6073,487045821,1.3602012567946926
2023-07-27,3.6127,3.6331,3.5937,3.6086,787883227,1.3602012567946926
2023-07-28,3.5869,3.7215,3.5869,3.7093,1117566551,1.3602012567946926
2023-07-31,3.7351,3.7854,3.7038,3.7147,976585156,1.3602012567946926
2023-08-01,3.7093,3.7406,3.6943,3.7038,711858665,1.3602012567946926
2023-08-02,3.697,3.7147,3.6589,3.6698,858807185,1.3602012567946926
2023-08-03,3.6671,3.7065,3.6589,3.7038,801584392,1.3602012567946926
2023-08-04,3.7378,3.7596,3.7038,3.7065,963295966,1.3602012567946926
2023-08-07,3.6875,3.6957,3.6739,3.6916,950679046,1.3602012567946926
2023-08-08,3.6793,3.7079,3.6589,3.6848,815814758,1.3602012567946926
2023-08-09,3.6725,3.697,3.6698,3.6848,956918700,1.3602012567946926
2023-08-10,3.678,3.6889,3.6535,3.6807,670725015,1.3602012567946926
2023-08-11,3.6807,3.6834,3.5909,3.5937,1316539286,1.3602012567946926
2023-08-14,3.5569,3.5746,3.5379,3.5664,701911640,1.3602012567946926
2023-08-15,3.5637,3.58,3.5324,3.5678,749605398,1.3602012567946926
2023-08-16,3.5474,3.5719,3.5406,3.542,691416403,1.3602012567946926
2023-08-17,3.5284,3.561,3.5134,3.5501,803668166,1.3602012567946926
2023-08-18,3.5501,3.5651,3.508,3.5093,1009894621,1.3602012567946926
2023-08-21,3.5052,3.5148,3.4644,3.4644,774315443,1.3602012567946926
2023-08-22,3.4753,3.508,3.4495,3.4916,950797200,1.3602012567946926
2023-08-23,3.4808,3.4944,3.4399,3.4481,988118634,1.3602012567946926
2023-08-24,3.4536,3.4984,3.4522,3.4726,665820605,1.3602012567946926
2023-08-25,3.4617,3.5093,3.4576,3.4862,789969030,1.3602012567946926
2023-08-28,3.6807,3.6861,3.5134,3.5311,1869356610,1.3602012567946926
2023-08-29,3.5229,3.5719,3.5188,3.5447,1078413230,1.3602012567946926
2023-08-30,3.5501,3.5596,3.5297,3.5352,666361036,1.3602012567946926
2023-08-31,3.5365,3.5488,3.512,3.5229,551369647,1.3602012567946926
2023-09-01,3.5379,3.5692,3.5365,3.5501,807271851,1.3602012567946926
2023-09-04,3.5814,3.6209,3.5692,3.6154,966252600,1.3602012567946926
2023-09-05,3.6032,3.6045,3.5855,3.5923,489619781,1.3602012567946926
2023-09-06,3.5787,3.5937,3.5678,3.5869,452242191,1.3602012567946926
2023-09-07,3.5787,3.5814,3.5447,3.5515,448850982,1.3602012567946926
2023-09-08,3.5406,3.5488,3.5216,3.5311,516845780,1.3602012567946926
2023-09-11,3.5311,3.576,3.5284,3.5542,484549513,1.3602012567946926
2023-09-12,3.5501,3.5569,3.542,3.5488,308622816,1.3602012567946926
2023-09-13,3.5474,3.5637,3.5148,3.5379,661502571,1.3602012567946926
2023-09-14,3.542,3.5596,3.5284,3.5474,565631332,1.3602012567946926
2023-09-15,3.5569,3.5705,3.5175,3.5311,1125926966,1.3602012567946926
2023-09-18,3.5243,3.5515,3.5093,3.5501,511562714,1.3602012567946926
2023-09-19,3.5474,3.5542,3.5284,3.5488,408663268,1.3602012567946926
2023-09-20,3.5447,3.5474,3.5311,3.5324,540767590,1.3602012567946926
2023-09-21,3.5229,3.5352,3.4971,3.4984,636126493,1.3602012567946926
2023-09-22,3.4957,3.5841,3.4903,3.5828,1248614079,1.3602012567946926
2023-09-25,3.5732,3.5746,3.5433,3.5488,630656315,1.3602012567946926
2023-09-26,3.546,3.5542,3.5229,3.5256,538994312,1.3602012567946926
2023-09-27,3.5243,3.5583,3.5243,3.542,787717948,1.3602012567946926
2023-09-28,3.5488,3.5528,3.5093,3.5134,901875427,1.3602012567946926
2023-10-09,3.5066,3.5107,3.4699,3.5025,709474087,1.3602012567946926
2023-10-10,3.5161,3.5297,3.478,3.4808,639330069,1.3602012567946926
2023-10-11,3.4998,3.5093,3.4848,3.4916,499553597,1.3602012567946926
2023-10-12,3.5256,3.5406,3.5093,3.5243,647116806,1.3602012567946926
2023-10-13,3.4998,3.5025,3.4821,3.4903,627382127,1.3602012567946926
2023-10-16,3.493,3.4957,3.4495,3.459,545574314,1.3602012567946926
2023-10-17,3.4658,3.4767,3.4522,3.4726,512365204,1.3602012567946926
2023-10-18,3.4685,3.4767,3.4536,3.459,644857171,1.3602012567946926
2023-10-19,3.4413,3.4413,3.3611,3.3651,1548862072,1.3602012567946926
2023-10-20,3.3515,3.3651,3.3339,3.3461,967334013,1.3602012567946926
2023-10-23,3.3393,3.3488,3.293,3.3203,1172409582,1.3602012567946926
2023-10-24,3.3284,3.3407,3.3012,3.3311,804466605,1.3602012567946926
2023-10-25,3.3665,3.3815,3.342,3.3475,1167034112,1.3602012567946926
2023-10-26,3.3352,3.3638,3.3325,3.3597,587775109,1.3602012567946926
2023-10-27,3.3502,3.4059,3.342,3.3923,674257500,1.3602012567946926
2023-10-30,3.3801,3.3991,3.3733,3.3896,561528580,1.3602012567946926
2023-10-31,3.3828,3.3896,3.3679,3.3842,698390661,1.3602012567946926
2023-11-01,3.4386,3.4413,3.3883,3.3964,1005069241,1.3602012567946926
2023-11-02,3.4046,3.4236,3.3896,3.391,439605766,1.3602012567946926
2023-11-03,3.3964,3.4277,3.3937,3.4182,445414671,1.3602012567946926
2023-11-06,3.4386,3.4522,3.4291,3.4454,570192870,1.3602012567946926
2023-11-07,3.4386,3.4399,3.4195,3.4304,511293012,1.3602012567946926
2023-11-08,3.4209,3.4372,3.4019,3.4195,498041025,1.3602012567946926
2023-11-09,3.41,3.4304,3.4073,3.4195,539436775,1.3602012567946926
2023-11-10,3.4073,3.41,3.3801,3.3869,593862100,1.3602012567946926
2023-11-13,3.3923,3.3964,3.3611,3.3787,496014450,1.3602012567946926
2023-11-14,3.3842,3.3951,3.3624,3.376,550828933,1.3602012567946926
2023-11-15,3.4005,3.4127,3.3923,3.4046,714949518,1.3602012567946926
2023-11-16,3.4019,3.4019,3.3679,3.3706,797690471,1.3602012567946926
2023-11-17,3.3638,3.3706,3.3366,3.3651,2805425515,1.3602012567946926
2023-11-20,3.3624,3.3855,3.3434,3.3733,706342105,1.3602012567946926
2023-11-21,3.3828,3.4127,3.3801,3.3896,800478683,1.3602012567946926
2023-11-22,3.3801,3.3869,3.3597,3.3611,600905196,1.3602012567946926
2023-11-23,3.3597,3.3787,3.3461,3.3733,540802872,1.3602012567946926
2023-11-24,3.3665,3.3706,3.3502,3.3556,642947107,1.3602012567946926
2023-11-27,3.3529,3.3542,3.3045,3.3266,647522350,1.3820496295356288
2023-11-28,3.3211,3.3294,3.31,3.3252,510558864,1.3820496295356288
2023-11-29,3.3266,3.3321,3.2948,3.31,1410266945,1.3820496295356288
2023-11-30,3.3072,3.3252,3.3031,3.3183,549824293,1.3820496295356288
2023-12-01,3.3169,3.3169,3.2699,3.2962,1637229977,1.3820496295356288
2023-12-04,3.3003,3.3003,3.2699,3.2713,602125759,1.3820496295356288
2023-12-05,3.2644,3.2658,3.2022,3.205,966826721,1.3820496295356288
2023-12-06,3.1994,3.2229,3.187,3.2022,724291473,1.3820496295356288
2023-12-07,3.1967,3.2022,3.1677,3.1884,845843586,1.3820496295356288
2023-12-08,3.1898,3.2105,3.1829,3.1981,578433581,1.3820496295356288
2023-12-11,3.1787,3.2257,3.1469,3.2119,1388947665,1.3820496295356288
2023-12-12,3.2036,3.234,3.1981,3.2298,1271068258,1.3820496295356288
2023-12-13,3.2202,3.2216,3.1649,3.1663,916559426,1.3820496295356288
2023-12-14,3.1842,3.1953,3.1483,3.1511,799725472,1.3820496295356288
2023-12-15,3.1663,3.1994,3.1428,3.1525,1194529441,1.3820496295356288
2023-12-18,3.1373,3.1677,3.1207,3.1552,746483124,1.3820496295356288
2023-12-19,3.1511,3.1746,3.1373,3.1594,783445041,1.3820496295356288
2023-12-20,3.1663,3.1718,3.1386,3.1414,711885313,1.3820496295356288
2023-12-21,3.1276,3.1856,3.1276,3.1773,1403494003,1.3820496295356288
2023-12-22,3.1746,3.2077,3.1607,3.1884,1771117299,1.3820496295356288
2023-12-25,3.187,3.1981,3.1787,3.1898,825443294,1.3820496295356288
2023-12-26,3.1898,3.1912,3.1663,3.1773,1001360975,1.3820496295356288
2023-12-27,3.1773,3.1898,3.158,3.1815,1140214957,1.3820496295356288
2023-12-28,3.1787,3.2616,3.176,3.2533,1306719824,1.3820496295356288
2023-12-29,3.2478,3.2685,3.2409,3.2547,917464230,1.3820496295356288
2024-01-02,3.2561,3.2561,3.2146,3.216,787310141,1.3820496295356288
2024-01-03,3.2119,3.2285,3.2064,3.2229,627676145,1.3820496295356288
2024-01-04,3.2216,3.2229,3.1718,3.1981,906163641,1.3820496295356288
2024-01-05,3.1898,3.2229,3.1649,3.1829,1019415882,1.3820496295356288
2024-01-08,3.1787,3.1912,3.1428,3.1483,888765005,1.3820496295356288
2024-01-09,3.1525,3.1594,3.1359,3.1511,853922969,1.3820496295356288
2024-01-10,3.1442,3.169,3.1317,3.1373,800237537,1.3820496295356288
2024-01-11,3.1359,3.1607,3.1248,3.1442,751873354,1.3820496295356288
2024-01-12,3.1345,3.1607,3.129,3.14,593806006,1.3820496295356288
2024-01-15,3.1276,3.169,3.1234,3.14,566587522,1.3820496295356288
2024-01-16,3.1345,3.158,3.1193,3.1566,1136526820,1.3820496295356288
2024-01-17,3.1442,3.1469,3.0847,3.0875,1272251876,1.3820496295356288
2024-01-18,3.0751,3.1483,3.035,3.1428,4825657188,1.3820496295356288
2024-01-19,3.1221,3.1607,3.1096,3.1538,3784481259,1.3820496295356288
2024-01-22,3.1428,3.1677,3.093,3.1248,2873150176,1.3820496295356288
2024-01-23,3.1165,3.1428,3.0903,3.1207,1430700006,1.3820496295356288
2024-01-24,3.1359,3.1787,3.1013,3.1718,1629979256,1.3820496295356288
2024-01-25,3.1732,3.2506,3.1663,3.2437,1545790266,1.3820496295356288
2024-01-26,3.234,3.2603,3.2229,3.2478,2431087444,1.3820496295356288
2024-01-29,3.2478,3.2658,3.2326,3.2368,1163352306,1.3820496295356288
2024-01-30,3.2202,3.2312,3.1842,3.187,1278177869,1.3820496295356288
2024-01-31,3.176,3.1912,3.1455,3.1677,1949449232,1.3820496295356288
2024-02-01,3.1525,3.1856,3.1414,3.1552,2015125432,1.3820496295356288
2024-02-02,3.1566,3.1773,3.0585,3.1345,2109162682,1.3820496295356288
2024-02-05,3.1138,3.1829,3.0875,3.1635,1635986271,1.3820496295356288
2024-02-06,3.1525,3.2603,3.1497,3.2492,2385726511,1.3820496295356288
2024-02-07,3.2547,3.2907,3.2312,3.2893,2999487701,1.3820496295356288
2024-02-08,3.3017,3.31,3.2699,3.2962,3290382863,1.3820496295356288
2024-02-19,3.3142,3.3224,3.292,3.3211,1749353089,1.3820496295356288
2024-02-20,3.3155,3.3252,3.299,3.3197,988164874,1.3820496295356288
2024-02-21,3.31,3.4206,3.3045,3.3777,1957688618,1.3820496295356288
2024-02-22,3.3722,3.4123,3.3694,3.4081,873550215,1.3820496295356288
2024-02-23,3.4081,3.4316,3.3985,3.4095,1061144807,1.3820496295356288
2024-02-26,3.4054,3.4068,3.3459,3.3529,1902510775,1.3820496295356288
2024-02-27,3.3418,3.3708,3.339,3.3694,1248810042,1.3820496295356288
2024-02-28,3.3694,3.3915,3.3473,3.3501,1792847993,1.3820496295356288
2024-02-29,3.3404,3.3833,3.3404,3.3777,1286103554,1.3820496295356288
2024-03-01,3.3722,3.3943,3.3598,3.3833,1191423872,1.3820496295356288
2024-03-04,3.3777,3.3971,3.3694,3.3874,1273564556,1.3820496295356288
2024-03-05,3.375,3.4372,3.3708,3.4289,2432653629,1.3820496295356288
2024-03-06,3.4247,3.4344,3.4095,3.4109,1500129104,1.3820496295356288
2024-03-07,3.4081,3.4289,3.3874,3.3998,968197064,1.3820496295356288
2024-03-08,3.3998,3.4123,3.3763,3.3998,813179591,1.3820496295356288
2024-03-11,3.3998,3.4275,3.3874,3.4261,1037741034,1.3820496295356288
2024-03-12,3.4261,3.4468,3.4164,3.4344,1606725938,1.3820496295356288
2024-03-13,3.4289,3.4302,3.3902,3.4068,1013191973,1.3820496295356288
2024-03-14,3.4054,3.4289,3.3846,3.3985,852648080,1.3820496295356288
2024-03-15,3.3874,3.4081,3.375,3.4012,1023426023,1.3820496295356288
2024-03-18,3.3985,3.4206,3.3915,3.415,895925379,1.3820496295356288
2024-03-19,3.4081,3.422,3.3846,3.3915,993209300,1.3820496295356288
2024-03-20,3.3819,3.4095,3.375,3.3998,808470821,1.3820496295356288
2024-03-21,3.4068,3.4233,3.3985,3.3998,608478466,1.3820496295356288
2024-03-22,3.3929,3.3957,3.3446,3.3694,1466630917,1.3820496295356288
2024-03-25,3.3625,3.3902,3.3556,3.3681,706030136,1.3820496295356288
2024-03-26,3.3708,3.386,3.3625,3.3805,727926049,1.3820496295356288
2024-03-27,3.3736,3.3943,3.3611,3.3625,844524757,1.3820496295356288
2024-03-28,3.3598,3.3985,3.3446,3.3694,1168146185,1.3820496295356288
2024-03-29,3.3653,3.3902,3.3639,3.3846,634334702,1.3820496295356288
2024-04-01,3.3929,3.4344,3.3929,3.4206,964542321,1.3820496295356288
2024-04-02,3.422,3.4289,3.404,3.415,663053245,1.3820496295356288
2024-04-03,3.4164,3.4192,3.3957,3.404,596610701,1.3820496295356288
2024-04-08,3.3943,3.4068,3.3722,3.386,945289759,1.3820496295356288
2024-04-09,3.3846,3.3902,3.3625,3.3681,662190812,1.3820496295356288
2024-04-10,3.3708,3.3791,3.3459,3.3598,847010591,1.3820496295356288
2024-04-11,3.3487,3.3681,3.3335,3.357,650197154,1.3820496295356288
2024-04-12,3.3556,3.3639,3.3183,3.328,755534934,1.3820496295356288
2024-04-15,3.3252,3.3998,3.3238,3.3971,1448822976,1.3820496295356288
2024-04-16,3.3902,3.4054,3.3584,3.3833,1073800094,1.3820496295356288
2024-04-17,3.3777,3.4206,3.3598,3.4178,1002160007,1.3820496295356288
2024-04-18,3.4081,3.4607,3.4054,3.4275,1174795146,1.3820496295356288
2024-04-19,3.4137,3.4275,3.3957,3.4054,841950347,1.3820496295356288
2024-04-22,3.4068,3.4358,3.3943,3.3998,809244501,1.3820496295356288
2024-04-23,3.3957,3.4026,3.3791,3.3819,546199301,1.3820496295356288
2024-04-24,3.3915,3.4026,3.3722,3.3957,667920561,1.3820496295356288
2024-04-25,3.3902,3.4164,3.3791,3.4081,546700405,1.3820496295356288
2024-04-26,3.4109,3.4607,3.4109,3.4496,1025253325,1.3820496295356288
2024-04-29,3.4468,3.4966,3.4399,3.4703,1274586378,1.3820496295356288
2024-04-30,3.4662,3.4814,3.4524,3.4551,610226600,1.3820496295356288
2024-05-06,3.4938,3.5118,3.4828,3.4966,1029252930,1.3820496295356288
2024-05-07,3.4952,3.5076,3.4883,3.5035,557582653,1.3820496295356288
2024-05-08,3.498,3.4993,3.48,3.4828,502589430,1.3820496295356288
2024-05-09,3.4814,3.5118,3.4814,3.5049,480642263,1.3820496295356288
2024-05-10,3.5132,3.5242,3.4897,3.5146,957530338,1.3820496295356288
2024-05-13,3.5035,3.5201,3.4828,3.5104,836587806,1.3820496295356288
2024-05-14,3.509,3.5159,3.4897,3.498,561591579,1.3820496295356288
2024-05-15,3.4952,3.5035,3.4662,3.4731,685513669,1.3820496295356288
2024-05-16,3.4786,3.4993,3.4676,3.4869,774059785,1.3820496295356288
2024-05-17,3.4869,3.5422,3.4841,3.5394,943388639,1.3820496295356288
2024-05-20,3.5408,3.5657,3.5339,3.5477,652796901,1.3820496295356288
2024-05-21,3.5408,3.5463,3.5256,3.5408,495562701,1.3820496295356288
2024-05-22,3.5353,3.5505,3.5298,3.5422,576951057,1.3820496295356288
2024-05-23,3.5311,3.5339,3.4966,3.5063,1014816589,1.3820496295356288
2024-05-24,3.4952,3.509,3.4634,3.4662,926557780,1.3820496295356288
2024-05-27,3.4717,3.5007,3.4717,3.498,853284829,1.3820496295356288
2024-05-28,3.498,3.509,3.4828,3.4883,494623500,1.3820496295356288
2024-05-29,3.4855,3.5173,3.4841,3.4897,547851824,1.3820496295356288
2024-05-30,3.4855,3.5035,3.4579,3.4662,692224690,1.3820496295356288
2024-05-31,3.4717,3.4855,3.451,3.4537,526007122,1.3820496295356288
2024-06-03,3.4496,3.4676,3.4385,3.4579,610477461,1.3820496295356288
2024-06-04,3.4551,3.4869,3.451,3.4772,687487300,1.3820496295356288
2024-06-05,3.4759,3.4814,3.4607,3.462,605581609,1.3820496295356288
2024-06-06,3.4689,3.4938,3.4524,3.4634,717814500,1.3820496295356288
2024-06-07,3.4717,3.4772,3.4316,3.4482,720576002,1.3820496295356288
2024-06-11,3.4385,3.4413,3.3943,3.4068,992243700,1.3820496295356288
2024-06-12,3.4012,3.4095,3.3902,3.4026,695812961,1.3820496295356288
2024-06-13,3.4081,3.4081,3.3791,3.3888,712956419,1.3820496295356288
2024-06-14,3.3833,3.4192,3.3736,3.4123,897068161,1.3820496295356288
2024-06-17,3.3902,3.4012,3.386,3.3915,991137042,1.3820496295356288
2024-06-18,3.3902,3.4068,3.3833,3.3915,621849600,1.3820496295356288
2024-06-19,3.3929,3.4026,3.3833,3.3971,591825062,1.3820496295356288
2024-06-20,3.3929,3.4081,3.3833,3.3874,760900713,1.3820496295356288
2024-06-21,3.3846,3.3929,3.3556,3.3805,1636597300,1.3820496295356288
2024-06-24,3.3584,3.4026,3.3542,3.3805,1278460961,1.3820496295356288
2024-06-25,3.3805,3.3888,3.3501,3.3681,1033174701,1.3820496295356288
2024-06-26,3.3611,3.3833,3.3529,3.3736,862678961,1.3820496295356288
2024-06-27,3.3667,3.3708,3.3459,3.3639,931118346,1.3820496295356288
2024-06-28,3.3556,3.3902,3.3529,3.3736,742955922,1.3820496295356288
2024-07-01,3.3722,3.3929,3.3611,3.386,662193191,1.3820496295356288
2024-07-02,3.3819,3.4109,3.3805,3.4026,929069370,1.3820496295356288
2024-07-03,3.404,3.4081,3.3902,3.4026,377352006,1.3820496295356288
2024-07-04,3.4054,3.4206,3.3902,3.3915,632129170,1.3820496295356288
2024-07-05,3.3915,3.3985,3.3349,3.3639,1193835871,1.3820496295356288
2024-07-08,3.3529,3.3681,3.339,3.3473,694425011,1.3820496295356288
2024-07-09,3.3459,3.3902,3.3238,3.3777,1005916467,1.3820496295356288
2024-07-10,3.3722,3.3874,3.3694,3.3722,506729401,1.3820496295356288
2024-07-11,3.3902,3.4123,3.3791,3.4081,647689010,1.3820496295356288
2024-07-12,3.4109,3.433,3.4095,3.4289,1099509223,1.3820496295356288
2024-07-15,3.4247,3.4468,3.4206,3.4427,1144750398,1.3820496295356288
2024-07-16,3.4399,3.4607,3.4289,3.4551,1208825419,1.3820496295356288
2024-07-17,3.4524,3.4786,3.4496,3.4689,1133348143,1.3820496295356288
2024-07-18,3.462,3.4911,3.4537,3.4855,1317556580,1.3820496295356288
2024-07-19,3.4759,3.5215,3.4565,3.509,2995549990,1.3820496295356288
2024-07-22,3.5063,3.5076,3.4537,3.4759,1069696754,1.3820496295356288
2024-07-23,3.4676,3.4772,3.4261,3.4316,700216328,1.3820496295356288
2024-07-24,3.422,3.4399,3.404,3.4192,985698806,1.3820496295356288
2024-07-25,3.4068,3.415,3.3694,3.386,1327787431,1.3820496295356288
2024-07-26,3.3874,3.3929,3.357,3.3777,1398651626,1.3820496295356288
2024-07-29,3.3736,3.3805,3.3598,3.3653,565222717,1.3820496295356288
2024-07-30,3.3584,3.3611,3.328,3.3473,1577558841,1.3820496295356288
2024-07-31,3.3459,3.4095,3.3446,3.404,1015608036,1.3820496295356288
2024-08-01,3.3998,3.4068,3.3791,3.3833,600949600,1.3820496295356288
2024-08-02,3.3681,3.3819,3.3515,3.3625,932429846,1.3820496295356288
2024-08-05,3.3515,3.3874,3.3349,3.3404,2299450902,1.3820496295356288
2024-08-06,3.3542,3.3653,3.2893,3.3183,1326693900,1.3820496295356288
2024-08-07,3.3114,3.3376,3.3072,3.3155,788845064,1.3820496295356288
2024-08-08,3.3142,3.3459,3.3045,3.3252,542083213,1.3820496295356288
2024-08-09,3.3404,3.3515,3.3197,3.3211,710842500,1.3820496295356288
2024-08-12,3.3211,3.3321,3.3142,3.3224,378518101,1.3820496295356288
2024-08-13,3.3211,3.3266,3.3031,3.3211,482987118,1.3820496295356288
2024-08-14,3.3224,3.3224,3.3017,3.3031,553523257,1.3820496295356288
2024-08-15,3.2976,3.3611,3.292,3.3473,1187768101,1.3820496295356288
2024-08-16,3.3459,3.3694,3.3404,3.3639,1221009830,1.3820496295356288
2024-08-19,3.3639,3.3971,3.3639,3.3791,456978344,1.3820496295356288
2024-08-20,3.3846,3.3846,3.3529,3.3694,1082638005,1.3820496295356288
2024-08-21,3.3611,3.3667,3.3335,3.3529,867594700,1.3820496295356288
2024-08-22,3.3556,3.3639,3.3432,3.3584,949185342,1.3820496295356288
2024-08-23,3.3584,3.3846,3.3556,3.3791,524814883,1.3820496295356288
2024-08-26,3.3819,3.3902,3.3598,3.375,494272036,1.3820496295356288
2024-08-27,3.3736,3.3846,3.3639,3.3777,765349342,1.3820496295356288
2024-08-28,3.3722,3.3763,3.3404,3.3542,1067530926,1.3820496295356288
2024-08-29,3.3459,3.3515,3.3238,3.3266,483632442,1.3820496295356288
2024-08-30,3.3197,3.3819,3.3183,3.357,1084734178,1.3820496295356288
2024-09-02,3.339,3.3432,3.299,3.3031,739289251,1.3820496295356288
2024-09-03,3.3017,3.3059,3.2824,3.2879,937708300,1.3820496295356288
2024-09-04,3.2727,3.2879,3.2547,3.2603,713782500,1.3820496295356288
2024-09-05,3.2616,3.2768,3.2547,3.2644,689433801,1.3820496295356288
2024-09-06,3.2672,3.2879,3.2464,3.2492,856267943,1.3820496295356288
2024-09-09,3.2381,3.2423,3.1953,3.2064,1002380100,1.3820496295356288
2024-09-10,3.205,3.2174,3.1898,3.2077,820576957,1.3820496295356288
2024-09-11,3.2008,3.2036,3.1787,3.1884,926664008,1.3820496295356288
2024-09-12,3.1898,3.2008,3.1718,3.1746,699198306,1.3820496295356288
2024-09-13,3.1746,3.1953,3.1663,3.1677,701542499,1.3820496295356288
2024-09-18,3.1677,3.1981,3.1649,3.1856,986296004,1.3820496295356288
2024-09-19,3.1898,3.2202,3.158,3.205,1039087381,1.3820496295356288
2024-09-20,3.1994,3.2202,3.1773,3.2105,1892966671,1.3820496295356288
2024-09-23,3.2077,3.2381,3.205,3.2202,610242399,1.3820496295356288
2024-09-24,3.2561,3.386,3.2409,3.386,1994535625,1.3820496295356288
2024-09-25,3.4344,3.4883,3.4192,3.4275,1610607717,1.3820496295356288
2024-09-26,3.4233,3.621,3.4233,3.6182,2376659669,1.3820496295356288
2024-09-27,3.6776,3.8946,3.6044,3.7647,1515369074,1.3820496295356288
2024-09-30,3.8711,4.0688,3.7619,4.0204,3571868455,1.3820496295356288
2024-10-08,4.4226,4.4226,4.0204,4.1157,3758084309,1.3820496295356288
2024-10-09,4.0231,4.0632,3.8117,3.8186,2232707104,1.3820496295356288
2024-10-10,3.8504,4.0356,3.8407,3.9416,2250743129,1.3820496295356288
2024-10-11,3.9264,3.9361,3.8075,3.8614,1995223206,1.3820496295356288
2024-10-14,3.8766,3.9319,3.8393,3.9071,1887459448,1.3820496295356288
2024-10-15,3.8891,3.9153,3.8089,3.8117,1563030538,1.3820496295356288
2024-10-16,3.7854,3.8462,3.7771,3.8062,1189681882,1.3820496295356288
2024-10-17,3.8283,3.8476,3.7467,3.7481,1545933845,1.3820496295356288
2024-10-18,3.7523,3.9554,3.7177,3.8628,2067426708,1.3820496295356288
2024-10-21,3.8656,3.8849,3.8241,3.8559,1369032790,1.3820496295356288
2024-10-22,3.8545,3.8932,3.8449,3.8711,1267692289,1.3820496295356288
2024-10-23,3.8711,3.925,3.8573,3.8932,1452292388,1.3820496295356288
2024-10-24,3.8753,3.8822,3.838,3.8545,1072730596,1.3820496295356288
2024-10-25,3.8545,3.8919,3.8393,3.8601,944324741,1.3820496295356288
2024-10-28,3.8587,3.8642,3.82,3.8628,820462517,1.3820496295356288
2024-10-29,3.867,3.9029,3.831,3.8407,1105529001,1.3820496295356288
2024-10-30,3.8269,3.8476,3.7744,3.791,1015042714,1.3820496295356288
2024-10-31,3.791,3.8186,3.7606,3.7882,1068979936,1.3820496295356288
2024-11-01,3.7799,3.8462,3.7799,3.8172,1380755868,1.3820496295356288
2024-11-04,3.8214,3.8518,3.7882,3.849,710692644,1.3820496295356288
2024-11-05,3.8393,3.9278,3.8255,3.9264,1547429477,1.3820496295356288
2024-11-06,3.925,3.9485,3.8697,3.8946,1328726061,1.3820496295356288
2024-11-07,3.8656,4.0466,3.8642,4.0425,1970369910,1.3820496295356288
2024-11-08,4.0577,4.077,3.9637,3.9831,1856141137,1.3820496295356288
2024-11-11,3.9471,3.9637,3.8988,3.9582,1206051001,1.3820496295356288
2024-11-12,3.9499,3.9997,3.8822,3.9001,1340968801,1.3820496295356288
2024-11-13,3.8822,3.9375,3.8794,3.9223,1154336900,1.3820496295356288
2024-11-14,3.9098,3.9471,3.8808,3.8891,1277206161,1.3820496295356288
2024-11-15,3.8808,3.8988,3.838,3.8393,1394418910,1.3820496295356288
2024-11-18,3.8545,3.9181,3.8366,3.8559,1199619816,1.3820496295356288
2024-11-19,3.8504,3.8601,3.791,3.8393,919468916,1.3820496295356288
2024-11-20,3.831,3.8614,3.82,3.8476,854979945,1.3820496295356288
2024-11-21,3.8421,3.8628,3.831,3.8573,738982704,1.3820496295356288
2024-11-22,3.8518,3.8587,3.7371,3.7454,1313065600,1.3820496295356288
2024-11-25,3.7481,3.7688,3.6928,3.7136,1322431600,1.3820496295356288
2024-11-26,3.6997,3.7509,3.6984,3.7274,839971050,1.3820496295356288
2024-11-27,3.7274,3.7744,3.7136,3.7716,1104712619,1.3820496295356288
2024-11-28,3.7744,3.7813,3.7329,3.7536,913282800,1.3820496295356288
2024-11-29,3.755,3.8241,3.7536,3.7758,1162631173,1.3820496295356288
2024-12-02,3.7772,3.804,3.756,3.7913,799280265,1.410444373511893
2024-12-03,3.7913,3.8223,3.7729,3.811,801204634,1.410444373511893
2024-12-04,3.8068,3.8251,3.7899,3.8068,924946202,1.410444373511893
2024-12-05,3.7941,3.8082,3.7786,3.7899,413820520,1.410444373511893
2024-12-06,3.7913,3.859,3.7814,3.8308,967932149,1.410444373511893
2024-12-09,3.8265,3.8646,3.8181,3.835,669583470,1.410444373511893
2024-12-10,3.9478,3.9633,3.8576,3.8703,1298444788,1.410444373511893
2024-12-11,3.8604,3.8745,3.8392,3.8449,673784940,1.410444373511893
2024-12-12,3.8477,3.89,3.8364,3.8886,873553639,1.410444373511893
2024-12-13,3.866,3.8674,3.7828,3.7941,1717695328,1.410444373511893
2024-12-16,3.7941,3.7997,3.78,3.7885,835376507,1.410444373511893
2024-12-17,3.7828,3.8392,3.7828,3.8082,1087102930,1.410444373511893
2024-12-18,3.8209,3.8477,3.8209,3.835,843209274,1.410444373511893
2024-12-19,3.8082,3.835,3.7899,3.8209,562015517,1.410444373511893
2024-12-20,3.8153,3.8392,3.8011,3.8096,948753866,1.410444373511893
2024-12-23,3.8096,3.866,3.8096,3.8421,1446043377,1.410444373511893
2024-12-24,3.8477,3.8914,3.8322,3.883,858261891,1.410444373511893
2024-12-25,3.8928,3.9182,3.883,3.8985,1027326336,1.410444373511893
2024-12-26,3.8971,3.8999,3.8759,3.8886,631320236,1.410444373511893
2024-12-27,3.8844,3.9055,3.8646,3.8844,611745894,1.410444373511893
2024-12-30,3.8844,3.9182,3.8844,3.9112,777244919,1.410444373511893
2024-12-31,3.9098,3.9196,3.859,3.8618,1560391119,1.410444373511893
2025-01-02,3.8547,3.8618,3.7306,3.7617,1240283327,1.410444373511893
2025-01-03,3.756,3.7687,3.7081,3.725,934897349,1.410444373511893
2025-01-06,3.725,3.732,3.677,3.7095,1073726962,1.410444373511893
2025-01-07,3.7081,3.7349,3.6954,3.7306,657002305,1.410444373511893
2025-01-08,3.7264,3.7617,3.694,3.7391,1218275306,1.410444373511893
2025-01-09,3.7363,3.7391,3.7052,3.7208,773678884,1.410444373511893
2025-01-10,3.7179,3.7391,3.6855,3.6883,930070680,1.410444373511893
2025-01-13,3.6714,3.6897,3.6474,3.677,723067395,1.410444373511893
2025-01-14,3.6827,3.7546,3.6728,3.7405,1187705304,1.410444373511893
2025-01-15,3.732,3.7518,3.7236,3.732,650967623,1.410444373511893
2025-01-16,3.7405,3.7673,3.7024,3.7193,894962989,1.410444373511893
2025-01-17,3.7095,3.7391,3.6897,3.7193,618677585,1.410444373511893
2025-01-20,3.7377,3.7588,3.7193,3.7278,649137394,1.410444373511893
2025-01-21,3.7405,3.7433,3.7123,3.7236,474730245,1.410444373511893
2025-01-22,3.7222,3.7236,3.6629,3.677,1147586736,1.410444373511893
2025-01-23,3.6996,3.7574,3.6925,3.6996,1328941637,1.410444373511893
2025-01-24,3.6982,3.7433,3.6925,3.7208,974716877,1.410444373511893
2025-01-27,3.7264,3.7447,3.7208,3.7278,1162083729,1.410444373511893
2025-02-05,3.7447,3.749,3.6855,3.694,1129019112,1.410444373511893
2025-02-06,3.694,3.7306,3.6841,3.7208,892169839,1.410444373511893
2025-02-07,3.7179,3.787,3.7052,3.7631,1345050213,1.410444373511893
2025-02-10,3.7631,3.7899,3.7574,3.7772,604463923,1.410444373511893
2025-02-11,3.7842,3.7856,3.7574,3.7673,772063815,1.410444373511893
2025-02-12,3.7659,3.8138,3.7588,3.8054,717588663,1.410444373511893
2025-02-13,3.8026,3.8421,3.7969,3.811,927506361,1.410444373511893
2025-02-14,3.8054,3.8406,3.7983,3.835,934572447,1.410444373511893
2025-02-17,3.8435,3.8533,3.8138,3.8406,1070211311,1.410444373511893
2025-02-18,3.8364,3.8618,3.811,3.8265,1041517081,1.410444373511893
2025-02-19,3.8181,3.8562,3.8082,3.8392,671784058,1.410444373511893
2025-02-20,3.835,3.835,3.8068,3.8195,571853314,1.410444373511893
2025-02-21,3.8308,3.8759,3.8181,3.8703,960707839,1.410444373511893
2025-02-24,3.8646,3.8787,3.8336,3.8519,1067669144,1.410444373511893
2025-02-25,3.8336,3.8392,3.7997,3.8124,756265852,1.410444373511893
2025-02-26,3.8181,3.8477,3.8124,3.8449,682919074,1.410444373511893
2025-02-27,3.8435,3.8674,3.8279,3.8646,726797855,1.410444373511893
2025-02-28,3.8533,3.8787,3.8068,3.8153,999051264,1.410444373511893
2025-03-03,3.8138,3.8294,3.7758,3.7885,766095121,1.410444373511893
2025-03-04,3.7729,3.7885,3.7588,3.7772,533622465,1.410444373511893
2025-03-05,3.7786,3.811,3.7729,3.804,727997432,1.410444373511893
2025-03-06,3.8209,3.8787,3.8195,3.8646,1192574641,1.410444373511893
2025-03-07,3.8618,3.8844,3.8547,3.8632,701240610,1.410444373511893
2025-03-10,3.8632,3.866,3.8209,3.8463,1276371343,1.410444373511893
2025-03-11,3.8223,3.8646,3.8153,3.8632,616194298,1.410444373511893
2025-03-12,3.8632,3.8731,3.8421,3.8505,546302832,1.410444373511893
2025-03-13,3.8491,3.8674,3.8251,3.8406,572465155,1.410444373511893
2025-03-14,3.8477,3.9619,3.8477,3.9535,1551468313,1.410444373511893
2025-03-17,3.9662,3.9746,3.9394,3.9464,649356298,1.410444373511893
2025-03-18,3.9591,3.9676,3.945,3.9492,453365959,1.410444373511893
2025-03-19,3.945,3.976,3.9408,3.9619,621957127,1.410444373511893
2025-03-20,3.9633,3.9648,3.9098,3.9196,775311589,1.410444373511893
2025-03-21,3.9098,3.9239,3.8449,3.8562,1013360003,1.410444373511893
2025-03-24,3.8547,3.8858,3.8533,3.8815,636681140,1.410444373511893
2025-03-25,3.8858,3.89,3.8717,3.8815,595996025,1.410444373511893
2025-03-26,3.8801,3.8886,3.8547,3.859,791287339,1.410444373511893
2025-03-27,3.8576,3.8999,3.8533,3.8787,678026306,1.410444373511893
2025-03-28,3.8773,3.883,3.8505,3.8618,545554555,1.410444373511893
2025-03-31,3.8547,3.8815,3.8308,3.8435,842143480,1.410444373511893
2025-04-01,3.8449,3.8576,3.8336,3.8378,457242281,1.410444373511893
2025-04-02,3.8336,3.8491,3.8237,3.8308,375959813,1.410444373511893
2025-04-03,3.8026,3.8519,3.7983,3.8364,689607319,1.410444373511893
2025-04-07,3.6954,3.7518,3.512,3.6263,3704080052,1.410444373511893
2025-04-08,3.6263,3.7081,3.6164,3.7066,3556315317,1.410444373511893
2025-04-09,3.6813,3.7419,3.6587,3.7349,1503722613,1.410444373511893
2025-04-10,3.7729,3.7786,3.7349,3.7687,876924622,1.410444373511893
2025-04-11,3.7532,3.78,3.7405,3.7758,1105871129,1.410444373511893
2025-04-14,3.7786,3.7983,3.7645,3.787,460198204,1.410444373511893
2025-04-15,3.7814,3.8026,3.7673,3.7955,1020705703,1.410444373511893
2025-04-16,3.7941,3.8378,3.7701,3.8294,2312658038,1.410444373511893
2025-04-17,3.811,3.8731,3.8068,3.8336,1166330905,1.410444373511893
2025-04-18,3.8223,3.8463,3.8153,3.8364,1301806702,1.410444373511893
2025-04-21,3.8294,3.8533,3.8237,3.8237,630351348,1.410444373511893
2025-04-22,3.8223,3.8463,3.8209,3.8308,610666215,1.410444373511893
2025-04-23,3.8406,3.8449,3.8138,3.8195,495159980,1.410444373511893
2025-04-24,3.8195,3.8449,3.8181,3.8294,594161105,1.410444373511893
2025-04-25,3.8322,3.8421,3.811,3.8223,665365946,1.410444373511893
2025-04-28,3.8153,3.8336,3.7997,3.8237,519959272,1.410444373511893
2025-04-29,3.8223,3.8294,3.8082,3.8167,384683681,1.410444373511893
2025-04-30,3.8167,3.8265,3.7969,3.7983,556827770,1.410444373511893
2025-05-06,3.8209,3.8223,3.7997,3.8181,505829535,1.410444373511893
2025-05-07,3.8632,3.8717,3.8294,3.8519,1220931662,1.410444373511893
2025-05-08,3.8421,3.8886,3.8378,3.8674,797600557,1.410444373511893
2025-05-09,3.8618,3.8787,3.8604,3.8703,512043246,1.410444373511893
2025-05-12,3.8787,3.9126,3.8703,3.8971,726418144,1.410444373511893
2025-05-13,3.9126,3.9126,3.8956,3.9055,575800924,1.410444373511893
2025-05-14,3.9083,3.9944,3.9055,3.9732,1254648913,1.410444373511893
2025-05-15,3.9676,3.9789,3.9464,3.9535,811279532,1.410444373511893
2025-05-16,3.9464,3.9549,3.9027,3.9182,690061920,1.410444373511893
2025-05-19,3.9069,3.9182,3.8956,3.9055,465527214,1.410444373511893
2025-05-20,3.9069,3.9394,3.9055,3.921,366660806,1.410444373511893
2025-05-21,3.921,3.9549,3.921,3.9394,428172019,1.410444373511893
2025-05-22,3.9323,3.9521,3.9224,3.9436,247053766,1.410444373511893
2025-05-23,3.9408,3.9591,3.9112,3.914,505854295,1.410444373511893
2025-05-26,3.9069,3.9281,3.8872,3.8985,473676185,1.410444373511893
2025-05-27,3.8971,3.9083,3.8745,3.8787,417125746,1.410444373511893
2025-05-28,3.8787,3.8844,3.8688,3.8745,334195700,1.410444373511893
2025-05-29,3.8759,3.9055,3.866,3.8844,882087471,1.410444373511893
2025-05-30,3.883,3.89,3.8505,3.8773,884995116,1.410444373511893
2025-06-03,3.8646,3.8942,3.8562,3.8759,501260254,1.410444373511893
2025-06-04,3.8801,3.8985,3.8759,3.8858,318023306,1.410444373511893
2025-06-05,3.8928,3.8942,3.8717,3.8844,416479500,1.410444373511893
2025-06-06,3.89,3.9041,3.8801,3.8872,506736659,1.410444373511893
2025-06-09,3.89,3.9027,3.8745,3.8872,709788198,1.410444373511893
2025-06-10,3.89,3.9027,3.8576,3.8674,917943537,1.410444373511893
2025-06-11,3.8674,3.9154,3.866,3.8956,585072791,1.410444373511893
2025-06-12,3.89,3.9013,3.866,3.8928,392650273,1.410444373511893
2025-06-13,3.8858,3.8928,3.859,3.8731,651201333,1.410444373511893
2025-06-16,3.8604,3.8886,3.8576,3.883,578828372,1.410444373511893
2025-06-17,3.8815,3.8872,3.8646,3.883,571268034,1.410444373511893
2025-06-18,3.8815,3.8928,3.8632,3.8787,427677032,1.410444373511893
2025-06-19,3.8731,3.8759,3.8463,3.8547,806218699,1.410444373511893
2025-06-20,3.8576,3.8858,3.8562,3.8773,788226011,1.410444373511893
2025-06-23,3.8688,3.9083,3.8547,3.8956,755015613,1.410444373511893
2025-06-24,3.8956,3.9633,3.8942,3.938,958847700,1.410444373511893
2025-06-25,3.9408,3.9972,3.9323,3.9944,974126991,1.410444373511893
2025-06-26,3.9916,3.9972,3.9803,3.9859,591542718,1.410444373511893
2025-06-27,3.9901,4.0043,3.938,3.9422,735136118,1.410444373511893
2025-06-30,3.9422,3.9619,3.9309,3.9591,789373449,1.410444373511893
2025-07-01,3.9577,3.9704,3.9492,3.9633,438817401,1.410444373511893
2025-07-02,3.9648,3.9817,3.9549,3.9718,413099449,1.410444373511893
2025-07-03,3.9746,3.9817,3.9605,3.9775,225945711,1.410444373511893
2025-07-04,3.9746,4.0311,3.9619,4.0,563123547,1.410444373511893
2025-07-07,3.993,3.9958,3.9775,3.9887,288204982,1.410444373511893
2025-07-08,3.9873,4.0198,3.9873,4.0127,458241093,1.410444373511893
2025-07-09,4.0155,4.0296,4.0014,4.0085,405370706,1.410444373511893
2025-07-10,4.0043,4.0607,4.0028,4.0311,559082930,1.410444373511893
2025-07-11,4.0339,4.1157,4.0311,4.0494,1251123183,1.410444373511893
2025-07-14,4.048,4.0677,4.0437,4.0466,521790301,1.410444373511893
2025-07-15,4.0466,4.0564,4.0043,4.0268,632367442,1.410444373511893
2025-07-16,4.0268,4.0423,4.0043,4.0198,446635933,1.410444373511893
2025-07-17,4.0184,4.0339,4.0127,4.0325,381697779,1.410444373511893
2025-07-18,4.0395,4.0748,4.0367,4.0677,676731019,1.410444373511893
2025-07-21,4.072,4.0846,4.0621,4.0762,573545405,1.410444373511893
2025-07-22,4.079,4.1129,4.0607,4.11,658976345,1.410444373511893
2025-07-23,4.1114,4.1552,4.11,4.1199,726229354,1.410444373511893
2025-07-24,4.1199,4.1495,4.1086,4.1368,538146503,1.410444373511893
2025-07-25,4.1368,4.1368,4.1002,4.1129,572556124,1.410444373511893
2025-07-28,4.1143,4.1368,4.1016,4.1312,610284995,1.410444373511893
2025-07-29,4.1255,4.1439,4.1129,4.1382,520820030,1.410444373511893
2025-07-30,4.1326,4.1862,4.1227,4.1509,826165102,1.410444373511893
2025-07-31,4.1382,4.1382,4.0734,4.0889,946419985,1.410444373511893
2025-08-01,4.0804,4.0931,4.0466,4.0564,823513988,1.410444373511893
2025-08-04,4.0452,4.0776,4.0437,4.0762,479895160,1.410444373511893
2025-08-05,4.0762,4.1129,4.0734,4.1072,724301836,1.410444373511893
2025-08-06,4.1044,4.1227,4.1002,4.1157,328782877,1.410444373511893
2025-08-07,4.1185,4.134,4.1016,4.1199,404373495,1.410444373511893
2025-08-08,4.1129,4.1227,4.0973,4.1044,293830872,1.410444373511893
2025-08-11,4.1072,4.1241,4.0973,4.1072,641217180,1.410444373511893
2025-08-12,4.1086,4.1467,4.1086,4.1354,613600395,1.410444373511893
2025-08-13,4.1354,4.1665,4.1326,4.1467,741455374,1.410444373511893
2025-08-14,4.1509,4.2059,4.1495,4.1665,929751369,1.410444373511893
2025-08-15,4.158,4.1989,4.1439,4.182,1353060946,1.410444373511893
2025-08-18,4.189,4.22,4.1693,4.1904,1099632367,1.410444373511893
2025-08-19,4.1876,4.2102,4.1397,4.1425,802699002,1.410444373511893
2025-08-20,4.1382,4.1975,4.1199,4.1961,1003750690,1.410444373511893
2025-08-21,4.2017,4.2299,4.1975,4.2172,874023648,1.410444373511893
2025-08-22,4.22,4.3258,4.22,4.3244,1265864867,1.410444373511893
2025-08-25,4.3428,4.4119,4.3357,4.4062,1188379707,1.410444373511893
2025-08-26,4.402,4.402,4.3639,4.3738,727485594,1.410444373511893
2025-08-27,4.3766,4.3949,4.2976,4.3033,992806302,1.410444373511893
2025-08-28,4.2962,4.3681,4.2807,4.3653,1151366620,1.410444373511893
2025-08-29,4.3512,4.4034,4.3456,4.3893,1242740893,1.410444373511893
2025-09-01,4.3935,4.4034,4.3667,4.3907,947105873,1.410444373511893
2025-09-02,4.3935,4.4302,4.3724,4.4119,779798030,1.410444373511893
2025-09-03,4.4119,4.4246,4.3216,4.354,1119035771,1.410444373511893
2025-09-04,4.3484,4.3526,4.2356,4.2793,1495711421,1.410444373511893
2025-09-05,4.2779,4.3442,4.2694,4.3329,649923624,1.410444373511893
2025-09-08,4.3301,4.3484,4.3033,4.3258,535238452,1.410444373511893
2025-09-09,4.316,4.3442,4.2934,4.3145,851887505,1.410444373511893
2025-09-10,4.3103,4.3555,4.3075,4.3329,460363432,1.410444373511893
2025-09-11,4.316,4.4062,4.2962,4.4034,1308600325,1.410444373511893
2025-09-12,4.4062,4.4232,4.3681,4.378,694971852,1.410444373511893
2025-09-15,4.3851,4.3978,4.3569,4.3681,542322395,1.410444373511893
2025-09-16,4.3724,4.3837,4.3371,4.347,645047199,1.410444373511893
2025-09-17,4.3413,4.3639,4.3258,4.3555,579748039,1.410444373511893
2025-09-18,4.3611,4.3837,4.2595,4.299,1304857521,1.410444373511893
2025-09-19,4.2878,4.323,4.2849,4.2948,655665965,1.410444373511893
2025-09-22,4.2934,4.3174,4.2765,4.3075,633104475,1.410444373511893
2025-09-23,4.3047,4.3301,4.2638,4.3075,1108592600,1.410444373511893
2025-09-24,4.2934,4.3399,4.2906,4.3329,808978400,1.410444373511893
2025-09-25,4.3357,4.3681,4.3329,4.354,557976225,1.410444373511893
2025-09-26,4.3399,4.3667,4.3329,4.3399,465569300,1.410444373511893
2025-09-29,4.3329,4.426,4.3075,4.3851,1264089496,1.410444373511893
2025-09-30,4.3964,4.4119,4.3893,4.409,553634686,1.410444373511893
2025-10-09,4.4246,4.4697,4.402,4.4584,675390755,1.410444373511893
2025-10-10,4.4358,4.4415,4.3752,4.3893,931234621,1.410444373511893
2025-10-13,4.3033,4.3837,4.3033,4.3738,537714800,1.410444373511893
2025-10-14,4.3935,4.4175,4.3526,4.3724,1135122366,1.410444373511893
2025-10-15,4.3752,4.433,4.3639,4.426,803921165,1.410444373511893
2025-10-16,4.4203,4.4683,4.4147,4.4556,849296886,1.410444373511893
2025-10-17,4.4542,4.4612,4.3696,4.3865,1047601211,1.410444373511893
2025-10-20,4.402,4.4203,4.3766,4.3879,906814037,1.410444373511893
2025-10-21,4.3978,4.4457,4.3921,4.4344,852424800,1.410444373511893
2025-10-22,4.4105,4.4471,4.4034,4.4401,793070110,1.410444373511893
2025-10-23,4.4358,4.4739,4.402,4.4669,576569281,1.410444373511893
2025-10-24,4.4782,4.512,4.4725,4.5021,681061847,1.410444373511893
2025-10-27,4.5247,4.5487,4.5134,4.536,946697220,1.410444373511893
2025-10-28,4.5303,4.5459,4.4993,4.5078,784301490,1.410444373511893
2025-10-29,4.5106,4.5303,4.505,4.5275,630345860,1.410444373511893
2025-10-30,4.5205,4.5459,4.4965,4.5035,986908581,1.410444373511893
2025-10-31,4.505,4.5092,4.4514,4.457,1060663918,1.410444373511893
2025-11-03,4.4471,4.4626,4.4175,4.4584,1006200674,1.410444373511893
2025-11-04,4.457,4.4753,4.4302,4.4514,991841576,1.410444373511893
2025-11-05,4.4189,4.4626,4.4076,4.4429,572868819,1.410444373511893
2025-11-06,4.4542,4.5064,4.4485,4.4993,641061413,1.410444373511893
2025-11-07,4.4894,4.5078,4.4866,4.4937,445456256,1.410444373511893
2025-11-10,4.4979,4.5177,4.4768,4.5148,441121842,1.410444373511893
2025-11-11,4.5205,4.5247,4.4697,4.4852,511249302,1.410444373511893
2025-11-12,4.4824,4.5219,4.4824,4.5092,553594448,1.410444373511893
2025-11-13,4.5007,4.5487,4.4993,4.543,501223694,1.410444373511893
2025-11-14,4.5275,4.5459,4.488,4.4894,427387153,1.410444373511893
2025-11-17,4.488,4.4894,4.4373,4.4556,764881578,1.410444373511893
2025-11-18,4.4457,4.4683,4.4274,4.4429,662614119,1.410444373511893
2025-11-19,4.4373,4.4824,4.4373,4.4641,711760532,1.410444373511893
2025-11-20,4.481,4.4937,4.4429,4.4514,386372977,1.410444373511893
2025-11-21,4.4246,4.4753,4.3653,4.3738,792638672,1.410444373511893
2025-11-24,4.3794,4.3865,4.3526,4.3639,618348200,1.410444373511893
2025-11-25,4.378,4.3978,4.3667,4.3865,570056530,1.410444373511893
2025-11-26,4.3907,4.5839,4.3879,4.3921,465589180,1.410444373511893
2025-11-27,4.3978,4.4203,4.3851,4.3893,651239353,1.410444373511893
2025-11-28,4.3879,4.3978,4.3681,4.3907,589190200,1.410444373511893
2025-12-01,4.3964,4.426,4.3921,4.4246,755812430,1.410444373511893
2025-12-02,4.4246,4.426,4.3935,4.4034,479126144,1.410444373511893
2025-12-03,4.4006,4.4119,4.3724,4.3837,477834475,1.410444373511893
2025-12-04,4.3893,4.4076,4.3752,4.3949,430639879,1.410444373511893
2025-12-05,4.3949,4.4542,4.3907,4.4358,663713699,1.410444373511893
2025-12-08,4.4457,4.4824,4.4443,4.4626,789410436,1.410444373511893
2025-12-09,4.457,4.4598,4.4217,4.4316,557029393,1.410444373511893
2025-12-10,4.426,4.4316,4.3907,4.4175,552226066,1.410444373511893
2025-12-11,4.4246,4.4316,4.3851,4.4006,492066877,1.410444373511893
2025-12-12,4.4076,4.4274,4.3865,4.4203,631028000,1.410444373511893
2025-12-15,4.409,4.4612,4.4034,4.4189,520007272,1.410444373511893
2025-12-16,4.4161,4.4175,4.3569,4.3766,787803800,1.410444373511893
2025-12-17,4.3795,4.4504,4.3636,4.4273,886313093,1.4477700598767465
2025-12-18,4.42,4.4432,4.4099,4.436,377578753,1.4477700598767465
2025-12-19,4.4374,4.4736,4.4273,4.4562,866072240,1.4477700598767465
2025-12-22,4.4635,4.4881,4.462,4.4765,543950813,1.4477700598767465
2025-12-23,4.4823,4.5069,4.4722,4.4852,722707219,1.4477700598767465
2025-12-24,4.4837,4.4953,4.4649,4.4866,662037106,1.4477700598767465
2025-12-25,4.4823,4.5069,4.4736,4.4982,446623813,1.4477700598767465
2025-12-26,4.4997,4.5373,4.4968,4.517,716197258,1.4477700598767465
2025-12-29,4.517,4.5315,4.4895,4.5011,487016493,1.4477700598767465
2025-12-30,4.4881,4.5214,4.4794,4.4997,524257565,1.4477700598767465
2025-12-31,4.5026,4.5228,4.4837,4.4953,911474675,1.4477700598767465
2026-01-05,4.5113,4.6068,4.5113,4.5952,799217865,1.4477700598767465
2026-01-06,4.6039,4.685,4.5996,4.6835,644410202,1.4477700598767465
2026-01-07,4.685,4.6879,4.6416,4.6618,612968172,1.4477700598767465
2026-01-08,4.6502,4.6589,4.6068,4.63,512542924,1.4477700598767465
2026-01-09,4.6285,4.6662,4.6155,4.6459,601376095,1.4477700598767465
2026-01-12,4.6546,4.6691,4.6329,4.6589,544302509,1.4477700598767465
2026-01-13,4.6662,4.7139,4.6329,4.6531,915113992,1.4477700598767465
2026-01-14,4.656,4.7038,4.6025,4.614,1187016390,1.4477700598767465
2026-01-15,4.6039,4.6401,4.5894,4.6039,3638507692,1.4477700598767465
2026-01-16,4.6227,4.643,4.5489,4.575,3476366733,1.4477700598767465
2026-01-19,4.5648,4.5952,4.5489,4.5648,2269318806,1.4477700598767465
2026-01-20,4.5634,4.5851,4.5388,4.5605,2457644589,1.4477700598767465
2026-01-21,4.5561,4.5967,4.5402,4.5532,5365876228,1.4477700598767465
2026-01-22,4.5648,4.5836,4.5228,4.533,2846785448,1.4477700598767465
2026-01-23,4.5388,4.5474,4.4794,4.4968,3969981224,1.4477700598767465
2026-01-26,4.5098,4.5836,4.504,4.5301,5361942668,1.4477700598767465
2026-01-27,4.5315,4.5721,4.5214,4.533,2890246501,1.4477700598767465
2026-01-28,4.5474,4.5634,4.5214,4.5431,6847066475,1.4477700598767465
2026-01-29,4.5532,4.6372,4.5286,4.6271,3693594492,1.4477700598767465
2026-01-30,4.5967,4.6126,4.5113,4.5561,1143916151,1.4477700598767465
2026-02-02,4.5315,4.5663,4.4461,4.4591,1693065318,1.4477700598767465
2026-02-03,4.4852,4.504,4.4345,4.4997,971969838,1.4477700598767465
2026-02-04,4.4982,4.5576,4.4924,4.5561,716319935,1.4477700598767465
2026-02-05,4.5301,4.5532,4.4968,4.5417,710542701,1.4477700598767465
2026-02-06,4.5026,4.5388,4.4765,4.5098,706855756,1.4477700598767465
2026-02-09,4.546,4.5778,4.5388,4.5764,622505637,1.4477700598767465
2026-02-10,4.5822,4.5909,4.5735,4.5894,442620952,1.4477700598767465
2026-02-11,4.5822,4.5952,4.5692,4.5894,369356456,1.4477700598767465
2026-02-12,4.5909,4.5981,4.5721,4.5764,255903636,1.4477700598767465
2026-02-13,4.559,4.5605,4.504,4.5084,933877556,1.4477700598767465
2026-02-24,4.5605,4.5663,4.5141,4.5156,416578566,1.4477700598767465
2026-02-25,4.5185,4.5778,4.5185,4.5373,847064266,1.4477700598767465
2026-02-26,4.5402,4.546,4.4895,4.5098,477638593,1.4477700598767465
2026-02-27,4.4997,4.5286,4.4939,4.5214,558160575,1.4477700598767465
2026-03-02,4.5069,4.533,4.4678,4.5243,1092505206,1.4477700598767465
2026-03-03,4.5199,4.5417,4.4722,4.4823,867607396,1.4477700598767465
2026-03-04,4.4447,4.4548,4.3867,4.4171,662091928,1.4477700598767465
2026-03-05,4.4389,4.4562,4.4215,4.4389,580639119,1.4477700598767465
2026-03-06,4.4229,4.4577,4.4114,4.4418,601413989,1.4477700598767465
2026-03-09,4.4012,4.4157,4.3505,4.4027,863208865,1.4477700598767465
2026-03-10,4.4114,4.436,4.4114,4.4302,439311296,1.4477700598767465
2026-03-11,4.4302,4.4389,4.4128,4.4331,398393610,1.4477700598767465
2026-03-12,4.4273,4.4316,4.3867,4.4114,533160906,1.4477700598767465
2026-03-13,4.3983,4.4229,4.3824,4.394,446963900,1.4477700598767465
2026-03-16,4.3867,4.3896,4.3477,4.3838,643145395,1.4477700598767465
2026-03-17,4.3867,4.4475,4.3838,4.3998,701699631,1.4477700598767465
2026-03-18,4.4085,4.4157,4.365,4.394,591383337,1.4477700598767465
2026-03-19,4.3578,4.3694,4.3187,4.3332,766470849,1.4477700598767465
2026-03-20,4.3288,4.3448,4.2782,4.2811,907053000,1.4477700598767465
2026-03-23,4.2333,4.2434,4.1276,4.1522,1398570497,1.4477700598767465
2026-03-24,4.1696,4.2014,4.1435,4.1985,975682304,1.4477700598767465
2026-03-25,4.2145,4.2492,4.213,4.242,1194121967,1.4477700598767465
2026-03-26,4.2376,4.2492,4.1841,4.1942,415458612,1.4477700598767465
2026-03-27,4.1652,4.226,4.1638,4.2116,650635173,1.4477700598767465
2026-03-30,4.1783,4.2101,4.1623,4.2058,545261840,1.4477700598767465
2026-03-31,4.2159,4.255,4.1985,4.2014,601687723,1.4477700598767465
2026-04-01,4.242,4.2811,4.2405,4.2724,457511494,1.4477700598767465
2026-04-02,4.2637,4.2666,4.2145,4.2362,419338035,1.4477700598767465
2026-04-03,4.242,4.2449,4.1956,4.2,283025691,1.4477700598767465
2026-04-07,4.2,4.2202,4.1913,4.1985,401667333,1.4477700598767465
2026-04-08,4.2564,4.3173,4.2535,4.3115,846513732,1.4477700598767465
2026-04-09,4.2912,4.2912,4.2709,4.2825,375617671,1.4477700598767465
2026-04-10,4.2955,4.3274,4.2941,4.3028,485004157,1.4477700598767465
2026-04-13,4.2941,4.3071,4.2796,4.3028,269499293,1.4477700598767465
2026-04-14,4.3259,4.3419,4.3028,4.339,422466502,1.4477700598767465
2026-04-15,4.3549,4.3824,4.3505,4.3549,395736369,1.4477700598767465
