date,price,ema_fast,ema_slow,dif,dea,histogram,signal,position,cash,position_value,total_value,trade_amount,trade_price,warmup_done
2023-08-08,13021.7177734375,13021.7177734375,13021.7177734375,0.0,0.0,0.0,HOLD,0.0,1000000.0,0.0,1000000.0,0.0,0.0,False
2023-08-09,13023.6474609375,13022.0146484375,13021.860713252316,0.15393518518430938,0.030787037036861878,0.1231481481474475,HOLD,0.0,1000000.0,0.0,1000000.0,0.0,0.0,False
2023-08-10,12918.37109375,13006.069486177885,13014.194815511404,-8.125329333519403,-1.6004362370743912,-6.524893096445012,HOLD,0.0,1000000.0,0.0,1000000.0,0.0,0.0,False
2023-08-11,12635.8896484375,12949.118741910133,12986.172210542965,-37.05346863283194,-8.691042716225901,-28.362425916606036,HOLD,0.0,1000000.0,0.0,1000000.0,0.0,0.0,False
2023-08-14,12422.3056640625,12868.07057608742,12944.404318211078,-76.33374212365743,-22.219582597712208,-54.114159525945226,HOLD,0.0,1000000.0,0.0,1000000.0,0.0,0.0,False
2023-08-15,12491.06640625,12810.06993457397,12910.823732139886,-100.7537975659161,-37.92642559135299,-62.827371974563114,HOLD,0.0,1000000.0,0.0,1000000.0,0.0,0.0,False
2023-08-16,12539.4326171875,12768.433424206822,12883.31327918045,-114.87985497362752,-53.31711146780789,-61.562743505819626,HOLD,0.0,1000000.0,0.0,1000000.0,0.0,0.0,False
2023-08-17,12594.8955078125,12741.73528322308,12861.94899981986,-120.2137165967797,-66.69643249360226,-53.517284103177445,HOLD,0.0,1000000.0,0.0,1000000.0,0.0,0.0,False
2023-08-18,12419.4814453125,12692.157769698377,12829.173625411908,-137.01585571353098,-80.760317137588,-56.25553857594298,HOLD,0.0,1000000.0,0.0,1000000.0,0.0,0.0,False
2023-08-21,12339.6279296875,12637.922409696703,12792.910981284173,-154.98857158746978,-95.60596802756436,-59.38260355990542,HOLD,0.0,1000000.0,0.0,1000000.0,0.0,0.0,False
2023-08-22,12318.958984375,12588.851113493363,12757.803425957569,-168.95231246420553,-110.27523691489259,-58.677075549312946,HOLD,0.0,1000000.0,0.0,1000000.0,0.0,0.0,False
2023-08-23,12222.501953125,12532.489704205922,12718.151465007008,-185.66176080108562,-125.3525416921312,-60.30921910895442,HOLD,0.0,1000000.0,0.0,1000000.0,0.0,0.0,False
2023-08-24,12513.9404296875,12529.635969664627,12703.024721650008,-173.38875198538153,-134.95978375078127,-38.42896823460026,HOLD,0.0,1000000.0,0.0,1000000.0,0.0,0.0,False
2023-08-25,12573.7431640625,12536.421691879685,12693.448309976859,-157.02661809717392,-139.37315062005982,-17.653467477114106,HOLD,0.0,1000000.0,0.0,1000000.0,0.0,0.0,False
2023-08-28,12642.572265625,12552.752549378964,12689.679714098944,-136.92716471998028,-138.8839534400439,1.9567887200636278,HOLD,0.0,1000000.0,0.0,1000000.0,0.0,0.0,False
2023-08-29,12755.2900390625,12583.912163176432,12694.539738170319,-110.62757499388681,-133.2326777508125,22.605102756925703,HOLD,0.0,1000000.0,0.0,1000000.0,0.0,0.0,False
2023-08-30,12787.46484375,12615.227960187749,12701.423079324368,-86.19511913661881,-123.82516602797378,37.630046891354965,HOLD,0.0,1000000.0,0.0,1000000.0,0.0,0.0,False
2023-08-31,12725.45703125,12632.186278812711,12703.2033720596,-71.01709324688818,-113.26355147175667,42.24645822486849,HOLD,0.0,1000000.0,0.0,1000000.0,0.0,0.0,False
2023-09-01,12753.3603515625,12650.82844385114,12706.91870387463,-56.09026002348946,-101.82889318210324,45.73863315861378,HOLD,0.0,1000000.0,0.0,1000000.0,0.0,0.0,False
2023-09-04,12856.36328125,12682.449188066348,12717.988672569101,-35.53948450275311,-88.57101144623323,53.03152694348012,HOLD,0.0,1000000.0,0.0,1000000.0,0.0,0.0,False
2023-09-05,12806.0673828125,12701.467371873448,12724.51302147602,-23.045649602570847,-75.46593907750075,52.4202894749299,HOLD,0.0,1000000.0,0.0,1000000.0,0.0,0.0,False
2023-09-06,12821.9140625,12719.997631969842,12731.727913403722,-11.730281433880009,-62.71880754877661,50.9885261148966,HOLD,0.0,1000000.0,0.0,1000000.0,0.0,0.0,False
2023-09-07,12663.4482421875,12711.297725849481,12726.670159980298,-15.372434130817055,-53.2495328651847,37.87709873436764,HOLD,0.0,1000000.0,0.0,1000000.0,0.0,0.0,False
2023-09-08,12529.09765625,12683.2669459111,12712.03515970398,-28.768213792880488,-48.35326905072386,19.585055257843372,HOLD,0.0,1000000.0,0.0,1000000.0,0.0,0.0,False
2023-09-11,12554.3828125,12663.438617694008,12700.35720805924,-36.918590365232376,-46.06633331362556,9.147742948393187,HOLD,0.0,1000000.0,0.0,1000000.0,0.0,0.0,False
2023-09-12,12539.1572265625,12644.318403673775,12688.416468689113,-44.09806501533785,-45.672679653968025,1.5746146386301731,HOLD,0.0,1000000.0,0.0,1000000.0,0.0,0.0,False
2023-09-13,12538.8125,12628.086726185502,12677.33469323066,-49.247967045157566,-46.387737132205935,-2.860229912951631,HOLD,0.0,1000000.0,0.0,1000000.0,0.0,0.0,False
2023-09-14,12530.40625,12613.058960618502,12666.451104843203,-53.39214422470104,-47.78861855070495,-5.603525673996089,HOLD,0.0,1000000.0,0.0,1000000.0,0.0,0.0,False
2023-09-15,12277.55078125,12561.442317638734,12637.64367346593,-76.20135582719558,-53.47116600600308,-22.730189821192504,HOLD,0.0,1000000.0,0.0,1000000.0,0.0,0.0,False
2023-09-18,12602.818359375,12567.807862521237,12635.064020570306,-67.2561580490692,-56.22816441461631,-11.02799363445289,HOLD,0.0,1000000.0,0.0,1000000.0,0.0,0.0,False
2023-09-19,12587.2470703125,12570.798509873737,12631.522024254913,-60.723514381175846,-57.12723440792822,-3.5962799732476256,HOLD,0.0,1000000.0,0.0,1000000.0,0.0,0.0,False
2023-09-20,12566.9912109375,12570.212771575854,12626.74196400918,-56.52919243332508,-57.007626013007595,0.4784335796825161,HOLD,0.0,1000000.0,0.0,1000000.0,0.0,0.0,False
2023-09-21,12390.5439453125,12542.571413689184,12609.245814476091,-66.67440078690743,-58.94098096778756,-7.733419819119867,HOLD,0.0,1000000.0,0.0,1000000.0,0.0,0.0,False
2023-09-22,12739.236328125,12572.827554371617,12618.874741413047,-46.047187041429424,-56.362222182515936,10.315035141086511,HOLD,0.0,1000000.0,0.0,1000000.0,0.0,0.0,False
2023-09-25,12624.728515625,12580.812317641368,12619.308354317636,-38.49603667626798,-52.78898508126635,14.29294840499837,HOLD,0.0,1000000.0,0.0,1000000.0,0.0,0.0,True
2023-09-26,12511.873046875,12570.206275985005,12611.35018339596,-41.14390741095485,-50.459969547204054,9.3160621362492,HOLD,0.0,1000000.0,0.0,1000000.0,0.0,0.0,True
2023-09-27,12498.09375,12559.11204121808,12602.960817959223,-43.8487767411425,-49.137730985991745,5.2889542448492435,HOLD,0.0,1000000.0,0.0,1000000.0,0.0,0.0,True
2023-09-28,12391.646484375,12533.348109396069,12587.307904360392,-53.95979496432301,-50.102143781658,-3.857651182665009,HOLD,0.0,1000000.0,0.0,1000000.0,0.0,0.0,True
2023-10-09,12243.1708984375,12488.70546155629,12561.816274292029,-73.11081273573836,-54.70387757247408,-18.406935163264286,HOLD,0.0,1000000.0,0.0,1000000.0,0.0,0.0,True
2023-10-10,12194.9423828125,12443.511141749554,12534.64043047873,-91.12928872917655,-61.98895980381458,-29.14032892536197,HOLD,0.0,1000000.0,0.0,1000000.0,0.0,0.0,True
2023-10-11,12253.505859375,12414.279559845776,12513.81564743401,-99.5360875882343,-69.49838536069852,-30.037702227535775,HOLD,0.0,1000000.0,0.0,1000000.0,0.0,0.0,True
2023-10-12,12305.1796875,12397.494964100271,12498.361131883343,-100.86616778307143,-75.7719418451731,-25.09422593789833,HOLD,0.0,1000000.0,0.0,1000000.0,0.0,0.0,True
2023-10-13,12064.0361328125,12346.193605440614,12466.188909729946,-119.99530428933213,-84.61661433400491,-35.37868995532722,HOLD,0.0,1000000.0,0.0,1000000.0,0.0,0.0,True
2023-10-16,11918.6611328125,12280.419378882441,12425.63129662495,-145.21191774250838,-96.73567501570561,-48.47624272680277,HOLD,0.0,1000000.0,0.0,1000000.0,0.0,0.0,True
2023-10-17,11891.791015625,12220.630399919759,12386.087572106437,-165.45717218667778,-110.47997444990006,-54.977197736777725,HOLD,0.0,1000000.0,0.0,1000000.0,0.0,0.0,True
2023-10-18,11905.5712890625,12172.15976748018,12350.493773362441,-178.3340058822614,-124.05078073637233,-54.28322514588908,HOLD,0.0,1000000.0,0.0,1000000.0,0.0,0.0,True
2023-10-19,11230.37109375,12027.269202290921,12267.521723020778,-240.25252072985677,-147.29112873506924,-92.96139199478753,HOLD,0.0,1000000.0,0.0,1000000.0,0.0,0.0,True
2023-10-20,11333.7177734375,11920.568982467319,12198.351060088684,-277.7820776213648,-173.38931851232837,-104.39275910903643,HOLD,0.0,1000000.0,0.0,1000000.0,0.0,0.0,True
2023-10-23,11326.6904296875,11829.203051270422,12133.783605984892,-304.58055471447005,-199.62756575275674,-104.95298896171332,HOLD,0.0,1000000.0,0.0,1000000.0,0.0,0.0,True
2023-10-24,11319.59375,11750.801620305741,12073.473246282307,-322.67162597656534,-224.2363777975185,-98.43524817904685,HOLD,0.0,1000000.0,0.0,1000000.0,0.0,0.0,True
2023-10-25,11557.6357421875,11721.083792902935,12035.263060793803,-314.1792678908678,-242.22495581618836,-71.95431207467942,HOLD,0.0,1000000.0,0.0,1000000.0,0.0,0.0,True
2023-10-26,11521.3271484375,11690.352001446714,11997.193733952596,-306.84173250588174,-255.14831115412704,-51.693421351754694,HOLD,0.0,1000000.0,0.0,1000000.0,0.0,0.0,True
2023-10-27,11552.193359375,11669.096825743374,11964.230743243144,-295.1339174997702,-263.14543242325567,-31.988485076514507,HOLD,0.0,1000000.0,0.0,1000000.0,0.0,0.0,True
2023-10-30,11581.75,11655.658852552086,11935.898836336244,-280.23998378415854,-266.56434269543627,-13.675641088722273,HOLD,0.0,1000000.0,0.0,1000000.0,0.0,0.0,True
2023-10-31,11606.416015625,11648.083031486382,11911.492701468744,-263.4096699823622,-265.93340815282147,2.5237381704592963,BUY,0.0,1000000.0,0.0,1000000.0,85.29764904749445,11606.416015625,True
2023-11-01,12270.6611328125,11743.864277844244,11938.09777045717,-194.23349261292606,-251.59342504484238,57.35993243191632,HOLD,85.397,8549.545581125887,1047877.6487587892,1056427.1943399152,0.0,0.0,True
2023-11-02,12260.3955078125,11823.330620916284,11961.971676927935,-138.64105601165102,-229.00295123820413,90.36189522655312,HOLD,85.397,8549.545581125887,1047000.9951806641,1055550.54076179,0.0,0.0,True
2023-11-03,12479.078125,11924.214852313778,12000.275858266607,-76.06100595282805,-198.41456218112893,122.35355622830087,HOLD,85.397,8549.545581125887,1065675.8346406252,1074225.380221751,0.0,0.0,True
2023-11-06,12484.314453125,12010.38402166935,12036.130568996858,-25.74654732750787,-163.88095921040474,138.13441188289687,HOLD,85.397,8549.545581125887,1066123.0013535158,1074672.5469346417,0.0,0.0,True
2023-11-07,12340.7998046875,12061.217219056758,12058.698660529499,2.5185585272593016,-130.60105566287194,133.11961419013124,HOLD,85.397,8549.545581125887,1053867.2809208985,1062416.8265020244,0.0,0.0,True
2023-11-08,12390.19921875,12111.82983439418,12083.25425743472,28.575576959459795,-98.7657291384056,127.3413060978654,HOLD,85.397,8549.545581125887,1058085.8426835937,1066635.3882647196,0.0,0.0,True
2023-11-09,12361.0556640625,12150.172269727767,12103.832139407148,46.34013032061921,-69.74455724660065,116.08468756721986,HOLD,85.397,8549.545581125887,1055597.0705439453,1064146.6161250712,0.0,0.0,True
2023-11-10,12235.1787109375,12163.250183760036,12113.561515076062,49.68866868397345,-45.85791206048583,95.54658074445928,HOLD,85.397,8549.545581125887,1044847.5563779298,1053397.1019590558,0.0,0.0,True
2023-11-13,12153.603515625,12161.76608097003,12116.527589190799,45.23849177923148,-27.638631292542367,72.87712307177385,HOLD,85.397,8549.545581125887,1037881.2794238282,1046430.8250049541,0.0,0.0,True
2023-11-14,12162.353515625,12161.856455532334,12119.92210226,41.93435327233419,-13.724034379567057,55.65838765190125,HOLD,85.397,8549.545581125887,1038628.5031738282,1047178.0487549541,0.0,0.0,True
2023-11-15,12215.1298828125,12170.052367421591,12126.974530449073,43.077836972517616,-2.363660109150123,45.44149708166774,HOLD,85.397,8549.545581125887,1043135.4466025392,1051684.992183665,0.0,0.0,True
2023-11-16,12126.388671875,12163.334875799039,12126.93113351766,36.40374228137807,5.389820368955516,31.013921912422557,HOLD,85.397,8549.545581125887,1035557.2134121094,1044106.7589932353,0.0,0.0,True
2023-11-17,12080.7099609375,12150.623350435726,12123.507342956167,27.116007479558903,9.735057791076194,17.38094968848271,HOLD,85.397,8549.545581125887,1031656.3885341798,1040205.9341153057,0.0,0.0,True
2023-11-20,12143.2685546875,12149.491843397536,12124.971136417747,24.520706979788883,12.692187628818733,11.82851935097015,HOLD,85.397,8549.545581125887,1036998.7047646485,1045548.2503457743,0.0,0.0,True
2023-11-21,12332.73828125,12177.683603067146,12140.361295294211,37.32230777293444,17.618211657641876,19.70409611529256,HOLD,85.397,8549.545581125887,1053178.8510039062,1061728.396585032,0.0,0.0,True
2023-11-22,12274.244140625,12192.539070383738,12150.27854309649,42.260527287247896,22.54667478356308,19.713852503684816,HOLD,85.397,8549.545581125887,1048183.6268769532,1056733.1724580792,0.0,0.0,True
2023-11-23,12305.1796875,12209.86839609393,12161.752701941194,48.11569415273698,27.660478657397864,20.455215495339115,HOLD,85.397,8549.545581125887,1050825.4297734376,1059374.9753545634,0.0,0.0,True
2023-11-24,12243.1708984375,12214.991857992942,12167.783679459439,47.20817853350309,31.57001863261891,15.638159900884176,HOLD,85.397,8549.545581125887,1045530.0652138672,1054079.6107949931,0.0,0.0,True
2023-11-27,12146.7138671875,12204.487551715181,12166.222952624481,38.26459909070036,32.9089347242352,5.355664366465156,HOLD,85.397,8549.545581125887,1037292.924116211,1045842.4696973369,0.0,0.0,True
2023-11-28,12188.328125,12202.001486066692,12167.860372800445,34.141113266246975,33.15537043263756,0.9857428336094145,HOLD,85.397,8549.545581125887,1040846.656890625,1049396.2024717508,0.0,0.0,True
2023-11-29,12227.3935546875,12205.907958162203,12172.270238125413,33.63772003678969,33.25184035346798,0.3858796833217042,HOLD,85.397,8549.545581125887,1044182.7273896486,1052732.2729707744,0.0,0.0,True
2023-11-30,12343.0732421875,12227.010309550711,12184.922312500383,42.08799705032834,35.01907169284006,7.068925357488283,HOLD,85.397,8549.545581125887,1054061.4256630861,1062610.971244212,0.0,0.0,True
2023-12-01,12127.9736328125,12211.773897744833,12180.703891782761,31.070005962072173,34.22925854668648,-3.1592525846143076,SELL,85.397,8549.545581125887,1035692.5643212892,1044242.1099024151,85.397,12127.9736328125,True
2023-12-04,12062.0380859375,12188.737619005244,12171.913832090519,16.823786914725133,30.74816422029421,-13.924377305569077,HOLD,0.0,1043931.4021331187,0.0,1043931.4021331187,0.0,0.0,True
2023-12-05,11774.6650390625,12125.0341451679,12142.487995569923,-17.453850402023818,21.107761295830606,-38.561611697854424,HOLD,0.0,1043931.4021331187,0.0,1043931.4021331187,0.0,0.0,True
2023-12-06,11733.326171875,12064.771380045915,12112.179712333264,-47.40833228734846,7.4045425791947945,-54.812874866543254,HOLD,0.0,1043931.4021331187,0.0,1043931.4021331187,0.0,0.0,True
2023-12-07,11712.65625,12010.599821577312,12082.585381790059,-71.98556021274635,-8.473477979193435,-63.51208223355292,HOLD,0.0,1043931.4021331187,0.0,1043931.4021331187,0.0,0.0,True
2023-12-08,11746.5546875,11969.977493257726,12057.694219250054,-87.71672599232807,-24.32212758182036,-63.394598410507705,HOLD,0.0,1043931.4021331187,0.0,1043931.4021331187,0.0,0.0,True
2023-12-11,11698.876953125,11928.26971785269,12031.11516250005,-102.84544464735882,-40.02679099492805,-62.81865365243077,HOLD,0.0,1043931.4021331187,0.0,1043931.4021331187,0.0,0.0,True
2023-12-12,11781.4853515625,11905.687507654198,12012.624065393564,-106.93655773936553,-53.40874434381554,-53.527813395549984,HOLD,0.0,1043931.4021331187,0.0,1043931.4021331187,0.0,0.0,True
2023-12-13,11437.064453125,11833.591653111243,11969.990020040337,-136.39836692909375,-70.00666886087119,-66.39169806822257,HOLD,0.0,1043931.4021331187,0.0,1043931.4021331187,0.0,0.0,True
2023-12-14,11271.0205078125,11747.042246142206,11918.214500616054,-171.17225447384772,-90.2397859834665,-80.93246849038121,HOLD,0.0,1043931.4021331187,0.0,1043931.4021331187,0.0,0.0,True
2023-12-15,11333.7177734375,11683.453865726098,11874.918446750975,-191.46458102487668,-110.48474499174853,-80.97983603312815,HOLD,0.0,1043931.4021331187,0.0,1043931.4021331187,0.0,0.0,True
2023-12-18,11450.8447265625,11647.667844316315,11843.505578588865,-195.83773427255073,-127.55534284790897,-68.28239142464176,HOLD,0.0,1043931.4021331187,0.0,1043931.4021331187,0.0,0.0,True
2023-12-19,11540.412109375,11631.16696201765,11821.054210498949,-189.88724848129823,-140.02172397458682,-49.86552450671141,HOLD,0.0,1043931.4021331187,0.0,1043931.4021331187,0.0,0.0,True
2023-12-20,11497.8994140625,11610.664262332242,11797.116818170323,-186.45255583808103,-149.30789034728568,-37.14466549079535,HOLD,0.0,1043931.4021331187,0.0,1043931.4021331187,0.0,0.0,True
2023-12-21,11638.7490234375,11614.984994809975,11785.385870412336,-170.40087560236134,-153.52648739830082,-16.874388204060523,HOLD,0.0,1043931.4021331187,0.0,1043931.4021331187,0.0,0.0,True
2023-12-22,11643.279296875,11619.33796435844,11774.859457557719,-155.52149319927958,-153.92548855849657,-1.5960046407830077,HOLD,0.0,1043931.4021331187,0.0,1043931.4021331187,0.0,0.0,True
2023-12-25,11652.6884765625,11624.468812389834,11765.809755261776,-141.3409428719424,-151.40857942118575,10.06763654924336,BUY,0.0,1043931.4021331187,0.0,1043931.4021331187,88.69129988246831,11652.6884765625,True
2023-12-26,11638.7490234375,11626.665767935629,11756.397849200719,-129.73208126509053,-147.0732797899667,17.341198524876177,HOLD,88.791,8967.143451901153,1033416.164540039,1042383.3079919402,0.0,0.0,True
2023-12-27,11618.259765625,11625.372536810917,11746.165398565481,-120.792861754564,-141.81719618288616,21.024334428322163,HOLD,88.791,8967.143451901153,1031596.9028496094,1040564.0463015105,0.0,0.0,True
2023-12-28,12021.9921875,11686.390944609238,11766.597012560629,-80.20606795139065,-129.49497053658706,49.28890258519641,HOLD,88.791,8967.143451901153,1067444.7083203124,1076411.8517722136,0.0,0.0,True
2023-12-29,12029.03125,11739.10483774628,11786.036585704287,-46.93174795800769,-112.9823260208712,66.05057806286351,HOLD,88.791,8967.143451901153,1068069.71371875,1077036.8571706512,0.0,0.0,True
2024-01-02,11743.3583984375,11739.759231698776,11782.87523849934,-43.11600680056472,-99.0090621768099,55.89305537624519,HOLD,88.791,8967.143451901153,1042704.535555664,1051671.6790075651,0.0,0.0,True
2024-01-03,11806.0126953125,11749.952072254735,11784.589124189204,-34.63705193446913,-86.13466012834175,51.49760819387262,HOLD,88.791,8967.143451901153,1048267.6732294922,1057234.8166813934,0.0,0.0,True
2024-01-04,11631.7802734375,11731.771795513623,11773.269950059448,-41.498154545824946,-77.20735901183839,35.709204466013446,HOLD,88.791,8967.143451901153,1032797.402258789,1041764.5457106902,0.0,0.0,True
2024-01-05,11592.4736328125,11710.34130894422,11759.877630263378,-49.53632131915765,-71.67315147330225,22.136830154144604,HOLD,88.791,8967.143451901153,1029307.3263310547,1038274.4697829558,0.0,0.0,True
2024-01-08,11457.4775390625,11671.439190500878,11737.477623507757,-66.03843300687913,-70.54620778001762,4.507774773138493,HOLD,88.791,8967.143451901153,1017320.8881708984,1026288.0316227996,0.0,0.0,True
2024-01-09,11436.6396484375,11635.316184029589,11715.19332905811,-79.87714502852032,-72.41239522971816,-7.46474979880216,SELL,88.791,8967.143451901153,1015470.671024414,1024437.8144763152,88.791,11436.6396484375,True
2024-01-10,11440.1240234375,11605.286620861574,11694.817824938065,-89.53120407649112,-75.83615699907276,-13.695047077418366,HOLD,0.0,1024133.1732750079,0.0,1024133.1732750079,0.0,0.0,True
2024-01-11,11475.4580078125,11585.312988084794,11678.56894959543,-93.25596151063655,-79.32011790138552,-13.935843609251037,HOLD,0.0,1024133.1732750079,0.0,1024133.1732750079,0.0,0.0,True
2024-01-12,11450.99609375,11564.648850494825,11661.711701014287,-97.06285051946179,-82.86866442500077,-14.194186094461017,HOLD,0.0,1024133.1732750079,0.0,1024133.1732750079,0.0,0.0,True
2024-01-15,11429.669921875,11543.88286147639,11644.523421078042,-100.64055960165206,-86.42304346033103,-14.217516141321028,HOLD,0.0,1024133.1732750079,0.0,1024133.1732750079,0.0,0.0,True
2024-01-16,11425.697265625,11525.700462114639,11628.314076229668,-102.61361411502912,-89.66115759127065,-12.952456523758471,HOLD,0.0,1024133.1732750079,0.0,1024133.1732750079,0.0,0.0,True
2024-01-17,10990.603515625,11443.377854962388,11581.076256925619,-137.69840196323094,-99.26860646566271,-38.42979549756822,HOLD,0.0,1024133.1732750079,0.0,1024133.1732750079,0.0,0.0,True
2024-01-18,11226.654296875,11410.03576910279,11554.822778403352,-144.7870093005622,-108.37228703264262,-36.414722267919586,HOLD,0.0,1024133.1732750079,0.0,1024133.1732750079,0.0,0.0,True
2024-01-19,11394.8232421875,11407.695380346591,11542.970960905881,-135.27558055928966,-113.75294573797203,-21.522634821317638,HOLD,0.0,1024133.1732750079,0.0,1024133.1732750079,0.0,0.0,True
2024-01-22,11443.6083984375,11413.220460052886,11535.610771093408,-122.39031104052265,-115.48041879848216,-6.909892242040485,HOLD,0.0,1024133.1732750079,0.0,1024133.1732750079,0.0,0.0,True
2024-01-23,11283.314453125,11393.234920525518,11516.9221549476,-123.68723442208284,-117.1217819232023,-6.565452498880532,HOLD,0.0,1024133.1732750079,0.0,1024133.1732750079,0.0,0.0,True
2024-01-24,11332.099609375,11383.829488040823,11503.231596016296,-119.40210797547297,-117.57784713365643,-1.824260841816539,HOLD,0.0,1024133.1732750079,0.0,1024133.1732750079,0.0,0.0,True
2024-01-25,11415.7314453125,11388.737481467235,11496.75010337157,-108.0126219043359,-115.66480208779234,7.652180183456437,BUY,0.0,1024133.1732750079,0.0,1024133.1732750079,88.81532001688596,11415.7314453125,True
2024-01-26,11410.9921875,11392.161282395353,11490.397665158862,-98.23638276350903,-112.17911822293568,13.942735459426657,HOLD,88.915,8798.902886608965,1014608.3703515626,1023407.2732381716,0.0,0.0,True
2024-01-29,11499.36328125,11408.65389760376,11491.061784869316,-82.40788726555729,-106.22487203146001,23.816984765902717,HOLD,88.915,8798.902886608965,1022465.8861523438,1031264.7890389528,0.0,0.0,True
2024-01-30,11241.4990234375,11382.937763116643,11472.575654392886,-89.63789127624295,-102.9074758804166,13.269584604173644,HOLD,88.915,8798.902886608965,999537.8856689454,1008336.7885555543,0.0,0.0,True
2024-01-31,11185.1171875,11352.50382840639,11451.282434623043,-98.7786062166524,-102.08170194766377,3.3030957310113678,HOLD,88.915,8798.902886608965,994524.6947265626,1003323.5976131716,0.0,0.0,True
2024-02-01,11220.7998046875,11332.241670911177,11434.20964722041,-101.96797630923356,-102.05895681997774,0.09098051074417413,HOLD,88.915,8798.902886608965,997697.4146337891,1006496.3175203981,0.0,0.0,True
2024-02-02,11123.0205078125,11300.053799665226,11411.15859985686,-111.10480019163515,-103.86812549430923,-7.236674697325924,SELL,88.915,8798.902886608965,989003.3684521485,997802.2713387575,88.915,11123.0205078125,True
2024-02-05,11360.046875,11309.283503562883,11407.37254616376,-98.08904260087729,-102.71230891562284,4.62326631474555,BUY,0.0,997505.5703282219,0.0,997505.5703282219,86.93014434634009,11360.046875,True
2024-02-06,11680.5654296875,11366.403799889747,11427.609056054409,-61.20525616466148,-94.41089836543057,33.20564220076909,HOLD,87.03,8544.091333112563,1016559.6093457032,1025103.7006788157,0.0,0.0,True
2024-02-07,11924.421875,11452.252734522095,11464.410005605934,-12.157271083839078,-77.96017290911227,65.8029018252732,HOLD,87.03,8544.091333112563,1037782.43578125,1046326.5271143626,0.0,0.0,True
2024-02-08,11889.64453125,11519.543780172542,11495.908859357347,23.634920815195073,-57.64115416425081,81.27607497944588,HOLD,87.03,8544.091333112563,1034755.7635546875,1043299.8548878001,0.0,0.0,True
2024-02-19,11815.978515625,11565.149124088304,11519.617722784582,45.531401303722305,-37.00664307065619,82.5380443743785,HOLD,87.03,8544.091333112563,1028344.6102148438,1036888.7015479563,0.0,0.0,True
2024-02-20,11638.7490234375,11576.472185526642,11528.442263573686,48.02992195295519,-19.99933006593391,68.02925201888911,HOLD,87.03,8544.091333112563,1012920.3275097656,1021464.4188428782,0.0,0.0,True
2024-02-21,11970.90625,11637.154349291774,11561.21737367934,75.93697561243425,-0.8120689302602777,76.74904454269453,HOLD,87.03,8544.091333112563,1041827.9709375,1050372.0622706125,0.0,0.0,True
2024-02-22,11975.9248046875,11689.272880891116,11591.936442642907,97.33643824820865,18.81763250543351,78.51880574277514,HOLD,87.03,8544.091333112563,1042264.7357519531,1050808.8270850657,0.0,0.0,True
2024-02-23,11946.0263671875,11728.773417244407,11618.165325942507,110.60809130189955,37.175724264726725,73.43236703717282,HOLD,87.03,8544.091333112563,1039662.6747363282,1048206.7660694408,0.0,0.0,True
2024-02-26,11812.8427734375,11741.707164351035,11632.585877608803,109.12128674223277,51.564836760227934,57.556449982004835,HOLD,87.03,8544.091333112563,1028071.7065722656,1036615.7979053782,0.0,0.0,True
2024-02-27,11774.6513671875,11746.775503248953,11643.109247207223,103.66625604172987,61.98512061652833,41.68113542520154,HOLD,87.03,8544.091333112563,1024747.9084863281,1033291.9998194407,0.0,0.0,True
2024-02-28,11719.2451171875,11742.540059239498,11648.748941279837,93.79111795966128,68.34632008515493,25.44479787450635,HOLD,87.03,8544.091333112563,1019925.9025488282,1028469.9938819407,0.0,0.0,True
2024-02-29,11812.982421875,11753.377345798806,11660.914384286887,92.46296151191927,73.1696483705078,19.293313141411474,HOLD,87.03,8544.091333112563,1028083.8601757813,1036627.9515088939,0.0,0.0,True
2024-03-01,11743.70703125,11751.88960509899,11667.04717295082,84.84243214816888,75.50420512604002,9.338227022128862,HOLD,87.03,8544.091333112563,1022054.8229296876,1030598.9142628001,0.0,0.0,True
2024-03-04,11682.65625,11741.238319699145,11668.20340088039,73.03491881875561,75.01034786458314,-1.975429045827525,SELL,87.03,8544.091333112563,1016741.5734375,1025285.6647706126,87.03,11682.65625,True
2024-03-05,11813.6787109375,11752.382995274276,11678.979349773508,73.4036455007681,74.68900739182014,-1.285361891052034,HOLD,0.0,1024980.6422985813,0.0,1024980.6422985813,0.0,0.0,True
2024-03-06,11712.275390625,11746.212594559003,11681.445723169914,64.76687138908892,72.7045801912739,-7.937708802184986,HOLD,0.0,1024980.6422985813,0.0,1024980.6422985813,0.0,0.0,True
2024-03-07,11733.7412109375,11744.293920155695,11685.319463004551,58.974457151143724,69.95855558324787,-10.984098432104147,HOLD,0.0,1024980.6422985813,0.0,1024980.6422985813,0.0,0.0,True
2024-03-08,11648.7158203125,11729.589597102897,11682.608082064398,46.9815150384984,65.36314747429799,-18.381632435799588,HOLD,0.0,1024980.6422985813,0.0,1024980.6422985813,0.0,0.0,True
2024-03-11,11809.427734375,11741.872387452451,11692.002130383702,49.8702570687492,62.26456939318823,-12.394312324439035,HOLD,0.0,1024980.6422985813,0.0,1024980.6422985813,0.0,0.0,True
2024-03-12,12161.447265625,11806.422368709766,11726.77584410528,79.64652460448633,65.74096043544785,13.905564169038485,BUY,0.0,1024980.6422985813,0.0,1024980.6422985813,83.43832881994136,12161.447265625,True
2024-03-13,12039.13671875,11842.224576408262,11749.913686671556,92.31088973670558,71.0549462956994,21.25594344100618,HOLD,83.538,8732.877728297375,1005725.4032109375,1014458.2809392349,0.0,0.0,True
2024-03-14,11963.728515625,11860.917490133914,11765.751822149588,95.16566798432541,75.8770906334246,19.28857735090081,HOLD,83.538,8732.877728297375,999425.9527382812,1008158.8304665786,0.0,0.0,True
2024-03-15,11969.7216796875,11877.65659621908,11780.860700485731,96.79589573334852,80.06085165340939,16.73504407993913,HOLD,83.538,8732.877728297375,999926.6096777343,1008659.4874060317,0.0,0.0,True
2024-03-18,11905.3955078125,11881.924121079606,11790.085501028456,91.83862005115043,82.41640533295761,9.42221471819282,HOLD,83.538,8732.877728297375,994552.9299316406,1003285.807659938,0.0,0.0,True
2024-03-19,11903.72265625,11885.277741875052,11798.503068081904,86.7746737931484,83.28805902499577,3.48661476815262,HOLD,83.538,8732.877728297375,994413.1832578125,1003146.0609861099,0.0,0.0,True
2024-03-20,11914.734375,11889.809531586583,11807.11279452028,82.69673706630238,83.1697946332571,-0.4730575669547221,SELL,83.538,8732.877728297375,995333.0802187499,1004065.9579470473,83.538,11914.734375,True
2024-03-21,11910.552734375,11893.000793554032,11814.775012287297,78.2257812667358,82.18099195995285,-3.9552106932170545,HOLD,0.0,1003767.3580229817,0.0,1003767.3580229817,0.0,0.0,True
2024-03-22,11857.2373046875,11887.498718343797,11817.920367279903,69.57835106389393,79.66046378074107,-10.082112716847135,HOLD,0.0,1003767.3580229817,0.0,1003767.3580229817,0.0,0.0,True
2024-03-25,11771.236328125,11869.612196771675,11814.462290305466,55.14990646620936,74.75835231783473,-19.608445851625376,HOLD,0.0,1003767.3580229817,0.0,1003767.3580229817,0.0,0.0,True
2024-03-26,11912.5732421875,11876.22158837411,11821.729768222654,54.49182015145561,70.70504588455891,-16.2132257331033,HOLD,0.0,1003767.3580229817,0.0,1003767.3580229817,0.0,0.0,True
2024-03-27,11854.7978515625,11872.925628864632,11824.179255877458,48.746372987174254,66.31331130508198,-17.566938317907727,HOLD,0.0,1003767.3580229817,0.0,1003767.3580229817,0.0,0.0,True
2024-03-28,11859.2587890625,11870.823038125842,11826.777739817091,44.045298308750716,61.859708705815734,-17.814410397065018,HOLD,0.0,1003767.3580229817,0.0,1003767.3580229817,0.0,0.0,True
2024-03-29,11868.0400390625,11870.39488442379,11829.834206427862,40.56067799592711,57.599902563838015,-17.039224567910907,HOLD,0.0,1003767.3580229817,0.0,1003767.3580229817,0.0,0.0,True
2024-04-01,11996.484375,11889.793267589359,11842.178663359133,47.61460423022618,55.60284289711565,-7.9882386668894725,HOLD,0.0,1003767.3580229817,0.0,1003767.3580229817,0.0,0.0,True
2024-04-02,11945.3291015625,11898.337242046766,11849.819436559383,48.51780548738316,54.18583541516915,-5.6680299277859945,HOLD,0.0,1003767.3580229817,0.0,1003767.3580229817,0.0,0.0,True
2024-04-03,11953.134765625,11906.76763028957,11857.472423897576,49.295206391994725,53.20770961053427,-3.9125032185395483,HOLD,0.0,1003767.3580229817,0.0,1003767.3580229817,0.0,0.0,True
2024-04-08,11615.4716796875,11861.952868658482,11839.546442844978,22.40642581350403,47.04745285112823,-24.641027037624198,HOLD,0.0,1003767.3580229817,0.0,1003767.3580229817,0.0,0.0,True
2024-04-09,11584.5283203125,11819.272168912947,11820.656211546275,-1.3840426333281357,37.36115375423696,-38.745196387565095,HOLD,0.0,1003767.3580229817,0.0,1003767.3580229817,0.0,0.0,True
2024-04-10,11485.28515625,11767.889551580185,11795.813911153957,-27.924359573771653,24.304051088635237,-52.22841066240689,HOLD,0.0,1003767.3580229817,0.0,1003767.3580229817,0.0,0.0,True
2024-04-11,11485.4248046875,11724.433436673618,11772.822125489774,-48.38868881615599,9.765503107676992,-58.15419192383298,HOLD,0.0,1003767.3580229817,0.0,1003767.3580229817,0.0,0.0,True
2024-04-12,11388.0634765625,11672.684212041138,11744.321484828495,-71.63727278735678,-6.515052071329762,-65.12222071602702,HOLD,0.0,1003767.3580229817,0.0,1003767.3580229817,0.0,0.0,True
2024-04-15,11659.517578125,11670.65857605404,11738.039713961569,-67.38113790752868,-18.688269238569546,-48.692868668959136,HOLD,0.0,1003767.3580229817,0.0,1003767.3580229817,0.0,0.0,True
2024-04-16,11638.7490234375,11665.749414113034,11730.684847996823,-64.9354338837893,-27.9377021676135,-36.9977317161758,HOLD,0.0,1003767.3580229817,0.0,1003767.3580229817,0.0,0.0,True
2024-04-17,11617.841796875,11658.37901146103,11722.32610346928,-63.947092008251275,-35.139580135741056,-28.80751187251022,HOLD,0.0,1003767.3580229817,0.0,1003767.3580229817,0.0,0.0,True
2024-04-18,11644.185546875,11656.195401524717,11716.537914091927,-60.34251256720927,-40.180166622034704,-20.162345945174565,HOLD,0.0,1003767.3580229817,0.0,1003767.3580229817,0.0,0.0,True
2024-04-19,11475.9462890625,11628.464768838223,11698.716312237895,-70.2515433996723,-46.19444197756223,-24.057101422110073,HOLD,0.0,1003767.3580229817,0.0,1003767.3580229817,0.0,0.0,True
2024-04-22,11674.013671875,11635.472292382343,11696.88648702583,-61.41419464348655,-49.23839251074709,-12.175802132739463,HOLD,0.0,1003767.3580229817,0.0,1003767.3580229817,0.0,0.0,True
2024-04-23,11794.025390625,11659.865076727367,11704.081961366508,-44.216884639141426,-48.234090936425964,4.017206297284538,BUY,0.0,1003767.3580229817,0.0,1003767.3580229817,84.25704130098461,11794.025390625,True
2024-04-24,11803.2255859375,11681.920539682771,11711.425933556951,-29.5053938741803,-44.48835152397683,14.982957649796532,HOLD,84.357,8560.28556606546,995684.7007529297,1004244.9863189951,0.0,0.0,True
2024-04-25,11799.322265625,11699.982343673884,11717.936772969399,-17.954429295514274,-39.181567078284324,21.22713778277005,HOLD,84.357,8560.28556606546,995355.4283613281,1003915.7139273935,0.0,0.0,True
2024-04-26,11913.548828125,11732.838725897132,11732.426554832777,0.412171064355789,-31.262819449756304,31.674990514112093,HOLD,84.357,8560.28556606546,1004991.2384941406,1013551.524060206,0.0,0.0,True
2024-04-29,11875.7060546875,11754.818314941806,11743.039851118312,11.77846382349344,-22.654562795106358,34.4330266185998,HOLD,84.357,8560.28556606546,1001798.9356552734,1010359.2212213388,0.0,0.0,True
2024-04-30,11882.6748046875,11774.488544133452,11753.383181012325,21.105363121127084,-13.90257761185967,35.007940732986754,HOLD,84.357,8560.28556606546,1002386.7984990234,1010947.0840650889,0.0,0.0,True
2024-05-06,12267.380859375,11850.31813109369,11791.457083113264,58.86104798042652,0.6501475065975679,58.21090047382895,HOLD,84.357,8560.28556606546,1034839.4471542969,1043399.7327203624,0.0,0.0,True
2024-05-07,12335.6806640625,11924.989290011968,11831.769940961356,93.21934905061244,19.163987815400542,74.05536123521189,HOLD,84.357,8560.28556606546,1040601.0137783203,1049161.2993443857,0.0,0.0,True
2024-05-08,12293.6552734375,11981.707133615895,11865.983669292922,115.72346432297309,38.47588311691505,77.24758120605804,HOLD,84.357,8560.28556606546,1037055.8779013671,1045616.1634674326,0.0,0.0,True
2024-05-09,12238.1103515625,12021.153782530757,11893.548608720299,127.60517381045793,56.301741255623625,71.3034325548343,HOLD,84.357,8560.28556606546,1032370.2749267578,1040930.5604928232,0.0,0.0,True
2024-05-10,12119.4921875,12036.282767910641,11910.285170111387,125.99759779925444,70.24091256434978,55.75668523490465,HOLD,84.357,8560.28556606546,1022364.0024609375,1030924.288027003,0.0,0.0,True
2024-05-13,11889.64453125,12013.72303919362,11908.756233899432,104.966805294187,77.18609111031722,27.780714183869776,HOLD,84.357,8560.28556606546,1002974.7437226563,1011535.0292887217,0.0,0.0,True
2024-05-14,11861.6279296875,11990.323791577293,11905.265248402251,85.05854317504236,78.76058152326225,6.297961651780113,HOLD,84.357,8560.28556606546,1000611.3472646484,1009171.6328307139,0.0,0.0,True
2024-05-15,11847.8291015625,11968.401531575018,11901.010719006714,67.39081256830468,76.48662773227073,-9.095815163966051,SELL,84.357,8560.28556606546,999447.3195205078,1008007.6050865733,84.357,11847.8291015625,True
2024-05-16,11879.1904296875,11954.676746669245,11899.394401279365,55.28234538987999,72.24577126379259,-16.9634258739126,HOLD,0.0,1007707.7708907172,0.0,1007707.7708907172,0.0,0.0,True
2024-05-17,11952.3681640625,11954.321580114361,11903.318383707747,51.003196406614734,67.99725629235702,-16.99405988574229,HOLD,0.0,1007707.7708907172,0.0,1007707.7708907172,0.0,0.0,True
2024-05-20,11910.552734375,11947.587911539074,11903.85426153495,43.733650004123774,63.14453503471037,-19.4108850305866,HOLD,0.0,1007707.7708907172,0.0,1007707.7708907172,0.0,0.0,True
2024-05-21,11882.6748046875,11937.601279715755,11902.285412879583,35.31586683617206,57.57880139500271,-22.26293455883065,HOLD,0.0,1007707.7708907172,0.0,1007707.7708907172,0.0,0.0,True
2024-05-22,11831.869140625,11921.334796778716,11897.069392712576,24.265404066140036,50.91612192923019,-26.65071786309015,HOLD,0.0,1007707.7708907172,0.0,1007707.7708907172,0.0,0.0,True
2024-05-23,11792.1435546875,11901.459221072375,11889.297108414421,12.162112657953912,43.165320074974936,-31.003207417021024,HOLD,0.0,1007707.7708907172,0.0,1007707.7708907172,0.0,0.0,True
2024-05-24,11688.091796875,11868.633463503547,11874.393011263352,-5.7595477598042635,33.380346508019095,-39.13989426782336,HOLD,0.0,1007707.7708907172,0.0,1007707.7708907172,0.0,0.0,True
2024-05-27,11639.5859375,11833.395382579925,11856.999894688288,-23.60451210836254,21.983374784742768,-45.587886893105306,HOLD,0.0,1007707.7708907172,0.0,1007707.7708907172,0.0,0.0,True
2024-05-28,11601.3935546875,11797.702793673398,11838.066091725266,-40.363298051868696,9.514040217420478,-49.877338269289176,HOLD,0.0,1007707.7708907172,0.0,1007707.7708907172,0.0,0.0,True
2024-05-29,11666.626953125,11777.537279742875,11825.366896273395,-47.82961653052007,-1.954691132167632,-45.87492539835244,HOLD,0.0,1007707.7708907172,0.0,1007707.7708907172,0.0,0.0,True
2024-05-30,11492.3935546875,11733.66901434974,11800.70220430407,-67.03318995433074,-14.970390896600254,-52.06279905773049,HOLD,0.0,1007707.7708907172,0.0,1007707.7708907172,0.0,0.0,True
2024-05-31,11488.560546875,11695.960019353626,11777.580600050067,-81.62058069644081,-28.300428856568367,-53.320151839872445,HOLD,0.0,1007707.7708907172,0.0,1007707.7708907172,0.0,0.0,True
2024-06-03,11425.4189453125,11654.338315654992,11751.494551550988,-97.15623589599636,-42.071590264453974,-55.08464563154239,HOLD,0.0,1007707.7708907172,0.0,1007707.7708907172,0.0,0.0,True
2024-06-04,11521.6650390625,11633.927042333069,11734.470143218507,-100.54310088543752,-53.765892388650684,-46.77720849678684,HOLD,0.0,1007707.7708907172,0.0,1007707.7708907172,0.0,0.0,True
2024-06-05,11457.546875,11606.791631974136,11713.957308535653,-107.1656765615171,-64.44584922322397,-42.71982733829313,HOLD,0.0,1007707.7708907172,0.0,1007707.7708907172,0.0,0.0,True
2024-06-06,11428.345703125,11579.338412151192,11692.800893320049,-113.46248116885727,-74.24917561235064,-39.213305556506626,HOLD,0.0,1007707.7708907172,0.0,1007707.7708907172,0.0,0.0,True
2024-06-07,11284.5693359375,11533.98932350293,11662.56151869912,-128.57219519618957,-85.11377952911843,-43.45841566707114,HOLD,0.0,1007707.7708907172,0.0,1007707.7708907172,0.0,0.0,True
2024-06-11,10934.8486328125,11441.813832627478,11608.656860485296,-166.84302785781802,-101.45962919485835,-65.38339866295966,HOLD,0.0,1007707.7708907172,0.0,1007707.7708907172,0.0,0.0,True
2024-06-12,10953.5263671875,11366.69268409825,11560.128675796572,-193.43599169832123,-119.85490169555094,-73.5810900027703,HOLD,0.0,1007707.7708907172,0.0,1007707.7708907172,0.0,0.0,True
2024-06-13,10837.3486328125,11285.255137746595,11506.589413353307,-221.33427560671225,-140.1507764777832,-81.18349912892904,HOLD,0.0,1007707.7708907172,0.0,1007707.7708907172,0.0,0.0,True
2024-06-14,10837.2783203125,11216.335627372118,11457.010813868803,-240.67518649668455,-160.2556584815635,-80.41952801512105,HOLD,0.0,1007707.7708907172,0.0,1007707.7708907172,0.0,0.0,True
2024-06-17,10743.193359375,11143.544509218715,11404.135446869263,-260.59093765054786,-180.32271431536037,-80.26822333518749,HOLD,0.0,1007707.7708907172,0.0,1007707.7708907172,0.0,0.0,True
2024-06-18,10603.806640625,11060.50791405045,11344.85183159191,-284.34391754146054,-201.1269549605804,-83.21696258088014,HOLD,0.0,1007707.7708907172,0.0,1007707.7708907172,0.0,0.0,True
2024-06-19,10677.6474609375,11001.606305879226,11295.42928561751,-293.82297973828463,-219.66615991612127,-74.15681982216336,HOLD,0.0,1007707.7708907172,0.0,1007707.7708907172,0.0,0.0,True
2024-06-20,10671.2451171875,10950.78150761896,11249.193421289361,-298.4119136704012,-235.4153106669773,-62.9966030034239,HOLD,0.0,1007707.7708907172,0.0,1007707.7708907172,0.0,0.0,True
2024-06-21,10464.236328125,10875.928403081427,11191.048451425335,-315.1200483439079,-251.35625820236342,-63.76379014154449,HOLD,0.0,1007707.7708907172,0.0,1007707.7708907172,0.0,0.0,True
2024-06-24,10503.7177734375,10818.665229290053,11140.13506787068,-321.46983858062777,-265.3789742780163,-56.090864302611465,HOLD,0.0,1007707.7708907172,0.0,1007707.7708907172,0.0,0.0,True
2024-06-25,10575.5654296875,10781.26526012043,11098.315094671927,-317.04983455149704,-275.7131463327125,-41.33668821878456,HOLD,0.0,1007707.7708907172,0.0,1007707.7708907172,0.0,0.0,True
2024-06-26,10593.84765625,10752.431782601903,11060.947136270303,-308.51535366839926,-282.27358779984985,-26.241765868549408,HOLD,0.0,1007707.7708907172,0.0,1007707.7708907172,0.0,0.0,True
2024-06-27,10602.8818359375,10729.424098499687,11027.016373282688,-297.5922747830009,-285.33732519648004,-12.254949586520866,HOLD,0.0,1007707.7708907172,0.0,1007707.7708907172,0.0,0.0,True
2024-06-28,10438.5556640625,10684.675108586272,10983.42669111823,-298.75158253195696,-288.02017666357546,-10.7314058683815,HOLD,0.0,1007707.7708907172,0.0,1007707.7708907172,0.0,0.0,True
2024-07-01,10246.4150390625,10617.250482505693,10928.833235410399,-311.58275290470556,-292.73269191180145,-18.850060992904105,HOLD,0.0,1007707.7708907172,0.0,1007707.7708907172,0.0,0.0,True
2024-07-02,10604.3759765625,10615.269789283662,10904.79936438463,-289.5295751009671,-292.09206854963463,2.56249344866751,BUY,0.0,1007707.7708907172,0.0,1007707.7708907172,94.07726540314545,10604.3759765625,True
2024-07-03,10670.533203125,10623.77185295156,10887.446315402434,-263.67446245087376,-286.4085473298825,22.73408487900872,HOLD,94.177,8719.848051087116,1004918.8054707032,1013638.6535217903,0.0,0.0,True
2024-07-04,10569.0927734375,10615.359686872474,10863.86457155318,-248.5048846807058,-278.8278148000471,30.322930119341322,HOLD,94.177,8719.848051087116,995365.4501240235,1004085.2981751106,0.0,0.0,True
2024-07-05,10336.1904296875,10572.410570382477,10824.777598081648,-252.36702769917065,-273.53565737987185,21.1686296807012,HOLD,94.177,8719.848051087116,973431.4060966797,982151.2541477669,0.0,0.0,True
2024-07-08,10101.4384765625,10499.953325179402,10771.196922413563,-271.2435972341609,-273.07724535072964,1.8336481165687246,HOLD,94.177,8719.848051087116,951323.1714072266,960043.0194583137,0.0,0.0,True
2024-07-09,10229.6982421875,10458.375620103725,10731.085909063484,-272.71028895975905,-273.00385407253555,0.29356511277649133,HOLD,94.177,8719.848051087116,963402.2913544923,972122.1394055794,0.0,0.0,True
2024-07-10,10226.568359375,10422.712964606997,10693.714238716188,-271.0012741091905,-272.60333807986655,1.6020639706760562,HOLD,94.177,8719.848051087116,963107.5283808594,971827.3764319465,0.0,0.0,True
2024-07-11,10400.853515625,10419.34997245592,10672.020851820544,-252.67087936462303,-268.61684633681784,15.94596697219481,HOLD,94.177,8719.848051087116,979521.1815410157,988241.0295921029,0.0,0.0,True
2024-07-12,10519.865234375,10434.813858905009,10660.750065343096,-225.93620643808754,-260.0807183570718,34.14451191898428,HOLD,94.177,8719.848051087116,990729.3481777344,999449.1962288215,0.0,0.0,True
2024-07-15,10491.9794921875,10443.6085717177,10648.248541405645,-204.63996968794527,-248.99256862324654,44.35259893530127,HOLD,94.177,8719.848051087116,988103.1526357422,996823.0006868293,0.0,0.0,True
2024-07-16,10499.8046875,10452.254127991899,10637.252700375597,-184.99857238369805,-236.19376937533684,51.195196991638795,HOLD,94.177,8719.848051087116,988840.1060546875,997559.9541057746,0.0,0.0,True
2024-07-17,10680.4921875,10487.36767560853,10640.455625347775,-153.08794973924523,-219.57260544811854,66.4846557088733,HOLD,94.177,8719.848051087116,1005856.7127421875,1014576.5607932747,0.0,0.0,True
2024-07-18,10652.8203125,10512.821927437988,10641.371528099791,-128.5496006618032,-201.3680044908555,72.8184038290523,HOLD,94.177,8719.848051087116,1003250.6585703125,1011970.5066213997,0.0,0.0,True
2024-07-19,10852.7861328125,10565.12411288022,10657.031869189621,-91.90775630940152,-179.47595485456472,87.5681985451632,HOLD,94.177,8719.848051087116,1022082.8396298828,1030802.68768097,0.0,0.0,True
2024-07-22,10663.419921875,10580.246545033264,10657.505058277426,-77.2585132441618,-159.03246653248414,81.77395328832233,HOLD,94.177,8719.848051087116,1004248.8979824219,1012968.746033509,0.0,0.0,True
2024-07-23,10350.41796875,10544.888302528147,10634.757866460579,-89.86956393243236,-145.1998860124738,55.33032208004144,HOLD,94.177,8719.848051087116,974771.3130429689,983491.161094056,0.0,0.0,True
2024-07-24,10243.8544921875,10498.575408629586,10605.80206095887,-107.22665232928375,-137.6052392758358,30.378586946552048,HOLD,94.177,8719.848051087116,964735.4845107422,973455.3325618294,0.0,0.0,True
2024-07-25,10176.060546875,10448.95773759042,10573.969356211916,-125.01161862149638,-135.08651514496793,10.074896523471551,HOLD,94.177,8719.848051087116,958350.854123047,967070.7021741341,0.0,0.0,True
2024-07-26,10117.017578125,10397.890020749584,10540.121076353626,-142.2310556040411,-136.51542323678257,-5.715632367258536,SELL,94.177,8719.848051087116,952790.3644550781,961510.2125061653,94.177,10117.017578125,True
2024-07-29,9945.0791015625,10328.22680241311,10496.043893035763,-167.81709062265327,-142.7757567139567,-25.041333908696572,HOLD,0.0,961224.3753968287,0.0,961224.3753968287,0.0,0.0,True
2024-07-30,9816.8193359375,10249.548730647632,10445.730962880336,-196.18223223270434,-153.45705181770623,-42.72518041499811,HOLD,0.0,961224.3753968287,0.0,961224.3753968287,0.0,0.0,True
2024-07-31,10110.5439453125,10228.16337905761,10420.902294912348,-192.73891585473757,-161.3134246251125,-31.425491229625067,HOLD,0.0,961224.3753968287,0.0,961224.3753968287,0.0,0.0,True
2024-08-01,9860.7109375,10171.632234202592,10379.40663880773,-207.77440460513753,-170.60562062111754,-37.168783984019996,HOLD,0.0,961224.3753968287,0.0,961224.3753968287,0.0,0.0,True
2024-08-02,9855.66015625,10123.021145286808,10340.610603062714,-217.58945777590634,-180.0023880520753,-37.587069723831036,HOLD,0.0,961224.3753968287,0.0,961224.3753968287,0.0,0.0,True
2024-08-05,10030.373046875,10108.767591684991,10317.630043345107,-208.86245166011577,-185.7744007736834,-23.08805088643237,HOLD,0.0,961224.3753968287,0.0,961224.3753968287,0.0,0.0,True
2024-08-06,9992.5986328125,10090.895444166146,10293.553642564915,-202.65819839876895,-189.15116029870052,-13.507038100068428,HOLD,0.0,961224.3753968287,0.0,961224.3753968287,0.0,0.0,True
2024-08-07,10069.4267578125,10087.592569342509,10276.951651101774,-189.35908175926488,-189.1927445908134,-0.16633716845149138,HOLD,0.0,961224.3753968287,0.0,961224.3753968287,0.0,0.0,True
2024-08-08,10177.4833984375,10101.421927664815,10269.583632385902,-168.16170472108752,-184.98653661686822,16.824831895780704,BUY,0.0,961224.3753968287,0.0,961224.3753968287,93.5017129862336,10177.4833984375,True
2024-08-09,10220.9482421875,10119.810591437536,10265.981010889725,-146.1704194521899,-177.22331318393256,31.05289373174267,HOLD,93.601,8315.9650326072,956690.9764169921,965006.9414495993,0.0,0.0,True
2024-08-12,10215.96875,10134.6041542933,10262.276398971968,-127.672244678668,-167.31309948287964,39.64085480421164,HOLD,93.601,8315.9650326072,956224.89096875,964540.8560013572,0.0,0.0,True
2024-08-13,10122.8505859375,10132.795913007792,10251.948560969415,-119.15264796162228,-157.6810091786282,38.52836121700591,HOLD,93.601,8315.9650326072,947508.9376943359,955824.9027269431,0.0,0.0,True
2024-08-14,10053.7763671875,10120.639059804671,10237.269139207792,-116.63007940312127,-149.4708232235268,32.84074382040552,HOLD,93.601,8315.9650326072,941043.5217451171,949359.4867777243,0.0,0.0,True
2024-08-15,10150.4521484375,10125.225688825107,10230.838251002586,-105.61256217747905,-140.69917101431724,35.086608836838195,HOLD,93.601,8315.9650326072,950092.4715458985,958408.4365785057,0.0,0.0,True
2024-08-16,10181.111328125,10133.82347948663,10227.154775233876,-93.33129574724626,-131.22559596090306,37.894300213656805,HOLD,93.601,8315.9650326072,952962.2014238281,961278.1664564353,0.0,0.0,True
2024-08-19,10140.13671875,10134.794747065609,10220.708993272106,-85.91424620649741,-122.16332601002193,36.24907980352452,HOLD,93.601,8315.9650326072,949126.9370117188,957442.902044326,0.0,0.0,True
2024-08-20,10120.7880859375,10132.639876122823,10213.307444580654,-80.6675684578313,-113.86417449958381,33.19660604175252,HOLD,93.601,8315.9650326072,947315.8856318359,955631.8506644431,0.0,0.0,True
2024-08-21,10084.2236328125,10125.19122330585,10203.745680745977,-78.5544574401265,-106.80223108769235,28.24777364756585,HOLD,93.601,8315.9650326072,943893.4162548828,952209.38128749,0.0,0.0,True
2024-08-22,10030.6572265625,10110.64753149918,10190.924313769423,-80.27678227024262,-101.4971413242024,21.220359053959783,HOLD,93.601,8315.9650326072,938879.5470634765,947195.5120960837,0.0,0.0,True
2024-08-23,10065.798828125,10103.747730980076,10181.655759277244,-77.90802829716813,-96.77931871879557,18.871290421627435,HOLD,93.601,8315.9650326072,942168.8361113281,950484.8011439353,0.0,0.0,True
2024-08-26,10044.529296875,10094.637202656219,10171.498243543743,-76.86104088752472,-92.79566315254141,15.934622265016685,HOLD,93.601,8315.9650326072,940177.9867167969,948493.9517494041,0.0,0.0,True
2024-08-27,9988.1171875,10078.249508016801,10157.914461614577,-79.66495359777582,-90.1695212415883,10.504567643812479,HOLD,93.601,8315.9650326072,934897.7568671874,943213.7218997946,0.0,0.0,True
2024-08-28,9880.9140625,10047.890208706523,10137.395913532015,-89.5057048254912,-90.03675795836888,0.5310531328776875,HOLD,93.601,8315.9650326072,924863.4371640625,933179.4021966697,0.0,0.0,True
2024-08-29,10053.7763671875,10048.79577154975,10131.201873062051,-82.40610151230067,-88.51062666915524,6.104525156854578,HOLD,93.601,8315.9650326072,941043.5217451171,949359.4867777243,0.0,0.0,True
2024-08-30,10266.4052734375,10082.274156455558,10141.21693975653,-58.94278330097222,-82.59705799551864,23.654274694546416,HOLD,93.601,8315.9650326072,960945.7999990234,969261.7650316306,0.0,0.0,True
2024-09-02,9923.595703125,10057.862086712395,10125.096848154195,-67.23476144179949,-79.52459868477482,12.289837242975324,HOLD,93.601,8315.9650326072,928858.4814082031,937174.4464408103,0.0,0.0,True
2024-09-03,10030.3017578125,10053.622036112412,10118.074989610366,-64.45295349795379,-76.51026964741061,12.057316149456824,HOLD,93.601,8315.9650326072,938846.2748330078,947162.239865615,0.0,0.0,True
2024-09-04,9959.1650390625,10039.090190412426,10106.303882162378,-67.21369174995198,-74.65095406791889,7.437262317966912,HOLD,93.601,8315.9650326072,932187.806821289,940503.7718538962,0.0,0.0,True
2024-09-05,9993.8798828125,10032.134758473976,10097.976178506831,-65.84142003285524,-72.88904726090615,7.047627228050914,HOLD,93.601,8315.9650326072,935437.1509111328,943753.11594374,0.0,0.0,True
2024-09-06,9944.9375,10018.719795631825,10086.639980098917,-67.92018446709153,-71.89527470214324,3.9750902350517094,HOLD,93.601,8315.9650326072,930856.0949375,939172.0599701072,0.0,0.0,True
2024-09-09,9781.322265625,9982.197098707698,10064.023853100847,-81.8267543931488,-73.88157064034436,-7.945183752804439,SELL,93.601,8315.9650326072,915541.5453847656,923857.5104173728,93.601,9781.322265625,True
2024-09-10,9802.6630859375,9954.576481358437,10044.663796273931,-90.08731491549406,-77.12271949537431,-12.96459542011975,HOLD,0.0,923582.8479537574,0.0,923582.8479537574,0.0,0.0,True
2024-09-11,9816.890625,9933.394041918678,10027.7917095129,-94.39766759422128,-80.5777091151437,-13.81995847907757,HOLD,0.0,923582.8479537574,0.0,923582.8479537574,0.0,0.0,True
2024-09-12,9497.201171875,9866.287446527343,9988.488706724907,-122.2012601975639,-88.90241933162775,-33.29884086593614,HOLD,0.0,923582.8479537574,0.0,923582.8479537574,0.0,0.0,True
2024-09-13,9277.1748046875,9775.654732398136,9935.798788055468,-160.1440556573325,-103.1507465967687,-56.9933090605638,HOLD,0.0,923582.8479537574,0.0,923582.8479537574,0.0,0.0,True
2024-09-18,9012.3330078125,9658.220620923421,9867.393915444878,-209.17329452145714,-124.3552561817064,-84.81803833975074,HOLD,0.0,923582.8479537574,0.0,923582.8479537574,0.0,0.0,True
2024-09-19,8970.3623046875,9552.396264579433,9800.947129462851,-248.5508648834184,-149.1943779220488,-99.3564869613696,HOLD,0.0,923582.8479537574,0.0,923582.8479537574,0.0,0.0,True
2024-09-20,8991.1337890625,9466.048191422982,9740.960956099862,-274.9127646768793,-174.3380552730149,-100.5747094038644,HOLD,0.0,923582.8479537574,0.0,923582.8479537574,0.0,0.0,True
2024-09-23,8974.203125,9390.379719665601,9684.164079722093,-293.784360056492,-198.22731622971034,-95.55704382678167,HOLD,0.0,923582.8479537574,0.0,923582.8479537574,0.0,0.0,True
2024-09-24,9764.25,9447.898224332432,9690.09637011305,-242.19814578061778,-207.02148213989182,-35.17666364072596,HOLD,0.0,923582.8479537574,0.0,923582.8479537574,0.0,0.0,True
2024-09-25,9952.05078125,9525.460156165904,9709.500400567638,-184.04024440173453,-202.42523459226038,18.384990190525855,BUY,0.0,923582.8479537574,0.0,923582.8479537574,91.87523652882484,9952.05078125,True
2024-09-26,10876.830078125,9733.363221082687,9795.969265571886,-62.60604448919912,-174.46139657164812,111.855352082449,HOLD,91.97500000000001,7968.375387106906,1000396.446435547,1008364.8218226539,0.0,0.0,True
2024-09-27,11589.6220703125,10018.94150557958,9928.832436293415,90.10906928616532,-121.54730340008544,211.65637268625076,HOLD,91.97500000000001,7968.375387106906,1065955.4899169924,1073923.8653040994,0.0,0.0,True
2024-09-30,12434.728515625,10390.601045586567,10114.454368095754,276.1466774908131,-42.00850722190574,318.15518471271884,HOLD,91.97500000000001,7968.375387106906,1143684.1552246094,1151652.5306117162,0.0,0.0,True
2024-10-08,12256.8857421875,10677.721768140558,10273.152988398846,404.5687797417122,47.30695017081785,357.26182957089435,HOLD,91.97500000000001,7968.375387106906,1127327.0661376955,1135295.4415248022,0.0,0.0,True
2024-10-09,11347.4013671875,10780.749398763164,10352.72694238319,428.02245637997476,123.45005141264923,304.5724049673255,HOLD,91.97500000000001,7968.375387106906,1043677.2407470704,1051645.6161341774,0.0,0.0,True
2024-10-10,11666.4501953125,10917.011059770755,10450.03977593351,466.9712838372452,192.15429789756843,274.8169859396768,HOLD,91.97500000000001,7968.375387106906,1073021.7567138672,1080990.1321009742,0.0,0.0,True
2024-10-11,11417.3994140625,10993.993883507947,10521.696045424545,472.2978380834011,248.18300593473498,224.1148321486661,HOLD,91.97500000000001,7968.375387106906,1050115.3111083985,1058083.6864955053,0.0,0.0,True
2024-10-14,11396.05859375,11055.849992775955,10586.4636415968,469.3863511791551,292.423674983619,176.96267619553612,HOLD,91.97500000000001,7968.375387106906,1048152.4891601563,1056120.8645472634,0.0,0.0,True
2024-10-15,11056.451171875,11055.942481868116,10621.277532728518,434.6649491395983,320.87192981481485,113.79301932478347,HOLD,91.97500000000001,7968.375387106906,1016917.0965332033,1024885.4719203102,0.0,0.0,True
2024-10-16,10830.591796875,11021.27314571533,10636.782293035665,384.4908526796644,333.59571438778477,50.89513829187962,HOLD,91.97500000000001,7968.375387106906,996143.6805175783,1004112.0559046852,0.0,0.0,True
2024-10-17,10632.119140625,10961.403298778356,10636.436874338578,324.96642443977726,331.8698563981833,-6.903431958406031,SELL,91.97500000000001,7968.375387106906,977889.1579589845,985857.5333460914,91.97500000000001,10632.119140625,True
2024-10-18,10962.1943359375,10961.524996802838,10660.56705667924,300.95794012359875,325.6874731432664,-24.729533019667656,HOLD,0.0,985564.1665987037,0.0,985564.1665987037,0.0,0.0,True
2024-10-21,10875.408203125,10948.276259313941,10676.481215675223,271.7950436387182,314.9089872423568,-43.113943603638575,HOLD,0.0,985564.1665987037,0.0,985564.1665987037,0.0,0.0,True
2024-10-22,10976.421875,10952.606354034873,10698.699042291873,253.9073117429998,302.7086521424854,-48.80134039948558,HOLD,0.0,985564.1665987037,0.0,985564.1665987037,0.0,0.0,True
2024-10-23,11150.70703125,10983.083381298738,10732.181115548032,250.90226575070665,292.3473748641297,-41.44510911342303,HOLD,0.0,985564.1665987037,0.0,985564.1665987037,0.0,0.0,True
2024-10-24,11041.8681640625,10992.127194031626,10755.120896919474,237.00629711215151,281.27915931373406,-44.27286220158254,HOLD,0.0,985564.1665987037,0.0,985564.1665987037,0.0,0.0,True
2024-10-25,11089.173828125,11007.057445430606,10779.865558490255,227.19188694035074,270.4617048390574,-43.26981789870666,HOLD,0.0,985564.1665987037,0.0,985564.1665987037,0.0,0.0,True
2024-10-28,11132.9228515625,11026.421354066282,10806.017950569681,220.40340349660073,260.4500445705661,-40.04664107396536,HOLD,0.0,985564.1665987037,0.0,985564.1665987037,0.0,0.0,True
2024-10-29,10895.46875,11006.274799594546,10812.643935712667,193.63086388187912,247.0862084328287,-53.455344550949576,HOLD,0.0,985564.1665987037,0.0,985564.1665987037,0.0,0.0,True
2024-10-30,10898.171875,10989.643580426155,10818.979338622841,170.66424180331342,231.80181510692566,-61.13757330361224,HOLD,0.0,985564.1665987037,0.0,985564.1665987037,0.0,0.0,True
2024-10-31,10868.22265625,10970.963438245206,10822.62699178041,148.3364464647966,215.10874137849987,-66.77229491370326,HOLD,0.0,985564.1665987037,0.0,985564.1665987037,0.0,0.0,True
2024-11-01,10910.6201171875,10961.679850390174,10829.145001069823,132.534849320351,198.5939629668701,-66.05911364651911,HOLD,0.0,985564.1665987037,0.0,985564.1665987037,0.0,0.0,True
2024-11-04,11013.4130859375,10969.638809705148,10842.794488837799,126.84432086734887,184.24403454696585,-57.39971367961698,HOLD,0.0,985564.1665987037,0.0,985564.1665987037,0.0,0.0,True
2024-11-05,11218.216796875,11007.881576962049,10870.603548692407,137.27802826964216,174.85083329150112,-37.572805021858954,HOLD,0.0,985564.1665987037,0.0,985564.1665987037,0.0,0.0,True
2024-11-06,11175.60546875,11033.685252621734,10893.196283511486,140.48896911024713,167.9784604552503,-27.489491345003188,HOLD,0.0,985564.1665987037,0.0,985564.1665987037,0.0,0.0,True
2024-11-07,11731.46875,11141.036559910697,10955.290540288412,185.74601962228553,171.53197228865736,14.214047333628173,BUY,0.0,985564.1665987037,0.0,985564.1665987037,83.17019341100973,11731.46875,True
2024-11-08,11452.826171875,11189.00419252059,10992.145031517048,196.85916100354189,176.59741003163427,20.261750971907617,HOLD,83.27,8391.699965360109,953676.8353320312,962068.5352973914,0.0,0.0,True
2024-11-11,11367.74609375,11216.502946555884,11019.967332423194,196.53561413269017,180.58505085184547,15.950563280844705,HOLD,83.27,8391.699965360109,946592.2172265624,954983.9171919225,0.0,0.0,True
2024-11-12,11219.7099609375,11216.996333383824,11034.763082683512,182.23325070031206,180.91469082153878,1.3185598787732715,HOLD,83.27,8391.699965360109,934265.2484472656,942656.9484126257,0.0,0.0,True
2024-11-13,11228.9580078125,11218.836590988236,11049.147891952327,169.68869903590894,178.66949246441283,-8.980793428503887,SELL,83.27,8391.699965360109,935035.3333105468,943427.0332759069,83.27,11228.9580078125,True
2024-11-14,11195.5234375,11215.249951990045,11059.990524955858,155.25942703418696,173.98747937836765,-18.728052344180696,HOLD,0.0,943146.5226759138,0.0,943146.5226759138,0.0,0.0,True
2024-11-15,11090.2412109375,11196.01783798196,11062.231316510055,133.78652147190587,165.94728779707532,-32.16076632516945,HOLD,0.0,943146.5226759138,0.0,943146.5226759138,0.0,0.0,True
2024-11-18,11090.2412109375,11179.744510744351,11064.30612350468,115.43838723967019,155.84550768559433,-40.407120445924136,HOLD,0.0,943146.5226759138,0.0,943146.5226759138,0.0,0.0,True
2024-11-19,10968.7392578125,11147.282164139451,11057.22709641637,90.05506772308036,142.68741969309153,-52.63235197001117,HOLD,0.0,943146.5226759138,0.0,943146.5226759138,0.0,0.0,True
2024-11-20,10989.2978515625,11122.97688528146,11052.19530050127,70.78158478019031,128.3062527105113,-57.52466793032099,HOLD,0.0,943146.5226759138,0.0,943146.5226759138,0.0,0.0,True
2024-11-21,10991.57421875,11102.761090430466,11047.704850001175,55.05624042929048,113.65625025426715,-58.60000982497667,HOLD,0.0,943146.5226759138,0.0,943146.5226759138,0.0,0.0,True
2024-11-22,10726.162109375,11044.822785652701,11023.886869214051,20.935916438649656,95.11218349114367,-74.17626705249401,HOLD,0.0,943146.5226759138,0.0,943146.5226759138,0.0,0.0,True
2024-11-25,10660.361328125,10985.674869109978,10996.959051355603,-11.284182245624834,73.83291034378998,-85.11709258941481,HOLD,0.0,943146.5226759138,0.0,943146.5226759138,0.0,0.0,True
2024-11-26,10734.556640625,10947.041295496903,10977.521835745929,-30.48054024902558,52.97022022522687,-83.45076047425245,HOLD,0.0,943146.5226759138,0.0,943146.5226759138,0.0,0.0,True
2024-11-27,10806.048828125,10925.350146670457,10964.820131477712,-39.46998480725597,34.4821792187303,-73.95216402598626,HOLD,0.0,943146.5226759138,0.0,943146.5226759138,0.0,0.0,True
2024-11-28,10798.580078125,10905.847059201924,10952.506053451587,-46.65899424966301,18.253944525051644,-64.91293877471466,HOLD,0.0,943146.5226759138,0.0,943146.5226759138,0.0,0.0,True
2024-11-29,10853.6396484375,10897.81514985355,10945.182616043136,-47.367466189585684,5.129662382124177,-52.497128571709865,HOLD,0.0,943146.5226759138,0.0,943146.5226759138,0.0,0.0,True
2024-12-02,10848.3759765625,10890.209123193388,10938.011753859384,-47.80263066599582,-5.456796227499823,-42.345834438496,HOLD,0.0,943146.5226759138,0.0,943146.5226759138,0.0,0.0,True
2024-12-03,10860.75390625,10885.677551355944,10932.288950332764,-46.611398976820055,-13.687716777363871,-32.92368219945618,HOLD,0.0,943146.5226759138,0.0,943146.5226759138,0.0,0.0,True
2024-12-04,10812.8076171875,10874.466792253108,10923.438481210893,-48.97168895778486,-20.74451121344807,-28.227177744336792,HOLD,0.0,943146.5226759138,0.0,943146.5226759138,0.0,0.0,True
2024-12-05,10748.7841796875,10855.131005704554,10910.501125542492,-55.370119837938546,-27.66963293834617,-27.700486899592377,HOLD,0.0,943146.5226759138,0.0,943146.5226759138,0.0,0.0,True
2024-12-06,10819.9921875,10849.725033673085,10903.796759761566,-54.07172608848123,-32.95005156837318,-21.121674520108044,HOLD,0.0,943146.5226759138,0.0,943146.5226759138,0.0,0.0,True
2024-12-09,10804.2705078125,10842.732029694533,10896.424444802376,-53.69241510784377,-37.0985242762673,-16.593890831576473,HOLD,0.0,943146.5226759138,0.0,943146.5226759138,0.0,0.0,True
2024-12-10,11001.9599609375,10867.228634501143,10904.241890442016,-37.013255940872114,-37.081470609188266,0.06821466831615197,BUY,0.0,943146.5226759138,0.0,943146.5226759138,84.86806539601247,11001.9599609375,True
2024-12-11,10923.78125,10875.929036885582,10905.689250409274,-29.760213523692073,-35.61721919208903,5.857005668396958,HOLD,84.968,8051.544354787911,928171.84525,936223.3896047879,0.0,0.0,True
2024-12-12,11138.6142578125,10916.342147797415,10922.942954661365,-6.600806863949401,-29.813936726461105,23.213129862511703,HOLD,84.968,8051.544354787911,946425.7762578125,954477.3206126004,0.0,0.0,True
2024-12-13,10805.693359375,10899.31925727089,10914.257799454968,-14.93854218407796,-26.838857817984476,11.900315633906516,HOLD,84.968,8051.544354787911,918138.1533593751,926189.697714163,0.0,0.0,True
2024-12-16,10864.025390625,10893.88943163306,10910.536880282378,-16.647448649317084,-24.800575984251,8.153127334933917,HOLD,84.968,8051.544354787911,923094.509390625,931146.053745413,0.0,0.0,True
2024-12-17,11083.1279296875,10923.00304671836,10923.321402460535,-0.3183557421743899,-19.90413193583568,19.58577619366129,HOLD,84.968,8051.544354787911,941711.2139296875,949762.7582844754,0.0,0.0,True
2024-12-18,11179.162109375,10962.41213328092,10942.27256593568,20.13956734524072,-11.8953920796204,32.03495942486112,HOLD,84.968,8051.544354787911,949871.0461093751,957922.590464163,0.0,0.0,True
2024-12-19,11033.40234375,10973.333704122317,10949.022919847852,24.310784274464822,-4.654156808803356,28.96494108326818,HOLD,84.968,8051.544354787911,937486.13034375,945537.6746985379,0.0,0.0,True
2024-12-20,10996.3388671875,10976.872959978498,10952.527804835974,24.345155142524163,1.1457055814621477,23.199449561062014,HOLD,84.968,8051.544354787911,934336.9208671876,942388.4652219755,0.0,0.0,True
2024-12-23,11028.490234375,10984.81407911642,10958.154651468494,26.65942764792635,6.2484499947549885,20.41097765317136,HOLD,84.968,8051.544354787911,937068.758234375,945120.302589163,0.0,0.0,True
2024-12-24,11117.8623046875,11005.283036896588,10969.984848003234,35.298188893353654,12.058397774474722,23.239791118878934,HOLD,84.968,8051.544354787911,944662.5243046875,952714.0686594754,0.0,0.0,True
2024-12-25,11054.138671875,11012.799288431728,10976.218464586327,36.58082384540103,16.962882988659985,19.617940856741043,HOLD,84.968,8051.544354787911,939248.0546718751,947299.599026663,0.0,0.0,True
2024-12-26,11038.1708984375,11016.702613048,10980.807533760488,35.895079287513,20.749322248430587,15.145757039082412,HOLD,84.968,8051.544354787911,937891.3048984376,945942.8492532255,0.0,0.0,True
2024-12-27,11046.6962890625,11021.317024742539,10985.68818230138,35.62884244115958,23.725226286976387,11.90361615418319,HOLD,84.968,8051.544354787911,938615.6902890626,946667.2346438505,0.0,0.0,True
2024-12-30,11018.013671875,11020.808816609071,10988.082663010537,32.72615359853444,25.525411749287997,7.200741849246441,HOLD,84.968,8051.544354787911,936178.585671875,944230.130026663,0.0,0.0,True
2024-12-31,11010.7890625,11019.267315976907,10989.764618528274,29.502697448633626,26.320868889157126,3.1818285594765,HOLD,84.968,8051.544354787911,935564.7250625,943616.2694172879,0.0,0.0,True
2025-01-02,10750.69140625,10977.94794524969,10972.055491692847,5.892453556843975,22.235185822694497,-16.342732265850522,SELL,84.968,8051.544354787911,913464.74740625,921516.2917610379,84.968,10750.69140625,True
2025-01-03,10656.767578125,10928.535581076661,10948.700831428563,-20.165250351901705,13.755098587775258,-33.92034893967696,HOLD,0.0,921242.252336816,0.0,921242.252336816,0.0,0.0,True
2025-01-06,10403.89453125,10847.82157341102,10908.344809193113,-60.52323578209325,-1.1005682861984436,-59.42266749589481,HOLD,0.0,921242.252336816,0.0,921242.252336816,0.0,0.0,True
2025-01-07,10405.33984375,10779.747461155477,10871.085182123254,-91.33772096777648,-19.14799882251405,-72.18972214526242,HOLD,0.0,921242.252336816,0.0,921242.252336816,0.0,0.0,True
2025-01-08,10421.95703125,10724.702779631556,10837.816430206716,-113.11365057516014,-37.941129173043265,-75.17252140211687,HOLD,0.0,921242.252336816,0.0,921242.252336816,0.0,0.0,True
2025-01-09,10432.794921875,10679.79387843824,10807.81483699696,-128.02095855871994,-55.95709505017861,-72.06386350854133,HOLD,0.0,921242.252336816,0.0,921242.252336816,0.0,0.0,True
2025-01-10,10374.9951171875,10632.901761322742,10775.754117011074,-142.85235568833195,-73.33614717780928,-69.51620851052267,HOLD,0.0,921242.252336816,0.0,921242.252336816,0.0,0.0,True
2025-01-13,10432.650390625,10602.093858138474,10750.339026167663,-148.2451680291888,-88.31795134808519,-59.9272166811036,HOLD,0.0,921242.252336816,0.0,921242.252336816,0.0,0.0,True
2025-01-14,10638.705078125,10607.726353521017,10742.069844831169,-134.34349131015188,-97.52305934049853,-36.82043196965334,HOLD,0.0,921242.252336816,0.0,921242.252336816,0.0,0.0,True
2025-01-15,10629.818359375,10611.125123652399,10733.754919982563,-122.62979633016403,-102.54440673843163,-20.085389591732394,HOLD,0.0,921242.252336816,0.0,921242.252336816,0.0,0.0,True
2025-01-16,10449.990234375,10586.335140686644,10712.735313641262,-126.40017295461803,-107.31555998166891,-19.084612972949117,HOLD,0.0,921242.252336816,0.0,921242.252336816,0.0,0.0,True
2025-01-17,10510.462890625,10574.662486831006,10697.752171195614,-123.08968436460782,-110.4703848582567,-12.619299506351126,HOLD,0.0,921242.252336816,0.0,921242.252336816,0.0,0.0,True
2025-01-20,10655.322265625,10587.071683568545,10694.60921522742,-107.53753165887429,-109.88381421838022,2.346282559505937,BUY,0.0,921242.252336816,0.0,921242.252336816,85.59382880006696,10655.322265625,True
2025-01-21,10607.2763671875,10590.180096433,10688.140115372611,-97.96001893961147,-107.49905516262648,9.539036223015003,HOLD,85.693,7881.795469340519,908969.3337333985,916851.129202739,0.0,0.0,True
2025-01-22,10411.1201171875,10562.632407318308,10667.620115507047,-104.9877081887389,-106.99678576784898,2.0090775791100697,HOLD,85.693,7881.795469340519,892160.1162021484,900041.9116714889,0.0,0.0,True
2025-01-23,10425.5693359375,10541.54578095203,10649.690428131526,-108.14464717949522,-107.22635805017822,-0.918289129317003,SELL,85.693,7881.795469340519,893398.3131044921,901280.1085738327,85.693,10425.5693359375,True
2025-01-24,10374.9951171875,10515.922601911334,10629.342627320857,-113.42002540952308,-108.4650915220472,-4.954933887475875,HOLD,0.0,901012.0890799013,0.0,901012.0890799013,0.0,0.0,True
2025-01-27,10367.6982421875,10493.118854261513,10609.961561755425,-116.8427074939118,-110.14061471642013,-6.702092777491671,HOLD,0.0,901012.0890799013,0.0,901012.0890799013,0.0,0.0,True
2025-02-05,10142.3525390625,10439.154805769358,10575.323856370764,-136.16905060140562,-115.34630189341723,-20.82274870798838,HOLD,0.0,901012.0890799013,0.0,901012.0890799013,0.0,0.0,True
2025-02-06,10207.666015625,10403.54114574715,10548.089942241448,-144.54879649429859,-121.18680081359352,-23.361995680705064,HOLD,0.0,901012.0890799013,0.0,901012.0890799013,0.0,0.0,True
2025-02-07,10374.9951171875,10399.149449045664,10535.268103348564,-136.1186543028998,-124.17317151145478,-11.94548279144503,HOLD,0.0,901012.0890799013,0.0,901012.0890799013,0.0,0.0,True
2025-02-10,10342.5556640625,10390.442712894408,10520.993107845892,-130.55039495148412,-125.44861619946066,-5.101778752023463,HOLD,0.0,901012.0890799013,0.0,901012.0890799013,0.0,0.0,True
2025-02-11,10244.9462890625,10368.0586476895,10500.545195343419,-132.48654765391802,-126.85620249035215,-5.630345163565877,HOLD,0.0,901012.0890799013,0.0,901012.0890799013,0.0,0.0,True
2025-02-12,10425.5693359375,10376.906445881501,10494.991427980018,-118.08498209851678,-125.10195841198508,7.016976313468305,BUY,0.0,901012.0890799013,0.0,901012.0890799013,85.55906535620299,10425.5693359375,True
2025-02-13,10584.951171875,10408.913326803578,10501.655112712979,-92.74178590940028,-118.62992391146813,25.888138002067848,HOLD,85.659,7700.3321797067765,906696.3324316407,914396.6646113475,0.0,0.0,True
2025-02-14,10656.767578125,10447.044750083798,10513.144924965722,-66.10017488192352,-108.12397410555921,42.02379922363569,HOLD,85.659,7700.3321797067765,912848.0539746095,920548.3861543162,0.0,0.0,True
2025-02-17,10632.3466796875,10475.552739253599,10521.974684574741,-46.42194532114263,-95.7835683486759,49.36162302753327,HOLD,85.659,7700.3321797067765,910756.1842353516,918456.5164150584,0.0,0.0,True
2025-02-18,10656.767578125,10503.431945233815,10531.959343356242,-28.527398122427257,-82.33233430342617,53.80493618099891,HOLD,85.659,7700.3321797067765,912848.0539746095,920548.3861543162,0.0,0.0,True
2025-02-19,10772.3662109375,10544.806447649766,10549.767259473372,-4.960811823606491,-66.85802980746223,61.89721798385574,HOLD,85.659,7700.3321797067765,922750.1172626953,930450.4494424021,0.0,0.0,True
2025-02-20,10649.5419921875,10560.919608347878,10557.157980415159,3.7616279327194206,-52.734098259425906,56.49572619214533,HOLD,85.659,7700.3321797067765,912229.1175087892,919929.449688496,0.0,0.0,True
2025-02-21,10752.208984375,10590.348743121282,10571.606202930703,18.74254019057844,-38.43877056942504,57.18131076000348,HOLD,85.659,7700.3321797067765,921023.4693925782,928723.801572285,0.0,0.0,True
2025-02-24,10686.1728515625,10605.0909136507,10580.092621347874,24.998292302825575,-25.751357994974917,50.74965029780049,HOLD,85.659,7700.3321797067765,915366.8802919922,923067.212471699,0.0,0.0,True
2025-02-25,10505.0439453125,10589.699072367901,10574.53346016007,15.165612207831145,-17.567963954413706,32.73357616224485,HOLD,85.659,7700.3321797067765,899851.5593115235,907551.8914912302,0.0,0.0,True
2025-02-26,10548.4658203125,10583.35549512861,10572.602523875064,10.752971253545184,-11.903776912821929,22.656748166367112,HOLD,85.659,7700.3321797067765,903571.0337021485,911271.3658818553,0.0,0.0,True
2025-02-27,10733.0625,10606.3873420319,10584.488448032467,21.898893999432403,-5.143242730371062,27.042136729803467,HOLD,85.659,7700.3321797067765,919383.4006875,927083.7328672068,0.0,0.0,True
2025-02-28,10843.0986328125,10642.804463690452,10603.644758016173,39.159705674279394,3.717346950559029,35.44235872372037,HOLD,85.659,7700.3321797067765,928808.985788086,936509.3179677927,0.0,0.0,True
2025-03-03,10743.611328125,10658.313212064999,10614.012652098309,44.300559966690344,11.833989553785292,32.46657041290505,HOLD,85.659,7700.3321797067765,920287.0027558594,927987.3349355662,0.0,0.0,True
2025-03-04,10621.4375,10652.64002559346,10614.562640831768,38.07738476169288,17.082668595366812,20.99471616632607,HOLD,85.659,7700.3321797067765,909821.7148125,917522.0469922068,0.0,0.0,True
2025-03-05,10594.416015625,10643.682485598312,10613.07029822386,30.612187374452333,19.788572351183916,10.823615023268417,HOLD,85.659,7700.3321797067765,907507.081482422,915207.4136621287,0.0,0.0,True
2025-03-06,10880.595703125,10680.13067291011,10632.886994883203,47.24367802690722,25.27959348632858,21.96408454057864,HOLD,85.659,7700.3321797067765,932020.9473339844,939721.2795136912,0.0,0.0,True
2025-03-07,10989.1142578125,10727.66660904894,10659.274199544632,68.39240950430758,33.90215668992438,34.4902528143832,HOLD,85.659,7700.3321797067765,941316.538209961,949016.8703896678,0.0,0.0,True
2025-03-10,11002.841796875,10770.001253329872,10684.723651198734,85.27760213113834,44.177245778167176,41.10035635297116,HOLD,85.659,7700.3321797067765,942492.4254785157,950192.7576582225,0.0,0.0,True
2025-03-11,11189.099609375,10834.47792349066,10722.084833285864,112.39309020479595,57.82041466349293,54.57267554130302,HOLD,85.659,7700.3321797067765,958447.0834394532,966147.4156191599,0.0,0.0,True
2025-03-12,11145.0283203125,10882.254907617098,10753.413980473022,128.84092714407598,72.02451715960954,56.81640998446643,HOLD,85.659,7700.3321797067765,954671.9808896485,962372.3130693553,0.0,0.0,True
2025-03-13,11110.2763671875,10917.33513216639,10779.848231340762,137.48690082562825,85.11699389281328,52.36990693281497,HOLD,85.659,7700.3321797067765,951695.1633369141,959395.4955166209,0.0,0.0,True
2025-03-14,11762.2529296875,11047.322485631175,10852.618949736816,194.70353589435945,107.03430229312252,87.66923360123693,HOLD,85.659,7700.3321797067765,1007542.8237041016,1015243.1558838084,0.0,0.0,True
2025-03-17,11833.4189453125,11168.260402505226,10925.27080126094,242.98960124428595,134.2253620833552,108.76423916093074,HOLD,85.659,7700.3321797067765,1013638.8334365236,1021339.1656162303,0.0,0.0,True
2025-03-18,11733.28125,11255.186686735193,10985.123427093462,270.06325964173084,161.39294159503035,108.67031804670049,HOLD,85.659,7700.3321797067765,1005061.1385937501,1012761.4707734569,0.0,0.0,True
2025-03-19,11817.8857421875,11341.755772189394,11046.809524507835,294.9462476815588,188.10360281233605,106.84264486922277,HOLD,85.659,7700.3321797067765,1012308.2747900392,1020008.606969746,0.0,0.0,True
2025-03-20,11588.783203125,11379.759992333333,11086.95572292392,292.8042694094129,209.04373613175142,83.76053327766147,HOLD,85.659,7700.3321797067765,992683.5803964845,1000383.9125761912,0.0,0.0,True
2025-03-21,11370.228515625,11378.293611301282,11107.93889275363,270.35471854765274,221.3059326149317,49.048785932721046,HOLD,85.659,7700.3321797067765,973962.4044199219,981662.7365996287,0.0,0.0,True
2025-03-24,11437.0595703125,11387.334528072239,11132.318202202434,255.01632586980486,228.04801126590635,26.968314603898506,HOLD,85.659,7700.3321797067765,979687.0857333986,987387.4179131053,0.0,0.0,True
2025-03-25,11382.8720703125,11386.647996109203,11150.877747988365,235.770248120838,229.5924586368927,6.177789483945304,HOLD,85.659,7700.3321797067765,975045.4386708986,982745.7708506053,0.0,0.0,True
2025-03-26,11386.4853515625,11386.622973871248,11168.33016306793,218.29281080331748,227.33252907017769,-9.039718266860206,SELL,85.659,7700.3321797067765,975354.9487294923,983055.280909199,85.659,11386.4853515625,True
2025-03-27,11480.4091796875,11401.051620919901,11191.447127261974,209.60449365792738,223.78692198772765,-14.182428329800274,HOLD,0.0,982762.6744245802,0.0,982762.6744245802,0.0,0.0,True
2025-03-28,11453.0263671875,11409.0477357303,11210.823367256458,198.22436847384233,218.67441128495062,-20.45004281110829,HOLD,0.0,982762.6744245802,0.0,982762.6744245802,0.0,0.0,True
2025-03-31,11278.111328125,11388.903673021792,11215.807660654127,173.09601236766503,209.55873150149353,-36.4627191338285,HOLD,0.0,982762.6744245802,0.0,982762.6744245802,0.0,0.0,True
2025-04-01,11242.130859375,11366.323240153055,11217.757527226044,148.5657129270112,197.36012778659708,-48.794414859585885,HOLD,0.0,982762.6744245802,0.0,982762.6744245802,0.0,0.0,True
2025-04-02,11191.556640625,11339.436070994892,11215.816720811152,123.61935018374061,182.61197226602582,-58.99262208228521,HOLD,0.0,982762.6744245802,0.0,982762.6744245802,0.0,0.0,True
2025-04-03,11335.0439453125,11338.760359351447,11224.648367070511,114.11199228093574,168.91197626900782,-54.799983988072086,HOLD,0.0,982762.6744245802,0.0,982762.6744245802,0.0,0.0,True
2025-04-07,10837.390625,11261.626554066608,11195.96260839862,65.66394566798772,148.26237014880383,-82.5984244808161,HOLD,0.0,982762.6744245802,0.0,982762.6744245802,0.0,0.0,True
2025-04-08,11162.5126953125,11246.378268104436,11193.484837058908,52.893431045527905,129.18858232814864,-76.29515128262074,HOLD,0.0,982762.6744245802,0.0,982762.6744245802,0.0,0.0,True
2025-04-09,11133.9013671875,11229.07412950183,11189.071246698064,40.002882803766624,111.35144242327225,-71.34855961950562,HOLD,0.0,982762.6744245802,0.0,982762.6744245802,0.0,0.0,True
2025-04-10,11191.412109375,11223.279972559241,11189.244643933393,34.035328625848706,95.88821966378754,-61.85289103793883,HOLD,0.0,982762.6744245802,0.0,982762.6744245802,0.0,0.0,True
2025-04-11,11335.765625,11240.585457550129,11200.098049938328,40.487407611801245,84.80805725339029,-44.32064964158904,HOLD,0.0,982762.6744245802,0.0,982762.6744245802,0.0,0.0,True
2025-04-14,11213.0146484375,11236.343794609726,11201.05483501234,35.288959597384746,74.9042377221892,-39.61527812480445,HOLD,0.0,982762.6744245802,0.0,982762.6744245802,0.0,0.0,True
2025-04-15,11256.4365234375,11239.434983660152,11205.157182303094,34.277801357058706,66.7789504491631,-32.5011490921044,HOLD,0.0,982762.6744245802,0.0,982762.6744245802,0.0,0.0,True
2025-04-16,11264.8896484375,11243.35108593359,11209.58180942416,33.76927650942889,60.17701566121627,-26.407739151787375,HOLD,0.0,982762.6744245802,0.0,982762.6744245802,0.0,0.0,True
2025-04-17,11343.1357421875,11258.702571511114,11219.474693332557,39.22787817855715,55.98718816468444,-16.759309986127292,HOLD,0.0,982762.6744245802,0.0,982762.6744245802,0.0,0.0,True
2025-04-18,11313.8017578125,11267.179369403635,11226.461883294034,40.71748610960094,52.93324775366774,-12.215761644066802,HOLD,0.0,982762.6744245802,0.0,982762.6744245802,0.0,0.0,True
2025-04-21,11205.861328125,11257.745824591537,11224.935916244476,32.80990834706063,48.90857987234632,-16.098671525285695,HOLD,0.0,982762.6744245802,0.0,982762.6744245802,0.0,0.0,True
2025-04-22,11189.966796875,11247.318281865915,11222.345611105997,24.9726707599184,44.12139804986074,-19.148727289942336,HOLD,0.0,982762.6744245802,0.0,982762.6744245802,0.0,0.0,True
2025-04-23,11213.0869140625,11242.051917588467,11221.659781695367,20.392135893100203,39.37554561850863,-18.98340972540843,HOLD,0.0,982762.6744245802,0.0,982762.6744245802,0.0,0.0,True
2025-04-24,11214.892578125,11237.873557671011,11221.15850735682,16.715050314191103,34.84344655764512,-18.12839624345402,HOLD,0.0,982762.6744245802,0.0,982762.6744245802,0.0,0.0,True
2025-04-25,11198.63671875,11231.837120913933,11219.49022671928,12.346894194653942,30.34413608504689,-17.99724189039295,HOLD,0.0,982762.6744245802,0.0,982762.6744245802,0.0,0.0,True
2025-04-28,11198.63671875,11226.729366734866,11217.94552242526,8.783844309606138,26.03207772995874,-17.2482334203526,HOLD,0.0,982762.6744245802,0.0,982762.6744245802,0.0,0.0,True
2025-04-29,11155.287109375,11215.738250217964,11213.30415849561,2.434091722354424,21.312480528437877,-18.878388806083453,HOLD,0.0,982762.6744245802,0.0,982762.6744245802,0.0,0.0,True
2025-04-30,11176.9619140625,11209.7726600402,11210.612140389454,-0.8394803492537903,16.882088352899544,-17.721568702153334,HOLD,0.0,982762.6744245802,0.0,982762.6744245802,0.0,0.0,True
2025-05-06,11200.08203125,11208.281794072476,11209.83213230505,-1.5503382325732673,13.195603035804982,-14.74594126837825,HOLD,0.0,982762.6744245802,0.0,982762.6744245802,0.0,0.0,True
2025-05-07,11234.76171875,11212.355628638248,11211.678768338008,0.6768603002401505,10.691854488692018,-10.014994188451867,HOLD,0.0,982762.6744245802,0.0,982762.6744245802,0.0,0.0,True
2025-05-08,11402.3076171875,11241.579011491978,11225.79942380834,15.779587683638965,11.709401127681408,4.070186555957557,BUY,0.0,982762.6744245802,0.0,982762.6744245802,85.32790732761507,11402.3076171875,True
2025-05-09,11496.1591796875,11280.745191214366,11245.826072391981,34.91911882238492,16.35134466662211,18.567774155762805,HOLD,85.427,8405.522131259437,982082.3902431641,990487.9123744236,0.0,0.0,True
2025-05-12,11592.3955078125,11328.691393767926,11271.49788242313,57.19351134479621,24.51977800225693,32.67373334253928,HOLD,85.427,8405.522131259437,990303.5710458985,998709.0931771579,0.0,0.0,True
2025-05-13,11489.8017578125,11353.477603620937,11287.668539859378,65.80906376155872,32.77763515411729,33.03142860744143,HOLD,85.427,8405.522131259437,981539.2947646485,989944.816895908,0.0,0.0,True
2025-05-14,11812.68359375,11424.124679025408,11326.558543851275,97.5661351741328,45.73533515812039,51.830800016012404,HOLD,85.427,8405.522131259437,1009122.1213632813,1017527.6434945407,0.0,0.0,True
2025-05-15,11791.1533203125,11480.590623838807,11360.972971737292,119.61765210151498,60.51179854679931,59.105853554715665,HOLD,85.427,8405.522131259437,1007282.8546943361,1015688.3768255955,0.0,0.0,True
2025-05-16,11661.9716796875,11508.495401661683,11383.269172326196,125.226229335487,73.45468470453686,51.771544630950146,HOLD,85.427,8405.522131259437,996247.2546806642,1004652.7768119236,0.0,0.0,True
2025-05-19,11408.015625,11493.036974482962,11385.102242894627,107.93473158833513,80.35069408129652,27.5840375070386,HOLD,85.427,8405.522131259437,974552.550796875,982958.0729281345,0.0,0.0,True
2025-05-20,11458.734375,11487.759651485583,11390.556474902432,97.20317658315071,83.72119058166737,13.481986001483335,HOLD,85.427,8405.522131259437,978885.3014531251,987290.8235843845,0.0,0.0,True
2025-05-21,11422.392578125,11477.703178660879,11392.91470477077,84.78847389010843,83.93464724335558,0.8538266467528501,HOLD,85.427,8405.522131259437,975780.7307714844,984186.2529027439,0.0,0.0,True
2025-05-22,11415.384765625,11468.115730501513,11394.579153722936,73.536576778577,81.85503315039986,-8.318456371822862,SELL,85.427,8405.522131259437,975182.074373047,983587.5965043064,85.427,11415.384765625,True
2025-05-23,11361.919921875,11451.777913789741,11392.159951363828,59.61796242591299,77.40761900550248,-17.78965657958949,HOLD,0.0,983295.0418819945,0.0,983295.0418819945,0.0,0.0,True
2025-05-26,11202.2490234375,11413.388853735549,11378.092475221138,35.29637851441112,68.9853709072842,-33.68899239287309,HOLD,0.0,983295.0418819945,0.0,983295.0418819945,0.0,0.0,True
2025-05-27,11154.564453125,11373.56971518008,11361.534843954756,12.034871225323513,57.595270970892074,-45.56039974556856,HOLD,0.0,983295.0418819945,0.0,983295.0418819945,0.0,0.0,True
2025-05-28,11104.712890625,11332.20712678699,11342.51099555996,-10.303868772969508,44.01544302211976,-54.31931179508927,HOLD,0.0,983295.0418819945,0.0,983295.0418819945,0.0,0.0,True
2025-05-29,11126.3876953125,11300.542598867838,11326.501862208297,-25.959263340459074,30.020501749603998,-55.97976509006307,HOLD,0.0,983295.0418819945,0.0,983295.0418819945,0.0,0.0,True
2025-05-30,10996.3388671875,11253.74202476317,11302.045344058608,-48.30331929543718,14.355737540595765,-62.659056836032946,HOLD,0.0,983295.0418819945,0.0,983295.0418819945,0.0,0.0,True
2025-06-03,10902.4150390625,11199.691719270759,11272.443099244083,-72.75137997332422,-3.0656859621882315,-69.685694011136,HOLD,0.0,983295.0418819945,0.0,983295.0418819945,0.0,0.0,True
2025-06-04,10909.3505859375,11155.023852604103,11245.54735751767,-90.52350491356628,-20.557249752463843,-69.96625516110244,HOLD,0.0,983295.0418819945,0.0,983295.0418819945,0.0,0.0,True
2025-06-05,10938.5390625,11121.718500280394,11222.806002331175,-101.08750205078104,-36.66330021212728,-64.42420183865376,HOLD,0.0,983295.0418819945,0.0,983295.0418819945,0.0,0.0,True
2025-06-06,10883.5576171875,11085.07836441995,11197.676492320534,-112.59812790058459,-51.850265749818746,-60.74786215076584,HOLD,0.0,983295.0418819945,0.0,983295.0418819945,0.0,0.0,True
2025-06-09,10737.0361328125,11031.53340571111,11163.554984208828,-132.0215784977172,-67.88452829939844,-64.13705019831876,HOLD,0.0,983295.0418819945,0.0,983295.0418819945,0.0,0.0,True
2025-06-10,10656.83984375,10973.888242332478,11126.020529360027,-152.13228702754895,-84.73408004502855,-67.3982069825204,HOLD,0.0,983295.0418819945,0.0,983295.0418819945,0.0,0.0,True
2025-06-11,10692.8916015625,10930.657989906327,11093.936905078728,-163.27891517240096,-100.44304707050304,-62.835868101897915,HOLD,0.0,983295.0418819945,0.0,983295.0418819945,0.0,0.0,True
2025-06-12,10541.1689453125,10870.736598430352,11052.991130281229,-182.25453185087645,-116.80534402657773,-65.44918782429872,HOLD,0.0,983295.0418819945,0.0,983295.0418819945,0.0,0.0,True
2025-06-13,10309.609375,10784.409333287222,10997.925815075212,-213.51648178799041,-136.14757157886027,-77.36891020913015,HOLD,0.0,983295.0418819945,0.0,983295.0418819945,0.0,0.0,True
2025-06-16,10275.94140625,10706.183498358418,10944.445488495567,-238.26199013714904,-156.57045529051803,-81.69153484663101,HOLD,0.0,983295.0418819945,0.0,983295.0418819945,0.0,0.0,True
2025-06-17,10309.970703125,10645.227683707124,10897.447356245895,-252.2196725387712,-175.70029874016868,-76.51937379860252,HOLD,0.0,983295.0418819945,0.0,983295.0418819945,0.0,0.0,True
2025-06-18,10295.5205078125,10591.426579723337,10852.860182287866,-261.4336025645298,-192.8469595050409,-68.58664305948889,HOLD,0.0,983295.0418819945,0.0,983295.0418819945,0.0,0.0,True
2025-06-19,10302.74609375,10547.0141972659,10812.110990544319,-265.0967932784188,-207.29692625971649,-57.79986701870229,HOLD,0.0,983295.0418819945,0.0,983295.0418819945,0.0,0.0,True
2025-06-20,10321.9638671875,10512.39106956153,10775.803796221593,-263.4127266600626,-218.52008633978573,-44.89264032027688,HOLD,0.0,983295.0418819945,0.0,983295.0418819945,0.0,0.0,True
2025-06-23,10259.396484375,10473.46882568668,10737.551402751475,-264.08257706479526,-227.63258448478766,-36.4499925800076,HOLD,0.0,983295.0418819945,0.0,983295.0418819945,0.0,0.0,True
2025-06-24,10383.6650390625,10459.65285851373,10711.337598033773,-251.68473952004388,-232.4430154918389,-19.24172402820497,HOLD,0.0,983295.0418819945,0.0,983295.0418819945,0.0,0.0,True
2025-06-25,10373.9833984375,10446.472941578924,10686.34839806368,-239.87545648475498,-233.92950369042214,-5.94595279433284,HOLD,0.0,983295.0418819945,0.0,983295.0418819945,0.0,0.0,True
2025-06-26,10460.4658203125,10448.62569215332,10669.616355267295,-220.99066311397473,-231.34173557513267,10.35107246115794,BUY,0.0,983295.0418819945,0.0,983295.0418819945,93.06106517482918,10460.4658203125,True
2025-06-27,10335.8974609375,10431.282887350886,10644.89643716879,-213.61354981790464,-227.79609842368708,14.182548605782443,HOLD,93.161,8495.23335897585,962902.5433583985,971397.7767173743,0.0,0.0,True
2025-06-30,10383.2646484375,10423.895465979595,10625.516304670178,-201.6208386905837,-222.56104647706644,20.940207786482745,HOLD,93.161,8495.23335897585,967315.3179130859,975810.5512720618,0.0,0.0,True
2025-07-01,10350.7041015625,10412.635256069272,10605.15984518072,-192.52458911144822,-216.55375500394283,24.029165892494603,HOLD,93.161,8495.23335897585,964281.9448056641,972777.17816464,0.0,0.0,True
2025-07-02,10383.853515625,10408.207296000923,10588.766783732148,-180.5594877312251,-209.3549015493993,28.79541381817421,HOLD,93.161,8495.23335897585,967370.1773691407,975865.4107281165,0.0,0.0,True
2025-07-03,10428.052734375,10411.260440366164,10576.862039335323,-165.60159896915866,-200.60424103335117,35.002642064192514,HOLD,93.161,8495.23335897585,971487.8207871094,979983.0541460853,0.0,0.0,True
2025-07-04,10476.8193359375,10421.346424300216,10569.451468713261,-148.1050444130451,-190.10440170929,41.99935729624488,HOLD,93.161,8495.23335897585,976030.9661552735,984526.1995142493,0.0,0.0,True
2025-07-07,10391.95703125,10416.824979215568,10556.30373260487,-139.47875338930317,-179.97927204529262,40.50051865598945,HOLD,93.161,8495.23335897585,968125.1089882812,976620.3423472571,0.0,0.0,True
2025-07-08,10431.8095703125,10419.130300922787,10547.081942805436,-127.95164188264971,-169.57374601276405,41.62210413011434,HOLD,93.161,8495.23335897585,971837.8113798829,980333.0447388587,0.0,0.0,True
2025-07-09,10452.21484375,10424.220230588511,10540.054750282812,-115.83451969430098,-158.82590074907145,42.99138105477047,HOLD,93.161,8495.23335897585,973738.7870585938,982234.0204175697,0.0,0.0,True
2025-07-10,10508.34765625,10437.16291145951,10537.706076650751,-100.5431651912404,-147.16935363750525,46.62618844626485,HOLD,93.161,8495.23335897585,978968.1760039063,987463.4093628821,0.0,0.0,True
2025-07-11,10512.03125,10448.681117388816,10535.804237639584,-87.1231202507679,-135.16010696015778,48.03698670938988,HOLD,93.161,8495.23335897585,979311.34328125,987806.5766402258,0.0,0.0,True
2025-07-14,10486.9853515625,10454.57407649246,10532.188023856097,-77.61394736363764,-123.65087504085375,46.03692767721611,HOLD,93.161,8495.23335897585,976978.0423369141,985473.27569589,0.0,0.0,True
2025-07-15,10394.1669921875,10445.280678907082,10521.964243732498,-76.6835648254164,-114.25741299776628,37.573848172349884,HOLD,93.161,8495.23335897585,968330.9911591797,976826.2245181556,0.0,0.0,True
2025-07-16,10394.3876953125,10437.4509891233,10512.514129034722,-75.0631399114227,-106.41855838049757,31.355418469074877,HOLD,93.161,8495.23335897585,968351.5520830079,976846.7854419837,0.0,0.0,True
2025-07-17,10433.578125,10436.85516387356,10506.667017624743,-69.81185375118184,-99.09721745463443,29.28536370345259,HOLD,93.161,8495.23335897585,972002.571703125,980497.8050621009,0.0,0.0,True
2025-07-18,10585.6962890625,10459.753798518013,10512.521037731243,-52.767239213229914,-89.83122180635353,37.06398259312361,HOLD,93.161,8495.23335897585,986174.0519853516,994669.2853443275,0.0,0.0,True
2025-07-21,10629.8955078125,10485.92944610178,10521.215442922448,-35.285996820668515,-78.92217680921654,43.63617998854802,HOLD,93.161,8495.23335897585,990291.6954033204,998786.9287622962,0.0,0.0,True
2025-07-22,10791.8115234375,10532.988227230351,10541.259597034674,-8.271369804322603,-64.79201540823775,56.52064560391514,HOLD,93.161,8495.23335897585,1005375.953334961,1013871.1866939368,0.0,0.0,True
2025-07-23,10869.3076171875,10584.729671839143,10565.559450379329,19.170221459813547,-47.99956803462749,67.16978949444103,HOLD,93.161,8495.23335897585,1012595.5669248047,1021090.8002837806,0.0,0.0,True
2025-07-24,10987.171875,10646.643856940813,10596.790000351231,49.85385658958148,-28.428883109785694,78.28273969936717,HOLD,93.161,8495.23335897585,1023575.919046875,1032071.1524058508,0.0,0.0,True
2025-07-25,10718.2939453125,10657.666947459533,10605.790292570584,51.876654888948906,-12.367775510038774,64.24443039898767,HOLD,93.161,8495.23335897585,998526.9822392578,1007022.2155982336,0.0,0.0,True
2025-07-28,10597.9248046875,10648.475848571528,10605.207663838504,43.2681847330241,-1.2405834614261995,44.5087681944503,HOLD,93.161,8495.23335897585,987313.2727294922,995808.506088468,0.0,0.0,True
2025-07-29,10600.4296875,10641.0841314836,10604.853739665281,36.23039181831882,6.2536115945228055,29.976780223796016,HOLD,93.161,8495.23335897585,987546.6301171875,996041.8634761634,0.0,0.0,True
2025-07-30,10677.3359375,10646.6613324092,10610.222791356742,36.43854105245737,12.290597486109718,24.14794356634765,HOLD,93.161,8495.23335897585,994711.2932734375,1003206.5266324134,0.0,0.0,True
2025-07-31,10472.767578125,10619.908447134707,10600.040923709947,19.867523424760293,13.805982673839832,6.061540750920461,HOLD,93.161,8495.23335897585,975653.5003457031,984148.733704679,0.0,0.0,True
2025-08-01,10438.3662109375,10591.978872335136,10588.065019060135,3.9138532750002923,11.827556794071926,-7.913703519071634,SELL,93.161,8495.23335897585,972448.6345771485,980943.8679361243,93.161,10438.3662109375,True
2025-08-04,10453.0986328125,10570.612681639344,10578.067508967717,-7.45482732837263,7.971079969583016,-15.425907297955646,HOLD,0.0,980652.1333457512,0.0,980652.1333457512,0.0,0.0,True
2025-08-05,10517.482421875,10562.438795521753,10573.579724738627,-11.140929216873701,4.148678132291673,-15.289607349165374,HOLD,0.0,980652.1333457512,0.0,980652.1333457512,0.0,0.0,True
2025-08-06,10489.0478515625,10551.147881066485,10567.318104503358,-16.17022343687313,0.08489781845871258,-16.255121255331844,HOLD,0.0,980652.1333457512,0.0,980652.1333457512,0.0,0.0,True
2025-08-07,10477.7763671875,10539.859955854334,10560.685383220702,-20.825427366367876,-4.0971672185066055,-16.72826014786127,HOLD,0.0,980652.1333457512,0.0,980652.1333457512,0.0,0.0,True
2025-08-08,10467.611328125,10528.744782357513,10553.791008769167,-25.04622641165406,-8.286979057136097,-16.759247354517964,HOLD,0.0,980652.1333457512,0.0,980652.1333457512,0.0,0.0,True
2025-08-11,10644.62890625,10546.573109110204,10560.519741915896,-13.946632805691479,-9.418909806847175,-4.527722998844304,HOLD,0.0,980652.1333457512,0.0,980652.1333457512,0.0,0.0,True
2025-08-12,10585.9912109375,10552.637432468251,10562.406517398978,-9.769084930727331,-9.488944831623208,-0.2801400991041234,HOLD,0.0,980652.1333457512,0.0,980652.1333457512,0.0,0.0,True
2025-08-13,10460.833984375,10538.513825069289,10554.882626063869,-16.368800994579942,-10.864916064214555,-5.503884930365388,HOLD,0.0,980652.1333457512,0.0,980652.1333457512,0.0,0.0,True
2025-08-14,10511.95703125,10534.428164481706,10551.702952373953,-17.274787892247332,-12.146890429821111,-5.127897462426221,HOLD,0.0,980652.1333457512,0.0,980652.1333457512,0.0,0.0,True
2025-08-15,10475.7880859375,10525.406613936442,10546.079628934216,-20.673014997773862,-13.852115343411661,-6.820899654362201,HOLD,0.0,980652.1333457512,0.0,980652.1333457512,0.0,0.0,True
2025-08-18,10523.0810546875,10525.04883559045,10544.376030841866,-19.327195251415105,-14.94713132501235,-4.380063926402755,HOLD,0.0,980652.1333457512,0.0,980652.1333457512,0.0,0.0,True
2025-08-19,10593.0625,10535.512476268843,10547.98243596469,-12.469959695847137,-14.451696999179308,1.9817373033321708,BUY,0.0,980652.1333457512,0.0,980652.1333457512,91.64919134691159,10593.0625,True
2025-08-20,10681.4609375,10557.966085689022,10557.869732374713,0.09635331430945371,-11.542086936481557,11.63844025079101,HOLD,91.749,8457.671165857464,980013.3595546874,988471.0307205449,0.0,0.0,True
2025-08-21,10668.5703125,10574.98212058302,10566.069775346958,8.91234523606181,-7.451200501972884,16.363545738034695,HOLD,91.749,8457.671165857464,978830.6576015624,987288.3287674199,0.0,0.0,True
2025-08-22,10784.224609375,10607.173272704862,10582.229392682368,24.94388002249434,-0.972184397079439,25.91606441957378,HOLD,91.749,8457.671165857464,989441.8236855469,997899.4948514043,0.0,0.0,True
2025-08-25,10978.552734375,10664.308574500268,10611.586677252193,52.72189724807504,9.766631931951457,42.95526531612358,HOLD,91.749,8457.671165857464,1007271.2348261718,1015728.9059920292,0.0,0.0,True
2025-08-26,10914.3173828125,10702.771468086767,10634.011173960364,68.7602941264031,21.565364370841785,47.19492975556131,HOLD,91.749,8457.671165857464,1001377.705555664,1009835.3767215215,0.0,0.0,True
2025-08-27,10666.728515625,10697.226398477264,10636.434680750337,60.791717726926436,29.410635042058715,31.38108268486772,HOLD,91.749,8457.671165857464,978661.6745800781,987119.3457459356,0.0,0.0,True
2025-08-28,10652.7314453125,10690.3810210673,10637.641848495681,52.73917257161884,34.07634254797074,18.662830023648098,HOLD,91.749,8457.671165857464,977377.4573759765,985835.128541834,0.0,0.0,True
2025-08-29,10902.45703125,10723.008099556946,10657.257787958964,65.75031159798164,40.41113635797292,25.339175240008714,HOLD,91.749,8457.671165857464,1000289.5301601562,1008747.2013260137,0.0,0.0,True
2025-09-01,10873.7275390625,10746.195705634724,10673.292584337003,72.90312129772065,46.90953334592247,25.993587951798176,HOLD,91.749,8457.671165857464,997653.6279814453,1006111.2991473028,0.0,0.0,True
2025-09-02,10985.69921875,10783.042399960152,10696.433816515742,86.6085834444093,54.84934336561983,31.759240078789475,HOLD,91.749,8457.671165857464,1007926.9176210937,1016384.5887869511,0.0,0.0,True
2025-09-03,10906.5087890625,10802.037229052821,10711.994925593279,90.04230345954238,61.887935384404344,28.154368075138038,HOLD,91.749,8457.671165857464,1000661.2748876952,1009118.9460535527,0.0,0.0,True
2025-09-04,10848.38671875,10809.167919775464,10722.098021382666,87.06989839279777,66.92432798608303,20.14557040671474,HOLD,91.749,8457.671165857464,995328.6330585937,1003786.3042244512,0.0,0.0,True
2025-09-05,10924.556640625,10826.920030675392,10737.094956141358,89.82507453403377,71.50447729567318,18.32059723836059,HOLD,91.749,8457.671165857464,1002317.1472207031,1010774.8183865605,0.0,0.0,True
2025-09-08,11058.8486328125,10862.6013540811,10760.928561820701,101.67279226039864,77.53814028861828,24.134651971780357,HOLD,91.749,8457.671165857464,1014638.303211914,1023095.9743777715,0.0,0.0,True
2025-09-09,11086.6201171875,10897.06577917439,10785.053862218241,112.01191695614943,84.43289562212452,27.579021334024915,HOLD,91.749,8457.671165857464,1017186.3091318359,1025643.9802976934,0.0,0.0,True
2025-09-10,11211.9248046875,10945.50562925333,10816.673932030779,128.83169722255116,93.31265594220986,35.5190412803413,HOLD,91.749,8457.671165857464,1028682.8889052734,1037140.5600711309,0.0,0.0,True
2025-09-11,11222.900390625,10988.181746387434,10846.764780815536,141.4169655718979,102.93351786814746,38.48344770375043,HOLD,91.749,8457.671165857464,1029689.8879394531,1038147.5591053106,0.0,0.0,True
2025-09-12,11167.65234375,11015.792607520138,10870.534229921792,145.25837759834576,111.39848981418712,33.859887784158644,HOLD,91.749,8457.671165857464,1024620.9348867188,1033078.6060525762,0.0,0.0,True
2025-09-15,11161.0224609375,11038.13566189204,10892.051876663696,146.0837852283439,118.33554889701848,27.74823633132543,HOLD,91.749,8457.671165857464,1024012.6497685546,1032470.3209344121,0.0,0.0,True
2025-09-16,11049.640625,11039.90565621634,10903.7251172812,136.18053893514116,121.90454690464303,14.27599203049813,HOLD,91.749,8457.671165857464,1013793.477703125,1022251.1488689824,0.0,0.0,True
2025-09-17,10998.2216796875,11033.492736750366,10910.724862644629,122.76787410573706,122.07721234486183,0.6906617608752299,HOLD,91.749,8457.671165857464,1009075.8408896484,1017533.5120555059,0.0,0.0,True
2025-09-18,10813.763671875,10999.688265231078,10903.54255221725,96.14571301382784,116.89091247865505,-20.74519946482721,SELL,91.749,8457.671165857464,992152.0031308593,1000609.6742967168,91.749,10813.763671875,True
2025-09-19,10813.837890625,10971.095899907064,10896.897762469674,74.19813743738996,108.35235747040204,-34.15422003301208,HOLD,0.0,1000312.0286957775,0.0,1000312.0286957775,0.0,0.0,True
2025-09-22,10706.138671875,10930.333249440593,10882.76745946266,47.56578997793258,96.19504397190815,-48.62925399397557,HOLD,0.0,1000312.0286957775,0.0,1000312.0286957775,0.0,0.0,True
2025-09-23,10662.4560546875,10889.121373324733,10866.448096145983,22.67327717875014,81.49069061327656,-58.817413434526415,HOLD,0.0,1000312.0286957775,0.0,1000312.0286957775,0.0,0.0,True
2025-09-24,10622.529296875,10848.107207717083,10848.380036940725,-0.27282922364247497,65.13798664589275,-65.41081586953523,HOLD,0.0,1000312.0286957775,0.0,1000312.0286957775,0.0,0.0,True
2025-09-25,10600.4296875,10810.00297383753,10830.013344389561,-20.01037055203051,48.108315206308106,-68.11868575833861,HOLD,0.0,1000312.0286957775,0.0,1000312.0286957775,0.0,0.0,True
2025-09-26,10570.962890625,10773.227576420217,10810.824421888483,-37.59684546826611,30.967283071393265,-68.56412853965938,HOLD,0.0,1000312.0286957775,0.0,1000312.0286957775,0.0,0.0,True
2025-09-29,10761.4619140625,10771.41747451903,10807.167939827299,-35.75046530826876,17.62373339546086,-53.37419870372962,HOLD,0.0,1000312.0286957775,0.0,1000312.0286957775,0.0,0.0,True
2025-09-30,10637.1884765625,10750.766859448795,10794.57686847435,-43.8100090255557,5.336984911257549,-49.146993936813246,HOLD,0.0,1000312.0286957775,0.0,1000312.0286957775,0.0,0.0,True
2025-10-09,10584.076171875,10725.122138283597,10778.984224281807,-53.862085998209295,-6.502829270635821,-47.359256727573474,HOLD,0.0,1000312.0286957775,0.0,1000312.0286957775,0.0,0.0,True
2025-10-10,10534.130859375,10695.738864605351,10760.846937992414,-65.10807338706218,-18.223878093921094,-46.88419529314108,HOLD,0.0,1000312.0286957775,0.0,1000312.0286957775,0.0,0.0,True
2025-10-13,10454.572265625,10658.636310916067,10738.159925224456,-79.52361430838937,-30.483825336814753,-49.039788971574616,HOLD,0.0,1000312.0286957775,0.0,1000312.0286957775,0.0,0.0,True
2025-10-14,10688.9755859375,10663.303891688596,10734.51664083283,-71.21274914423338,-38.629610098298485,-32.5831390459349,HOLD,0.0,1000312.0286957775,0.0,1000312.0286957775,0.0,0.0,True
2025-10-15,10769.859375,10679.697042967273,10737.13462114151,-57.43757817423648,-42.391203713486085,-15.046374460750393,HOLD,0.0,1000312.0286957775,0.0,1000312.0286957775,0.0,0.0,True
2025-10-16,10938.626953125,10719.53241376077,10752.059979066213,-32.527565305443204,-40.41847603187751,7.890910726434306,BUY,0.0,1000312.0286957775,0.0,1000312.0286957775,90.53320061581435,10938.626953125,True
2025-10-17,10718.2939453125,10719.341880153343,10749.558791380752,-30.216911227409582,-38.37816307098392,8.161251843574341,HOLD,90.633,8614.031880206661,971431.1351455078,980045.1670257144,0.0,0.0,True
2025-10-20,10739.8779296875,10722.501272389367,10748.841690514584,-26.340418125217184,-35.970614081830576,9.630195956613392,HOLD,90.633,8614.031880206661,973387.3564013671,982001.3882815738,0.0,0.0,True
2025-10-21,10771.7744140625,10730.081755723695,10750.540410777394,-20.45865505369875,-32.86822227620421,12.409567222505459,HOLD,90.633,8614.031880206661,976278.2304697265,984892.2623499332,0.0,0.0,True
2025-10-22,10745.5498046875,10732.46145556428,10750.170736252217,-17.70928068793728,-29.836433958550824,12.127153270613544,HOLD,90.633,8614.031880206661,973901.4154482421,982515.4473284488,0.0,0.0,True
2025-10-23,10813.9111328125,10744.99217514093,10754.892247108533,-9.900071967604163,-25.849161560361495,15.949089592757332,HOLD,90.633,8614.031880206661,980097.2077001953,988711.2395804019,0.0,0.0,True
2025-10-24,10681.4609375,10735.218138580787,10749.452890841236,-14.234752260448658,-23.52627970037893,9.29152743993027,HOLD,90.633,8614.031880206661,968092.8491484375,976706.8810286442,0.0,0.0,True
2025-10-27,10610.81640625,10716.079410529896,10739.183521612256,-23.10411108236076,-23.441845976775298,0.3377348944145382,HOLD,90.633,8614.031880206661,961690.1233476562,970304.1552278629,0.0,0.0,True
2025-10-28,10644.62890625,10705.087025256065,10732.179476029867,-27.09245077380183,-24.171966936180606,-2.920483837621223,SELL,90.633,8614.031880206661,964754.6516601562,973368.6835403629,90.633,10644.62890625,True
2025-10-29,10548.126953125,10680.939321851285,10718.545955814692,-37.60663396340715,-26.85890034162592,-10.74773362178123,HOLD,0.0,973079.2571448648,0.0,973079.2571448648,0.0,0.0,True
2025-10-30,10510.1162109375,10654.658843249164,10703.10671545342,-48.44787220425496,-31.17669471415173,-17.271177490103234,HOLD,0.0,973079.2571448648,0.0,973079.2571448648,0.0,0.0,True
2025-10-31,10534.2041015625,10636.127344528139,10690.595410720758,-54.46806619261952,-35.83496900984529,-18.63309718277423,HOLD,0.0,973079.2571448648,0.0,973079.2571448648,0.0,0.0,True
2025-11-03,10570.962890625,10626.102043927654,10681.733742565517,-55.63169863786243,-39.79431493544872,-15.83738370241371,HOLD,0.0,973079.2571448648,0.0,973079.2571448648,0.0,0.0,True
2025-11-04,10526.7646484375,10610.8193676984,10670.254550407886,-59.43518270948698,-43.722488490256374,-15.712694219230606,HOLD,0.0,973079.2571448648,0.0,973079.2571448648,0.0,0.0,True
2025-11-05,10461.0546875,10587.778647667876,10654.758264266562,-66.97961659868633,-48.37391411194237,-18.605702486743965,HOLD,0.0,973079.2571448648,0.0,973079.2571448648,0.0,0.0,True
2025-11-06,10571.9208984375,10585.338993940126,10648.62216309404,-63.28316915391406,-51.35576512033671,-11.927404033577346,HOLD,0.0,973079.2571448648,0.0,973079.2571448648,0.0,0.0,True
2025-11-07,10558.6611328125,10581.234707612797,10641.958383073184,-60.72367546038731,-53.229347188346836,-7.494328272040477,HOLD,0.0,973079.2571448648,0.0,973079.2571448648,0.0,0.0,True
2025-11-10,10772.0693359375,10610.593881201212,10651.596231433503,-41.002350232291064,-50.78394779713569,9.781597564844624,BUY,0.0,973079.2571448648,0.0,973079.2571448648,89.4302138735329,10772.0693359375,True
2025-11-11,10747.6865234375,10631.685056929871,10658.714030841205,-27.028973911334106,-46.03295301997538,19.003979108641275,HOLD,89.53,8366.562488086405,962240.3744433594,970606.9369314458,0.0,0.0,True
2025-11-12,10793.064453125,10656.512656344506,10668.665913973338,-12.153257628831852,-39.25701394174668,27.103756312914825,HOLD,89.53,8366.562488086405,966303.0604882813,974669.6229763677,0.0,0.0,True
2025-11-13,10831.5908203125,10683.447758493428,10680.734425554017,2.713332939410975,-30.86294456551515,33.576277504926125,HOLD,89.53,8366.562488086405,969752.3261425782,978118.8886306646,0.0,0.0,True
2025-11-14,10730.080078125,10690.62196151367,10684.389659077793,6.2323024358775,-23.443895165236622,29.676197601114122,HOLD,89.53,8366.562488086405,960664.0693945313,969030.6318826177,0.0,0.0,True
2025-11-17,10836.158203125,10713.012152530799,10695.63177345166,17.380379079138947,-15.279040316361508,32.65941939550046,HOLD,89.53,8366.562488086405,970161.2439257812,978527.8064138676,0.0,0.0,True
2025-11-18,10872.9912109375,10737.624315362598,10708.769509561722,28.85480580087642,-6.452271092913923,35.307076893790345,HOLD,89.53,8366.562488086405,973458.9031152343,981825.4656033207,0.0,0.0,True
2025-11-19,10836.232421875,10752.794793287583,10718.211206770113,34.583586517470394,1.75490042916294,32.82868608830746,HOLD,89.53,8366.562488086405,970167.8887304688,978534.4512185552,0.0,0.0,True
2025-11-20,10807.5029296875,10761.2114296568,10724.825408467696,36.38602118910421,8.681124581151195,27.704896607953017,HOLD,89.53,8366.562488086405,967595.7372949219,975962.2997830083,0.0,0.0,True
2025-11-21,10803.7451171875,10767.755073892291,10730.67131281731,37.08376107498043,14.361651879917044,22.722109195063386,HOLD,89.53,8366.562488086405,967259.300341797,975625.8628298834,0.0,0.0,True
2025-11-24,10696.1943359375,10756.745729591554,10728.117462678065,28.628266913488915,17.21497488663142,11.413292026857494,HOLD,89.53,8366.562488086405,957630.2788964844,965996.8413845708,0.0,0.0,True
2025-11-25,10642.05078125,10739.100352923622,10721.742152942652,17.358199980970312,17.2436199054992,0.11458007547111038,HOLD,89.53,8366.562488086405,952782.8064453126,961149.368933399,0.0,0.0,True
2025-11-26,10675.19921875,10729.269409204604,10718.29452818764,10.974881016963991,15.989872127792161,-5.01499111082817,SELL,89.53,8366.562488086405,955750.5860546875,964117.1485427739,89.53,10675.19921875,True
2025-11-27,10661.5712890625,10718.854313798125,10714.092806770963,4.761507027162224,13.744199107666175,-8.98269208050395,HOLD,0.0,963830.4233669575,0.0,963830.4233669575,0.0,0.0,True
2025-11-28,10685.14453125,10713.668193406105,10711.948490065706,1.7197033403990645,11.339299954212754,-9.61959661381369,HOLD,0.0,963830.4233669575,0.0,963830.4233669575,0.0,0.0,True
2025-12-01,10666.728515625,10706.446704516704,10708.598862329358,-2.152157812653968,8.641008400839409,-10.793166213493377,HOLD,0.0,963830.4233669575,0.0,963830.4233669575,0.0,0.0,True
2025-12-02,10578.55078125,10686.77040862952,10698.965671138294,-12.195262508774249,4.473754218916678,-16.669016727690927,HOLD,0.0,963830.4233669575,0.0,963830.4233669575,0.0,0.0,True
2025-12-03,10527.5009765625,10662.267419080748,10686.264582651198,-23.99716357044963,-1.2204293389565835,-22.776734231493045,HOLD,0.0,963830.4233669575,0.0,963830.4233669575,0.0,0.0,True
2025-12-04,10489.7841796875,10635.731536097172,10671.710478727962,-35.9789426307907,-8.172131997323406,-27.806810633467293,HOLD,0.0,963830.4233669575,0.0,963830.4233669575,0.0,0.0,True
2025-12-05,10534.2041015625,10620.111930784145,10661.52482116015,-41.412890376004725,-14.82028367305967,-26.592606702945055,HOLD,0.0,963830.4233669575,0.0,963830.4233669575,0.0,0.0,True
2025-12-08,10447.353515625,10593.533713067354,10645.660280009399,-52.12656694204452,-22.281540326856643,-29.845026615187876,HOLD,0.0,963830.4233669575,0.0,963830.4233669575,0.0,0.0,True
2025-12-09,10320.5751953125,10551.540094951222,10621.579903365184,-70.03980841396151,-31.833193944277618,-38.20661446968389,HOLD,0.0,963830.4233669575,0.0,963830.4233669575,0.0,0.0,True
2025-12-10,10333.76171875,10518.035729381803,10600.260037838132,-82.2243084563288,-41.91141684668786,-40.31289160964094,HOLD,0.0,963830.4233669575,0.0,963830.4233669575,0.0,0.0,True
2025-12-11,10401.4599609375,10500.100995774987,10585.534106215862,-85.43311044087568,-50.61575556552542,-34.81735487535026,HOLD,0.0,963830.4233669575,0.0,963830.4233669575,0.0,0.0,True
2025-12-12,10465.25390625,10494.739905078835,10576.624461773947,-81.88455669511131,-56.8695157914426,-25.015040903668712,HOLD,0.0,963830.4233669575,0.0,963830.4233669575,0.0,0.0,True
2025-12-15,10504.6650390625,10496.26684876863,10571.294134165692,-75.02728539706186,-60.501069712566455,-14.526215684495405,HOLD,0.0,963830.4233669575,0.0,963830.4233669575,0.0,0.0,True
2025-12-16,10475.1982421875,10493.025524679226,10564.175919945084,-71.1503952658586,-62.63093482322489,-8.519460442633715,HOLD,0.0,963830.4233669575,0.0,963830.4233669575,0.0,0.0,True
2025-12-17,10556.966796875,10502.862643478577,10563.641910828781,-60.779267350204464,-62.26060132862081,1.4813339784163446,BUY,0.0,963830.4233669575,0.0,963830.4233669575,90.38506395755088,10556.966796875,True
2025-12-18,10541.4970703125,10508.806401453025,10562.00155227202,-53.1951508189959,-60.44751122669582,7.252360407699925,HOLD,90.485,8296.708609538502,953847.3624072266,962144.0710167651,0.0,0.0,True
2025-12-19,10563.6748046875,10517.247694258327,10562.125496895389,-44.877802637061905,-57.333569508769045,12.45576687170714,HOLD,90.485,8296.708609538502,955854.1147021485,964150.823311687,0.0,0.0,True
2025-12-22,10550.638671875,10522.384767737814,10561.274620967954,-38.889853230139124,-53.644826253043064,14.75497302290394,HOLD,90.485,8296.708609538502,954674.5402246093,962971.2488341478,0.0,0.0,True
2025-12-23,10547.6416015625,10526.270434480073,10560.26476767866,-33.9943331985869,-49.714727642151836,15.720394443564935,HOLD,90.485,8296.708609538502,954403.3503173828,962700.0589269213,0.0,0.0,True
2025-12-24,10495.498046875,10521.53622100237,10555.467232804314,-33.931011801943896,-46.55798447411025,12.626972672166353,HOLD,90.485,8296.708609538502,949685.1407714844,957981.8493810229,0.0,0.0,True
2025-12-25,10594.916015625,10532.825420175082,10558.389364865106,-25.563944690024073,-42.35917651729302,16.79523182726895,HOLD,90.485,8296.708609538502,958680.9756738282,966977.6842833667,0.0,0.0,True
2025-12-26,10594.6171875,10542.331845917377,10561.072907282507,-18.741061365130008,-37.63555348686042,18.89449212173041,HOLD,90.485,8296.708609538502,958653.9362109374,966950.644820476,0.0,0.0,True
2025-12-29,10503.7392578125,10536.394524670473,10556.82597028473,-20.431445614256518,-34.19473191233964,13.763286298083123,HOLD,90.485,8296.708609538502,950430.846743164,958727.5553527025,0.0,0.0,True
2025-12-30,10411.7373046875,10517.21649082694,10546.078661721973,-28.86217089503225,-33.12821970887816,4.266048813845913,HOLD,90.485,8296.708609538502,942106.0500146485,950402.758624187,0.0,0.0,True
2025-12-31,10317.7880859375,10486.535197767027,10529.168248700902,-42.63305093387498,-35.02918595387753,-7.603864979997454,SELL,90.485,8296.708609538502,933605.0549560547,941901.7635655932,90.485,10317.7880859375,True
2026-01-05,10683.5458984375,10516.844536331715,10540.603630162872,-23.75909383115686,-32.775167529333395,9.016073698176534,BUY,0.0,941621.6820491063,0.0,941621.6820491063,87.25618573557614,10683.5458984375,True
2026-01-06,10698.60546875,10544.807756703758,10552.307470058215,-7.499713354456617,-27.72007669435804,20.22036333990142,HOLD,87.35600000000001,8069.864994548843,934587.379328125,942657.2443226739,0.0,0.0,True
2026-01-07,10663.767578125,10563.109267691641,10560.563774359458,2.5454933321834687,-21.66696268904974,24.21245602123321,HOLD,87.35600000000001,8069.864994548843,931544.0805546877,939613.9455492365,0.0,0.0,True
2026-01-08,10580.90625,10565.84726496985,10562.070624406906,3.7766405629445217,-16.578242038650888,20.35488260159541,HOLD,87.35600000000001,8069.864994548843,924305.6463750001,932375.511369549,0.0,0.0,True
2026-01-09,10631.8515625,10576.001772282181,10567.239582784172,8.76218949800932,-11.510155731318848,20.272345229328167,HOLD,87.35600000000001,8069.864994548843,928756.0250937501,936825.8900882989,0.0,0.0,True
2026-01-12,10662.7939453125,10589.354414286845,10574.317683712196,15.036730574649482,-6.200778470125183,21.237509044774665,HOLD,87.35600000000001,8069.864994548843,931459.0278867189,939528.8928812677,0.0,0.0,True
2026-01-13,10571.1669921875,10586.556349348484,10574.08429915481,12.472050193673567,-2.4662127373654332,14.938262931039,HOLD,87.35600000000001,8069.864994548843,923454.8637695314,931524.7287640802,0.0,0.0,True
2026-01-14,10473.845703125,10569.216249929486,10566.659217967417,2.5570319620692317,-1.4615637974785003,4.018595759547732,HOLD,87.35600000000001,8069.864994548843,914953.2652421875,923023.1302367364,0.0,0.0,True
2026-01-15,10405.51953125,10544.032139363411,10554.722944877238,-10.69080551382649,-3.3074121407480988,-7.383393373078391,SELL,87.35600000000001,8069.864994548843,908984.5641718751,917054.429166424,87.35600000000001,10405.51953125,True
2026-01-16,10353.8994140625,10514.780950855578,10539.847127779849,-25.06617692427062,-7.659165097452604,-17.407011826818017,HOLD,0.0,916781.7337971724,0.0,916781.7337971724,0.0,0.0,True
2026-01-19,10308.9482421875,10483.114380291257,10522.74350662486,-39.62912633360247,-14.053157344682578,-25.575968988919893,HOLD,0.0,916781.7337971724,0.0,916781.7337971724,0.0,0.0,True
2026-01-20,10290.5927734375,10453.495671544526,10505.547156018389,-52.05148447386273,-21.65282277051861,-30.398661703344118,HOLD,0.0,916781.7337971724,0.0,916781.7337971724,0.0,0.0,True
2026-01-21,10122.0986328125,10402.511511739598,10477.14356170684,-74.63204996724198,-32.24866820986329,-42.38338175737869,HOLD,0.0,916781.7337971724,0.0,916781.7337971724,0.0,0.0,True
2026-01-22,10039.6865234375,10346.692282770045,10444.739336649853,-98.04705387980721,-45.408345343852076,-52.63870853595513,HOLD,0.0,916781.7337971724,0.0,916781.7337971724,0.0,0.0,True
2026-01-23,10016.7607421875,10295.933584218885,10413.03721854153,-117.10363432264603,-59.74740313961087,-57.35623118303516,HOLD,0.0,916781.7337971724,0.0,916781.7337971724,0.0,0.0,True
2026-01-26,10054.220703125,10258.746987127519,10386.458217399566,-127.71123027204703,-73.3401685660981,-54.37106170594893,HOLD,0.0,916781.7337971724,0.0,916781.7337971724,0.0,0.0,True
2026-01-27,10061.7880859375,10228.44561771367,10362.408578032006,-133.9629603183348,-85.46472691654544,-48.49823340178936,HOLD,0.0,916781.7337971724,0.0,916781.7337971724,0.0,0.0,True
2026-01-28,9917.04296875,10180.537517873106,10329.418532900007,-148.88101502690006,-98.14798453861637,-50.73303048828369,HOLD,0.0,916781.7337971724,0.0,916781.7337971724,0.0,0.0,True
2026-01-29,10771.3525390625,10271.43213651763,10362.15438520834,-90.72224869071033,-96.66283736903517,5.940588678324843,BUY,0.0,916781.7337971724,0.0,916781.7337971724,84.26183370822956,10771.3525390625,True
2026-01-30,10496.2470703125,10306.019049409148,10372.087176697536,-66.0681272883885,-90.54389535290585,24.475768064517354,HOLD,84.361,7827.057627856382,885473.8990986329,893300.9567264892,0.0,0.0,True
2026-02-02,10691.0380859375,10365.252747336586,10395.713169974571,-30.460422637985175,-78.52720080992172,48.06677817193655,HOLD,84.361,7827.057627856382,901906.6639677734,909733.7215956298,0.0,0.0,True
2026-02-03,11050.0537109375,10470.606741736727,10444.18283967553,26.423902061196713,-57.53698023569804,83.96088229689475,HOLD,84.361,7827.057627856382,932193.5811083985,940020.6387362549,0.0,0.0,True
2026-02-04,11425.2509765625,10617.475085556076,10516.85455351901,100.62053203706637,-25.905477781145155,126.52600981821152,HOLD,84.361,7827.057627856382,963845.5976337891,971672.6552616454,0.0,0.0,True
2026-02-05,11650.009765625,10776.32657479745,10600.791976637973,175.53459815947645,14.38253740697916,161.15206075249728,HOLD,84.361,7827.057627856382,982806.4738378907,990633.531465747,0.0,0.0,True
2026-02-06,11350.40625,10864.64652482861,10656.318959849976,208.32756497863375,53.17154292131008,155.15602205732367,HOLD,84.361,7827.057627856382,957531.6216562501,965358.6792841065,0.0,0.0,True
2026-02-09,11424.951171875,10950.847239758823,10713.254679259237,237.5925604995864,90.05574643696534,147.53681406262106,HOLD,84.361,7827.057627856382,963820.305810547,971647.3634384034,0.0,0.0,True
2026-02-10,11273.9130859375,11000.549677632467,10754.784931605775,245.7647460266926,121.1975463549108,124.5671996717818,HOLD,84.361,7827.057627856382,951078.5818427735,958905.6394706299,0.0,0.0,True
2026-02-11,11270.392578125,11042.063970015934,10792.978090607197,249.08587940873622,146.7752129656759,102.31066644306031,HOLD,84.361,7827.057627856382,950781.5882832032,958608.6459110596,0.0,0.0,True
2026-02-12,11137.5595703125,11056.75560083079,10818.502644659442,238.25295617134725,165.07076160681018,73.18219456453707,HOLD,84.361,7827.057627856382,939575.6629111329,947402.7205389893,0.0,0.0,True
2026-02-13,11127.8203125,11067.688633395283,10841.415064499484,226.27356889579823,177.31132306460782,48.962245831190415,HOLD,84.361,7827.057627856382,938754.0493828126,946581.107010669,0.0,0.0,True
2026-02-24,10989.21875,11055.616343642163,10852.363485647671,203.25285799449193,182.49963005058464,20.75322794390729,HOLD,84.361,7827.057627856382,927061.4829687501,934888.5405966064,0.0,0.0,True
2026-02-25,11175.46875,11074.055175389523,10876.297208933029,197.75796645649461,185.55129733176665,12.206669124727966,HOLD,84.361,7827.057627856382,942773.71921875,950600.7768466064,0.0,0.0,True
2026-02-26,10984.798828125,11060.32342965652,10884.334365910212,175.9890637463086,183.63885061467505,-7.649786868366448,SELL,84.361,7827.057627856382,926688.6139394531,934515.6715673095,84.361,10984.798828125,True
2026-02-27,10900.962890625,11035.806423651671,10885.566108481678,150.24031516999275,176.9591435257386,-26.718828355745842,HOLD,0.0,934237.6649831277,0.0,934237.6649831277,0.0,0.0,True
2026-03-02,10789.2578125,10997.875868089875,10878.432160631184,119.44370745869128,165.45605631232917,-46.01234885363789,HOLD,0.0,934237.6649831277,0.0,934237.6649831277,0.0,0.0,True
2026-03-03,10684.9697265625,10949.736461701048,10864.101609959429,85.63485174161906,149.49181539818716,-63.8569636565681,HOLD,0.0,934237.6649831277,0.0,934237.6649831277,0.0,0.0,True
2026-03-04,10497.595703125,10880.176344997042,10836.95302426799,43.22332072905192,128.23811646436013,-85.01479573530821,HOLD,0.0,934237.6649831277,0.0,934237.6649831277,0.0,0.0,True
2026-03-05,10481.5625,10818.85113807442,10810.62780024814,8.22333782628084,104.23516073674428,-96.01182291046344,HOLD,0.0,934237.6649831277,0.0,934237.6649831277,0.0,0.0,True
2026-03-06,10503.7392578125,10770.372387264895,10787.895315623278,-17.52292835838307,79.88354291771881,-97.40647127610188,HOLD,0.0,934237.6649831277,0.0,934237.6649831277,0.0,0.0,True
2026-03-09,10466.279296875,10723.588834897218,10764.071906827108,-40.483071929889775,55.810219948197094,-96.29329187808688,HOLD,0.0,934237.6649831277,0.0,934237.6649831277,0.0,0.0,True
2026-03-10,10502.83984375,10689.627451643799,10744.721383636212,-55.09393199241276,33.629389560075126,-88.72332155248789,HOLD,0.0,934237.6649831277,0.0,934237.6649831277,0.0,0.0,True
2026-03-11,10488.7548828125,10658.723979515908,10725.760902093714,-67.03692257780676,13.49612713249875,-80.5330497103055,HOLD,0.0,934237.6649831277,0.0,934237.6649831277,0.0,0.0,True
2026-03-12,10428.8193359375,10623.354034349999,10703.765230526587,-80.41119617658842,-5.285337529318683,-75.12585864726974,HOLD,0.0,934237.6649831277,0.0,934237.6649831277,0.0,0.0,True
2026-03-13,10590.9453125,10618.368077142306,10695.408199561656,-77.04012241935015,-19.636294507324976,-57.40382791202518,HOLD,0.0,934237.6649831277,0.0,934237.6649831277,0.0,0.0,True
2026-03-16,10939.6220703125,10667.791768399258,10713.498115913571,-45.706347514313165,-24.850305108722615,-20.85604240559055,HOLD,0.0,934237.6649831277,0.0,934237.6649831277,0.0,0.0,True
2026-03-17,11125.572265625,10738.219537203218,10744.022127003307,-5.802589800088754,-21.040762046995845,15.23817224690709,BUY,0.0,934237.6649831277,0.0,934237.6649831277,83.1323788342081,11125.572265625,True
2026-03-18,11004.2021484375,10779.13993893157,10763.294721183618,15.84521774795212,-13.663566088006252,29.508783835958372,HOLD,83.232,7956.23308138398,915901.75321875,923857.986300134,0.0,0.0,True
2026-03-19,10884.85546875,10795.403866595943,10772.29922100335,23.104645592593442,-6.3099237518863145,29.41456934447976,HOLD,83.232,7956.23308138398,905968.290375,913924.523456384,0.0,0.0,True
2026-03-20,10825.8935546875,10800.094587840798,10776.269171646622,23.825416194176796,-0.2828557626736927,24.108271956850487,HOLD,83.232,7956.23308138398,901060.77234375,909017.005425134,0.0,0.0,True
2026-03-23,10549.2158203125,10761.497854374906,10759.450404881132,2.047449493773456,0.1832052886157371,1.864244205157719,HOLD,83.232,7956.23308138398,878032.33115625,885988.564237634,0.0,0.0,True
2026-03-24,10543.6708984375,10727.98601499992,10743.466737737159,-15.480722737238466,-2.9495803165551036,-12.531142420683363,SELL,83.232,7956.23308138398,877570.81621875,885527.049300134,83.232,10543.6708984375,True
2026-03-25,10565.697265625,10703.018515096086,10730.298628691813,-27.280113595727016,-7.815686972389487,-19.46442662333753,HOLD,0.0,885263.7780552683,0.0,885263.7780552683,0.0,0.0,True
2026-03-26,10497.595703125,10671.415005562074,10713.061374946124,-41.64636938405056,-14.5818234547217,-27.064545929328858,HOLD,0.0,885263.7780552683,0.0,885263.7780552683,0.0,0.0,True
2026-03-27,10608.7763671875,10661.778291965986,10705.336559556597,-43.55826759061165,-20.37711228189969,-23.181155308711958,HOLD,0.0,885263.7780552683,0.0,885263.7780552683,0.0,0.0,True
2026-03-30,10638.5947265625,10658.211589596218,10700.392720075553,-42.18113047933548,-24.73791592138685,-17.44321455794863,HOLD,0.0,885263.7780552683,0.0,885263.7780552683,0.0,0.0,True
2026-03-31,10863.353515625,10689.771885908338,10712.463890116253,-22.69200420791458,-24.328733578692397,1.636729370777818,BUY,0.0,885263.7780552683,0.0,885263.7780552683,80.67592930803129,10863.353515625,True
2026-04-01,10934.078125,10727.35746115321,10728.8797593669,-1.5222982136911014,-19.76744650569214,18.245148292001037,HOLD,80.775,7513.151616591611,883200.1605468751,890713.3121634667,0.0,0.0,True
2026-04-02,10937.3740234375,10759.667701504637,10744.323778927686,15.343922576950717,-12.745172689163567,28.089095266114285,HOLD,80.775,7513.151616591611,883466.3867431642,890979.5383597558,0.0,0.0,True
2026-04-03,10938.2734375,10787.145507042385,10758.690420303414,28.45508673897166,-4.5051208035365224,32.96020754250818,HOLD,80.775,7513.151616591611,883539.0369140626,891052.1885306542,0.0,0.0,True
2026-04-07,10788.583984375,10787.366811247404,10760.90475838279,26.462052864613725,1.688313930093527,24.773738934520196,HOLD,80.775,7513.151616591611,871447.8713378907,878961.0229544824,0.0,0.0,True
2026-04-08,10975.8828125,10816.369272978573,10776.82905868777,39.540214290802396,9.258694002235302,30.281520288567094,HOLD,80.775,7513.151616591611,886576.9341796875,894090.0857962791,0.0,0.0,True
2026-04-09,10941.9443359375,10835.688513433794,10789.059819965529,46.62869346826483,16.73269389544121,29.89599957282362,HOLD,80.775,7513.151616591611,883835.5537353517,891348.7053519433,0.0,0.0,True
2026-04-10,10893.021484375,10844.50897050167,10796.76068399586,47.74828650581003,22.935812417514974,24.812474088295055,HOLD,80.775,7513.151616591611,879883.8104003906,887396.9620169823,0.0,0.0,True
2026-04-13,10813.232421875,10839.697193789874,10797.980812727648,41.71638106222599,26.691926146457178,15.024454915768814,HOLD,80.775,7513.151616591611,873438.8488769532,880952.0004935449,0.0,0.0,True
2026-04-14,10840.12890625,10839.763611091432,10801.102893729305,38.66071736212689,29.085684389591123,9.575032972535766,HOLD,80.775,7513.151616591611,875611.4124023438,883124.5640189354,0.0,0.0,True
