date,price,dif,dea,histogram,signal,position,cash,position_value,total_value,trade_amount,cumulative_return,buy_hold_return
2001-08-27,35.54999923706055,0.0,0.0,0.0,HOLD,0,1000000.0,0.0,1000000.0,0,0.0,0.0
2001-08-28,36.86000061035156,0.10450153405170681,0.020900306810341364,0.08360122724136546,HOLD,0,1000000.0,0.0,1000000.0,0,0.0,3.6849547156258433
2001-08-29,36.380001068115234,0.14689449287049428,0.046099144022371946,0.10079534884812233,HOLD,0,1000000.0,0.0,1000000.0,0,0.0,2.3347450038463613
2001-08-30,37.099998474121094,0.235870028687728,0.08405332095544316,0.15181670773228484,HOLD,0,1000000.0,0.0,1000000.0,0,0.0,4.360054206259134
2001-08-31,37.0099983215332,0.29571272943566385,0.1263852026514873,0.16932752678417654,HOLD,0,1000000.0,0.0,1000000.0,0,0.0,4.106889214643417
2001-09-03,36.9900016784668,0.3376329168490031,0.16863474549099047,0.16899817135801262,HOLD,0,1000000.0,0.0,1000000.0,0,0.0,4.050639865851413
2001-09-04,37.459999084472656,0.4041213705226099,0.21573207049731435,0.18838930002529553,HOLD,0,1000000.0,0.0,1000000.0,0,0.0,5.372714172721982
2001-09-05,37.439998626708984,0.4500126140005847,0.26258817919796845,0.18742443480261622,HOLD,0,1000000.0,0.0,1000000.0,0,0.0,5.316454093417056
2001-09-06,36.70000076293945,0.42180777444187356,0.2944320982467495,0.12737567619512408,HOLD,0,1000000.0,0.0,1000000.0,0,0.0,3.2348848116993567
2001-09-07,35.68000030517578,0.3135354815820577,0.29825277491381114,0.015282706668246548,HOLD,0,1000000.0,0.0,1000000.0,0,0.0,0.3656851502255698
2001-09-10,36.70000076293945,0.3065012660681177,0.29990247314467244,0.006598792923445229,HOLD,0,1000000.0,0.0,1000000.0,0,0.0,3.2348848116993567
2001-09-11,36.290000915527344,0.26479069610189043,0.29288011773611605,-0.02808942163422562,HOLD,0,1000000.0,0.0,1000000.0,0,0.0,2.081580012230644
2001-09-12,35.97999954223633,0.2043644625484191,0.27517698669857665,-0.07081252415015754,HOLD,0,1000000.0,0.0,1000000.0,0,0.0,1.209564878773639
2001-09-13,35.88999938964844,0.14751353277674184,0.2496442959142097,-0.10213076313746786,HOLD,0,1000000.0,0.0,1000000.0,0,0.0,0.9563998871579216
2001-09-14,36.29999923706055,0.13399768066625484,0.22651497286461875,-0.09251729219836391,HOLD,0,1000000.0,0.0,1000000.0,0,0.0,2.1097046866266345
2001-09-17,35.84000015258789,0.08518621508709856,0.1982492213091147,-0.11306300622201615,HOLD,0,1000000.0,0.0,1000000.0,0,0.0,0.8157550541520786
2001-09-18,36.25,0.0786793713062508,0.17433525130854194,-0.09565588000229114,HOLD,0,1000000.0,0.0,1000000.0,0,0.0,1.9690598536207915
2001-09-19,36.91999816894531,0.12613193314531657,0.16469458767589687,-0.038562654530580304,HOLD,0,1000000.0,0.0,1000000.0,0,0.0,3.853724223027699
2001-09-20,36.61000061035156,0.13714331528929335,0.15918433319857617,-0.022041017909282812,HOLD,0,1000000.0,0.0,1000000.0,0,0.0,2.9817198200836392
2001-09-21,36.060001373291016,0.10033299674439888,0.14741406590774073,-0.04708106916334184,HOLD,0,1000000.0,0.0,1000000.0,0,0.0,1.434605195993366
2001-09-24,36.04999923706055,0.06955171639888391,0.13184159600596937,-0.06228987960708546,HOLD,0,1000000.0,0.0,1000000.0,0,0.0,1.4064697910844304
2001-09-25,36.22999954223633,0.059001715214577644,0.11727361984769104,-0.058271904633113394,HOLD,0,1000000.0,0.0,1000000.0,0,0.0,1.9127997743158431
2001-09-26,36.08000183105469,0.03809803117005117,0.10143850211216307,-0.0633404709421119,HOLD,0,1000000.0,0.0,1000000.0,0,0.0,1.490865275298292
2001-09-27,36.70000076293945,0.07074493959127182,0.09529978960798483,-0.02455485001671301,HOLD,0,1000000.0,0.0,1000000.0,0,0.0,3.2348848116993567
2001-09-28,37.09000015258789,0.12662785402896048,0.10156540249217996,0.025062451536780522,HOLD,0,1000000.0,0.0,1000000.0,0,0.0,4.331929531863121
2001-10-08,36.58000183105469,0.12828408494439003,0.10690913898262198,0.021374945961768047,HOLD,0,1000000.0,0.0,1000000.0,0,0.0,2.8973350663827
2001-10-09,37.29999923706055,0.18555546537211143,0.12263840426051988,0.06291706111159155,HOLD,0,1000000.0,0.0,1000000.0,0,0.0,4.922644268795495
2001-10-10,36.099998474121094,0.13258505623772976,0.12462773465596186,0.007957321581767901,HOLD,0,1000000.0,0.0,1000000.0,0,0.0,1.5471146240902733
2001-10-11,35.75,0.06165297643061507,0.1120327830108925,-0.050379806580277436,HOLD,0,1000000.0,0.0,1000000.0,0,0.0,0.5625900625363611
2001-10-12,36.0,0.025319831551186667,0.09469019271895135,-0.06937036116776468,HOLD,0,1000000.0,0.0,1000000.0,0,0.0,1.2658249580785652
2001-10-15,35.29999923706055,-0.059275369389986565,0.06389708029716377,-0.12317244968715034,HOLD,0,1000000.0,0.0,1000000.0,0,0.0,-0.7032348955422152
2001-10-16,34.79999923706055,-0.16476419782662788,0.018164824672405447,-0.1829290224990333,HOLD,0,1000000.0,0.0,1000000.0,0,0.0,-2.1097046866266345
2001-10-17,34.20000076293945,-0.29339761179859636,-0.04414766262179491,-0.24924994917680143,HOLD,0,1000000.0,0.0,1000000.0,0,0.0,-3.797464143722773
2001-10-18,34.040000915527344,-0.4035987346551124,-0.11603787702845843,-0.287560857626654,HOLD,0,1000000.0,0.0,1000000.0,0,0.0,-4.247534047649271
2001-10-19,33.5,-0.5284162260559242,-0.1985135468339516,-0.3299026792219726,HOLD,0,1000000.0,0.0,1000000.0,0,0.0,-5.766523997343553
2001-10-22,32.790000915527344,-0.676823974193347,-0.2941756323058307,-0.38264834188751634,HOLD,0,1000000.0,0.0,1000000.0,0,0.0,-7.763708525360336
2001-10-23,36.06999969482422,-0.5237324329417987,-0.3400869924330243,-0.1836454405087744,HOLD,0,1000000.0,0.0,1000000.0,0,0.0,1.4627298703893565
2001-10-24,35.86000061035156,-0.4145725206605704,-0.35498409807853354,-0.05958842258203684,HOLD,0,1000000.0,0.0,1000000.0,0,0.0,0.8720151334570048
2001-10-25,34.880001068115234,-0.40250050135184523,-0.3644873787331959,-0.03801312261864931,HOLD,0,1000000.0,0.0,1000000.0,0,0.0,-1.8846643694069187
2001-10-26,35.0,-0.3788829018986277,-0.3673664833662823,-0.011516418532345418,HOLD,0,1000000.0,0.0,1000000.0,0,0.0,-1.5471146240902844
2001-10-29,35.29999923706055,-0.3321297677250499,-0.36031914023803585,0.028189372512985977,BUY,28000,11006.981375122094,988399.9786376953,999406.9600128174,28000,-0.059303998718263085,-0.7032348955422152
2001-10-30,35.0,-0.3156464277508704,-0.35138459774060277,0.03573816998973239,HOLD,28000,11006.981375122094,980000.0,991006.9813751221,0,-0.8993018624877891,-1.5471146240902844
2001-10-31,35.04999923706055,-0.2951464766352032,-0.3401369735195229,0.044990496884319664,HOLD,28000,11006.981375122094,981399.9786376953,992406.9600128174,0,-0.7593039987182637,-1.4064697910844193
2001-11-01,35.56999969482422,-0.23424025076417365,-0.31895762896845303,0.08471737820427938,HOLD,28000,11006.981375122094,995959.9914550781,1006966.9728302002,0,0.6966972830200202,0.05626007930492616
2001-11-02,35.36000061035156,-0.2006043568828204,-0.2952869745513265,0.09468261766850611,HOLD,28000,11006.981375122094,990080.0170898438,1001086.9984649658,0,0.10869984649657383,-0.5344546576274256
2001-11-05,34.900001525878906,-0.2086604426957308,-0.2779616681802074,0.06930122548447659,HOLD,28000,11006.981375122094,977200.0427246094,988207.0240997315,0,-1.179297590026851,-1.8284042901019926
2001-11-06,35.150001525878906,-0.19265127411386374,-0.2608995893669387,0.06824831525307495,HOLD,28000,11006.981375122094,984200.0427246094,995207.0240997315,0,-0.47929759002685035,-1.1251693945597774
2001-11-07,33.849998474121094,-0.2816169692499102,-0.265043065343533,-0.016573903906377196,SELL,0,958238.2586761474,0.0,958238.2586761474,28000,-4.176174132385258,-4.78199943578963
2001-11-08,33.70000076293945,-0.360075756140219,-0.28404960350287023,-0.0760261526373488,HOLD,0,958238.2586761474,0.0,958238.2586761474,0,-4.176174132385258,-5.203933934807203
2001-11-09,34.150001525878906,-0.38154539149055466,-0.3035487611004071,-0.07799663039014754,HOLD,0,958238.2586761474,0.0,958238.2586761474,0,-4.176174132385258,-3.938108976728627
2001-11-12,33.599998474121094,-0.43789312255778867,-0.33041763339188346,-0.10747548916590521,HOLD,0,958238.2586761474,0.0,958238.2586761474,0,-4.176174132385258,-5.485234331331846
2001-11-13,33.63999938964844,-0.4738590140634713,-0.35910590952620103,-0.11475310453727028,HOLD,0,958238.2586761474,0.0,958238.2586761474,0,-4.176174132385258,-5.372714172721982
2001-11-14,33.650001525878906,-0.49583942515565127,-0.3864526126520911,-0.1093868125035602,HOLD,0,958238.2586761474,0.0,958238.2586761474,0,-4.176174132385258,-5.344578767813058
2001-11-15,33.68000030517578,-0.5050168882024124,-0.41016546776215534,-0.09485142044025707,HOLD,0,958238.2586761474,0.0,958238.2586761474,0,-4.176174132385258,-5.2601940141121295
2001-11-16,34.09000015258789,-0.47374548950586615,-0.42288147211089755,-0.0508640173949686,HOLD,0,958238.2586761474,0.0,958238.2586761474,0,-4.176174132385258,-4.106889214643417
2001-11-19,35.04999923706055,-0.3672651733668104,-0.41175821236208016,0.04449303899526974,BUY,27000,11320.469287872314,946349.9794006348,957670.4486885071,27000,-4.232955131149296,-1.4064697910844193
2001-11-20,35.380001068115234,-0.253330133762141,-0.38007259664209236,0.1267424628799514,HOLD,27000,11320.469287872314,955260.0288391113,966580.4981269836,0,-3.3419501873016344,-0.47819457832249945
2001-11-21,35.18000030517578,-0.17713231306689892,-0.3394845399270537,0.16235222686015477,HOLD,27000,11320.469287872314,949860.0082397461,961180.4775276184,0,-3.881952247238163,-1.0407846408588495
2001-11-22,35.119998931884766,-0.12020099827684305,-0.29562783159701156,0.1754268333201685,HOLD,27000,11320.469287872314,948239.9711608887,959560.440448761,0,-4.043955955123901,-1.209564878773639
2001-11-23,34.97999954223633,-0.08539492235030366,-0.25358124974767,0.16818632739736633,HOLD,27000,11320.469287872314,944459.9876403809,955780.4569282532,0,-4.42195430717468,-1.6033747033952106
2001-11-26,34.61000061035156,-0.08666762754566548,-0.2201985253072691,0.13353089776160362,HOLD,27000,11320.469287872314,934470.0164794922,945790.4857673645,0,-5.420951423263554,-2.64415934425406
2001-11-27,35.0,-0.055566033552466365,-0.18727202695630857,0.1317059934038422,HOLD,27000,11320.469287872314,945000.0,956320.4692878723,0,-4.367953071212771,-1.5471146240902844
2001-11-28,35.04999923706055,-0.026576913552368353,-0.15513300427552054,0.1285560907231522,HOLD,27000,11320.469287872314,946349.9794006348,957670.4486885071,0,-4.232955131149296,-1.4064697910844193
2001-11-29,34.83000183105469,-0.02111141985985654,-0.12832868739238776,0.10721726753253122,HOLD,27000,11320.469287872314,940410.0494384766,951730.5187263489,0,-4.826948127365116,-2.025309202412773
2001-11-30,35.34000015258789,0.024094874863251903,-0.09784397494125983,0.12193884980451174,HOLD,27000,11320.469287872314,954180.004119873,965500.4734077454,0,-3.4499526592254637,-0.5907147369323518
2001-12-03,36.16999816894531,0.12544899454248082,-0.05318538104451171,0.17863437558699252,HOLD,27000,11320.469287872314,976589.9505615234,987910.4198493958,0,-1.208958015060424,1.7440195364010647
2001-12-04,36.209999084472656,0.20661883091964484,-0.0012245386516804037,0.20784336957132524,HOLD,27000,11320.469287872314,977669.9752807617,988990.444568634,0,-1.1009555431365947,1.856539695010917
2001-12-05,36.0,0.2511067377994394,0.049241716638543556,0.20186502116089583,HOLD,27000,11320.469287872314,972000.0,983320.4692878723,0,-1.6679530712127688,1.2658249580785652
2001-12-06,36.060001373291016,0.2878867545883068,0.09697072422849622,0.19091603035981058,HOLD,27000,11320.469287872314,973620.0370788574,984940.5063667297,0,-1.5059493633270304,1.434605195993366
2001-12-07,35.86000061035156,0.2974677695064898,0.13707013328409492,0.16039763622239486,HOLD,27000,11320.469287872314,968220.0164794922,979540.4857673645,0,-2.045951423263548,0.8720151334570048
2001-12-10,35.9900016784668,0.3119547721609095,0.17204706105945786,0.13990771110145164,HOLD,27000,11320.469287872314,971730.0453186035,983050.5146064758,0,-1.6949485393524144,1.2377002836825746
2001-12-11,35.63999938964844,0.2918295372731734,0.19600355630220098,0.09582598097097242,HOLD,27000,11320.469287872314,962279.9835205078,973600.4528083801,0,-2.6399547191619854,0.2531649916157175
2001-12-12,35.77000045776367,0.2831066659455672,0.21342417823087423,0.06968248771469299,HOLD,27000,11320.469287872314,965790.0123596191,977110.4816474915,0,-2.288951835250852,0.6188501418412873
2001-12-13,35.2599983215332,0.23236228961130223,0.21721180050695985,0.015150489104342385,HOLD,27000,11320.469287872314,952019.9546813965,963340.4239692688,0,-3.6659576030731222,-0.8157550541520675
2001-12-14,35.20000076293945,0.18517116627513985,0.21080367366059585,-0.025632507385456,SELL,0,961150.2498748779,0.0,961150.2498748779,27000,-3.884975012512215,-0.9845245615539233
2001-12-17,35.36000061035156,0.15885137181643216,0.20041321329176312,-0.04156184147533096,HOLD,0,961150.2498748779,0.0,961150.2498748779,0,-3.884975012512215,-0.5344546576274256
2001-12-18,35.900001525878906,0.1794971742989233,0.19623000549319516,-0.016732831194271852,HOLD,0,961150.2498748779,0.0,961150.2498748779,0,-3.884975012512215,0.9845352920668571
2001-12-19,35.959999084472656,0.19841323876078576,0.1966666521467133,0.001746586614072454,BUY,26400,11236.667659301776,949343.9758300781,960580.6434893799,26400,-3.941935651062012,1.153304799468713
2001-12-20,34.7599983215332,0.11524584106751945,0.18038248993087455,-0.0651366488633551,SELL,0,928350.0249743653,0.0,928350.0249743653,26400,-7.164997502563475,-2.222224845236498
2001-12-21,35.869998931884766,0.13731991331801652,0.17176997460830296,-0.03445006129028644,HOLD,0,928350.0249743653,0.0,928350.0249743653,0,-7.164997502563475,0.9001398078529954
2001-12-24,36.41999816894531,0.1969240980852902,0.1768007993037004,0.020123298781589805,BUY,25200,10015.400744628976,917783.9538574219,927799.3546020509,25200,-7.220064539794913,2.4472544319432687
2001-12-25,36.5,0.24776029662713484,0.19099269876838731,0.05676759785874752,HOLD,25200,10015.400744628976,919800.0,929815.400744629,0,-7.018459925537101,2.6722947491629956
2001-12-26,37.189998626708984,0.33980837343725057,0.22075583370215998,0.11905253973509058,HOLD,25200,10015.400744628976,937187.9653930664,947203.3661376954,0,-5.27966338623046,4.613219197874852
2001-12-27,37.31999969482422,0.4184238080134861,0.2602894285644252,0.1581343794490609,HOLD,25200,10015.400744628976,940463.9923095703,950479.3930541993,0,-4.952060694580074,4.978904348100421
2001-12-28,37.29999923706055,0.47365325661471047,0.3029621941744823,0.1706910624402282,HOLD,25200,10015.400744628976,939959.9807739258,949975.3815185548,0,-5.002461848144524,4.922644268795495
2001-12-31,38.54999923706055,0.6112415339334518,0.3646180621262762,0.24662347180717564,HOLD,25200,10015.400744628976,971459.9807739258,981475.3815185548,0,-1.8524618481445265,8.438818746506538
2002-01-04,37.54999923706055,0.6323008220443356,0.4181546141098881,0.2141462079344475,HOLD,25200,10015.400744628976,946259.9807739258,956275.3815185548,0,-4.3724618481445265,5.625879164337699
2002-01-07,37.349998474121094,0.6256400801070399,0.4596517073093184,0.16598837279772144,HOLD,25200,10015.400744628976,941219.9615478516,951235.3622924805,0,-4.876463770751949,5.063289101801338
2002-01-08,36.59000015258789,0.552665101884493,0.47825438622435335,0.07441071566013968,HOLD,25200,10015.400744628976,922068.0038452148,932083.4045898438,0,-6.7916595410156155,2.925459740778713
2002-01-09,36.869998931884766,0.5115288808063596,0.4849092851407546,0.02661959566560501,HOLD,25200,10015.400744628976,929123.9730834961,939139.3738281251,0,-6.086062617187493,3.713079390021856
2002-01-10,37.2400016784668,0.5029861474291053,0.4885246575984248,0.014461489830680518,HOLD,25200,10015.400744628976,938448.0422973633,948463.4430419923,0,-5.153655695800774,4.753874761393639
2002-01-11,36.04999923706055,0.3956321171503703,0.4699461495088139,-0.07431403235844364,SELL,0,917930.3055300904,0.0,917930.3055300904,25200,-8.206969446990964,1.4064697910844304
2002-01-14,36.099998474121094,0.31100274918011905,0.438157469443075,-0.12715472026295593,HOLD,0,917930.3055300904,0.0,917930.3055300904,0,-8.206969446990964,1.5471146240902733
2002-01-15,36.540000915527344,0.2762534077864913,0.40577665711175825,-0.12952324932526693,HOLD,0,917930.3055300904,0.0,917930.3055300904,0,-8.206969446990964,2.784814907772848
2002-01-16,36.349998474121094,0.23072306341677518,0.37076593837276167,-0.1400428749559865,HOLD,0,917930.3055300904,0.0,917930.3055300904,0,-8.206969446990964,2.2503495196324996
2002-01-17,35.060001373291016,0.08951606689659997,0.31451596407752935,-0.2249998971809294,HOLD,0,917930.3055300904,0.0,917930.3055300904,0,-8.206969446990964,-1.3783343861754949
2002-01-18,36.650001525878906,0.10470129755707802,0.2725530307734391,-0.1678517332163611,HOLD,0,917930.3055300904,0.0,917930.3055300904,0,-8.206969446990964,3.0942399786934915
2002-01-21,35.869998931884766,0.05318295171538523,0.22867901496182835,-0.17549606324644312,HOLD,0,917930.3055300904,0.0,917930.3055300904,0,-8.206969446990964,0.9001398078529954
2002-01-22,36.439998626708984,0.057683562945449296,0.19447992455855256,-0.13679636161310327,HOLD,0,917930.3055300904,0.0,917930.3055300904,0,-8.206969446990964,2.503514511248217
2002-01-23,37.619998931884766,0.15468339878991344,0.18652061940482476,-0.031837220614911316,HOLD,0,917930.3055300904,0.0,917930.3055300904,0,-8.206969446990964,5.822784076648491
2002-01-24,37.290000915527344,0.20259301931429974,0.18973509938671976,0.01285791992757998,BUY,24300,11239.595069427625,906147.0222473145,917386.6173167421,24300,-8.26133826832579,4.894519594399482
2002-01-25,37.099998474121094,0.22266340452106448,0.1963207604135887,0.026342644107475777,HOLD,24300,11239.595069427625,901529.9629211426,912769.5579905702,0,-8.723044200942976,4.360054206259134
2002-01-28,35.4900016784668,0.10741779778447125,0.17854016788776522,-0.07112237010329397,SELL,0,873129.1916316987,0.0,873129.1916316987,24300,-12.687080836830123,-0.1687695074018558
2002-01-29,35.65999984741211,0.029462628800906998,0.1487246600703936,-0.11926203126948659,HOLD,0,873129.1916316987,0.0,873129.1916316987,0,-12.687080836830123,0.30942507092064364
2002-01-30,35.58000183105469,-0.038330722890520974,0.11131358347821069,-0.14964430636873166,HOLD,0,873129.1916316987,0.0,873129.1916316987,0,-12.687080836830123,0.08439548421386167
2002-01-31,37.599998474121094,0.07013097848349048,0.10307706247926665,-0.03294608399577617,HOLD,0,873129.1916316987,0.0,873129.1916316987,0,-12.687080836830123,5.7665239973435645
2002-02-01,37.060001373291016,0.11123218971048487,0.1047080879255103,0.006524101784974576,BUY,23300,9113.060814819532,863498.0319976807,872611.0928125002,23300,-12.738890718749985,4.247544778162204
2002-02-04,37.91999816894531,0.2107701230634902,0.12592049495310628,0.0848496281103839,HOLD,23300,9113.060814819532,883535.9573364258,892649.0181512453,0,-10.735098184875469,6.66666380519656
2002-02-05,37.900001525878906,0.28475857085255285,0.1576881101329956,0.12707046071955724,HOLD,23300,9113.060814819532,883070.0355529785,892183.096367798,0,-10.781690363220198,6.610414456404556
2002-02-06,37.18000030517578,0.2820456212197726,0.182559612350351,0.0994860088694216,HOLD,23300,9113.060814819532,866294.0071105957,875407.0679254152,0,-12.459293207458478,4.585094523478839
2002-02-07,37.40999984741211,0.2950534375979075,0.2050583773998623,0.08999506019804518,HOLD,23300,9113.060814819532,871652.9964447021,880766.0572595217,0,-11.923394274047826,5.232069339716139
2002-02-08,37.650001525878906,0.3210277474288574,0.22825225140566133,0.0927754960231961,HOLD,23300,9113.060814819532,877245.0355529785,886358.096367798,0,-11.364190363220194,5.907179560862352
2002-02-25,37.650001525878906,0.33771955430577805,0.2501457119856847,0.08757384232009335,HOLD,23300,9113.060814819532,877245.0355529785,886358.096367798,0,-11.364190363220194,5.907179560862352
2002-02-26,37.77000045776367,0.356521089253647,0.27142078743927717,0.08510030181436984,HOLD,23300,9113.060814819532,880041.0106658936,889154.0714807131,0,-11.084592851928686,6.244729306178987
2002-02-27,37.93000030517578,0.37995223877270234,0.29312707770596225,0.0868251610667401,HOLD,23300,9113.060814819532,883769.0071105957,892882.0679254152,0,-10.711793207458475,6.694799210105473
2002-02-28,38.0,0.39956405819642526,0.31441447380405485,0.08514958439237041,HOLD,23300,9113.060814819532,885400.0,894513.0608148195,0,-10.548693918518047,6.8917041224162645
2002-03-01,37.38999938964844,0.36171498987418715,0.3238745770180813,0.03784041285610584,HOLD,23300,9113.060814819532,871186.9857788086,880300.0465936281,0,-11.969995340637185,5.1758092604111905
2002-03-04,38.040000915527344,0.37979102684426636,0.33505786698331835,0.044733159860948,HOLD,23300,9113.060814819532,886332.0213317871,895445.0821466066,0,-10.455491785339333,7.004224281026117
2002-03-05,38.59000015258789,0.4334996442148906,0.35474622242963283,0.0787534217852578,HOLD,23300,9113.060814819532,899147.0035552979,908260.0643701174,0,-9.173993562988258,8.551338905116413
2002-03-06,38.36000061035156,0.45229133657228715,0.3742552452581637,0.07803609131412342,HOLD,23300,9113.060814819532,893788.0142211914,902901.0750360109,0,-9.709892496398908,7.904364088879112
2002-03-07,38.5,0.473027897718012,0.3940097757501334,0.07901812196787861,HOLD,23300,9113.060814819532,897050.0,906163.0608148195,0,-9.383693918518043,8.298173913500694
2002-03-08,39.630001068115234,0.5740263952434503,0.4300130996487968,0.14401329559465353,HOLD,23300,9113.060814819532,923379.024887085,932492.0857019045,0,-6.750791429809555,11.476798645895103
2002-03-11,39.45000076293945,0.6322556621767887,0.4704616121543952,0.16179405002239355,HOLD,23300,9113.060814819532,919185.0177764893,928298.0785913088,0,-7.1701921408691245,10.970468662663691
2002-03-12,38.5,0.5948881533324979,0.49534692039001577,0.09954123294248213,HOLD,23300,9113.060814819532,897050.0,906163.0608148195,0,-9.383693918518043,8.298173913500694
2002-03-13,38.2400016784668,0.5380916560434983,0.5038958675207122,0.03419578852278604,HOLD,23300,9113.060814819532,890992.0391082764,900105.0999230959,0,-9.989490007690405,7.566814343562478
2002-03-14,38.619998931884766,0.5177740483997795,0.5066715036965257,0.01110254470325378,HOLD,23300,9113.060814819532,899845.975112915,908959.0359277346,0,-9.104096407226548,8.63572365881733
2002-03-15,37.91999816894531,0.44011461917492056,0.4933601267922047,-0.05324550761728414,SELL,0,892118.8965768435,0.0,892118.8965768435,23300,-10.78811034231565,6.66666380519656
2002-03-18,38.0,0.380636698251827,0.4708154410841292,-0.0901787428323022,HOLD,0,892118.8965768435,0.0,892118.8965768435,0,-10.78811034231565,6.8917041224162645
2002-03-19,38.75,0.3895285072351413,0.45455805431433166,-0.06502954707919034,HOLD,0,892118.8965768435,0.0,892118.8965768435,0,-10.78811034231565,9.0014088090429
2002-03-20,38.970001220703125,0.40960590786522033,0.4455676250245094,-0.035961717159289086,HOLD,0,892118.8965768435,0.0,892118.8965768435,0,-10.78811034231565,9.620258950884185
2002-03-21,38.91999816894531,0.41667934402645557,0.4397899688248987,-0.023110624798443113,HOLD,0,892118.8965768435,0.0,892118.8965768435,0,-10.78811034231565,9.479603387365398
2002-03-22,38.540000915527344,0.3871595561989025,0.42926388629969947,-0.04210433010079695,HOLD,0,892118.8965768435,0.0,892118.8965768435,0,-10.78811034231565,8.410694072110548
2002-03-25,38.779998779296875,0.3787645713219092,0.41916402330414143,-0.040399451982232215,HOLD,0,892118.8965768435,0.0,892118.8965768435,0,-10.78811034231565,9.085793562743838
2002-03-26,38.20000076293945,0.32160325056843675,0.39965186875700054,-0.07804861818856379,HOLD,0,892118.8965768435,0.0,892118.8965768435,0,-10.78811034231565,7.454294184952626
2002-03-27,38.099998474121094,0.2651763551371218,0.3727567660330248,-0.10758041089590303,HOLD,0,892118.8965768435,0.0,892118.8965768435,0,-10.78811034231565,7.172993788427973
2002-03-28,38.0099983215332,0.21076579691312958,0.3403585722090458,-0.12959277529591623,HOLD,0,892118.8965768435,0.0,892118.8965768435,0,-10.78811034231565,6.919828796812255
2002-03-29,37.2599983215332,0.1059054929266523,0.2934679563525671,-0.18756246342591482,HOLD,0,892118.8965768435,0.0,892118.8965768435,0,-10.78811034231565,4.810124110185621
2002-04-01,37.599998474121094,0.049665603195805375,0.24470748572121478,-0.1950418825254094,HOLD,0,892118.8965768435,0.0,892118.8965768435,0,-10.78811034231565,5.7665239973435645
2002-04-02,37.02000045776367,-0.04123062628217866,0.1875198633205361,-0.22875048960271477,HOLD,0,892118.8965768435,0.0,892118.8965768435,0,-10.78811034231565,4.135024619552352
2002-04-03,36.97999954223633,-0.11516671242485899,0.1269825481714571,-0.24214926059631608,HOLD,0,892118.8965768435,0.0,892118.8965768435,0,-10.78811034231565,4.0225044609425
2002-04-04,37.58000183105469,-0.12391797382834824,0.07680244377149603,-0.20072041759984427,HOLD,0,892118.8965768435,0.0,892118.8965768435,0,-10.78811034231565,5.710274648551561
2002-04-05,37.279998779296875,-0.15329407194762013,0.030783140627672803,-0.18407721257529291,HOLD,0,892118.8965768435,0.0,892118.8965768435,0,-10.78811034231565,4.866384189490547
2002-04-08,37.0,-0.19689867740438416,-0.014753222978738594,-0.18214545442564556,HOLD,0,892118.8965768435,0.0,892118.8965768435,0,-10.78811034231565,4.078764540247426
2002-04-09,37.43000030517578,-0.19451595160970925,-0.05070576870493273,-0.1438101829047765,HOLD,0,892118.8965768435,0.0,892118.8965768435,0,-10.78811034231565,5.288329419021065
2002-04-10,37.47999954223633,-0.18644389452233412,-0.077853393868413,-0.10859050065392112,HOLD,0,892118.8965768435,0.0,892118.8965768435,0,-10.78811034231565,5.428974252026908
2002-04-11,37.4900016784668,-0.17719702531557857,-0.09772212015784612,-0.07947490515773245,HOLD,0,892118.8965768435,0.0,892118.8965768435,0,-10.78811034231565,5.4571096569358435
2002-04-12,38.0,-0.1272493611103087,-0.10362756834833864,-0.023621792761970073,HOLD,0,892118.8965768435,0.0,892118.8965768435,0,-10.78811034231565,6.8917041224162645
2002-04-15,37.88999938964844,-0.09544141805888984,-0.10199033829044889,0.0065489202315590495,BUY,23300,8752.208606567583,882836.9857788086,891589.1943853762,23300,-10.84108056146238,6.582279051495621
2002-04-16,38.2599983215332,-0.039917429158180084,-0.08957575646399513,0.04965832730581504,HOLD,23300,8752.208606567583,891457.9608917236,900210.1694982912,0,-9.978983050170875,7.6230636923544814
2002-04-17,36.97999954223633,-0.09806899370514799,-0.0912744039122257,-0.006794589792922287,SELL,0,869869.2175470735,0.0,869869.2175470735,23300,-13.013078245292654,4.0225044609425
2002-04-18,36.38999938964844,-0.18957728016684428,-0.11093497916314943,-0.07864230100369485,HOLD,0,869869.2175470735,0.0,869869.2175470735,0,-13.013078245292654,2.362869678242352
2002-04-19,36.220001220703125,-0.2726724892459558,-0.1432824811797107,-0.12939000806624507,HOLD,0,869869.2175470735,0.0,869869.2175470735,0,-13.013078245292654,1.8846750999198525
2002-04-22,36.189998626708984,-0.3370615638089447,-0.18203829770555752,-0.15502326610338718,HOLD,0,869869.2175470735,0.0,869869.2175470735,0,-13.013078245292654,1.8002796157059908
2002-04-23,35.52000045776367,-0.43711483440738874,-0.2330536050459238,-0.20406122936146495,HOLD,0,869869.2175470735,0.0,869869.2175470735,0,-13.013078245292654,-0.0843847537009279
2002-04-24,35.2400016784668,-0.5328588683027036,-0.29301465769727975,-0.23984421060542382,HOLD,0,869869.2175470735,0.0,869869.2175470735,0,-13.013078245292654,-0.872004402944071
2002-04-25,35.5099983215332,-0.5802613407874375,-0.35046399431531133,-0.22979734647212618,HOLD,0,869869.2175470735,0.0,869869.2175470735,0,-13.013078245292654,-0.11252015860985232
2002-04-26,36.02000045776367,-0.5701034341085176,-0.3943918822739526,-0.175711551834565,HOLD,0,869869.2175470735,0.0,869869.2175470735,0,-13.013078245292654,1.3220850373834914
2002-04-29,36.349998474121094,-0.5293234268972782,-0.42137819119861775,-0.10794523569866044,HOLD,0,869869.2175470735,0.0,869869.2175470735,0,-13.013078245292654,2.2503495196324996
2002-04-30,36.20000076293945,-0.5033067323742202,-0.4377638994337383,-0.06554283294048191,HOLD,0,869869.2175470735,0.0,869869.2175470735,0,-13.013078245292654,1.8284150206149263
2002-05-08,36.25,-0.4731990498641494,-0.4448509295198205,-0.028348120344328875,HOLD,0,869869.2175470735,0.0,869869.2175470735,0,-13.013078245292654,1.9690598536207915
2002-05-09,36.029998779296875,-0.4617677828839888,-0.4482343001926542,-0.013533482691334586,HOLD,0,869869.2175470735,0.0,869869.2175470735,0,-13.013078245292654,1.3502097117795042
2002-05-10,35.65999984741211,-0.47706493542442274,-0.4540004272390079,-0.023064508185414834,HOLD,0,869869.2175470735,0.0,869869.2175470735,0,-13.013078245292654,0.30942507092064364
2002-05-13,35.400001525878906,-0.5043538534012058,-0.4640711124714475,-0.040282740929758254,HOLD,0,869869.2175470735,0.0,869869.2175470735,0,-13.013078245292654,-0.4219344990175733
2002-05-14,35.47999954223633,-0.5136048293898199,-0.473977855855122,-0.03962697353469791,HOLD,0,869869.2175470735,0.0,869869.2175470735,0,-13.013078245292654,-0.19690491231078022
2002-05-15,35.34000015258789,-0.5261677410407231,-0.4844158328922422,-0.04175190814848084,HOLD,0,869869.2175470735,0.0,869869.2175470735,0,-13.013078245292654,-0.5907147369323518
2002-05-16,34.959999084472656,-0.5603277400351985,-0.4995982143208335,-0.06072952571436496,HOLD,0,869869.2175470735,0.0,869869.2175470735,0,-13.013078245292654,-1.6596347827001368
2002-05-17,35.040000915527344,-0.5743238582511765,-0.5145433431069021,-0.059780515144274404,HOLD,0,869869.2175470735,0.0,869869.2175470735,0,-13.013078245292654,-1.434594465480421
2002-05-20,34.5099983215332,-0.621023885909942,-0.5358394516675101,-0.08518443424243183,HOLD,0,869869.2175470735,0.0,869869.2175470735,0,-13.013078245292654,-2.925459740778702
2002-05-21,35.029998779296875,-0.6090535133889645,-0.550482264011801,-0.058571249377163515,HOLD,0,869869.2175470735,0.0,869869.2175470735,0,-13.013078245292654,-1.4627298703893565
2002-05-22,35.02000045776367,-0.5935318225231683,-0.5590921757140744,-0.03443964680909384,HOLD,0,869869.2175470735,0.0,869869.2175470735,0,-13.013078245292654,-1.4908545447853472
2002-05-23,35.20000076293945,-0.56024805949437,-0.5593233524701335,-0.0009247070242364153,HOLD,0,869869.2175470735,0.0,869869.2175470735,0,-13.013078245292654,-0.9845245615539233
2002-05-24,34.88999938964844,-0.5525158981873943,-0.5579618616135857,0.005445963426191414,BUY,24600,11060.256170730805,858293.9849853516,869354.2411560824,24600,-13.064575884391761,-1.856539695010928
2002-05-27,35.11000061035156,-0.5226115046493405,-0.5508917902207368,0.02828028557139628,HOLD,24600,11060.256170730805,863706.0150146484,874766.2711853792,0,-12.52337288146208,-1.2376895531696408
2002-05-28,35.15999984741211,-0.4892379067027406,-0.5385610135171376,0.049323106814397,HOLD,24600,11060.256170730805,864935.9962463379,875996.2524170687,0,-12.40037475829313,-1.0970447201637867
2002-05-29,34.77000045776367,-0.48862620256607414,-0.5285740513269249,0.03994784876085078,HOLD,24600,11060.256170730805,855342.0112609863,866402.2674317171,0,-13.359773256828289,-2.1940894403275624
2002-05-30,34.86000061035156,-0.4753990580637719,-0.5179390526742943,0.04253999461052238,HOLD,24600,11060.256170730805,857556.0150146484,868616.2711853792,0,-13.138372881462079,-1.9409244487118449
2002-05-31,34.95000076293945,-0.45243875822659163,-0.5048389937847538,0.0524002355581622,HOLD,24600,11060.256170730805,859770.0187683105,870830.2749390414,0,-12.91697250609587,-1.6877594570961385
2002-06-03,34.93000030517578,-0.43088940019027433,-0.490049075065858,0.05915967487558366,HOLD,24600,11060.256170730805,859278.0075073242,870338.263678055,0,-12.9661736321945,-1.7440195364010647
2002-06-04,34.5,-0.44339759815088087,-0.4807187796828626,0.03732118153198172,HOLD,24600,11060.256170730805,848700.0,859760.2561707308,0,-14.023974382926918,-2.9535844151747037
2002-06-05,34.349998474121094,-0.4601104379547891,-0.4765971113372479,0.016486673382458794,HOLD,24600,11060.256170730805,845009.9624633789,856070.2186341097,0,-14.39297813658903,-3.3755296447052108
2002-06-06,34.9900016784668,-0.41690673274845835,-0.46465903561949,0.04775230287103166,HOLD,24600,11060.256170730805,860754.0412902832,871814.297461014,0,-12.818570253898597,-1.575239298486275
2002-06-07,34.91999816894531,-0.38389092763127053,-0.4485054140218461,0.0646144863905756,HOLD,24600,11060.256170730805,859031.9549560547,870092.2111267855,0,-12.990778887321452,-1.7721549413100002
2002-06-10,34.63999938964844,-0.37598510342203895,-0.4340013519018847,0.05801624847984577,HOLD,24600,11060.256170730805,852143.9849853516,863204.2411560824,0,-13.67957588439176,-2.559774590553132
2002-06-11,34.81999969482422,-0.35114735237888084,-0.41743055199728396,0.06628319961840312,HOLD,24600,11060.256170730805,856571.9924926758,867632.2486634066,0,-13.23677513365934,-2.0534446073217083
2002-06-12,35.11000061035156,-0.3045519205237497,-0.39485482570257713,0.09030290517882744,HOLD,24600,11060.256170730805,863706.0150146484,874766.2711853792,0,-12.52337288146208,-1.2376895531696408
2002-06-13,34.900001525878906,-0.28132691460631776,-0.3721492434833253,0.09082232887700753,HOLD,24600,11060.256170730805,858540.0375366211,869600.2937073519,0,-13.039970629264808,-1.8284042901019926
2002-06-14,34.650001525878906,-0.2798677001170873,-0.3536929348100777,0.0738252346929904,HOLD,24600,11060.256170730805,852390.0375366211,863450.2937073519,0,-13.654970629264806,-2.5316391856442078
2002-06-17,34.650001525878906,-0.2755350654019679,-0.33806136092845573,0.06252629552648781,HOLD,24600,11060.256170730805,852390.0375366211,863450.2937073519,0,-13.654970629264806,-2.5316391856442078
2002-06-18,34.970001220703125,-0.24347350909614107,-0.3191437905619928,0.07567028146585175,HOLD,24600,11060.256170730805,860262.0300292969,871322.2862000277,0,-12.867771379997228,-1.6314993777912123
2002-06-19,34.72999954223633,-0.23472486230578227,-0.3022600049107507,0.06753514260496846,HOLD,24600,11060.256170730805,854357.9887390137,865418.2449097445,0,-13.45817550902555,-2.306609598937426
2002-06-20,34.880001068115234,-0.21322964851324144,-0.2844539336312489,0.07122428511800744,HOLD,24600,11060.256170730805,858048.0262756348,869108.2824463656,0,-13.089171755363438,-1.8846643694069187
2002-06-21,35.4900016784668,-0.14529768419174616,-0.25662268374334835,0.11132499955160219,HOLD,24600,11060.256170730805,873054.0412902832,884114.297461014,0,-11.5885702538986,-0.1687695074018558
2002-06-24,38.18000030517578,0.12416796387956452,-0.18046455421876578,0.3046325180983303,HOLD,24600,11060.256170730805,939228.0075073242,950288.263678055,0,-4.971173632194493,7.3980341056476995
2002-06-25,38.18000030517578,0.333872754090649,-0.07759709255688284,0.41146984664753183,HOLD,24600,11060.256170730805,939228.0075073242,950288.263678055,0,-4.971173632194493,7.3980341056476995
2002-06-26,36.849998474121094,0.38826954902556565,0.015576235759606863,0.3726933132659588,HOLD,24600,11060.256170730805,906509.9624633789,917570.2186341097,0,-8.24297813658903,3.656819310716908
2002-06-27,36.779998779296875,0.42087937511081464,0.09663686362984843,0.3242425114809662,HOLD,24600,11060.256170730805,904787.9699707031,915848.2261414339,0,-8.415177385856609,3.4599143984061387
2002-06-28,37.029998779296875,0.46157505793986786,0.16962450249185232,0.2919505554480155,HOLD,24600,11060.256170730805,910937.9699707031,921998.2261414339,0,-7.80017738585661,4.163149293948343
2002-07-01,36.79999923706055,0.46985148347722827,0.2296698986889275,0.24018158478830076,HOLD,24600,11060.256170730805,905279.9812316895,916340.2374024203,0,-8.365976259757979,3.516174477711065
2002-07-02,36.75,0.4669928864720134,0.2771344962455447,0.18985839022646872,HOLD,24600,11060.256170730805,904050.0,915110.2561707308,0,-8.488974382926918,3.3755296447051997
2002-07-03,36.65999984741211,0.45225188933588356,0.3121579748636125,0.14009391447227104,HOLD,24600,11060.256170730805,901835.9962463379,912896.2524170687,0,-8.710374758293128,3.122364653089482
2002-07-04,36.06999969482422,0.3884832681329229,0.3274230335174746,0.061060234615448294,HOLD,24600,11060.256170730805,887321.9924926758,898382.2486634066,0,-10.161775133659345,1.4627298703893565
2002-07-05,36.15999984741211,0.3412744372756933,0.33019331426911835,0.011081123006574933,HOLD,24600,11060.256170730805,889535.9962463379,900596.2524170687,0,-9.940374758293135,1.715894862005074
2002-07-08,36.16999816894531,0.30119588105942796,0.3243938276271803,-0.023197946567752314,SELL,0,900308.3419538118,0.0,900308.3419538118,24600,-9.969165804618818,1.7440195364010647
2002-07-09,36.119998931884766,0.2623743280069917,0.31198992770314254,-0.04961559969615087,HOLD,0,900308.3419538118,0.0,900308.3419538118,0,-9.969165804618818,1.6033747033951995
2002-07-10,35.720001220703125,0.19705991115646526,0.2890039243938071,-0.09194401323734186,HOLD,0,900308.3419538118,0.0,900308.3419538118,0,-9.969165804618818,0.4782053088354221
2002-07-11,35.93000030517578,0.16039401396761122,0.26328194230856794,-0.10288792834095672,HOLD,0,900308.3419538118,0.0,900308.3419538118,0,-9.969165804618818,1.0689200457677739
2002-07-12,36.029998779296875,0.13781640568438291,0.23818883498373095,-0.10037242929934803,HOLD,0,900308.3419538118,0.0,900308.3419538118,0,-9.969165804618818,1.3502097117795042
2002-07-15,35.90999984741211,0.10898427464906035,0.21234792291679683,-0.10336364826773647,HOLD,0,900308.3419538118,0.0,900308.3419538118,0,-9.969165804618818,1.0126599664628477
2002-07-16,35.900001525878906,0.08435542525806028,0.18674942338504952,-0.10239399812698924,HOLD,0,900308.3419538118,0.0,900308.3419538118,0,-9.969165804618818,0.9845352920668571
2002-07-17,35.900001525878906,0.06409800279778466,0.16221913926759657,-0.09812113646981191,HOLD,0,900308.3419538118,0.0,900308.3419538118,0,-9.969165804618818,0.9845352920668571
2002-07-18,36.2400016784668,0.07461886058893441,0.14469908353186414,-0.07008022294292973,HOLD,0,900308.3419538118,0.0,900308.3419538118,0,-9.969165804618818,1.9409351792247787
2002-07-19,36.38999938964844,0.09397696988607152,0.13455466080270562,-0.0405776909166341,HOLD,0,900308.3419538118,0.0,900308.3419538118,0,-9.969165804618818,2.362869678242352
2002-07-22,36.400001525878906,0.10887050832374712,0.12941783030691392,-0.020547321983166805,HOLD,0,900308.3419538118,0.0,900308.3419538118,0,-9.969165804618818,2.3910050831512875
2002-07-23,36.25,0.10733261177803399,0.12500078660113795,-0.017668174823103955,HOLD,0,900308.3419538118,0.0,900308.3419538118,0,-9.969165804618818,1.9690598536207915
2002-07-24,36.400001525878906,0.1168704770983382,0.123374724700578,-0.006504247602239804,HOLD,0,900308.3419538118,0.0,900308.3419538118,0,-9.969165804618818,2.3910050831512875
2002-07-25,36.13162612915039,0.10160244275729013,0.11902026831192043,-0.017417825554630298,HOLD,0,900308.3419538118,0.0,900308.3419538118,0,-9.969165804618818,1.636081306813364
2002-07-26,35.930335998535156,0.07242511263751084,0.10970123717703852,-0.03727612453952768,HOLD,0,900308.3419538118,0.0,900308.3419538118,0,-9.969165804618818,1.0698643309058342
2002-07-29,35.43829345703125,0.009488766781096558,0.08965874309785013,-0.08016997631675357,HOLD,0,900308.3419538118,0.0,900308.3419538118,0,-9.969165804618818,-0.31422161020145944
2002-07-30,35.24818420410156,-0.055093880682342444,0.060708218341811615,-0.11580209902415406,HOLD,0,900308.3419538118,0.0,900308.3419538118,0,-9.969165804618818,-0.8489874527039198
2002-07-31,35.02452850341797,-0.12290645090700991,0.02398528449204731,-0.14689173539905723,HOLD,0,900308.3419538118,0.0,900308.3419538118,0,-9.969165804618818,-1.478117425934511
2002-08-01,34.93506622314453,-0.18177190633667095,-0.017166153673696345,-0.1646057526629746,HOLD,0,900308.3419538118,0.0,900308.3419538118,0,-9.969165804618818,-1.729769415226745
2002-08-02,35.14754104614258,-0.20887053190324423,-0.05550702931960593,-0.1533635025836383,HOLD,0,900308.3419538118,0.0,900308.3419538118,0,-9.969165804618818,-1.1320905754012234
2002-08-05,35.02452850341797,-0.23753432420945586,-0.09191248829757592,-0.14562183591187994,HOLD,0,900308.3419538118,0.0,900308.3419538118,0,-9.969165804618818,-1.478117425934511
2002-08-06,35.136356353759766,-0.2483640272801182,-0.12320279609408438,-0.1251612311860338,HOLD,0,900308.3419538118,0.0,900308.3419538118,0,-9.969165804618818,-1.1635524393192154
2002-08-07,35.136356353759766,-0.2540184780929664,-0.1493659324938608,-0.10465254559910561,HOLD,0,900308.3419538118,0.0,900308.3419538118,0,-9.969165804618818,-1.1635524393192154
2002-08-08,34.99098205566406,-0.2671506160070436,-0.17292286919649735,-0.09422774681054624,HOLD,0,900308.3419538118,0.0,900308.3419538118,0,-9.969165804618818,-1.5724815566626305
2002-08-09,34.64431381225586,-0.30204932335113455,-0.1987481600274248,-0.10330116332370975,HOLD,0,900308.3419538118,0.0,900308.3419538118,0,-9.969165804618818,-2.547638380426509
2002-08-12,34.21936798095703,-0.3598482706519448,-0.2309681821523288,-0.128880088499616,HOLD,0,900308.3419538118,0.0,900308.3419538118,0,-9.969165804618818,-3.74298532956463
2002-08-13,34.21936798095703,-0.4010315111793403,-0.26498084795773114,-0.1360506632216092,HOLD,0,900308.3419538118,0.0,900308.3419538118,0,-9.969165804618818,-3.74298532956463
2002-08-14,34.64431381225586,-0.39482861039287087,-0.2909504004447591,-0.10387820994811175,HOLD,0,900308.3419538118,0.0,900308.3419538118,0,-9.969165804618818,-2.547638380426509
2002-08-15,34.398292541503906,-0.40509494493191056,-0.3137793093421894,-0.09131563558972117,HOLD,0,900308.3419538118,0.0,900308.3419538118,0,-9.969165804618818,-3.2396813509801614
2002-08-16,34.443023681640625,-0.40495360674011494,-0.33201416882177454,-0.0729394379183404,HOLD,0,900308.3419538118,0.0,900308.3419538118,0,-9.969165804618818,-3.11385535633405
2002-08-19,34.28646469116211,-0.4127170520497856,-0.3481547454673768,-0.0645623065824088,HOLD,0,900308.3419538118,0.0,900308.3419538118,0,-9.969165804618818,-3.554246337595457
2002-08-20,34.55485153198242,-0.39268641874207333,-0.35706108012231613,-0.035625338619757196,HOLD,0,900308.3419538118,0.0,900308.3419538118,0,-9.969165804618818,-2.7992903697187543
2002-08-21,34.55485153198242,-0.3725178437147534,-0.3601524328408036,-0.012365410873949767,HOLD,0,900308.3419538118,0.0,900308.3419538118,0,-9.969165804618818,-2.7992903697187543
2002-08-22,34.86796951293945,-0.32749296344645984,-0.35362053896193485,0.02612757551547501,BUY,25500,10641.63944030786,889133.222579956,899774.8620202639,25500,-10.022513797973609,-1.918508407195929
2002-08-23,34.923885345458984,-0.2840244243065442,-0.33970131603085674,0.05567689172431256,HOLD,25500,10641.63944030786,890559.0763092041,901200.715749512,0,-9.879928425048801,-1.7612205486318144
2002-08-26,34.36474609375,-0.29133483196223864,-0.33002801921713315,0.03869318725489451,HOLD,25500,10641.63944030786,876301.025390625,886942.6648309329,0,-11.305733516906713,-3.334045481708281
2002-08-27,34.498939514160156,-0.2830374160248681,-0.3206298985786802,0.03759248255381209,HOLD,25500,10641.63944030786,879722.957611084,890364.5970513918,0,-10.963540294860818,-2.956567497769935
2002-08-28,34.17463684082031,-0.29918139268195887,-0.31634019739933594,0.017158804717377074,HOLD,25500,10641.63944030786,871453.239440918,882094.8788812258,0,-11.790512111877415,-3.8688113242107525
2002-08-29,34.09635543823242,-0.3146650031732179,-0.3160051585541123,0.0013401553808944366,HOLD,25500,10641.63944030786,869457.0636749268,880098.7031152346,0,-11.990129688476536,-4.089012180097928
2002-08-30,34.07398986816406,-0.32499425911144186,-0.3178029786655782,-0.007191280445863646,SELL,0,879007.0490335085,0.0,879007.0490335085,25500,-12.099295096649143,-4.151925177420979
2002-09-02,33.99571228027344,-0.33562770870546643,-0.3213679246735559,-0.014259784031910527,HOLD,0,879007.0490335085,0.0,879007.0490335085,0,-12.099295096649143,-4.372115302795221
2002-09-03,34.2529182434082,-0.31961608715493384,-0.3210175571698315,0.0014014700148976544,BUY,25400,8460.911176910624,870024.1233825684,878485.034559479,25400,-12.151496544052097,-3.6486104683235765
2002-09-04,34.208187103271484,-0.30699731692362775,-0.31821350912059077,0.011216192196963015,HOLD,25400,8460.911176910624,868887.9524230957,877348.8636000063,0,-12.26511363999937,-3.774436462969699
2002-09-05,33.88388442993164,-0.3194825698359196,-0.31846732126365657,-0.0010152485722630389,SELL,0,868595.185298462,0.0,868595.185298462,25400,-13.140481470153798,-4.686680289410516
2002-09-06,33.939796447753906,-0.3211634181906504,-0.31900654064905537,-0.002156877541595048,HOLD,0,868595.185298462,0.0,868595.185298462,0,-13.140481470153798,-4.529403161359335
2002-09-09,33.626678466796875,-0.34379841275357137,-0.3239649150699586,-0.019833497683612755,HOLD,0,868595.185298462,0.0,868595.185298462,0,-13.140481470153798,-5.410185123882161
2002-09-10,33.10108947753906,-0.39954177900145993,-0.3390802878562589,-0.06046149114520105,HOLD,0,868595.185298462,0.0,868595.185298462,0,-13.140481470153798,-6.888635195717585
2002-09-11,32.54194641113281,-0.4832661791767805,-0.36791746612036325,-0.11534871305641725,HOLD,0,868595.185298462,0.0,868595.185298462,0,-13.140481470153798,-8.461470859306985
2002-09-12,32.508399963378906,-0.546030982221275,-0.4035401693405456,-0.1424908128807294,HOLD,0,868595.185298462,0.0,868595.185298462,0,-13.140481470153798,-8.555834990035105
2002-09-13,32.60904312133789,-0.5809545961400744,-0.4390230547004514,-0.141931541439623,HOLD,0,868595.185298462,0.0,868595.185298462,0,-13.140481470153798,-8.272731867337813
2002-09-16,32.094635009765625,-0.6427312416304787,-0.4797646920864569,-0.1629665495440218,HOLD,0,868595.185298462,0.0,868595.185298462,0,-13.140481470153798,-9.719730805768167
2002-09-17,32.31829071044922,-0.6659656944059691,-0.5170048925503593,-0.14896080185560978,HOLD,0,868595.185298462,0.0,868595.185298462,0,-13.140481470153798,-9.090600832537577
2002-09-18,32.28474426269531,-0.6792560427613736,-0.5494551225925622,-0.1298009201688114,HOLD,0,868595.185298462,0.0,868595.185298462,0,-13.140481470153798,-9.184964963265696
2002-09-19,32.430118560791016,-0.6703310891431684,-0.5736303159026835,-0.09670077324048487,HOLD,0,868595.185298462,0.0,868595.185298462,0,-13.140481470153798,-8.77603584592228
2002-09-20,32.1281852722168,-0.6797853497656732,-0.5948613226752815,-0.08492402709039171,HOLD,0,868595.185298462,0.0,868595.185298462,0,-13.140481470153798,-9.625355944527115
2002-09-23,31.792699813842773,-0.7062080651690934,-0.6171306711740439,-0.08907739399504955,HOLD,0,868595.185298462,0.0,868595.185298462,0,-13.140481470153798,-10.569056269629462
2002-09-24,31.289474487304688,-0.7590049985546514,-0.6455055366501654,-0.11349946190448601,HOLD,0,868595.185298462,0.0,868595.185298462,0,-13.140481470153798,-11.984598709398286
2002-09-25,31.647323608398438,-0.7631741190565933,-0.669039253131451,-0.09413486592514231,HOLD,0,868595.185298462,0.0,868595.185298462,0,-13.140481470153798,-10.97799075222935
2002-09-26,31.345388412475586,-0.78182938158551,-0.6915972788222629,-0.09023210276324711,HOLD,0,868595.185298462,0.0,868595.185298462,0,-13.140481470153798,-11.827316216090644
2002-09-27,31.51313018798828,-0.7741544811717063,-0.7081087192921516,-0.06604576187955469,HOLD,0,868595.185298462,0.0,868595.185298462,0,-13.140481470153798,-11.355468736167696
2002-10-08,31.401302337646484,-0.7682398494653988,-0.7201349453268011,-0.04810490413859769,HOLD,0,868595.185298462,0.0,868595.185298462,0,-13.140481470153798,-11.670033722782991
2002-10-09,31.009904861450195,-0.7860735993696757,-0.733322676135376,-0.05275092323429964,HOLD,0,868595.185298462,0.0,868595.185298462,0,-13.140481470153798,-12.77101117593652
2002-10-10,31.065818786621094,-0.7866274367526138,-0.7439836282588236,-0.042643808493790236,HOLD,0,868595.185298462,0.0,868595.185298462,0,-13.140481470153798,-12.613728682628878
2002-10-11,30.8421630859375,-0.7959384200928916,-0.7543745866256373,-0.04156383346725434,HOLD,0,868595.185298462,0.0,868595.185298462,0,-13.140481470153798,-13.242858655859468
2002-10-14,30.88689422607422,-0.7905945306751647,-0.7616185754355428,-0.02897595523962193,HOLD,0,868595.185298462,0.0,868595.185298462,0,-13.140481470153798,-13.117032661213345
2002-10-15,31.065818786621094,-0.7631249141284755,-0.7619198431741294,-0.001205070954346077,HOLD,0,868595.185298462,0.0,868595.185298462,0,-13.140481470153798,-12.613728682628878
2002-10-16,31.21119499206543,-0.7213095923071187,-0.7537977930007274,0.03248820069360869,BUY,27500,9772.338299293653,858307.8622817993,868080.200581093,27500,-13.191979941890708,-12.20479420002899
2002-10-17,30.85334587097168,-0.7088746165821149,-0.744813157717005,0.035938541134890034,HOLD,27500,9772.338299293653,848467.0114517212,858239.3497510148,0,-14.17606502489852,-13.211402157197938
2002-10-18,29.98108673095703,-0.7606356967237282,-0.7479776655183497,-0.012658031205378562,SELL,0,833757.5354695512,0.0,833757.5354695512,27500,-16.624246453044876,-15.665014418053701
2002-10-21,30.02581787109375,-0.7889527403938743,-0.7561726804934547,-0.032780059900419656,HOLD,0,833757.5354695512,0.0,833757.5354695512,0,-16.624246453044876,-15.53918842340758
2002-10-22,30.618505477905273,-0.7548676208981249,-0.7559116685743887,0.0010440476762638706,BUY,26900,9625.555435486021,823637.7973556519,833263.3527911379,26900,-16.673664720886215,-13.871993994346521
2002-10-23,30.33893585205078,-0.7418621256816067,-0.7531017599958324,0.0112396343142257,HOLD,26900,9625.555435486021,816117.374420166,825742.929855652,0,-17.4257070144348,-14.658406460884754
2002-10-24,30.316570281982422,-0.7250025139284588,-0.7474819107823577,0.02247939685389888,HOLD,26900,9625.555435486021,815515.7405853271,825141.2960208132,0,-17.485870397918678,-14.721319458207816
2002-10-25,29.802162170410156,-0.7445666844019456,-0.7468988655062754,0.0023321811043297558,HOLD,26900,9625.555435486021,801678.1623840332,811303.7178195192,0,-18.869628218048074,-16.16831839663817
2002-10-28,29.030548095703125,-0.8129629072919649,-0.7601116738634133,-0.05285123342855158,SELL,0,790078.7461636354,0.0,790078.7461636354,26900,-20.992125383636463,-18.33882216954017
2002-10-29,29.31011962890625,-0.8349831544027921,-0.7750859699712891,-0.05989718443150305,HOLD,0,790078.7461636354,0.0,790078.7461636354,0,-20.992125383636463,-17.552404337745475
2002-10-30,29.108827590942383,-0.8587774917271638,-0.791824274322464,-0.06695321740469973,HOLD,0,790078.7461636354,0.0,790078.7461636354,0,-20.992125383636463,-18.118626678909465
2002-10-31,29.17592430114746,-0.8622806966033778,-0.8059155587786468,-0.05636513782473096,HOLD,0,790078.7461636354,0.0,790078.7461636354,0,-20.992125383636463,-17.929887686940294
2002-11-01,29.32130241394043,-0.8436016977325593,-0.8134527865694294,-0.0301489111631299,HOLD,0,790078.7461636354,0.0,790078.7461636354,0,-20.992125383636463,-17.520947839083945
2002-11-04,29.813344955444336,-0.7801022030245406,-0.8067826698604517,0.026680466835911076,BUY,26200,8500.442548294319,781109.6378326416,789610.0803809359,26200,-21.038991961906405,-16.13686189797664
2002-11-05,30.092914581298828,-0.6991599825666199,-0.7852581324016853,0.08609814983506536,HOLD,26200,8500.442548294319,788434.3620300293,796934.8045783236,0,-20.306519542167635,-15.350449431438406
2002-11-06,29.880441665649414,-0.6447254842247112,-0.7571516027662905,0.11242611854157925,HOLD,26200,8500.442548294319,782867.5716400146,791368.014188309,0,-20.863198581169108,-15.948122906007466
2002-11-07,29.779796600341797,-0.6027587402010326,-0.726273030253239,0.12351429005220638,HOLD,26200,8500.442548294319,780230.6709289551,788731.1134772494,0,-21.126888652275056,-16.23123139396123
2002-11-08,29.16474151611328,-0.6120739903180805,-0.7034332222662073,0.09135923194812678,HOLD,26200,8500.442548294319,764116.227722168,772616.6702704623,0,-22.738332972953767,-17.961344185601824
2002-11-11,29.086462020874023,-0.6186415791716833,-0.6864748936473025,0.06783331447561924,HOLD,26200,8500.442548294319,762065.3049468994,770565.7474951937,0,-22.94342525048063,-18.18153967623253
2002-11-12,28.85162353515625,-0.6354706339242533,-0.6762740417026927,0.04080340777843938,HOLD,26200,8500.442548294319,755912.5366210938,764412.9791693881,0,-23.55870208306119,-18.84212614812465
2002-11-13,29.041730880737305,-0.626248701858696,-0.6662689737338934,0.04002027187519741,HOLD,26200,8500.442548294319,760893.3490753174,769393.7916236117,0,-23.060620837638833,-18.30736567087864
2002-11-14,28.88517189025879,-0.624375840342843,-0.6578903470556834,0.0335145067128404,HOLD,26200,8500.442548294319,756791.5035247803,765291.9460730746,0,-23.47080539269254,-18.74775665214006
2002-11-15,28.87398910522461,-0.6166851785272485,-0.6496493133499964,0.03296413482274796,HOLD,26200,8500.442548294319,756498.5145568848,764998.9571051791,0,-23.500104289482092,-18.77921315080159
2002-11-18,29.075279235839844,-0.5875746475568064,-0.6372343801913585,0.049659732634552034,HOLD,26200,8500.442548294319,761772.3159790039,770272.7585272982,0,-22.972724147270174,-18.21299617489406
2002-11-19,29.556140899658203,-0.5197119091123277,-0.6137298859755523,0.09401797686322466,HOLD,26200,8500.442548294319,774370.8915710449,782871.3341193392,0,-21.71286658806607,-16.86036136719182
2002-11-20,29.455495834350586,-0.4686491202802259,-0.5847137328364871,0.11606461255626122,HOLD,26200,8500.442548294319,771733.9908599854,780234.4334082797,0,-21.97655665917203,-17.14346985514559
2002-11-21,28.918720245361328,-0.466121636182649,-0.5609953135057195,0.0948736773230705,HOLD,26200,8500.442548294319,757670.4704284668,766170.9129767611,0,-23.38290870232389,-18.653387156155464
2002-11-22,28.974634170532227,-0.4543691160221073,-0.5396700740089971,0.08530095798688986,HOLD,26200,8500.442548294319,759135.4152679443,767635.8578162387,0,-23.236414218376133,-18.496104662847824
2002-11-25,29.27657127380371,-0.4158971547690058,-0.5149154901609989,0.09901833539199312,HOLD,26200,8500.442548294319,767046.1673736572,775546.6099219515,0,-22.445339007804844,-17.646773833730055
2002-11-26,28.750978469848633,-0.42294336715380254,-0.49652106555955966,0.07357769840575712,HOLD,26200,8500.442548294319,753275.6359100342,761776.0784583285,0,-23.822392154167147,-19.125234636078414
2002-11-27,28.661516189575195,-0.43078062864913136,-0.48337297817747404,0.052592349528342686,HOLD,26200,8500.442548294319,750931.7241668701,759432.1667151644,0,-24.056783328483554,-19.37688662537065
2002-11-28,29.388399124145508,-0.37402678884471285,-0.46150374031092184,0.08747695146620899,HOLD,26200,8500.442548294319,769976.0570526123,778476.4996009066,0,-22.15235003990934,-17.33220884711476
2002-11-29,29.388399124145508,-0.32529911619060314,-0.43426281548685813,0.10896369929625499,HOLD,26200,8500.442548294319,769976.0570526123,778476.4996009066,0,-22.15235003990934,-17.33220884711476
2002-12-02,29.064096450805664,-0.3092853509737168,-0.4092673225842299,0.09998197161051309,HOLD,26200,8500.442548294319,761479.3270111084,769979.7695594027,0,-23.002023044059726,-18.24445267355559
2002-12-03,29.511409759521484,-0.25753122139371243,-0.3789201023461264,0.12138888095241396,HOLD,26200,8500.442548294319,773198.9356994629,781699.3782477572,0,-21.830062175224274,-16.986187361837935
2002-12-04,29.578506469726562,-0.20869584132015362,-0.34487525014093184,0.13617940882077822,HOLD,26200,8500.442548294319,774956.8695068359,783457.3120551303,0,-21.654268794486974,-16.79744836986876
2002-12-05,30.305387496948242,-0.11007139218136075,-0.29791447854901765,0.1878430863676569,HOLD,26200,8500.442548294319,794001.152420044,802501.5949683383,0,-19.749840503166173,-14.752775956869346
2002-12-06,30.204742431640625,-0.03957581596118942,-0.24624674603145202,0.2066709300702626,HOLD,26200,8500.442548294319,791364.2517089844,799864.6942572787,0,-20.01353057427213,-15.035884444823111
2002-12-09,29.936355590820312,-0.005303009176511608,-0.19805799866046395,0.19275498948395234,HOLD,26200,8500.442548294319,784332.5164794922,792832.9590277865,0,-20.71670409722135,-15.790840412699826
2002-12-10,29.589689254760742,-0.006044956490399045,-0.15965539022645098,0.15361043373605193,HOLD,26200,8500.442548294319,775249.8584747314,783750.3010230258,0,-21.624969897697422,-16.76599187120723
2002-12-11,29.433130264282227,-0.01904640212788067,-0.13153359260673692,0.11248719047885625,HOLD,26200,8500.442548294319,771148.0129241943,779648.4554724887,0,-22.035154452751136,-17.20638285246865
2002-12-12,29.71269989013672,-0.006713816423808083,-0.10656963737015115,0.09985582094634307,HOLD,26200,8500.442548294319,778472.737121582,786973.1796698764,0,-21.302682033012367,-16.419970385930405
2002-12-13,29.62323760986328,-0.004111615607115482,-0.08607803301754402,0.08196641741042854,HOLD,26200,8500.442548294319,776128.825378418,784629.2679267123,0,-21.53707320732877,-16.67162237522265
2002-12-16,30.092914581298828,0.03544111056728383,-0.06177420430057845,0.09721531486786228,HOLD,26200,8500.442548294319,788434.3620300293,796934.8045783236,0,-20.306519542167635,-15.350449431438406
2002-12-17,30.104097366333008,0.06691790041528378,-0.03603578335740601,0.10295368377268979,HOLD,26200,8500.442548294319,788727.3509979248,797227.7935462191,0,-20.27722064537809,-15.318992932776876
2002-12-18,29.925172805786133,0.07654342152988747,-0.013519942379947315,0.09006336390983478,HOLD,26200,8500.442548294319,784039.5275115967,792539.970059891,0,-20.746002994010905,-15.822296911361345
2002-12-19,29.768613815307617,0.07072345824498072,0.0033287377450382915,0.06739472049994243,HOLD,26200,8500.442548294319,779937.6819610596,788438.1245093539,0,-21.156187549064608,-16.26268789262276
2002-12-20,30.00345230102539,0.08409124703064919,0.01948123960216047,0.06461000742848871,HOLD,26200,8500.442548294319,786090.4502868652,794590.8928351596,0,-20.54091071648404,-15.60210142073064
2002-12-23,29.96990394592285,0.0909300589539086,0.0337710034725101,0.0571590554813985,HOLD,26200,8500.442548294319,785211.4833831787,793711.925931473,0,-20.6288074068527,-15.696470916715233
2002-12-24,29.925172805786133,0.09168356641616526,0.045353516061241134,0.04633005035492413,HOLD,26200,8500.442548294319,784039.5275115967,792539.970059891,0,-20.746002994010905,-15.822296911361345
2002-12-25,29.600872039794922,0.06535894772301276,0.04935460239359546,0.016004345329417302,HOLD,26200,8500.442548294319,775542.847442627,784043.2899909213,0,-21.595671000907867,-16.7345353725457
2002-12-26,28.739795684814453,-0.02470043652474274,0.03454359460992782,-0.05924403113467056,SELL,0,761031.2999022676,0.0,761031.2999022676,26200,-23.89687000977324,-19.156691134739933
2002-12-27,28.89635467529297,-0.08248926042399063,0.011137023603144131,-0.09362628402713476,HOLD,0,761031.2999022676,0.0,761031.2999022676,0,-23.89687000977324,-18.716300153478528
2002-12-30,28.572053909301758,-0.15269550252755693,-0.02162948162299608,-0.13106602090456085,HOLD,0,761031.2999022676,0.0,761031.2999022676,0,-23.89687000977324,-19.628538614662883
2002-12-31,28.47140884399414,-0.21398893955599618,-0.060101373209596104,-0.15388756634640008,HOLD,0,761031.2999022676,0.0,761031.2999022676,0,-23.89687000977324,-19.911647102616648
2003-01-02,27.64388084411621,-0.32558587237986814,-0.11319827304365052,-0.21238759933621762,HOLD,0,761031.2999022676,0.0,761031.2999022676,0,-23.89687000977324,-22.23943336882629
2003-01-03,27.599149703979492,-0.41287728252480704,-0.17313407493988184,-0.2397432075849252,HOLD,0,761031.2999022676,0.0,761031.2999022676,0,-23.89687000977324,-22.36525936347241
2003-01-06,27.80044174194336,-0.4605053497520757,-0.2306083299023206,-0.22989701984975508,HOLD,0,761031.2999022676,0.0,761031.2999022676,0,-23.89687000977324,-21.79903702230841
2003-01-07,27.543235778808594,-0.5130907174337374,-0.28710480740860395,-0.2259859100251334,HOLD,0,761031.2999022676,0.0,761031.2999022676,0,-23.89687000977324,-22.522541856780055
2003-01-08,28.292484283447266,-0.488673780433281,-0.3274186020135394,-0.16125517841974163,HOLD,0,761031.2999022676,0.0,761031.2999022676,0,-23.89687000977324,-20.414951081201117
2003-01-09,28.53850555419922,-0.44434914117996627,-0.35080470984682477,-0.0935444313331415,HOLD,0,761031.2999022676,0.0,761031.2999022676,0,-23.89687000977324,-19.722908110647474
2003-01-10,28.415494918823242,-0.41437086605502316,-0.36351794108846447,-0.05085292496655869,HOLD,0,761031.2999022676,0.0,761031.2999022676,0,-23.89687000977324,-20.06892959592429
2003-01-13,28.370763778686523,-0.38972973443180337,-0.36876029975713226,-0.020969434674671106,HOLD,0,761031.2999022676,0.0,761031.2999022676,0,-23.89687000977324,-20.194755590570413
2003-01-14,29.511409759521484,-0.2749909378577513,-0.35000642737725607,0.07501548951950476,BUY,25500,8038.826465149177,752540.9488677979,760579.775332947,25500,-23.942022466705293,-16.986187361837935
2003-01-15,29.858076095581055,-0.1543077748407633,-0.31086669686995755,0.15655892202919425,HOLD,25500,8038.826465149177,761380.9404373169,769419.7669024661,0,-23.058023309753395,-16.01103590333053
2003-01-16,30.316570281982422,-0.02142191117046721,-0.2529777397300595,0.23155582855959228,HOLD,25500,8038.826465149177,773072.5421905518,781111.3686557009,0,-21.888863134429904,-14.721319458207816
2003-01-17,29.835710525512695,0.04457588647300881,-0.19346701448944584,0.23804290096245465,HOLD,25500,8038.826465149177,760810.6184005737,768849.4448657229,0,-23.115055513427706,-16.07394890065359
2003-01-20,29.67915153503418,0.08328653910168526,-0.1381163037712196,0.22140284287290488,HOLD,25500,8038.826465149177,756818.3641433716,764857.1906085208,0,-23.514280939147923,-16.514339881914996
2003-01-21,29.69033432006836,0.113558337669879,-0.0877813754829999,0.2013397131528789,HOLD,25500,8038.826465149177,757103.5251617432,765142.3516268923,0,-23.485764837310764,-16.482883383253466
2003-01-22,29.455495834350586,0.11724789224388488,-0.046775521937622945,0.16402341418150782,HOLD,25500,8038.826465149177,751115.1437759399,759153.9702410891,0,-24.08460297589109,-17.14346985514559
2003-01-23,29.466678619384766,0.11969448460808607,-0.013481520628481144,0.13317600523656722,HOLD,25500,8038.826465149177,751400.3047943115,759439.1312594607,0,-24.05608687405393,-17.112013356484056
2003-01-24,29.522592544555664,0.12470766086594054,0.014156315670403192,0.11055134519553735,HOLD,25500,8038.826465149177,752826.1098861694,760864.9363513186,0,-23.91350636486814,-16.954730863176415
2003-01-27,29.98108673095703,0.16378922795050954,0.044082898126424463,0.11970632982408508,HOLD,25500,8038.826465149177,764517.7116394043,772556.5381045535,0,-22.74434618954465,-15.665014418053701
2003-01-28,30.01463508605957,0.19521836749274968,0.07430999199968952,0.12090837549306016,HOLD,25500,8038.826465149177,765373.194694519,773412.0211596682,0,-22.658797884033177,-15.57064492206911
2003-01-29,30.05936622619629,0.2211859225581989,0.1036851781113914,0.11750074444680751,HOLD,25500,8038.826465149177,766513.8387680054,774552.6652331545,0,-22.54473347668454,-15.444818927422999
2003-02-10,29.746248245239258,0.2140321632589668,0.1257545751409065,0.0882775881180603,HOLD,25500,8038.826465149177,758529.3302536011,766568.1567187503,0,-23.343184328124977,-16.325600889945825
2003-02-11,29.813344955444336,0.21134069723451532,0.14287179955962825,0.06846889767488706,HOLD,25500,8038.826465149177,760240.2963638306,768279.1228289797,0,-23.17208771710203,-16.13686189797664
2003-02-12,30.05936622619629,0.2264491862242366,0.15958727689254992,0.06686190933168668,HOLD,25500,8038.826465149177,766513.8387680054,774552.6652331545,0,-22.54473347668454,-15.444818927422999
2003-02-13,29.802162170410156,0.21518800150989392,0.17070742181601872,0.0444805796938752,HOLD,25500,8038.826465149177,759955.135345459,767993.9618106082,0,-23.20060381893918,-16.16831839663817
2003-02-14,30.05936622619629,0.224430553531338,0.18145204815908259,0.04297850537225542,HOLD,25500,8038.826465149177,766513.8387680054,774552.6652331545,0,-22.54473347668454,-15.444818927422999
2003-02-17,29.69033432006836,0.19967581341791885,0.18509680121084984,0.014579012207069003,HOLD,25500,8038.826465149177,757103.5251617432,765142.3516268923,0,-23.485764837310764,-16.482883383253466
2003-02-18,29.63442039489746,0.17354519606849905,0.1827864801823797,-0.009241284113880643,SELL,0,763263.1399029925,0.0,763263.1399029925,25500,-23.673686009700745,-16.64016587656112
2003-02-19,29.7238826751709,0.15823135929439758,0.17787545600478327,-0.019644096710385694,HOLD,0,763263.1399029925,0.0,763263.1399029925,0,-23.673686009700745,-16.388513887268875
2003-02-20,29.846893310546875,0.154242946874092,0.17314895417864504,-0.018906007304553024,HOLD,0,763263.1399029925,0.0,763263.1399029925,0,-23.673686009700745,-16.04249240199206
2003-02-21,29.500226974487305,0.12170607333349892,0.16286037800961584,-0.041154304676116915,HOLD,0,763263.1399029925,0.0,763263.1399029925,0,-23.673686009700745,-17.017643860499465
2003-02-24,29.421947479248047,0.0885827389070144,0.14800485018909557,-0.059422111282081164,HOLD,0,763263.1399029925,0.0,763263.1399029925,0,-23.673686009700745,-17.23783935113018
2003-02-25,30.07054901123047,0.11336221176341255,0.14107632250395896,-0.027714110740546416,HOLD,0,763263.1399029925,0.0,763263.1399029925,0,-23.673686009700745,-15.413362428761468
2003-02-26,29.858076095581055,0.11453504523997182,0.13576806705116154,-0.021233021811189717,HOLD,0,763263.1399029925,0.0,763263.1399029925,0,-23.673686009700745,-16.01103590333053
2003-02-27,29.902807235717773,0.11771698526538898,0.13215785069400704,-0.014440865428618055,HOLD,0,763263.1399029925,0.0,763263.1399029925,0,-23.673686009700745,-15.885209908684406
2003-02-28,29.96990394592285,0.12422089823311566,0.13057046020182878,-0.006349561968713113,HOLD,0,763263.1399029925,0.0,763263.1399029925,0,-23.673686009700745,-15.696470916715233
2003-03-03,30.640871047973633,0.18142537495850775,0.14074144315316459,0.04068393180534316,BUY,24600,9045.452866173116,753765.4277801514,762810.8806463245,24600,-23.718911935367547,-13.80908099702346
2003-03-04,30.495494842529297,0.21257920928103857,0.1551089963787394,0.05747021290229917,HOLD,24600,9045.452866173116,750189.1731262207,759234.6259923938,0,-24.07653740076062,-14.218015479623347
2003-03-05,31.121732711791992,0.28452122620675624,0.18099144234434278,0.10352978386241346,HOLD,24600,9045.452866173116,765594.624710083,774640.0775762561,0,-22.53599224237439,-12.456446189321223
2003-03-06,30.752700805664062,0.30820520449212196,0.20643419477389863,0.10177100971822334,HOLD,24600,9045.452866173116,756516.4398193359,765561.892685509,0,-23.443810731449098,-13.494510645151703
2003-03-07,30.540225982666016,0.3062991593826112,0.22640718769564117,0.07989197168697004,HOLD,24600,9045.452866173116,751289.559173584,760335.0120397571,0,-23.966498796024293,-14.092189484977224
2003-03-10,30.08173179626465,0.26474019567353935,0.2340737892912208,0.030666406382318545,HOLD,24600,9045.452866173116,740010.6021881104,749056.0550542835,0,-25.09439449457165,-15.381905930099936
2003-03-11,29.96990394592285,0.22024203153604915,0.23130743774018647,-0.011065406204137318,SELL,0,745862.7341536334,0.0,745862.7341536334,24600,-25.413726584636663,-15.696470916715233
2003-03-12,30.03700065612793,0.18822136094285113,0.22269022238071942,-0.03446886143786829,HOLD,0,745862.7341536334,0.0,745862.7341536334,0,-25.413726584636663,-15.50773192474606
2003-03-13,30.126462936401367,0.1681255603467129,0.21177728997391812,-0.04365172962720523,HOLD,0,745862.7341536334,0.0,745862.7341536334,0,-25.413726584636663,-15.256079935453815
2003-03-14,29.99226951599121,0.1397601381905602,0.19737385961724654,-0.05761372142668633,HOLD,0,745862.7341536334,0.0,745862.7341536334,0,-25.413726584636663,-15.633557919392171
2003-03-17,29.768613815307617,0.09810232831921084,0.17751955335763941,-0.07941722503842857,HOLD,0,745862.7341536334,0.0,745862.7341536334,0,-25.413726584636663,-16.26268789262276
2003-03-18,29.399581909179688,0.034908025186787484,0.14899724772346903,-0.11408922253668155,HOLD,0,745862.7341536334,0.0,745862.7341536334,0,-25.413726584636663,-17.30075234845323
2003-03-19,28.974634170532227,-0.048899958130284915,0.10941780655271825,-0.15831776468300318,HOLD,0,745862.7341536334,0.0,745862.7341536334,0,-25.413726584636663,-18.496104662847824
2003-03-20,29.064096450805664,-0.10686762688246887,0.06616071986568084,-0.1730283467481497,HOLD,0,745862.7341536334,0.0,745862.7341536334,0,-25.413726584636663,-18.24445267355559
2003-03-21,29.556140899658203,-0.11181461785526281,0.030565652321492113,-0.14238027017675492,HOLD,0,745862.7341536334,0.0,745862.7341536334,0,-25.413726584636663,-16.86036136719182
2003-03-24,29.421947479248047,-0.12512111306204687,-0.0005717007552156838,-0.12454941230683118,HOLD,0,745862.7341536334,0.0,745862.7341536334,0,-25.413726584636663,-17.23783935113018
2003-03-25,29.075279235839844,-0.16177499495676884,-0.032812359595526315,-0.12896263536124253,HOLD,0,745862.7341536334,0.0,745862.7341536334,0,-25.413726584636663,-18.21299617489406
2003-03-26,28.739795684814453,-0.21541105470016575,-0.0693320986164542,-0.14607895608371155,HOLD,0,745862.7341536334,0.0,745862.7341536334,0,-25.413726584636663,-19.156691134739933
2003-03-27,29.220657348632812,-0.2166194467905349,-0.09878956825127035,-0.11782987853926456,HOLD,0,745862.7341536334,0.0,745862.7341536334,0,-25.413726584636663,-17.80405632703771
2003-03-28,29.120010375976562,-0.22312641337761363,-0.12365693727653901,-0.09946947610107462,HOLD,0,745862.7341536334,0.0,745862.7341536334,0,-25.413726584636663,-18.087170180247934
2003-03-31,29.131193161010742,-0.22478963895305526,-0.14388347761184228,-0.08090616134121298,HOLD,0,745862.7341536334,0.0,745862.7341536334,0,-25.413726584636663,-18.055713681586404
2003-04-01,29.32130241394043,-0.20836562013653648,-0.15677990611678114,-0.05158571401975534,HOLD,0,745862.7341536334,0.0,745862.7341536334,0,-25.413726584636663,-17.520947839083945
2003-04-02,29.466678619384766,-0.18152629988716384,-0.1617291848708577,-0.019797115016306155,HOLD,0,745862.7341536334,0.0,745862.7341536334,0,-25.413726584636663,-17.112013356484056
2003-04-03,29.410764694213867,-0.16289003674374314,-0.16196135524543478,-0.0009286814983083536,HOLD,0,745862.7341536334,0.0,745862.7341536334,0,-25.413726584636663,-17.2692958497917
2003-04-04,29.108827590942383,-0.17051882984968358,-0.16367285016628455,-0.006845979683399034,HOLD,0,745862.7341536334,0.0,745862.7341536334,0,-25.413726584636663,-18.118626678909465
2003-04-07,28.728612899780273,-0.2048830866510336,-0.17191489746323438,-0.03296818918779923,HOLD,0,745862.7341536334,0.0,745862.7341536334,0,-25.413726584636663,-19.188147633401464
2003-04-08,28.627967834472656,-0.23750046586009432,-0.18503201114260637,-0.052468454717487956,HOLD,0,745862.7341536334,0.0,745862.7341536334,0,-25.413726584636663,-19.47125612135523
2003-04-09,29.075279235839844,-0.22466587378251646,-0.19295878367058839,-0.03170709011192807,HOLD,0,745862.7341536334,0.0,745862.7341536334,0,-25.413726584636663,-18.21299617489406
2003-04-10,28.985816955566406,-0.21918657899959015,-0.19820434273638876,-0.020982236263201393,HOLD,0,745862.7341536334,0.0,745862.7341536334,0,-25.413726584636663,-18.464648164186293
2003-04-11,29.589689254760742,-0.16422368225103057,-0.19140821063931712,0.027184528388286555,BUY,24900,8637.401752624777,736783.2624435425,745420.6641961673,24900,-25.457933580383273,-16.76599187120723
2003-04-14,30.271839141845703,-0.06487357349536893,-0.1661012832105275,0.10122770971515857,HOLD,24900,8637.401752624777,753768.794631958,762406.1963845828,0,-23.759380361541727,-14.847145452853939
2003-04-15,30.148828506469727,0.003891316565201919,-0.13210276325538162,0.13599407982058354,HOLD,24900,8637.401752624777,750705.8298110962,759343.231563721,0,-24.065676843627905,-15.193166938130764
2003-04-16,29.62323760986328,0.01579511826154345,-0.10252318695199661,0.11831830521354006,HOLD,24900,8637.401752624777,737618.6164855957,746256.0182382205,0,-25.374398176177948,-16.67162237522265
2003-04-17,29.388399124145508,0.0062079028579837825,-0.08077696899000053,0.08698487184798431,HOLD,24900,8637.401752624777,731771.1381912231,740408.5399438479,0,-25.959146005615207,-17.33220884711476
2003-04-18,29.500226974487305,0.007546546624819683,-0.06311226586703649,0.07065881249185617,HOLD,24900,8637.401752624777,734555.6516647339,743193.0534173587,0,-25.680694658264137,-17.017643860499465
2003-04-21,28.594419479370117,-0.06374880669113736,-0.06323957403185666,-0.0005092326592806978,SELL,0,720211.2461619189,0.0,720211.2461619189,24900,-27.97887538380811,-19.565625617339823
2003-04-22,28.48259162902832,-0.12780124755921207,-0.07615190873732774,-0.05164933882188433,HOLD,0,720211.2461619189,0.0,720211.2461619189,0,-27.97887538380811,-19.880190603955118
2003-04-23,28.001731872558594,-0.21488754223053874,-0.10389903543596996,-0.11098850679456879,HOLD,0,720211.2461619189,0.0,720211.2461619189,0,-27.97887538380811,-21.23282004640088
2003-04-24,27.63269805908203,-0.31010727910528857,-0.1451406841698337,-0.16496659493545487,HOLD,0,720211.2461619189,0.0,720211.2461619189,0,-27.97887538380811,-22.27088986748782
2003-04-25,27.901086807250977,-0.35976572234005744,-0.18806569180387844,-0.171700030536179,HOLD,0,720211.2461619189,0.0,720211.2461619189,0,-27.97887538380811,-21.515928534354643
2003-04-28,28.11355972290039,-0.37762260941133263,-0.2259770753253693,-0.15164553408596335,HOLD,0,720211.2461619189,0.0,720211.2461619189,0,-27.97887538380811,-20.918255059785583
2003-04-29,27.71097755432129,-0.41942447330640675,-0.2646665549215768,-0.15475791838482994,HOLD,0,720211.2461619189,0.0,720211.2461619189,0,-27.97887538380811,-22.050694376857116
2003-04-30,28.16947364807129,-0.41082026832896545,-0.29389729760305455,-0.1169229707259109,HOLD,0,720211.2461619189,0.0,720211.2461619189,0,-27.97887538380811,-20.760972566477943
2003-05-12,27.923452377319336,-0.419022998069547,-0.31892243769635303,-0.10010056037319398,HOLD,0,720211.2461619189,0.0,720211.2461619189,0,-27.97887538380811,-21.453015537031593
2003-05-13,26.458505630493164,-0.5375362960681613,-0.3626452093707147,-0.17489108669744663,HOLD,0,720211.2461619189,0.0,720211.2461619189,0,-27.97887538380811,-25.573822226948415
2003-05-14,26.61506462097168,-0.6117737890366755,-0.4124709253039069,-0.19930286373276856,HOLD,0,720211.2461619189,0.0,720211.2461619189,0,-27.97887538380811,-25.133431245687
2003-05-15,27.453773498535156,-0.5960597344452729,-0.44918868713218013,-0.1468710473130928,HOLD,0,720211.2461619189,0.0,720211.2461619189,0,-27.97887538380811,-22.7741938460723
2003-05-16,27.27484893798828,-0.5912286340033788,-0.4775966765064199,-0.11363195749695887,HOLD,0,720211.2461619189,0.0,720211.2461619189,0,-27.97887538380811,-23.277497824656766
2003-05-19,28.012914657592773,-0.5218288980875379,-0.4864431208226435,-0.035385777264894336,HOLD,0,720211.2461619189,0.0,720211.2461619189,0,-27.97887538380811,-21.201363547739348
2003-05-20,27.67742919921875,-0.4882714902962739,-0.48680879471736965,-0.0014626955789042717,HOLD,0,720211.2461619189,0.0,720211.2461619189,0,-27.97887538380811,-22.145063872841707
2003-05-21,27.62151527404785,-0.46087609656693473,-0.4816222550872827,0.020746158520347946,BUY,25800,7148.571035042056,712635.0940704346,719783.6651054766,25800,-28.021633489452334,-22.30234636614935
2003-05-22,27.845172882080078,-0.4163186872030096,-0.46856154151042806,0.052242854307418485,HOLD,25800,7148.571035042056,718405.460357666,725554.0313927081,0,-27.4445968607292,-21.673211027662298
2003-05-23,27.65506362915039,-0.3918300739783369,-0.45321524800400986,0.06138517402567295,HOLD,25800,7148.571035042056,713500.6416320801,720649.2126671221,0,-27.93507873328779,-22.207976870164757
2003-05-26,27.766891479492188,-0.35925779835933724,-0.4344237580750754,0.07516595971573814,HOLD,25800,7148.571035042056,716385.8001708984,723534.3712059405,0,-27.646562879405955,-21.893411883549476
2003-05-27,27.82280731201172,-0.3251835809826744,-0.4125757226565952,0.08739214167392079,HOLD,25800,7148.571035042056,717828.4286499023,724976.9996849444,0,-27.502300031505555,-21.736124024985358
2003-05-28,28.12474250793457,-0.27069546249733634,-0.3841996706247435,0.11350420812740714,HOLD,25800,7148.571035042056,725618.3567047119,732766.927739754,0,-26.723307226024605,-20.886798561124063
2003-05-29,28.393129348754883,-0.2035107161257521,-0.34806187972494523,0.14455116359919312,HOLD,25800,7148.571035042056,732542.737197876,739691.308232918,0,-26.030869176708194,-20.131842593247352
2003-05-30,29.231840133666992,-0.08164818024475906,-0.294779139828908,0.21313095958414896,HOLD,25800,7148.571035042056,754181.4754486084,761330.0464836505,0,-23.866995351634955,-17.77259982837618
2003-06-02,29.120010375976562,0.005837736772104307,-0.23465576450870557,0.24049350128080987,HOLD,25800,7148.571035042056,751296.2677001953,758444.8387352374,0,-24.15551612647626,-18.087170180247934
2003-06-03,28.728612899780273,0.043091716541486136,-0.17910626829866724,0.22219798484015338,HOLD,25800,7148.571035042056,741198.212814331,748346.7838493731,0,-25.165321615062687,-19.188147633401464
2003-06-04,28.560871124267578,0.05840712353880306,-0.1316035899311732,0.19001071346997625,HOLD,25800,7148.571035042056,736870.4750061035,744019.0460411456,0,-25.598095395885444,-19.659995113324413
2003-06-05,28.583236694335938,0.0715249138294638,-0.0909778891790458,0.1625028030085096,HOLD,25800,7148.571035042056,737447.5067138672,744596.0777489092,0,-25.540392225109077,-19.597082116001353
2003-06-06,28.370763778686523,0.06403787974521791,-0.05997473539419306,0.12401261513941098,HOLD,25800,7148.571035042056,731965.7054901123,739114.2765251544,0,-26.08857234748456,-20.194755590570413
2003-06-09,28.314849853515625,0.05298182334369983,-0.03738342364661448,0.09036524699031431,HOLD,25800,7148.571035042056,730523.1262207031,737671.6972557452,0,-26.232830274425478,-20.352038083878053
2003-06-10,28.47140884399414,0.056204925707248776,-0.018665753775841832,0.0748706794830906,HOLD,25800,7148.571035042056,734562.3481750488,741710.9192100909,0,-25.82890807899091,-19.911647102616648
2003-06-11,28.639150619506836,0.07147074668019116,-0.0006384536846352354,0.07210920036482639,HOLD,25800,7148.571035042056,738890.0859832764,746038.6570183184,0,-25.39613429816816,-19.43979962269371
2003-06-12,28.639150619506836,0.082616666283716,0.016012570309035013,0.06660409597468099,HOLD,25800,7148.571035042056,738890.0859832764,746038.6570183184,0,-25.39613429816816,-19.43979962269371
2003-06-13,28.683881759643555,0.0939760199864601,0.03160526024452003,0.06237075974194007,HOLD,25800,7148.571035042056,740044.1493988037,747192.7204338458,0,-25.280727956615422,-19.313973628047588
2003-06-16,28.337215423583984,0.07415055211934174,0.040114318619484376,0.03403623349985736,HOLD,25800,7148.571035042056,731100.1579284668,738248.7289635089,0,-26.17512710364911,-20.289125086555003
2003-06-17,28.12474250793457,0.0408233512358116,0.04025612514274982,0.0005672260930617776,HOLD,25800,7148.571035042056,725618.3567047119,732766.927739754,0,-26.723307226024605,-20.886798561124063
2003-06-18,27.979366302490234,0.002650110778958492,0.032734922269991557,-0.030084811491033064,SELL,0,728583.1010489275,0.0,728583.1010489275,25800,-27.141689895107245,-21.295733043723942
2003-06-19,27.845172882080078,-0.03799278762626912,0.01858938029073942,-0.05658216791700854,HOLD,0,728583.1010489275,0.0,728583.1010489275,0,-27.141689895107245,-21.673211027662298
2003-06-20,27.957000732421875,-0.060481807858071335,0.00277514266097727,-0.0632569505190486,HOLD,0,728583.1010489275,0.0,728583.1010489275,0,-27.141689895107245,-21.358646041047002
2003-06-23,28.426677703857422,-0.039945050399715853,-0.005768895951161355,-0.0341761544485545,HOLD,0,728583.1010489275,0.0,728583.1010489275,0,-27.141689895107245,-20.037473097262758
2003-06-24,28.4937744140625,-0.018047339891488434,-0.008224584739226772,-0.009822755152261662,HOLD,0,728583.1010489275,0.0,728583.1010489275,0,-27.141689895107245,-19.848734105293588
2003-06-25,28.46022605895996,-0.0033615683631182947,-0.007251981464005077,0.003890413100886782,BUY,25300,8107.355525665567,720043.719291687,728151.0748173526,25300,-27.184892518264746,-19.943103601278178
2003-06-26,28.16947364807129,-0.015011238052942133,-0.008803832781792488,-0.006207405271149645,SELL,0,720367.4262118915,0.0,720367.4262118915,25300,-27.96325737881086,-20.760972566477943
2003-06-27,27.923452377319336,-0.043593032336545434,-0.01576167269274308,-0.027831359643802355,HOLD,0,720367.4262118915,0.0,720367.4262118915,0,-27.96325737881086,-21.453015537031593
2003-06-30,27.912269592285156,-0.066381463332565,-0.025885630820707467,-0.04049583251185754,HOLD,0,720367.4262118915,0.0,720367.4262118915,0,-27.96325737881086,-21.484472035693123
2003-07-01,28.225387573242188,-0.058501090693752644,-0.03240872279531651,-0.026092367898436136,HOLD,0,720367.4262118915,0.0,720367.4262118915,0,-27.96325737881086,-20.6036900731703
2003-07-02,28.068828582763672,-0.06414936674774196,-0.038756851585801604,-0.02539251516194036,HOLD,0,720367.4262118915,0.0,720367.4262118915,0,-27.96325737881086,-21.044081054431707
2003-07-03,28.001731872558594,-0.07319605145884722,-0.04564469156041073,-0.02755135989843649,HOLD,0,720367.4262118915,0.0,720367.4262118915,0,-27.96325737881086,-21.23282004640088
2003-07-04,27.945817947387695,-0.08391013691327487,-0.05329778063098356,-0.03061235628229131,HOLD,0,720367.4262118915,0.0,720367.4262118915,0,-27.96325737881086,-21.390102539708533
2003-07-07,27.81162452697754,-0.10205301077025197,-0.06304882665883725,-0.03900418411141472,HOLD,0,720367.4262118915,0.0,720367.4262118915,0,-27.96325737881086,-21.767580523646892
2003-07-08,28.14710807800293,-0.08834229521149695,-0.06810752036936919,-0.020234774842127753,HOLD,0,720367.4262118915,0.0,720367.4262118915,0,-27.96325737881086,-20.823885563801003
2003-07-09,28.012914657592773,-0.08729842003195287,-0.07194570030188593,-0.015352719730066938,HOLD,0,720367.4262118915,0.0,720367.4262118915,0,-27.96325737881086,-21.201363547739348
2003-07-10,28.661516189575195,-0.03374542216867482,-0.06430564467524372,0.030560222506568896,BUY,24800,9135.341349525843,710805.6015014648,719940.9428509907,24800,-28.005905714900937,-19.37688662537065
2003-07-11,28.739795684814453,0.01484113614407434,-0.04847628851138011,0.06331742465545445,HOLD,24800,9135.341349525843,712746.9329833984,721882.2743329243,0,-27.81177256670757,-19.156691134739933
2003-07-14,29.48370361328125,0.11208148084065428,-0.01636473464097323,0.12844621548162752,HOLD,24800,9135.341349525843,731195.849609375,740331.1909589008,0,-25.966880904109914,-17.06412307726646
2003-07-15,29.620088577270508,0.19786936648138465,0.026482085583498342,0.1713872808978863,HOLD,24800,9135.341349525843,734578.1967163086,743713.5380658344,0,-25.62864619341656,-16.680480413648404
2003-07-16,29.79366683959961,0.27667387483036165,0.07652044343287101,0.20015343139749064,HOLD,24800,9135.341349525843,738882.9376220703,748018.2789715962,0,-25.198172102840388,-16.19221524893878
2003-07-17,30.00444221496582,0.35207631017765806,0.13163161678182841,0.22044469339582964,HOLD,24800,9135.341349525843,744110.1669311523,753245.5082806782,0,-24.675449171932186,-15.599316852624668
2003-07-18,29.272930145263672,0.3487857874657898,0.1750624509186207,0.17372333654716912,HOLD,24800,9135.341349525843,725968.6676025391,735104.0089520649,0,-26.489599104793506,-17.657016108324097
2003-07-21,29.3845157623291,0.35113439254330103,0.21027683924355675,0.14085755329974428,HOLD,24800,9135.341349525843,728735.9909057617,737871.3322552876,0,-26.212866774471244,-17.34313250928001
2003-07-22,29.53329849243164,0.3608416440219706,0.24038980019923953,0.12045184382273108,HOLD,24800,9135.341349525843,732425.8026123047,741561.1439618305,0,-25.84388560381695,-16.92461567863144
2003-07-23,29.545696258544922,0.3653238805795702,0.2653766162753057,0.09994726430426454,HOLD,24800,9135.341349525843,732733.2672119141,741868.6085614399,0,-25.813139143856013,-16.88974151160092
2003-07-24,29.32252311706543,0.3468693836268528,0.28167516974561513,0.0651942138812377,HOLD,24800,9135.341349525843,727198.5733032227,736333.9146527485,0,-26.366608534725156,-17.517514074945552
2003-07-25,28.888574600219727,0.29384082901664144,0.2841083015998204,0.009732527416821013,HOLD,24800,9135.341349525843,716436.6500854492,725571.9914349751,0,-27.44280085650249,-18.738185034604292
2003-07-28,28.80178451538086,0.24202220163953925,0.27569108160776423,-0.033668879968224985,SELL,0,722991.0267773822,0.0,722991.0267773822,24800,-27.700897322261774,-18.98232029958734
2003-07-29,29.01255989074707,0.2154794642463571,0.26364875813548283,-0.04816929388912572,HOLD,0,722991.0267773822,0.0,722991.0267773822,0,-27.700897322261774,-18.389421903273227
2003-07-30,28.9505672454834,0.1872829835982266,0.2483756032280316,-0.061092619629805,HOLD,0,722991.0267773822,0.0,722991.0267773822,0,-27.700897322261774,-18.563803468938755
2003-07-31,28.70259666442871,0.14327631584278677,0.22735574575098264,-0.08407942990819586,HOLD,0,722991.0267773822,0.0,722991.0267773822,0,-27.700897322261774,-19.261329731600895
2003-08-01,28.38023567199707,0.08144997201314652,0.19817459100341542,-0.1167246189902689,HOLD,0,722991.0267773822,0.0,722991.0267773822,0,-27.700897322261774,-20.168111726959093
2003-08-04,28.38023567199707,0.032082324032508325,0.164956137609234,-0.13287381357672567,HOLD,0,722991.0267773822,0.0,722991.0267773822,0,-27.700897322261774,-20.168111726959093
2003-08-05,28.615806579589844,0.01183033805471112,0.13433097769832944,-0.12250063964361832,HOLD,0,722991.0267773822,0.0,722991.0267773822,0,-27.700897322261774,-19.505464996583942
2003-08-06,28.764589309692383,0.0076972866209708,0.10900423948285771,-0.10130695286188691,HOLD,0,722991.0267773822,0.0,722991.0267773822,0,-27.700897322261774,-19.086948165935368
2003-08-07,28.54141616821289,-0.013431563100361643,0.08451707896621385,-0.0979486420665755,HOLD,0,722991.0267773822,0.0,722991.0267773822,0,-27.700897322261774,-19.71472072928
2003-08-08,28.243850708007812,-0.053569854572462106,0.056899692258478664,-0.11046954683094076,HOLD,0,722991.0267773822,0.0,722991.0267773822,0,-27.700897322261774,-20.55175439057715
2003-08-11,28.18185806274414,-0.08935203350101162,0.02764934710658061,-0.11700138060759223,HOLD,0,722991.0267773822,0.0,722991.0267773822,0,-27.700897322261774,-20.726135956242686
2003-08-12,28.504220962524414,-0.0906526884226615,0.0039889400007321885,-0.09464162842339369,HOLD,0,722991.0267773822,0.0,722991.0267773822,0,-27.700897322261774,-19.81934859562803
2003-08-13,28.47942352294922,-0.09261678431402487,-0.015332204862219223,-0.07728457945180564,HOLD,0,722991.0267773822,0.0,722991.0267773822,0,-27.700897322261774,-19.889102294945527
2003-08-14,28.268648147583008,-0.10991413400952865,-0.03424859069168111,-0.07566554331784754,HOLD,0,722991.0267773822,0.0,722991.0267773822,0,-27.700897322261774,-20.48200069125964
2003-08-15,28.281047821044922,-0.12122445814996397,-0.05164376418333769,-0.06958069396662628,HOLD,0,722991.0267773822,0.0,722991.0267773822,0,-27.700897322261774,-20.44712115897266
2003-08-18,28.206655502319336,-0.13463877789451217,-0.06824276692557259,-0.06639601096893959,HOLD,0,722991.0267773822,0.0,722991.0267773822,0,-27.700897322261774,-20.656382256925177
2003-08-19,28.243850708007812,-0.14064708860361463,-0.082723631261181,-0.057923457342433635,HOLD,0,722991.0267773822,0.0,722991.0267773822,0,-27.700897322261774,-20.55175439057715
2003-08-20,28.107467651367188,-0.15463119879315101,-0.09710514476757501,-0.05752605402557601,HOLD,0,722991.0267773822,0.0,722991.0267773822,0,-27.700897322261774,-20.935391688938743
2003-08-21,27.524736404418945,-0.2103109150937179,-0.11974629883280359,-0.09056461626091432,HOLD,0,722991.0267773822,0.0,722991.0267773822,0,-27.700897322261774,-22.57457947924606
2003-08-22,27.003997802734375,-0.2930783201348852,-0.15441270309321992,-0.1386656170416653,HOLD,0,722991.0267773822,0.0,722991.0267773822,0,-27.700897322261774,-24.03938570388785
2003-08-25,26.470861434936523,-0.39711405063096095,-0.20295297260076814,-0.1941610780301928,HOLD,0,722991.0267773822,0.0,722991.0267773822,0,-27.700897322261774,-25.53906609556016
2003-08-26,26.483259201049805,-0.4731090142569556,-0.25698418093200565,-0.21612483332494997,HOLD,0,722991.0267773822,0.0,722991.0267773822,0,-27.700897322261774,-25.50419192852963
2003-08-27,27.115585327148438,-0.4768157020329049,-0.30095048515218553,-0.17586521688071938,HOLD,0,722991.0267773822,0.0,722991.0267773822,0,-27.700897322261774,-23.725496739587292
2003-08-28,26.904809951782227,-0.4910999950258095,-0.33898038712691037,-0.1521196078988991,HOLD,0,722991.0267773822,0.0,722991.0267773822,0,-27.700897322261774,-24.318395135901405
2003-08-29,26.66923713684082,-0.5154869449155655,-0.3742816986846414,-0.14120524623092406,HOLD,0,722991.0267773822,0.0,722991.0267773822,0,-27.700897322261774,-24.981047231533026
2003-09-01,27.103185653686523,-0.49410205878548297,-0.3982457707048097,-0.09585628808067326,HOLD,0,722991.0267773822,0.0,722991.0267773822,0,-27.700897322261774,-23.760376271874286
2003-09-02,27.38835334777832,-0.448968305635951,-0.408390277691038,-0.04057802794491305,HOLD,0,722991.0267773822,0.0,722991.0267773822,0,-27.700897322261774,-22.958216777607653
2003-09-03,27.363555908203125,-0.4104687984263826,-0.4088059818381069,-0.0016628165882757173,HOLD,0,722991.0267773822,0.0,722991.0267773822,0,-27.700897322261774,-23.027970476925162
2003-09-04,27.140382766723633,-0.39343064539244565,-0.4057309145489747,0.012300269156529042,BUY,26300,8770.684772491804,713792.0667648315,722562.7515373233,26300,-27.74372484626767,-23.655743040269794
2003-09-05,26.65683937072754,-0.4141713873354327,-0.4074190091062663,-0.006752378229166356,SELL,0,709424.915297356,0.0,709424.915297356,26300,-29.057508470264402,-25.015921398563545
2003-09-08,26.532854080200195,-0.43559191901562144,-0.4130535910881374,-0.02253832792748406,HOLD,0,709424.915297356,0.0,709424.915297356,0,-29.057508470264402,-25.36468452989462
2003-09-09,26.49565887451172,-0.4503775152984275,-0.4205183759301954,-0.02985913936823209,HOLD,0,709424.915297356,0.0,709424.915297356,0,-29.057508470264402,-25.46931239624265
2003-09-10,26.532854080200195,-0.4538620257180881,-0.427187105887774,-0.026674919830314114,HOLD,0,709424.915297356,0.0,709424.915297356,0,-29.057508470264402,-25.36468452989462
2003-09-11,26.433666229248047,-0.45933225959043966,-0.4336161366283071,-0.025716122962132548,HOLD,0,709424.915297356,0.0,709424.915297356,0,-29.057508470264402,-25.643693961908177
2003-09-12,26.309680938720703,-0.46827406418103834,-0.4405477221388534,-0.027726342042184937,HOLD,0,709424.915297356,0.0,709424.915297356,0,-29.057508470264402,-25.992457093239253
2003-09-15,26.160898208618164,-0.4818120027809272,-0.4488005782672682,-0.03301142451365896,HOLD,0,709424.915297356,0.0,709424.915297356,0,-29.057508470264402,-26.410973923887827
2003-09-16,26.18569564819336,-0.48494977142976126,-0.45603041689976687,-0.02891935452999439,HOLD,0,709424.915297356,0.0,709424.915297356,0,-29.057508470264402,-26.341220224570318
2003-09-17,26.03691291809082,-0.4937503518730111,-0.46357440389441573,-0.030175947978595352,HOLD,0,709424.915297356,0.0,709424.915297356,0,-29.057508470264402,-26.759737055218903
2003-09-18,26.03691291809082,-0.49501860889409954,-0.4698632448943525,-0.02515536399974705,HOLD,0,709424.915297356,0.0,709424.915297356,0,-29.057508470264402,-26.759737055218903
2003-09-19,26.02451515197754,-0.4913600154365376,-0.47416259900278956,-0.01719741643374806,HOLD,0,709424.915297356,0.0,709424.915297356,0,-29.057508470264402,-26.794611222249422
2003-09-22,25.88813018798828,-0.49377376395255723,-0.4780848319927431,-0.015688931959814134,HOLD,0,709424.915297356,0.0,709424.915297356,0,-29.057508470264402,-27.178253885867477
2003-09-23,25.88813018798828,-0.4900378260212044,-0.48047543079843535,-0.009562395222769027,HOLD,0,709424.915297356,0.0,709424.915297356,0,-29.057508470264402,-27.178253885867477
2003-09-24,26.284883499145508,-0.4498764956861372,-0.4743556437759758,0.024479148089838587,BUY,26700,7197.442036514636,701806.3894271851,709003.8314636997,26700,-29.099616853630028,-26.062210792556762
2003-09-25,26.284883499145508,-0.4132842682647997,-0.46214136867374056,0.04885710040894087,HOLD,26700,7197.442036514636,701806.3894271851,709003.8314636997,0,-29.099616853630028,-26.062210792556762
2003-09-26,26.309680938720703,-0.3779272086578729,-0.44529853667056707,0.06737132801269419,HOLD,26700,7197.442036514636,702468.4810638428,709665.9231003574,0,-29.033407689964264,-25.992457093239253
2003-09-29,26.173295974731445,-0.35679865813127165,-0.427598560962708,0.07079990283143633,HOLD,26700,7197.442036514636,698827.0025253296,706024.4445618442,0,-29.397555543815578,-26.376099756857307
2003-09-30,26.3344783782959,-0.3233210133245876,-0.40674305143508394,0.08342203811049631,HOLD,26700,7197.442036514636,703130.5727005005,710328.0147370151,0,-28.96719852629849,-25.922703393921743
2003-10-08,26.34687614440918,-0.2924185237909498,-0.38387814590625713,0.09145962211530734,HOLD,26700,7197.442036514636,703461.5930557251,710659.0350922397,0,-28.934096490776028,-25.887829226891224
2003-10-09,26.284883499145508,-0.2698200490059577,-0.36106652652619725,0.09124647752023957,HOLD,26700,7197.442036514636,701806.3894271851,709003.8314636997,0,-29.099616853630028,-26.062210792556762
2003-10-10,26.780824661254883,-0.20947756096903802,-0.3307487334147654,0.12127117244572738,HOLD,26700,7197.442036514636,715048.0184555054,722245.46049202,0,-27.775453950798003,-24.66715826723248
2003-10-13,26.842817306518555,-0.15486819196216928,-0.2955726251242462,0.14070443316207693,HOLD,26700,7197.442036514636,716703.2220840454,723900.66412056,0,-27.609933587943992,-24.492776701566942
2003-10-14,26.88001251220703,-0.1073510551985919,-0.25792831113911535,0.15057725594052346,HOLD,26700,7197.442036514636,717696.3340759277,724893.7761124424,0,-27.510622388755767,-24.388148835218914
2003-10-15,26.855215072631836,-0.07087729872374027,-0.22051810865604035,0.14964080993230008,HOLD,26700,7197.442036514636,717034.24243927,724231.6844757847,0,-27.57683155242153,-24.457902534536423
2003-10-16,26.619644165039062,-0.06028525652179795,-0.18847153822919188,0.12818628170739393,HOLD,26700,7197.442036514636,710744.499206543,717941.9412430576,0,-28.205805875694235,-25.120549264911574
2003-10-17,26.483259201049805,-0.062179348715751814,-0.16321310032650388,0.10103375161075207,HOLD,26700,7197.442036514636,707103.0206680298,714300.4627045444,0,-28.56995372954556,-25.50419192852963
2003-10-20,26.483259201049805,-0.06295472751482478,-0.14316142576416807,0.08020669824934329,HOLD,26700,7197.442036514636,707103.0206680298,714300.4627045444,0,-28.56995372954556,-25.50419192852963
2003-10-21,26.532854080200195,-0.05888849857885603,-0.12630684032710568,0.06741834174824965,HOLD,26700,7197.442036514636,708427.2039413452,715624.6459778599,0,-28.43753540221402,-25.36468452989462
2003-10-22,27.04119300842285,-0.014480359143124844,-0.10394154409030952,0.08946118494718468,HOLD,26700,7197.442036514636,721999.8533248901,729197.2953614048,0,-27.080270463859524,-23.93475783753982
2003-10-23,26.855215072631836,0.00564151430203097,-0.08202493241184143,0.0876664467138724,HOLD,26700,7197.442036514636,717034.24243927,724231.6844757847,0,-27.57683155242153,-24.457902534536423
2003-10-24,26.65683937072754,0.005517381786045661,-0.06451646957226402,0.07003385135830968,HOLD,26700,7197.442036514636,711737.6111984253,718935.0532349399,0,-28.10649467650601,-25.015921398563545
2003-10-27,26.29728126525879,-0.023325447052027215,-0.05627826506821666,0.03295281801618945,HOLD,26700,7197.442036514636,702137.4097824097,709334.8518189243,0,-29.06651481810757,-26.027336625526242
2003-10-28,26.446063995361328,-0.03378858009872587,-0.05178032807431851,0.017991747975592637,HOLD,26700,7197.442036514636,706109.9086761475,713307.3507126621,0,-28.669264928733796,-25.608819794877657
2003-10-29,27.264368057250977,0.023676680486637736,-0.03668892636212726,0.060365606848765,HOLD,26700,7197.442036514636,727958.6271286011,735156.0691651157,0,-26.484393083488435,-23.306979908938718
2003-10-30,27.375953674316406,0.0773309175717074,-0.01388495757536033,0.09121587514706773,HOLD,26700,7197.442036514636,730937.963104248,738135.4051407627,0,-26.18645948592373,-22.993096309894632
2003-10-31,27.76030921936035,0.14914729019090345,0.018721491977892427,0.13042579821301103,HOLD,26700,7197.442036514636,741200.2561569214,748397.698193436,0,-25.160230180656395,-21.911927383614437
2003-11-03,28.206655502319336,0.23931996606659212,0.06284118679563237,0.17647877927095973,HOLD,26700,7197.442036514636,753117.7019119263,760315.1439484409,0,-23.96848560515591,-20.656382256925177
2003-11-04,28.913372039794922,0.36361702888957126,0.12299635521442015,0.2406206736751511,HOLD,26700,7197.442036514636,771987.0334625244,779184.475499039,0,-22.081552450096098,-18.668431335286783
2003-11-05,29.235733032226562,0.4825723905671957,0.19491156228497528,0.2876608282822204,HOLD,26700,7197.442036514636,780594.0719604492,787791.5139969639,0,-21.22084860030361,-17.7616493399286
2003-11-06,29.049755096435547,0.5554357885641465,0.2670164075408095,0.28841938102333703,HOLD,26700,7197.442036514636,775628.4610748291,782825.9031113437,0,-21.71740968886563,-18.2847940369252
2003-11-07,28.405033111572266,0.5547619302129583,0.3245655120752393,0.23019641813771896,HOLD,26700,7197.442036514636,758414.3840789795,765611.8261154941,0,-23.438817388450584,-20.098358027641584
2003-11-10,28.578611373901367,0.5617586042237441,0.3720041305049403,0.18975447371880383,HOLD,26700,7197.442036514636,763048.9236831665,770246.3657196811,0,-22.97536342803188,-19.61009286293197
2003-11-11,28.826581954956055,0.580619650393551,0.41372723448266246,0.16689241591088855,HOLD,26700,7197.442036514636,769669.7381973267,776867.1802338413,0,-22.313281976615873,-18.91256660026983
2003-11-12,28.516618728637695,0.5640536639497036,0.4437925203760707,0.12026114357363288,HOLD,26700,7197.442036514636,761393.7200546265,768591.1620911411,0,-23.14088379088589,-19.7844744285975
2003-11-13,28.3182430267334,0.528821810442075,0.46079837838927157,0.06802343205280342,HOLD,26700,7197.442036514636,756097.0888137817,763294.5308502964,0,-23.67054691497036,-20.34249329262463
2003-11-14,28.516618728637695,0.5110168893507776,0.4708420805815728,0.04017480876920482,HOLD,26700,7197.442036514636,761393.7200546265,768591.1620911411,0,-23.14088379088589,-19.7844744285975
2003-11-17,28.47942352294922,0.4882764716391321,0.4743289587930847,0.01394751284604745,HOLD,26700,7197.442036514636,760400.6080627441,767598.0500992588,0,-23.240194990074126,-19.889102294945527
2003-11-18,28.206655502319336,0.4431362285197693,0.4680904127384216,-0.02495418421865231,SELL,0,759863.2733272937,0.0,759863.2733272937,26700,-24.013672667270637,-20.656382256925177
2003-11-19,28.454626083374023,0.4225010846383661,0.45897254711841057,-0.03647146248004446,HOLD,0,759863.2733272937,0.0,759863.2733272937,0,-24.013672667270637,-19.958855994263036
2003-11-20,28.578611373901367,0.41140968642989506,0.4494599749807075,-0.03805028855081244,HOLD,0,759863.2733272937,0.0,759863.2733272937,0,-24.013672667270637,-19.61009286293197
2003-11-21,28.4918212890625,0.39110798948249226,0.4377895778810645,-0.04668158839857223,HOLD,0,759863.2733272937,0.0,759863.2733272937,0,-24.013672667270637,-19.854228127915007
2003-11-24,28.83898162841797,0.39843873274029207,0.42991940885291,-0.031480676112617956,HOLD,0,759863.2733272937,0.0,759863.2733272937,0,-24.013672667270637,-18.87768706798284
2003-11-25,28.7521915435791,0.39271815464754667,0.4224791580118374,-0.029761003364290717,HOLD,0,759863.2733272937,0.0,759863.2733272937,0,-24.013672667270637,-19.121822332965888
2003-11-26,28.764589309692383,0.38474979526599995,0.41493328546266994,-0.030183490196669993,HOLD,0,759863.2733272937,0.0,759863.2733272937,0,-24.013672667270637,-19.086948165935368
2003-11-27,28.578611373901367,0.3592863188752915,0.4038038921451943,-0.0445175732699028,HOLD,0,759863.2733272937,0.0,759863.2733272937,0,-24.013672667270637,-19.61009286293197
2003-11-28,28.4918212890625,0.32831844520453757,0.388706802757063,-0.06038835755252542,HOLD,0,759863.2733272937,0.0,759863.2733272937,0,-24.013672667270637,-19.854228127915007
2003-12-01,28.52901840209961,0.3032816364431845,0.3716217694942873,-0.06834013305110281,HOLD,0,759863.2733272937,0.0,759863.2733272937,0,-24.013672667270637,-19.74959489631052
2003-12-02,28.739791870117188,0.29702354000257714,0.35670212359594533,-0.059678583593368195,HOLD,0,759863.2733272937,0.0,759863.2733272937,0,-24.013672667270637,-19.156701865252867
2003-12-03,29.16134262084961,0.3223635694593554,0.34983441276862737,-0.027470843309271964,HOLD,0,759863.2733272937,0.0,759863.2733272937,0,-24.013672667270637,-17.970905072624642
2003-12-04,29.037357330322266,0.32865264549357676,0.34559805931361726,-0.0169454138200405,HOLD,0,759863.2733272937,0.0,759863.2733272937,0,-24.013672667270637,-18.319668203955718
2003-12-05,29.595291137695312,0.37434219516275746,0.3513468864834453,0.022995308679312154,BUY,25400,7691.846192894271,751720.3948974609,759412.2410903552,25400,-24.05877589096448,-16.7502341129659
2003-12-08,29.37211799621582,0.38806985731930155,0.35869148065061657,0.02937837666868498,HOLD,25400,7691.846192894271,746051.7971038818,753743.6432967761,0,-24.62563567032239,-17.37800667631053
2003-12-09,29.198537826538086,0.38055584852384783,0.36306435422526284,0.017491494298584986,HOLD,25400,7691.846192894271,741642.8607940674,749334.7069869617,0,-25.06652930130383,-17.866277206276614
2003-12-10,29.409313201904297,0.38714597586689337,0.36788067855358897,0.019265297313304397,HOLD,25400,7691.846192894271,746996.5553283691,754688.4015212634,0,-24.531159847873663,-17.273378809962516
2003-12-11,29.17374038696289,0.3691051277116557,0.36812556838520233,0.000979559326453383,HOLD,25400,7691.846192894271,741013.0058288574,748704.8520217517,0,-25.129514797824825,-17.936030905594123
2003-12-12,29.16134262084961,0.34977523823954826,0.36445550235607155,-0.01468026411652329,SELL,0,747945.5299009326,0.0,747945.5299009326,25400,-25.205447009906745,-17.970905072624642
2003-12-15,29.260530471801758,0.33855711649844267,0.35927582518454576,-0.020718708686103093,HOLD,0,747945.5299009326,0.0,747945.5299009326,0,-25.205447009906745,-17.691895640611087
2003-12-16,29.186140060424805,0.31997551118974954,0.3514157623855865,-0.03144025119583699,HOLD,0,747945.5299009326,0.0,747945.5299009326,0,-25.205447009906745,-17.901151373307144
2003-12-17,29.781269073486328,0.34924550794493925,0.3509817114974571,-0.0017362035525178565,HOLD,0,747945.5299009326,0.0,747945.5299009326,0,-25.205447009906745,-16.2270894159693
2003-12-18,30.029239654541016,0.3879789647695233,0.3583811621518704,0.029597802617652935,BUY,24600,8783.002821922651,738719.295501709,747502.2983236316,24600,-25.249770167636832,-15.529563153307159
2003-12-19,29.756471633911133,0.3921450051970048,0.3651339307608973,0.027011074436107507,HOLD,24600,8783.002821922651,732009.2021942139,740792.2050161365,0,-25.92077949838635,-16.29684311528681
2003-12-22,30.31440544128418,0.4354476482261056,0.379196674253939,0.05625097397216661,HOLD,24600,8783.002821922651,745734.3738555908,754517.3766775135,0,-24.548262332248648,-14.727409024296989
2003-12-23,30.537578582763672,0.48221483968344003,0.39980030733983923,0.0824145323436008,HOLD,24600,8783.002821922651,751224.4331359863,760007.435957909,0,-23.999256404209103,-14.099636460952357
2003-12-24,31.269092559814453,0.5717148671747658,0.4341832193068246,0.13753164786794125,HOLD,24600,8783.002821922651,769219.6769714355,778002.6797933582,0,-22.199732020664175,-12.041931839996467
2003-12-25,31.058317184448242,0.6185067121353391,0.47104791787252753,0.1474587942628116,HOLD,24600,8783.002821922651,764034.6027374268,772817.6055593494,0,-22.71823944406506,-12.634830236310579
2003-12-26,31.343482971191406,0.6708667478744417,0.5110116838729104,0.15985506400153127,HOLD,24600,8783.002821922651,771049.6810913086,779832.6839132312,0,-22.016731608676878,-11.832676107300411
2003-12-29,31.343482971191406,0.7042443627939718,0.5496582196571227,0.15458614313684915,HOLD,24600,8783.002821922651,771049.6810913086,779832.6839132312,0,-22.016731608676878,-11.832676107300411
2003-12-30,31.61625099182129,0.744128611310586,0.5885522979878154,0.15557631332277067,HOLD,24600,8783.002821922651,777759.7743988037,786542.7772207264,0,-21.345722277927358,-11.065396145320761
2003-12-31,31.492265701293945,0.7570062915443785,0.622243096699128,0.13476319484525046,HOLD,24600,8783.002821922651,774709.736251831,783492.7390737537,0,-21.650726092624627,-11.414159276651837
2004-01-02,31.231897354125977,0.7376986652691997,0.6453342104131424,0.09236445485605727,HOLD,24600,8783.002821922651,768304.674911499,777087.6777334217,0,-22.291232226657833,-12.146559706344496
2004-01-05,32.732120513916016,0.83384070682866,0.6830355096962459,0.15080519713241403,HOLD,24600,8783.002821922651,805210.164642334,813993.1674642566,0,-18.600683253574335,-7.926522598084674
2004-01-06,33.42643737792969,0.955050310230142,0.7374384698030252,0.2176118404271168,HOLD,24600,8783.002821922651,822290.3594970703,831073.362318993,0,-16.892663768100704,-5.973451208733261
2004-01-07,33.414039611816406,1.0381423394133762,0.7975792437250955,0.24056309568828071,HOLD,24600,8783.002821922651,821985.3744506836,830768.3772726062,0,-16.92316227273938,-6.00832537576379
2004-01-08,33.996768951416016,1.137897781511736,0.8656429512824236,0.2722548302293123,HOLD,24600,8783.002821922651,836320.516204834,845103.5190267566,0,-15.489648097324338,-4.369142950712934
2004-01-09,32.49654769897461,1.0834104891545913,0.9091964588568572,0.17421403029773408,HOLD,24600,8783.002821922651,799415.0733947754,808198.076216698,0,-19.180192378330197,-8.589174693716284
2004-01-12,32.8932991027832,1.0600241414389444,0.9393619953732747,0.12066214606566972,HOLD,24600,8783.002821922651,809175.1579284668,817958.1607503894,0,-18.204183924961058,-7.473136965662041
2004-01-13,34.21994400024414,1.1354506797333812,0.978579732245296,0.15687094748808517,HOLD,24600,8783.002821922651,841810.6224060059,850593.6252279285,0,-14.940637477207153,-3.741365022111831
2004-01-14,35.7945556640625,1.3072159842887991,1.0443069826539968,0.26290900163480235,HOLD,24600,8783.002821922651,880546.0693359375,889329.0721578602,0,-11.067092784213983,0.687922453587575
2004-01-15,35.06304168701172,1.3685385012636146,1.1091532863759204,0.2593852148876943,HOLD,24600,8783.002821922651,862550.8255004883,871333.8283224109,0,-12.866617167758909,-1.3697821673683164
2004-01-16,35.32341384887695,1.4217577568056328,1.171674180461863,0.2500835763437699,HOLD,24600,8783.002821922651,868955.980682373,877738.9835042957,0,-12.226101649570431,-0.6373710071627237
2004-01-29,35.90614318847656,1.493736918502556,1.2360867280700016,0.2576501904325543,HOLD,24600,8783.002821922651,883291.1224365234,892074.1252584461,0,-10.79258747415539,1.001811417888132
2004-01-30,34.86466598510742,1.4500274031131255,1.2788748630786264,0.1711525400344991,HOLD,24600,8783.002821922651,857670.7832336426,866453.7860555652,0,-13.354621394443477,-1.9278010313954375
2004-02-02,35.85654830932617,1.4783820433797317,1.3187762991388476,0.15960574424088403,HOLD,24600,8783.002821922651,882071.0884094238,890854.0912313465,0,-10.914590876865349,0.8623040192531128
2004-02-03,35.95573806762695,1.4916621320755112,1.3533534657261805,0.1383086663493307,HOLD,24600,8783.002821922651,884511.156463623,893294.1592855457,0,-10.670584071445433,1.1413188165231514
2004-02-04,35.94334030151367,1.4840787657275456,1.3794985257264536,0.104580240001092,HOLD,24600,8783.002821922651,884206.1714172363,892989.174239159,0,-10.701082576084097,1.1064446494926328
2004-02-05,34.95145797729492,1.382100287417785,1.38001887806472,0.002081409353065,HOLD,24600,8783.002821922651,859805.8662414551,868588.8690633777,0,-13.141113093662227,-1.6836604011559286
2004-02-06,34.50510787963867,1.250845913004028,1.3541842850525816,-0.10333837204855367,SELL,0,857099.3612687305,0.0,857099.3612687305,24600,-14.290063873126957,-2.939216258358135
2004-02-09,34.889461517333984,1.1644173239432547,1.3162308928307163,-0.15181356888746156,HOLD,0,857099.3612687305,0.0,857099.3612687305,0,-14.290063873126957,-1.8580526973344003
2004-02-10,34.43071746826172,1.0468379374432288,1.2623523017532188,-0.21551436430998994,HOLD,0,857099.3612687305,0.0,857099.3612687305,0,-14.290063873126957,-3.1484719910541914
2004-02-11,34.2447395324707,0.9279517116898788,1.1954721837405509,-0.2675204720506721,HOLD,0,857099.3612687305,0.0,857099.3612687305,0,-14.290063873126957,-3.671616688050794
2004-02-12,34.269535064697266,0.82621027571669,1.1216198021357788,-0.2954095264190888,HOLD,0,857099.3612687305,0.0,857099.3612687305,0,-14.290063873126957,-3.6018683539897456
2004-02-13,34.579498291015625,0.7618092339543594,1.049657688499495,-0.28784845454513563,HOLD,0,857099.3612687305,0.0,857099.3612687305,0,-14.290063873126957,-2.7299605256620785
2004-02-16,35.52178955078125,0.7778395241337819,0.9952940556263524,-0.21745453149257055,HOLD,0,857099.3612687305,0.0,857099.3612687305,0,-14.290063873126957,-0.07935214313560257
2004-02-17,35.385406494140625,0.7706550401362549,0.950366252528333,-0.1797112123920781,HOLD,0,857099.3612687305,0.0,857099.3612687305,0,-14.290063873126957,-0.4629894414971858
2004-02-18,36.067325592041016,0.8106418819634555,0.9224213784153575,-0.111779496451902,HOLD,0,857099.3612687305,0.0,857099.3612687305,0,-14.290063873126957,1.4552077808236863
2004-02-19,35.707767486572266,0.8040498221956511,0.8987470671714163,-0.09469724497576515,HOLD,0,857099.3612687305,0.0,857099.3612687305,0,-14.290063873126957,0.4437925538609999
2004-02-20,35.620975494384766,0.7827985643432953,0.8755573666057922,-0.09275880226249689,HOLD,0,857099.3612687305,0.0,857099.3612687305,0,-14.290063873126957,0.1996519236215022
2004-02-23,34.715885162353516,0.6850269989197955,0.8374512930685929,-0.15242429414879743,HOLD,0,857099.3612687305,0.0,857099.3612687305,0,-14.290063873126957,-2.3463124967875504
2004-02-24,35.00104904174805,0.6233668853468757,0.7946344115242495,-0.17126752617737384,HOLD,0,857099.3612687305,0.0,857099.3612687305,0,-14.290063873126957,-1.5441637330338542
2004-02-25,33.87278366088867,0.4779497074608301,0.7312974707115657,-0.2533477632507356,HOLD,0,857099.3612687305,0.0,857099.3612687305,0,-14.290063873126957,-4.717906082043999
2004-02-26,35.025848388671875,0.45055452121987116,0.6751488808132269,-0.22459435959335572,HOLD,0,857099.3612687305,0.0,857099.3612687305,0,-14.290063873126957,-1.4744046684598833
2004-02-27,35.21182632446289,0.43879237848769037,0.6278775803481196,-0.1890852018604292,HOLD,0,857099.3612687305,0.0,857099.3612687305,0,-14.290063873126957,-0.9512599714632697
2004-03-01,35.37300491333008,0.4374340927981777,0.5897888828381312,-0.15235479003995356,HOLD,0,857099.3612687305,0.0,857099.3612687305,0,-14.290063873126957,-0.49787433904063816
2004-03-02,38.596622467041016,0.6885395815961743,0.6095390225897399,0.07900055900643443,BUY,21900,11326.169621315436,845266.0320281982,856592.2016495137,21900,-14.340779835048634,8.569967075567163
2004-03-03,38.051090240478516,0.8339098059531977,0.6544131792624315,0.17949662669076627,HOLD,21900,11326.169621315436,833318.8762664795,844645.0458877949,0,-15.535495411220513,7.035417882120809
2004-03-04,37.84031295776367,0.9214864685126045,0.7078278371124661,0.2136586314001384,HOLD,21900,11326.169621315436,828702.8537750244,840029.0233963398,0,-15.99709766036601,6.442514120550236
2004-03-05,37.964298248291016,0.989489957015607,0.7641602610930943,0.22532969592251273,HOLD,21900,11326.169621315436,831418.1316375732,842744.3012588887,0,-15.725569874111134,6.791277251881311
2004-03-08,37.30717849731445,0.9790729954284814,0.8071428079601718,0.17193018746830957,HOLD,21900,11326.169621315436,817027.2090911865,828353.378712502,0,-17.164662128749807,4.942839094134399
2004-03-09,37.07160568237305,0.9409618978885064,0.8339066259458388,0.10705527194266762,HOLD,21900,11326.169621315436,811868.1644439697,823194.3340652852,0,-17.680566593471482,4.280186998502766
2004-03-10,37.61714172363281,0.9438981079746185,0.8559049223515948,0.08799318562302372,HOLD,21900,11326.169621315436,823815.4037475586,835141.573368874,0,-16.485842663112592,5.814746922462066
2004-03-11,38.2990608215332,0.9898399885529443,0.8826919355918648,0.10714805296107954,HOLD,21900,11326.169621315436,838749.4319915771,850075.6016128926,0,-14.992439838710748,7.732944144782938
2004-03-12,40.54319381713867,1.1935732679882207,0.944868202071136,0.24870506591708474,HOLD,21900,11326.169621315436,887895.9445953369,899222.1142166523,0,-10.077788578334768,14.045554675772731
2004-03-15,41.43588638305664,1.410803326730246,1.038055227002958,0.37274809972728806,HOLD,21900,11326.169621315436,907445.9117889404,918772.0814102559,0,-8.12279185897441,16.556644929151254
2004-03-16,43.283267974853516,1.7122897581189847,1.1729021332261633,0.5393876248928213,HOLD,21900,11326.169621315436,947903.568649292,959229.7382706074,0,-4.077026172939258,21.75321773208678
2004-03-17,43.283267974853516,1.9289838025617954,1.3241184670932897,0.6048653354685056,HOLD,21900,11326.169621315436,947903.568649292,959229.7382706074,0,-4.077026172939258,21.75321773208678
2004-03-18,43.35765838623047,2.082709895240093,1.4758367527226506,0.6068731425174425,HOLD,21900,11326.169621315436,949532.7186584473,960858.8882797627,0,-3.9141111720237265,21.96247346478284
2004-03-19,43.233673095703125,2.169525415954638,1.6145744853690482,0.5549509305855898,HOLD,21900,11326.169621315436,946817.4407958984,958143.6104172139,0,-4.185638958278615,21.613710333451763
2004-03-22,42.79972457885742,2.1782023619973785,1.7273000606947144,0.45090230130266407,HOLD,21900,11326.169621315436,937313.9682769775,948640.137898293,0,-5.135986210170707,20.39303937379302
2004-03-23,41.919429779052734,2.089954773163278,1.7998310031884273,0.2901237699748507,HOLD,21900,11326.169621315436,918035.5121612549,929361.6817825703,0,-7.063831821742972,17.916823287445016
2004-03-24,43.45684814453125,2.119640836443537,1.8637929698394493,0.25584786660408776,HOLD,21900,11326.169621315436,951704.9743652344,963031.1439865498,0,-3.6968856013450235,22.241488262052854
2004-03-25,42.229393005371094,2.0208270477250494,1.8951997854165694,0.12562726230847998,HOLD,21900,11326.169621315436,924823.706817627,936149.8764389424,0,-6.385012356105757,18.788731115772684
2004-03-26,43.06009292602539,1.9866461294624784,1.9134890542257512,0.07315707523672721,HOLD,21900,11326.169621315436,943016.035079956,954342.2047012715,0,-4.565779529872849,21.12543980348567
2004-03-29,42.502159118652344,1.8927188256262895,1.909335008505859,-0.016616182879569452,SELL,0,941564.9759489826,0.0,941564.9759489826,21900,-5.8435024051017415,19.55600571249587
2004-03-30,43.06009292602539,1.842067152546484,1.895881437313984,-0.053814284767500054,HOLD,0,941564.9759489826,0.0,941564.9759489826,0,-5.8435024051017415,21.12543980348567
2004-03-31,43.44445037841797,1.8120515683865364,1.8791154635284946,-0.06706389514195821,HOLD,0,941564.9759489826,0.0,941564.9759489826,0,-5.8435024051017415,22.20661409502234
2004-04-01,43.87839889526367,1.8025019004496414,1.8637927509127241,-0.06129085046308269,HOLD,0,941564.9759489826,0.0,941564.9759489826,0,-5.8435024051017415,23.42728505468108
2004-04-02,44.994266510009766,1.8634937150605921,1.8637329437422978,-0.00023922868170567213,HOLD,0,941564.9759489826,0.0,941564.9759489826,0,-5.8435024051017415,26.566153236660718
2004-04-05,46.18452453613281,1.9849922873945403,1.8879848124727463,0.09700747492179396,BUY,20100,12699.047406807425,928308.9431762695,941007.990583077,20100,-5.899200941692307,29.91427715133639
2004-04-06,46.15972900390625,2.055584490642154,1.9215047481066279,0.13407974253552624,HOLD,20100,12699.047406807425,927810.5529785156,940509.600385323,0,-5.949039961467695,29.84452881727535
2004-04-07,48.193084716796875,2.249671322241767,1.9871380629336557,0.2625332593081111,HOLD,20100,12699.047406807425,968681.0028076172,981380.0502144246,0,-1.8619949785575352,35.56423558669455
2004-04-08,50.18925094604492,2.53533470634396,2.0967773916157166,0.43855731472824333,HOLD,20100,12699.047406807425,1008803.9440155029,1021502.9914223104,0,2.150299142231038,41.17933058553511
2004-04-09,48.602237701416016,2.603652999657683,2.19815251322411,0.40550048643357295,HOLD,20100,12699.047406807425,976904.9777984619,989604.0252052693,0,-1.0395974794730645,36.71515821229225
2004-04-12,48.05670166015625,2.5839889241801046,2.2753197954153093,0.30866912876479535,HOLD,20100,12699.047406807425,965939.7033691406,978638.750775948,0,-2.1361249224051915,35.18059828833295
2004-04-13,48.540245056152344,2.5777086923705212,2.3357975748063518,0.2419111175641695,HOLD,20100,12699.047406807425,975658.9256286621,988357.9730354695,0,-1.1642026964530428,36.54077664662672
2004-04-14,47.300392150878906,2.4445070403341305,2.3575394679119075,0.08696757242222297,HOLD,20100,12699.047406807425,950737.882232666,963436.9296394734,0,-3.656307036052653,33.053145333316024
2004-04-15,47.0648193359375,2.2934970081697372,2.3447309759634734,-0.051233967793736124,SELL,0,958134.3143379597,0.0,958134.3143379597,20100,-4.18656856620403,32.390493237684396
2004-04-16,47.10201644897461,2.152014877933695,2.306187756357518,-0.154172878423823,HOLD,0,958134.3143379597,0.0,958134.3143379597,0,-4.18656856620403,32.49512646928889
2004-04-19,45.68858337402344,1.9038901730183753,2.2257282396896896,-0.3218380666713143,HOLD,0,958134.3143379597,0.0,958134.3143379597,0,-4.18656856620403,28.519224626012107
2004-04-20,46.12253189086914,1.722410697029467,2.125064731157645,-0.40265403412817813,HOLD,0,958134.3143379597,0.0,958134.3143379597,0,-4.18656856620403,29.73989558567085
2004-04-21,45.41581726074219,1.5042212146117393,2.000896027848464,-0.4966748132367247,HOLD,0,958134.3143379597,0.0,958134.3143379597,0,-4.18656856620403,27.751950029288942
2004-04-22,45.37862014770508,1.3131656257560067,1.8633499474299726,-0.5501843216739659,HOLD,0,958134.3143379597,0.0,958134.3143379597,0,-4.18656856620403,27.64731679768444
2004-04-23,45.589393615722656,1.1653271860584056,1.7237453951556594,-0.5584182090972538,HOLD,0,958134.3143379597,0.0,958134.3143379597,0,-4.18656856620403,28.240209828742092
2004-04-26,46.1473274230957,1.0807268069853961,1.5951416775216067,-0.5144148705362106,HOLD,0,958134.3143379597,0.0,958134.3143379597,0,-4.18656856620403,29.80964391973191
2004-04-27,47.00282669067383,1.0703734395186402,1.4901880299210135,-0.41981459040237334,HOLD,0,958134.3143379597,0.0,958134.3143379597,0,-4.18656856620403,32.216111672018876
2004-04-28,46.556480407714844,1.014457867626085,1.3950419974620278,-0.3805841298359429,HOLD,0,958134.3143379597,0.0,958134.3143379597,0,-4.18656856620403,30.96056654532959
2004-04-29,45.45301055908203,0.8710625129176108,1.2902461005531445,-0.41918358763553365,HOLD,0,958134.3143379597,0.0,958134.3143379597,0,-4.18656856620403,27.856572530380497
2004-04-30,46.40769958496094,0.8249466158466987,1.1971862036118555,-0.37223958776515675,HOLD,0,958134.3143379597,0.0,958134.3143379597,0,-4.18656856620403,30.5420550799375
2004-05-10,44.91987228393555,0.6607277480786067,1.0898945125052057,-0.42916676442659907,HOLD,0,958134.3143379597,0.0,958134.3143379597,0,-4.18656856620403,26.356886773451716
2004-05-11,44.684303283691406,0.5057447519664251,0.9730645603974497,-0.4673198084310246,HOLD,0,958134.3143379597,0.0,958134.3143379597,0,-4.18656856620403,25.69424540833303
2004-05-12,45.63898849487305,0.4547130795287373,0.8693942642237072,-0.41468118469496995,HOLD,0,958134.3143379597,0.0,958134.3143379597,0,-4.18656856620403,28.37971722737711
2004-05-13,46.85404586791992,0.5064767382376587,0.7968107590264976,-0.29033402078883885,HOLD,0,958134.3143379597,0.0,958134.3143379597,0,-4.18656856620403,31.797600206626765
2004-05-14,46.4324951171875,0.5076325165040316,0.7389751105220044,-0.23134259401797275,HOLD,0,958134.3143379597,0.0,958134.3143379597,0,-4.18656856620403,30.61180341399854
2004-05-17,45.527400970458984,0.43055181236966433,0.6772904508915364,-0.24673863852187206,HOLD,0,958134.3143379597,0.0,958134.3143379597,0,-4.18656856620403,28.065828263076554
2004-05-18,44.895076751708984,0.3148125559268422,0.6047948718985976,-0.2899823159717554,HOLD,0,958134.3143379597,0.0,958134.3143379597,0,-4.18656856620403,26.287138439390677
2004-05-19,45.3662223815918,0.2581303106027306,0.5354619596394242,-0.2773316490366936,HOLD,0,958134.3143379597,0.0,958134.3143379597,0,-4.18656856620403,27.612442630653923
2004-05-20,45.22983932495117,0.19989992800307022,0.46834955331215344,-0.26844962530908323,HOLD,0,958134.3143379597,0.0,958134.3143379597,0,-4.18656856620403,27.22880533229233
2004-05-21,45.13064956665039,0.14408719820438165,0.4034970822905991,-0.25940988408621746,HOLD,0,958134.3143379597,0.0,958134.3143379597,0,-4.18656856620403,26.94979053502231
2004-05-24,44.634708404541016,0.059154998698630834,0.3346286655722055,-0.27547366687357466,HOLD,0,958134.3143379597,0.0,958134.3143379597,0,-4.18656856620403,25.55473800969803
2004-05-25,44.44873046875,-0.02289730062052797,0.2631234723336588,-0.28602077295418676,HOLD,0,958134.3143379597,0.0,958134.3143379597,0,-4.18656856620403,25.031593312701418
2004-05-26,44.684303283691406,-0.06813021883115056,0.19687273410069694,-0.2650029529318475,HOLD,0,958134.3143379597,0.0,958134.3143379597,0,-4.18656856620403,25.69424540833303
2004-05-27,45.254634857177734,-0.05729616633821166,0.14603895401291522,-0.20333512035112689,HOLD,0,958134.3143379597,0.0,958134.3143379597,0,-4.18656856620403,27.298553666353364
2004-05-28,45.72578048706055,-0.01057073403726605,0.11471701640287897,-0.125287750440145,HOLD,0,958134.3143379597,0.0,958134.3143379597,0,-4.18656856620403,28.623857857616606
2004-05-31,45.72578048706055,0.026157974848509014,0.09700520809200498,-0.07084723324349597,HOLD,0,958134.3143379597,0.0,958134.3143379597,0,-4.18656856620403,28.623857857616606
2004-06-01,46.37050247192383,0.10606674584670372,0.09881751564294473,0.007249230203758991,BUY,20400,11608.488960457384,945958.2504272461,957566.7393877035,20400,-4.2433260612296575,30.437421848333003
2004-06-02,45.676185607910156,0.11207749470349171,0.10146951145505413,0.010607983248437577,HOLD,20400,11608.488960457384,931794.1864013672,943402.6753618246,0,-5.659732463817546,28.484350458981588
2004-06-03,45.626590728759766,0.11155324781059761,0.10348625872616284,0.008066989084434775,HOLD,20400,11608.488960457384,930782.4508666992,942390.9398271566,0,-5.76090601728434,28.34484306034657
2004-06-04,44.981868743896484,0.058440437374805754,0.09447709445589142,-0.036036657081085666,SELL,0,928688.0332625203,0.0,928688.0332625203,20400,-7.131196673747963,26.531279069630198
2004-06-07,45.0810546875,0.024074117721127664,0.08039649910893867,-0.05632238138781101,HOLD,0,928688.0332625203,0.0,928688.0332625203,0,-7.131196673747963,26.81028313638729
2004-06-08,45.01906204223633,-0.00807069265787419,0.0627030607555761,-0.0707737534134503,HOLD,0,928688.0332625203,0.0,928688.0332625203,0,-7.131196673747963,26.635901570721753
2004-06-09,44.622310638427734,-0.06481308408304187,0.037199831787852515,-0.1020129158708944,HOLD,0,928688.0332625203,0.0,928688.0332625203,0,-7.131196673747963,25.51986384266751
2004-06-10,42.52695846557617,-0.2756813636996611,-0.025376407309650212,-0.25030495639001094,HOLD,0,928688.0332625203,0.0,928688.0332625203,0,-7.131196673747963,19.625764777069833
2004-06-11,42.78732681274414,-0.4169797617596842,-0.10369707819965703,-0.3132826835600272,HOLD,0,928688.0332625203,0.0,928688.0332625203,0,-7.131196673747963,20.3581652067625
2004-06-14,41.41109085083008,-0.6327169337057299,-0.2095010493008716,-0.4232158844048583,HOLD,0,928688.0332625203,0.0,928688.0332625203,0,-7.131196673747963,16.486896595090215
2004-06-15,41.609466552734375,-0.7787064918168909,-0.3233421378040755,-0.4553643540128154,HOLD,0,928688.0332625203,0.0,928688.0332625203,0,-7.131196673747963,17.044915459117327
2004-06-16,42.700538635253906,-0.7971745379785844,-0.4181086178389773,-0.3790659201396071,HOLD,0,928688.0332625203,0.0,928688.0332625203,0,-7.131196673747963,20.114035307035927
2004-06-17,41.07632827758789,-0.9321258330133517,-0.5209120608738522,-0.4112137721394995,HOLD,0,928688.0332625203,0.0,928688.0332625203,0,-7.131196673747963,15.545229702188568
2004-06-18,41.299503326416016,-1.0094312502079887,-0.6186158987406796,-0.39081535146730917,HOLD,0,928688.0332625203,0.0,928688.0332625203,0,-7.131196673747963,16.17300763078966
2004-06-21,41.53507614135742,-1.039702549094983,-0.7028332288115403,-0.33686932028344263,HOLD,0,928688.0332625203,0.0,928688.0332625203,0,-7.131196673747963,16.83565972642127
2004-06-22,42.15500259399414,-1.0021180941767938,-0.762690201884591,-0.23942789229220274,HOLD,0,928688.0332625203,0.0,928688.0332625203,0,-7.131196673747963,18.579475383076627
2004-06-23,41.18791580200195,-1.0383979594091954,-0.817831753389512,-0.22056620601968346,HOLD,0,928688.0332625203,0.0,928688.0332625203,0,-7.131196673747963,15.859118666489103
2004-06-24,41.200313568115234,-1.0539997646801353,-0.8650653556476366,-0.1889344090324987,HOLD,0,928688.0332625203,0.0,928688.0332625203,0,-7.131196673747963,15.893992833519643
2004-06-25,41.90703201293945,-0.997835607801818,-0.891619406078473,-0.106216201723345,HOLD,0,928688.0332625203,0.0,928688.0332625203,0,-7.131196673747963,17.881949120414497
2004-06-28,42.30378341674805,-0.9108113203961636,-0.8954577889420112,-0.015353531454152414,HOLD,0,928688.0332625203,0.0,928688.0332625203,0,-7.131196673747963,18.99798684846874
2004-06-29,42.2665901184082,-0.835217269214894,-0.8834096849965878,0.048192415781693754,BUY,21700,10952.71668972075,917185.005569458,928137.7222591788,21700,-7.186227774082122,18.893364347377183
2004-06-30,41.969024658203125,-0.7902104308503155,-0.8647698341673333,0.07455940331701782,HOLD,21700,10952.71668972075,910727.8350830078,921680.5517727286,0,-7.831944822727143,18.056330686080035
2004-07-01,43.46501159667969,-0.6266054264315031,-0.8171369526201673,0.1905315261886642,HOLD,21700,10952.71668972075,943190.7516479492,954143.46833767,0,-4.585653166233006,22.264451559728336
2004-07-02,44.32683181762695,-0.42253487341890406,-0.7382165367799147,0.31568166336101067,HOLD,21700,10952.71668972075,961892.2504425049,972844.9671322256,0,-2.715503286777432,24.68869977194441
2004-07-05,46.066734313964844,-0.1190396840468182,-0.6143811662332954,0.4953414821864772,HOLD,21700,10952.71668972075,999648.1346130371,1010600.8513027579,0,1.0600851302757786,29.58294037300766
2004-07-06,45.88786315917969,0.10582910079513397,-0.47033911282760954,0.5761682136227435,HOLD,21700,10952.71668972075,995766.6305541992,1006719.34724392,0,0.6719347243919982,29.079786621604242
2004-07-07,46.8797721862793,0.3599289645761772,-0.30428549734685223,0.6642144619230295,HOLD,21700,10952.71668972075,1017291.0564422607,1028243.7731319815,0,2.8243773131981564,31.869966785843328
2004-07-08,46.4895133972168,0.5237765445982063,-0.13867308895784053,0.6624496335560468,HOLD,21700,10952.71668972075,1008822.4407196045,1019775.1574093252,0,1.9775157409325228,30.772192390800136
2004-07-09,46.34316635131836,0.6345037840355516,0.015962285640837896,0.6185414983947137,HOLD,21700,10952.71668972075,1005646.7098236084,1016599.4265133291,0,1.659942651332913,30.360526992658944
2004-07-12,46.603336334228516,0.734779382983163,0.15972570510930292,0.5750536778738601,HOLD,21700,10952.71668972075,1011292.3984527588,1022245.1151424795,0,2.224511514247962,31.092369435679103
2004-07-13,47.85541534423828,0.9048502788775679,0.30875061986295593,0.5960996590146119,HOLD,21700,10952.71668972075,1038462.5129699707,1049415.2296596915,0,4.941522965969147,34.61439204293837
2004-07-14,48.06680679321289,1.0446481587258276,0.4559301276355303,0.5887180310902973,HOLD,21700,10952.71668972075,1043049.7074127197,1054002.4241024405,0,5.400242410244038,35.20902341709107
2004-07-15,49.77418518066406,1.2784727147714108,0.6204386450627064,0.6580340697087044,HOLD,21700,10952.71668972075,1080099.8184204102,1091052.535110131,0,9.1052535110131,40.01177566489209
2004-07-16,49.72540283203125,1.4432076329814763,0.7849924426464604,0.6582151903350159,HOLD,21700,10952.71668972075,1079041.2414550781,1089993.9581447989,0,8.999395814479882,39.874553865511686
2004-07-19,49.67662048339844,1.5519351720530494,0.9383809885277783,0.6135541835252711,HOLD,21700,10952.71668972075,1077982.664489746,1088935.3811794668,0,8.893538117946687,39.7373320661313
2004-07-20,49.59531784057617,1.6129490140970617,1.073294593641635,0.5396544204554268,HOLD,21700,10952.71668972075,1076218.397140503,1087171.1138302237,0,8.717111383022358,39.508632644001594
2004-07-21,50.16444396972656,1.6877710714244785,1.1961898891982037,0.4915811822262748,HOLD,21700,10952.71668972075,1088568.4341430664,1099521.1508327872,0,9.952115083278713,41.10955005993529
2004-07-22,50.034358978271484,1.7167813327310384,1.3003081779047707,0.4164731548262677,HOLD,21700,10952.71668972075,1085745.5898284912,1096698.306518212,0,9.669830651821187,40.743628838425195
2004-07-23,51.156349182128906,1.809449202350379,1.4021363827938924,0.40731281955648657,HOLD,21700,10952.71668972075,1110092.7772521973,1121045.493941918,0,12.10454939419181,43.89971949366143
2004-07-26,50.11566162109375,1.7784139192362218,1.4773918900823584,0.30102202915386345,HOLD,21700,10952.71668972075,1087509.8571777344,1098462.5738674551,0,9.846257386745517,40.97232826055488
2004-07-27,48.489585876464844,1.6041162571765426,1.5027367635011952,0.10137949367534738,HOLD,21700,10952.71668972075,1052224.013519287,1063176.7302090079,0,6.3176730209007825,36.398275434883544
2004-07-28,47.93672180175781,1.4051746156183782,1.4832243339246318,-0.07804971830625362,SELL,0,1050555.4436700065,0.0,1050555.4436700065,21700,5.055544367000642,34.843102195580975
2004-07-29,48.180633544921875,1.252752618232698,1.4371299907862451,-0.18437737255354714,HOLD,0,1050555.4436700065,0.0,1050555.4436700065,0,5.055544367000642,35.529211192482975
2004-07-30,48.8961067199707,1.176132074493026,1.3849304075276014,-0.2087983330345755,HOLD,0,1050555.4436700065,0.0,1050555.4436700065,0,5.055544367000642,37.541794006557836
2004-08-02,48.37575912475586,1.0611893095574132,1.3201821879335638,-0.2589928783761506,HOLD,0,1050555.4436700065,0.0,1050555.4436700065,0,5.055544367000642,36.07808765949163
2004-08-03,47.790374755859375,0.9123437827066354,1.2386145068881782,-0.3262707241815428,HOLD,0,1050555.4436700065,0.0,1050555.4436700065,0,5.055544367000642,34.43143679743979
2004-08-04,48.60341262817383,0.8501875588035404,1.1609291172712506,-0.31074155846771023,HOLD,0,1050555.4436700065,0.0,1050555.4436700065,0,5.055544367000642,36.71846321027545
2004-08-05,48.05054473876953,0.7476974940973165,1.0782827926364638,-0.3305852985391473,HOLD,0,1050555.4436700065,0.0,1050555.4436700065,0,5.055544367000642,35.163279240459964
2004-08-06,48.44080352783203,0.6900099964424626,1.0006282333976635,-0.31061823695520085,HOLD,0,1050555.4436700065,0.0,1050555.4436700065,0,5.055544367000642,36.26105363550314
2004-08-09,48.70097732543945,0.6577044821750988,0.9320434831531506,-0.27433900097805175,HOLD,0,1050555.4436700065,0.0,1050555.4436700065,0,5.055544367000642,36.99290680903624
2004-08-10,49.04245376586914,0.6521389721460551,0.8760625809517315,-0.2239236088056764,HOLD,0,1050555.4436700065,0.0,1050555.4436700065,0,5.055544367000642,37.95345940469905
2004-08-11,48.70097732543945,0.6131064608110037,0.823471356923586,-0.21036489611258224,HOLD,0,1050555.4436700065,0.0,1050555.4436700065,0,5.055544367000642,36.99290680903624
2004-08-12,48.928627014160156,0.593698554326096,0.777516796404088,-0.18381824207799202,HOLD,0,1050555.4436700065,0.0,1050555.4436700065,0,5.055544367000642,37.63327162930714
2004-08-13,48.96114730834961,0.574321345598598,0.7368777062429901,-0.16255636064439205,HOLD,0,1050555.4436700065,0.0,1050555.4436700065,0,5.055544367000642,37.72474925205642
2004-08-16,48.554630279541016,0.5201660903590124,0.6935353830661946,-0.17336929270718215,HOLD,0,1050555.4436700065,0.0,1050555.4436700065,0,5.055544367000642,36.581241410895046
2004-08-17,48.78227996826172,0.48996902976600865,0.6528221124061574,-0.16285308264014875,HOLD,0,1050555.4436700065,0.0,1050555.4436700065,0,5.055544367000642,37.22160623116593
2004-08-18,48.97740936279297,0.47629254903876017,0.617516199732678,-0.14122365069391785,HOLD,0,1050555.4436700065,0.0,1050555.4436700065,0,5.055544367000642,37.77049342868752
2004-08-19,48.65219497680664,0.43420649432717795,0.580854258651578,-0.14664776432440008,HOLD,0,1050555.4436700065,0.0,1050555.4436700065,0,5.055544367000642,36.85568500965586
2004-08-20,48.70097732543945,0.40017633688764676,0.5447186742987918,-0.14454233741114508,HOLD,0,1050555.4436700065,0.0,1050555.4436700065,0,5.055544367000642,36.99290680903624
2004-08-23,47.4976806640625,0.27296464126948194,0.4903678676929299,-0.21740322642344795,HOLD,0,1050555.4436700065,0.0,1050555.4436700065,0,5.055544367000642,33.6081060011574
2004-08-24,47.7253303527832,0.18834673934385648,0.4299636420231152,-0.24161690267925873,HOLD,0,1050555.4436700065,0.0,1050555.4436700065,0,5.055544367000642,34.24847082142828
2004-08-25,47.904197692871094,0.13417288047075004,0.3708054897126422,-0.23663260924189217,HOLD,0,1050555.4436700065,0.0,1050555.4436700065,0,5.055544367000642,34.751613842318754
2004-08-26,48.01802444458008,0.09928013498888077,0.3165004187678899,-0.21722028377900915,HOLD,0,1050555.4436700065,0.0,1050555.4436700065,0,5.055544367000642,35.07180161771066
2004-08-27,47.904197692871094,0.06173091961759525,0.265546518937831,-0.20381559932023574,HOLD,0,1050555.4436700065,0.0,1050555.4436700065,0,5.055544367000642,34.751613842318754
2004-08-30,47.107421875,-0.03195193168144783,0.20604682881397524,-0.23799876049542307,HOLD,0,1050555.4436700065,0.0,1050555.4436700065,0,5.055544367000642,32.51033160611421
2004-08-31,47.43263626098633,-0.07904302448172018,0.14902885815483616,-0.22807188263655634,HOLD,0,1050555.4436700065,0.0,1050555.4436700065,0,5.055544367000642,33.42514002514589
2004-09-01,46.53829574584961,-0.18638038301725857,0.08194700992041722,-0.26832739293767577,HOLD,0,1050555.4436700065,0.0,1050555.4436700065,0,5.055544367000642,30.90941419018054
2004-09-02,46.65211868286133,-0.2592727187120616,0.013703064193921454,-0.27297578290598307,HOLD,0,1050555.4436700065,0.0,1050555.4436700065,0,5.055544367000642,31.229591235059505
2004-09-03,46.619598388671875,-0.3160216351751046,-0.05224187567988376,-0.26377975949522087,HOLD,0,1050555.4436700065,0.0,1050555.4436700065,0,5.055544367000642,31.138113612310224
2004-09-06,46.68464279174805,-0.35169292349562653,-0.11213208524303232,-0.23956083825259422,HOLD,0,1050555.4436700065,0.0,1050555.4436700065,0,5.055544367000642,31.32107958832173
2004-09-07,47.15620422363281,-0.3380151813343417,-0.15730870446129422,-0.1807064768730475,HOLD,0,1050555.4436700065,0.0,1050555.4436700065,0,5.055544367000642,32.64755340549461
2004-09-08,48.03428649902344,-0.25340052740092034,-0.17652706904921944,-0.0768734583517009,HOLD,0,1050555.4436700065,0.0,1050555.4436700065,0,5.055544367000642,35.11754579434179
2004-09-09,48.22941589355469,-0.1686533621924582,-0.1749523276778672,0.006298965485409008,BUY,21500,13000.842493553879,1036932.4417114258,1049933.2842049797,21500,4.9933284204979556,35.66643299186338
2004-09-10,48.26193618774414,-0.09773982339359577,-0.15950982682101292,0.06177000342741715,HOLD,21500,13000.842493553879,1037631.628036499,1050632.470530053,0,5.063247053005293,35.75791061461266
2004-09-13,47.80663299560547,-0.07738742144665167,-0.14308534574614068,0.06569792429948901,HOLD,21500,13000.842493553879,1027842.6094055176,1040843.4518990715,0,4.084345189907146,34.477170243557964
2004-09-14,48.5221061706543,-0.003485116254161369,-0.11516529984774482,0.11168018359358345,HOLD,21500,13000.842493553879,1043225.2826690674,1056226.1251626213,0,5.6226125162621265,36.489753057632825
2004-09-15,50.65226745605469,0.22438266261809048,-0.047255707354577764,0.2716383699726682,HOLD,21500,13000.842493553879,1089023.7503051758,1102024.5927987297,0,10.202459279872954,42.481768053739266
2004-09-16,51.43278503417969,0.4626179923243541,0.05471903258120861,0.4078989597431455,HOLD,21500,13000.842493553879,1105804.8782348633,1118805.7207284172,0,11.880572072841723,44.67731684382565
2004-09-17,52.522254943847656,0.7309068845483679,0.18995660297464048,0.5409502815737275,HOLD,21500,13000.842493553879,1129228.4812927246,1142229.3237862785,0,14.222932378627839,47.741929876312604
2004-09-20,53.15642547607422,0.9833644136815636,0.34863816511602513,0.6347262485655385,HOLD,21500,13000.842493553879,1142863.1477355957,1155863.9902291496,0,15.586399022914964,49.52581326825778
2004-09-21,52.522254943847656,1.119363239762933,0.5027831800454067,0.6165800597175263,HOLD,21500,13000.842493553879,1129228.4812927246,1142229.3237862785,0,14.222932378627839,47.741929876312604
2004-09-22,52.29460525512695,1.1949986612134822,0.6412262762790218,0.5537723849344603,HOLD,21500,13000.842493553879,1124334.0129852295,1137334.8554787834,0,13.733485547878344,47.10156505604171
2004-09-23,54.34346008300781,1.4040803747026942,0.7937970959637564,0.6102832787389378,HOLD,21500,13000.842493553879,1168384.391784668,1181385.2342782218,0,18.138523427822186,52.86486989950552
2004-09-24,56.0833625793457,1.690685558771591,0.9731747885253234,0.7175107702462676,HOLD,21500,13000.842493553879,1205792.2954559326,1218793.1379494865,0,21.87931379494865,57.75911050056877
2004-09-27,56.79883575439453,1.9530414912081397,1.1691481290618866,0.7838933621462532,HOLD,21500,13000.842493553879,1221174.9687194824,1234175.8112130363,0,23.417581121303634,59.77169331464365
2004-09-28,58.21352005004883,2.2491864363179346,1.3851557905130962,0.8640306458048383,HOLD,21500,13000.842493553879,1251590.6810760498,1264591.5235696037,0,26.45915235696037,63.75111476616227
2004-09-29,57.790740966796875,2.4218511081950496,1.592494854049487,0.8293562541455626,HOLD,21500,13000.842493553879,1242500.9307861328,1255501.7732796867,0,25.55017732796867,62.56186274836979
2004-09-30,58.489952087402344,2.585307779734592,1.791057439186508,0.7942503405480839,HOLD,21500,13000.842493553879,1257533.9698791504,1270534.8123727043,0,27.053481237270425,64.52870138581355
2004-10-08,59.36803436279297,2.7539563759322405,1.9836372265356546,0.770319149396586,HOLD,21500,13000.842493553879,1276412.7388000488,1289413.5812936027,0,28.941358129360275,66.99869377466072
2004-10-11,60.441246032714844,2.940316675671369,2.1749731163627977,0.7653435593085711,HOLD,21500,13000.842493553879,1299486.7897033691,1312487.632196923,0,31.2487632196923,70.01757336102949
2004-10-12,58.58751678466797,2.904941737723405,2.3209668406349193,0.5839748970884857,HOLD,21500,13000.842493553879,1259631.6108703613,1272632.4533639152,0,27.263245336391527,64.80314498457436
2004-10-13,58.03465270996094,2.8000184642807255,2.416777165364081,0.3832412989166447,HOLD,21500,13000.842493553879,1247745.0332641602,1260745.875757714,0,26.074587575771414,63.24797174527179
2004-10-14,57.51430892944336,2.644395672519039,2.4623008667950725,0.1820948057239664,HOLD,21500,13000.842493553879,1236557.6419830322,1249558.484476586,0,24.955848447658614,61.78427612871851
2004-10-15,57.48178482055664,2.489738904788645,2.467788474393787,0.02195043039485789,HOLD,21500,13000.842493553879,1235858.3736419678,1248859.2161355217,0,24.885921613552163,61.69278777545628
2004-10-18,56.68500900268555,2.276635515485495,2.4295578826121287,-0.15292236712663376,SELL,0,1230997.2994351585,0.0,1230997.2994351585,21500,23.099729943515857,59.451505539251734
2004-10-19,58.5062141418457,2.22901092795324,2.389448491680351,-0.1604375637271107,HOLD,0,1230997.2994351585,0.0,1230997.2994351585,0,23.099729943515857,64.57444556244467
2004-10-20,59.644466400146484,2.2570971329368277,2.3629782199316463,-0.10588108699481857,HOLD,0,1230997.2994351585,0.0,1230997.2994351585,0,23.099729943515857,67.77628039431201
2004-10-21,60.27863693237305,2.3039691920282337,2.351176414350964,-0.047207222322730225,HOLD,0,1230997.2994351585,0.0,1230997.2994351585,0,23.099729943515857,69.5601637862572
2004-10-22,63.6608772277832,2.5842445987333846,2.397790051227448,0.18645454750593649,BUY,19100,14344.99073146889,1215922.7550506592,1230267.745782128,19100,23.026774578212805,79.07420138962289
2004-10-25,64.16496276855469,2.814595463663821,2.481151133714723,0.3334443299490979,HOLD,19100,14344.99073146889,1225550.7888793945,1239895.7796108634,0,23.98957796108634,80.49216356005799
2004-10-26,64.71782684326172,3.007097743131091,2.5863404555979965,0.42075728753309427,HOLD,19100,14344.99073146889,1236110.4927062988,1250455.4834377677,0,25.04554834377677,82.04733679936054
2004-10-27,64.06739807128906,3.0717636413240825,2.6834250927432137,0.3883385485808688,HOLD,19100,14344.99073146889,1223687.303161621,1238032.29389309,0,23.80322938930899,80.21771996129718
2004-10-28,63.41696548461914,3.035535592922429,2.753847192779057,0.2816884001433717,HOLD,19100,14344.99073146889,1211264.0407562256,1225609.0314876945,0,22.56090314876944,78.38809239272089
2004-10-29,63.35192108154297,2.967370068796285,2.796551767982503,0.17081830081378202,HOLD,19100,14344.99073146889,1210021.6926574707,1224366.6833889396,0,22.436668338893952,78.20512641670938
2004-11-01,64.03487396240234,2.9346284199478134,2.824167098375565,0.1104613215722483,HOLD,19100,14344.99073146889,1223066.0926818848,1237411.0834133537,0,23.74110834133536,80.12623160803496
2004-11-02,63.56331253051758,2.8379156358854374,2.8269168058775396,0.010998830007897809,HOLD,19100,14344.99073146889,1214059.2693328857,1228404.2600643546,0,22.840426006435454,78.79975779086207
2004-11-03,63.303138732910156,2.709047987755227,2.8033430422530774,-0.09429505449785047,SELL,0,1222709.4865601736,0.0,1222709.4865601736,19100,22.270948656017353,78.06790461732898
2004-11-04,62.29497146606445,2.4967873647965106,2.7420319067617642,-0.24524454196525358,HOLD,0,1222709.4865601736,0.0,1222709.4865601736,0,22.270948656017353,75.23199100697173
2004-11-05,59.38429641723633,2.069842287474522,2.6075939829043158,-0.5377516954297938,HOLD,0,1222709.4865601736,0.0,1222709.4865601736,0,22.270948656017353,67.04443795129184
2004-11-08,60.11602783203125,1.7701249490152975,2.440100176126512,-0.6699752271112147,HOLD,0,1222709.4865601736,0.0,1222709.4865601736,0,22.270948656017353,69.10275421148488
2004-11-09,62.262451171875,1.6863559622440079,2.2893513333500115,-0.6029953711060037,HOLD,0,1222709.4865601736,0.0,1222709.4865601736,0,22.270948656017353,75.14051338422243
2004-11-10,64.14869689941406,1.7519770025859245,2.181876467197194,-0.4298994646112697,HOLD,0,1222709.4865601736,0.0,1222709.4865601736,0,22.270948656017353,80.44640865291395
2004-11-11,63.09174728393555,1.6991088796522646,2.085322949688208,-0.38621407003594355,HOLD,0,1222709.4865601736,0.0,1222709.4865601736,0,22.270948656017353,77.47327324317628
2004-11-12,62.60392761230469,1.599410531700613,1.9881404660906894,-0.3887299343900763,HOLD,0,1222709.4865601736,0.0,1222709.4865601736,0,22.270948656017353,76.10106597988522
2004-11-15,63.02670669555664,1.5367983565369272,1.897872044179937,-0.36107368764300984,HOLD,0,1222709.4865601736,0.0,1222709.4865601736,0,22.270948656017353,77.29031799767769
2004-11-16,61.790889739990234,1.3716461731978455,1.7926268699835188,-0.4209806967856733,HOLD,0,1222709.4865601736,0.0,1222709.4865601736,0,22.270948656017353,73.81403956704955
2004-11-17,61.790889739990234,1.2266221415424567,1.6794259242953065,-0.4528037827528497,HOLD,0,1222709.4865601736,0.0,1222709.4865601736,0,22.270948656017353,73.81403956704955
2004-11-18,61.758365631103516,1.0964262090061965,1.5628259812374845,-0.46639977223128803,HOLD,0,1222709.4865601736,0.0,1222709.4865601736,0,22.270948656017353,73.72255121378734
2004-11-19,61.6445426940918,0.9728460707730733,1.4448299991446023,-0.471983928371529,HOLD,0,1222709.4865601736,0.0,1222709.4865601736,0,22.270948656017353,73.40237416890835
2004-11-22,60.815242767333984,0.7987824803274322,1.3156204953811683,-0.5168380150537362,HOLD,0,1222709.4865601736,0.0,1222709.4865601736,0,22.270948656017353,71.06960357944159
2004-11-23,59.95342254638672,0.5845557467650835,1.1694075456579514,-0.5848517988928679,HOLD,0,1222709.4865601736,0.0,1222709.4865601736,0,22.270948656017353,68.64535536722552
2004-11-24,59.43307876586914,0.3685437793257691,1.009234792391515,-0.6406910130657459,HOLD,0,1222709.4865601736,0.0,1222709.4865601736,0,22.270948656017353,67.18165975067222
2004-11-25,61.189239501953125,0.33519629911847204,0.8744270937369065,-0.5392307946184345,HOLD,0,1222709.4865601736,0.0,1222709.4865601736,0,22.270948656017353,72.12163379785366
2004-11-26,61.15671920776367,0.3026552435891645,0.7600727237073581,-0.4574174801181936,HOLD,0,1222709.4865601736,0.0,1222709.4865601736,0,22.270948656017353,72.03015617510438
2004-11-29,61.937232971191406,0.3359742582075711,0.6752530306074007,-0.3392787723998296,HOLD,0,1222709.4865601736,0.0,1222709.4865601736,0,22.270948656017353,74.22569423467782
2004-11-30,60.246116638183594,0.223346265794504,0.5848716776448214,-0.3615254118503174,HOLD,0,1222709.4865601736,0.0,1222709.4865601736,0,22.270948656017353,69.4686861635079
2004-12-01,60.14855194091797,0.12477676579390362,0.4928526952746379,-0.36807592948073425,HOLD,0,1222709.4865601736,0.0,1222709.4865601736,0,22.270948656017353,69.19424256474711
2004-12-02,60.16481018066406,0.047424945707156496,0.4037671453611416,-0.3563421996539851,HOLD,0,1222709.4865601736,0.0,1222709.4865601736,0,22.270948656017353,69.23997601086529
2004-12-03,59.74203109741211,-0.04744475411546034,0.31352476546582125,-0.3609695195812816,HOLD,0,1222709.4865601736,0.0,1222709.4865601736,0,22.270948656017353,68.05072399307281
2004-12-06,59.660728454589844,-0.12771786646241168,0.2252762390801747,-0.35299410554258637,HOLD,0,1222709.4865601736,0.0,1222709.4865601736,0,22.270948656017353,67.82202457094313
2004-12-07,59.80707550048828,-0.1774800235689824,0.14472498655034327,-0.3222050101193257,HOLD,0,1222709.4865601736,0.0,1222709.4865601736,0,22.270948656017353,68.23368996908432
2004-12-08,59.855857849121094,-0.21055343481774003,0.07366930227672662,-0.28422273709446666,HOLD,0,1222709.4865601736,0.0,1222709.4865601736,0,22.270948656017353,68.37091176846472
2004-12-09,59.49811935424805,-0.2626037260159819,0.006414696618184915,-0.2690184226341668,HOLD,0,1222709.4865601736,0.0,1222709.4865601736,0,22.270948656017353,67.36461499617081
2004-12-10,60.16481018066406,-0.2472079198501831,-0.04430982667548868,-0.2028980931746944,HOLD,0,1222709.4865601736,0.0,1222709.4865601736,0,22.270948656017353,69.23997601086529
2004-12-13,60.32741928100586,-0.21935682815625768,-0.07931922697164248,-0.1400376011846152,HOLD,0,1222709.4865601736,0.0,1222709.4865601736,0,22.270948656017353,69.6973855856376
2004-12-14,59.80707550048828,-0.23654528492559734,-0.11076443856243347,-0.1257808463631639,HOLD,0,1222709.4865601736,0.0,1222709.4865601736,0,22.270948656017353,68.23368996908432
2004-12-15,59.36803436279297,-0.2823395764564651,-0.14507946614123982,-0.1372601103152253,HOLD,0,1222709.4865601736,0.0,1222709.4865601736,0,22.270948656017353,66.99869377466072
2004-12-16,59.77455520629883,-0.2825717367043268,-0.1725779202538572,-0.10999381645046957,HOLD,0,1222709.4865601736,0.0,1222709.4865601736,0,22.270948656017353,68.14221234633504
2004-12-17,58.86395263671875,-0.3521740987259392,-0.20849715594827362,-0.14367694277766557,HOLD,0,1222709.4865601736,0.0,1222709.4865601736,0,22.270948656017353,65.58074233473856
2004-12-20,56.75005340576172,-0.5713226218821674,-0.2810622491350524,-0.290260372747115,HOLD,0,1222709.4865601736,0.0,1222709.4865601736,0,22.270948656017353,59.63447151526324
2004-12-21,56.4736213684082,-0.7585609421851132,-0.37656198774506455,-0.3819989544400486,HOLD,0,1222709.4865601736,0.0,1222709.4865601736,0,22.270948656017353,58.85688489561196
2004-12-22,57.400482177734375,-0.8226754483202612,-0.4657846798601039,-0.35689076846015727,HOLD,0,1222709.4865601736,0.0,1222709.4865601736,0,22.270948656017353,61.464088353326595
2004-12-23,57.237876892089844,-0.8765037542801792,-0.547928494744119,-0.32857525953606026,HOLD,0,1222709.4865601736,0.0,1222709.4865601736,0,22.270948656017353,61.00668950906722
2004-12-24,57.7256965637207,-0.8697738919331428,-0.6122975741819238,-0.25747631775121904,HOLD,0,1222709.4865601736,0.0,1222709.4865601736,0,22.270948656017353,62.37889677235828
2004-12-27,58.538734436035156,-0.7897315325657104,-0.6477843658586812,-0.14194716670702923,HOLD,0,1222709.4865601736,0.0,1222709.4865601736,0,22.270948656017353,64.66592318519395
2004-12-28,59.62820816040039,-0.6311109079545005,-0.644449674277845,0.01333876632334452,BUY,20300,11530.589328652015,1210452.625656128,1221983.21498478,20300,22.198321498478002,67.73054694819382
2004-12-29,60.620113372802734,-0.4205170009825139,-0.5996631396187788,0.17914613863626494,HOLD,20300,11530.589328652015,1230588.3014678955,1242118.8907965475,0,24.211889079654746,70.52071638192
2004-12-30,59.855857849121094,-0.31169581078837894,-0.5420696738526989,0.23037386306431995,HOLD,20300,11530.589328652015,1215073.9143371582,1226604.5036658102,0,22.66045036658102,68.37091176846472
2004-12-31,59.57942581176758,-0.2449365130657526,-0.48264304169530964,0.23770652862955705,HOLD,20300,11530.589328652015,1209462.3439788818,1220992.9333075339,0,22.099293330753376,67.59332514881345
2005-01-04,59.270469665527344,-0.21448699502798263,-0.42901183236184426,0.21452483733386163,HOLD,20300,11530.589328652015,1203190.534210205,1214721.123538857,0,21.47211235388571,66.72425017589994
2005-01-05,60.55506896972656,-0.0857110806175001,-0.36035168201297546,0.27464060139547536,HOLD,20300,11530.589328652015,1229267.9000854492,1240798.4894141012,0,24.07984894141013,70.33775040590848
2005-01-06,59.514381408691406,-0.06685931686716629,-0.30165320898381365,0.23479389211664736,HOLD,20300,11530.589328652015,1208141.9425964355,1219672.5319250876,0,21.967253192508764,67.41035917280193
2005-01-07,60.00220489501953,-0.012412792889968216,-0.24380512576504457,0.23139233287507635,HOLD,20300,11530.589328652015,1218044.7593688965,1229575.3486975485,0,22.95753486975485,68.78257716660592
2005-01-10,62.19740676879883,0.20550201546077318,-0.15394369751988102,0.3594457129806542,HOLD,20300,11530.589328652015,1262607.3574066162,1274137.9467352682,0,27.413794673526827,74.95754740821093
2005-01-11,62.278709411621094,0.3803767682631545,-0.047079604363273915,0.4274563726264284,HOLD,20300,11530.589328652015,1264257.8010559082,1275788.3903845602,0,27.578839038456017,75.18624683034061
2005-01-12,62.44131851196289,0.5260237903633538,0.06754107458205164,0.4584827157813022,HOLD,20300,11530.589328652015,1267558.7657928467,1279089.3551214987,0,27.90893551214988,75.64365640511292
2005-01-13,62.79905700683594,0.6626776757552264,0.1865683948166866,0.47610928093853977,HOLD,20300,11530.589328652015,1274820.8572387695,1286351.4465674215,0,28.63514465674215,76.64995317740681
2005-01-14,61.66080093383789,0.6713897490765888,0.2835326656686671,0.3878570834079217,HOLD,20300,11530.589328652015,1251714.2589569092,1263244.8482855612,0,26.324484828556116,73.44810761502654
2005-01-17,61.62828063964844,0.6679700708138085,0.3604201466976954,0.30754992411611315,HOLD,20300,11530.589328652015,1251054.0969848633,1262584.6863135153,0,26.258468631351526,73.35662999227725
2005-01-18,62.60392761230469,0.7355080293005756,0.43543772321827146,0.3000703060823041,HOLD,20300,11530.589328652015,1270859.7305297852,1282390.3198584372,0,28.23903198584372,76.10106597988522
2005-01-19,61.66080093383789,0.7048053497267546,0.4893112485199681,0.21549410120678647,HOLD,20300,11530.589328652015,1251714.2589569092,1263244.8482855612,0,26.324484828556116,73.44810761502654
2005-01-20,61.6445426940918,0.6714216203974175,0.525733322895458,0.14568829750195944,HOLD,20300,11530.589328652015,1251384.2166900635,1262914.8060187155,0,26.29148060187154,73.40237416890835
2005-01-21,61.62828063964844,0.6363174905638758,0.5478501564291416,0.08846733413473418,HOLD,20300,11530.589328652015,1251054.0969848633,1262584.6863135153,0,26.258468631351526,73.35662999227725
2005-01-24,62.21366882324219,0.6482604064446349,0.5679322064322403,0.0803282000123946,HOLD,20300,11530.589328652015,1262937.4771118164,1274468.0664404684,0,27.446806644046838,75.00329158484203
2005-01-25,64.05113220214844,0.796808084082258,0.6137073819622438,0.18310070212001417,HOLD,20300,11530.589328652015,1300237.9837036133,1311768.5730322653,0,31.176857303226523,80.17196505415313
2005-01-26,64.05113220214844,0.9041111581962653,0.6717881372090482,0.23232302098721713,HOLD,20300,11530.589328652015,1300237.9837036133,1311768.5730322653,0,31.176857303226523,80.17196505415313
2005-01-27,63.77470016479492,0.9558256986597087,0.7285956494991803,0.22723004916052836,HOLD,20300,11530.589328652015,1294626.413345337,1306157.002673989,0,30.615700267398882,79.39437843450186
2005-01-28,63.56331253051758,0.9685873569874701,0.7765939909968383,0.19199336599063177,HOLD,20300,11530.589328652015,1290335.2443695068,1301865.8336981589,0,30.186583369815878,78.79975779086207
2005-01-31,64.00234985351562,1.0025706950391182,0.8217893318052943,0.18078136323382388,HOLD,20300,11530.589328652015,1299247.7020263672,1310778.2913550192,0,31.077829135501922,80.03474325477274
2005-02-01,63.41696548461914,0.9710731818053375,0.851646101805303,0.11942708000003455,HOLD,20300,11530.589328652015,1287364.3993377686,1298894.9886664206,0,29.88949886664205,78.38809239272089
2005-02-02,64.79912567138672,1.0455870745773694,0.8904342963597163,0.15515277821765316,HOLD,20300,11530.589328652015,1315422.2511291504,1326952.8404578024,0,32.69528404578024,82.2760254909773
2005-02-03,63.98609161376953,1.027193965177709,0.9177862301233148,0.10940773505439405,HOLD,20300,11530.589328652015,1298917.6597595215,1310448.2490881735,0,31.044824908817347,79.98900980865457
2005-02-04,64.49017333984375,1.0412891429112108,0.9424868126808941,0.0988023302303167,HOLD,20300,11530.589328652015,1309150.5187988281,1320681.1081274801,0,32.06811081274801,81.40696124857674
2005-02-16,64.7503433227539,1.0612201310210523,0.9662334763489258,0.09498665467212652,HOLD,20300,11530.589328652015,1314431.9694519043,1325962.5587805563,0,32.596255878055636,82.13880369159689
2005-02-17,63.449485778808594,0.960969789071342,0.965180738893409,-0.004210949822067045,SELL,0,1298782.3359016806,0.0,1298782.3359016806,20300,29.87823359016806,78.47957001547019
2005-02-18,63.839744567871094,0.9026066064539506,0.9526659124055175,-0.050059305951566824,HOLD,0,1298782.3359016806,0.0,1298782.3359016806,0,29.87823359016806,79.57734441051336
2005-02-21,65.5308609008789,0.981498218073952,0.9584323735392044,0.02306584453474758,BUY,19600,13606.819320259849,1284404.8736572266,1298011.6929774864,19600,29.80116929774863,84.33435248168328
2005-02-22,65.67720794677734,1.0437971286390848,0.9755053245591805,0.06829180407990432,HOLD,19600,13606.819320259849,1287273.275756836,1300880.0950770958,0,30.08800950770958,84.74601787982448
2005-02-23,67.35206604003906,1.214318605853272,1.0232679808179987,0.19105062503527326,HOLD,19600,13606.819320259849,1320100.4943847656,1333707.3137050255,0,33.37073137050255,89.45729250487622
2005-02-24,69.9212646484375,1.539029981481903,1.1264203809507796,0.4126096005311235,HOLD,19600,13606.819320259849,1370456.787109375,1384063.6064296348,0,38.40636064296348,96.68429296489329
2005-02-25,69.88874816894531,1.7733007705023027,1.2557964588610844,0.5175043116412184,HOLD,19600,13606.819320259849,1369819.4641113281,1383426.283431588,0,38.3426283431588,96.59282607265696
2005-02-28,70.73430633544922,2.004089638196646,1.4054550947281967,0.5986345434684495,HOLD,19600,13606.819320259849,1386392.4041748047,1399999.2234950645,0,39.99992234950645,98.9713301082419
2005-03-01,70.6855239868164,2.1581770293688294,1.5559994816563234,0.602177547712506,HOLD,19600,13606.819320259849,1385436.2701416016,1399043.0894618614,0,39.90430894618615,98.8341083088615
2005-03-02,69.1244888305664,2.129779137858492,1.6707554128967572,0.4590237249617346,HOLD,19600,13606.819320259849,1354839.9810791016,1368446.8003993614,0,36.84468003993615,94.44301072868875
2005-03-03,69.56352996826172,2.1182823148918004,1.760260793295766,0.3580215215960345,HOLD,19600,13606.819320259849,1363445.1873779297,1377052.0066981895,0,37.70520066981895,95.67800692311232
2005-03-04,70.2464828491211,2.139615434802508,1.8361317215971145,0.30348371320539336,HOLD,19600,13606.819320259849,1376831.0638427734,1390437.8831630333,0,39.04378831630333,97.59911211443793
2005-03-07,72.60429382324219,2.3200338208755085,1.9329121414527934,0.387121679422715,HOLD,19600,13606.819320259849,1423044.1589355469,1436650.9782558067,0,43.66509782558068,104.23149193081525
2005-03-08,73.59619903564453,2.5140744671257664,2.049144606587388,0.4649298605383785,HOLD,19600,13606.819320259849,1442485.5010986328,1456092.3204188927,0,45.60923204188927,107.02166136454139
2005-03-09,74.92958068847656,2.743816820771386,2.1880790494241875,0.5557377713471983,HOLD,19600,13606.819320259849,1468619.7814941406,1482226.6008144005,0,48.22266008144005,110.77238339393034
2005-03-10,74.18158721923828,2.832876828836305,2.317038605306611,0.5158382235296939,HOLD,19600,13606.819320259849,1453959.1094970703,1467565.9288173302,0,46.75659288173301,108.66832295710616
2005-03-11,75.41740417480469,2.968953380569559,2.4474215603592007,0.5215318202103583,HOLD,19600,13606.819320259849,1478181.1218261719,1491787.9411464317,0,49.17879411464317,112.1446013877343
2005-03-14,76.94591522216797,3.1636643421950197,2.590670116726365,0.5729942254686549,HOLD,19600,13606.819320259849,1508139.9383544922,1521746.757674752,0,52.17467576747521,116.44421061464487
2005-03-15,76.2304458618164,3.223088031620591,2.7171536997052104,0.5059343319153808,HOLD,19600,13606.819320259849,1494116.7388916016,1507723.5582118614,0,50.77235582118613,114.43163853108294
2005-03-16,76.2304458618164,3.2329147053116287,2.820305900826494,0.4126088044851346,HOLD,19600,13606.819320259849,1494116.7388916016,1507723.5582118614,0,50.77235582118613,114.43163853108294
2005-03-17,77.22235107421875,3.2828976750867014,2.9128242556785358,0.3700734194081656,HOLD,19600,13606.819320259849,1513558.0810546875,1527164.9003749473,0,52.716490037494744,117.22180796480907
2005-03-18,76.6532211303711,3.239245502893155,2.97810850512146,0.2611369977716951,HOLD,19600,13606.819320259849,1502403.1341552734,1516009.9534755333,0,51.60099534755334,115.62087981836244
2005-03-21,76.42557525634766,3.1499708195955662,3.0124809680162814,0.13748985157928484,HOLD,19600,13606.819320259849,1497941.275024414,1511548.094344674,0,51.154809434467396,114.9805257286045
2005-03-22,79.31998443603516,3.2750222037722807,3.0649892151674814,0.21003298860479935,HOLD,19600,13606.819320259849,1554671.694946289,1568278.514266549,0,56.827851426654895,123.12232387714035
2005-03-23,79.72650909423828,3.3681040620719926,3.125612184548384,0.24249187752360868,HOLD,19600,13606.819320259849,1562639.5782470703,1576246.3975673302,0,57.62463975673302,124.26585317932756
2005-03-24,76.45809173583984,3.1419200414137975,3.1288737559214668,0.013046285492330778,HOLD,19600,13606.819320259849,1498578.598022461,1512185.4173427208,0,51.21854173427207,115.07199262084087
2005-03-25,76.88087463378906,2.9626312530830887,3.0956252553537915,-0.1329940022707028,SELL,0,1519567.843056832,0.0,1519567.843056832,19600,51.9567843056832,116.26125536914627
2005-03-28,79.8240737915039,3.023185767649295,3.081137357812892,-0.05795159016359719,HOLD,0,1519567.843056832,0.0,1519567.843056832,0,51.9567843056832,124.54029677808838
2005-03-29,78.23051452636719,2.9090549671116293,3.0467208796726397,-0.13766591256101046,HOLD,0,1519567.843056832,0.0,1519567.843056832,0,51.9567843056832,120.0577108446534
2005-03-30,77.0272216796875,2.690495452230337,2.975475794184179,-0.28498034195384214,HOLD,0,1519567.843056832,0.0,1519567.843056832,0,51.9567843056832,116.67292076728745
2005-03-31,78.23051452636719,2.584587621192597,2.897298159585863,-0.312710538393266,HOLD,0,1519567.843056832,0.0,1519567.843056832,0,51.9567843056832,120.0577108446534
2005-04-01,79.62894439697266,2.5837130695025934,2.8345811415692093,-0.2508680720666159,HOLD,0,1519567.843056832,0.0,1519567.843056832,0,51.9567843056832,123.9914095805668
2005-04-04,81.20623779296875,2.6794078304573645,2.8035464793468403,-0.12413864888947579,HOLD,0,1519567.843056832,0.0,1519567.843056832,0,51.9567843056832,128.4282406068577
2005-04-05,81.22249603271484,2.7251447496984724,2.787866133417167,-0.0627213837186944,HOLD,0,1519567.843056832,0.0,1519567.843056832,0,51.9567843056832,128.4739740529759
2005-04-06,83.19004821777344,2.8868784675735384,2.8076686002484412,0.07920986732509716,BUY,18000,21248.52261615824,1497420.8679199219,1518669.39053608,18000,51.86693905360802,134.00857947431004
2005-04-07,81.43388366699219,2.8406011203469603,2.8142551042681454,0.026346016078814927,HOLD,18000,21248.52261615824,1465809.9060058594,1487058.4286220176,0,48.70584286220176,129.0685946966157
2005-04-08,81.14118957519531,2.7486236002928166,2.80112880347308,-0.052505203180263305,SELL,0,1480913.6101222618,0.0,1480913.6101222618,18000,48.09136101222617,128.24526390033327
2005-04-11,78.37686157226562,2.4247219008680503,2.725847422952074,-0.3011255220840239,HOLD,0,1480913.6101222618,0.0,1480913.6101222618,0,48.09136101222617,120.4693762427946
2005-04-12,77.35243225097656,2.0615997471889074,2.592997887799441,-0.5313981406105337,HOLD,0,1480913.6101222618,0.0,1480913.6101222618,0,48.09136101222617,117.5877184558062
2005-04-13,79.49885559082031,1.9248329730154268,2.4593649048426385,-0.5345319318272117,HOLD,0,1480913.6101222618,0.0,1480913.6101222618,0,48.09136101222617,123.62547762854375
2005-04-14,79.66146087646484,1.8087154607882923,2.3292350160317694,-0.5205195552434771,HOLD,0,1480913.6101222618,0.0,1480913.6101222618,0,48.09136101222617,124.08287647280316
2005-04-15,79.35250854492188,1.67248228987998,2.197884470801412,-0.5254021809214318,HOLD,0,1480913.6101222618,0.0,1480913.6101222618,0,48.09136101222617,123.21381223040255
2005-04-18,77.33617401123047,1.3858400730632638,2.0354755912537823,-0.6496355181905185,HOLD,0,1480913.6101222618,0.0,1480913.6101222618,0,48.09136101222617,117.54198500968802
2005-04-19,75.61253356933594,1.0079714055706859,1.8299747541171631,-0.8220033485464773,HOLD,0,1480913.6101222618,0.0,1480913.6101222618,0,48.09136101222617,112.69348858525592
2005-04-20,76.16539764404297,0.7445367187018945,1.6128871470341095,-0.868350428332215,HOLD,0,1480913.6101222618,0.0,1480913.6101222618,0,48.09136101222617,114.24866182455848
2005-04-21,78.49069213867188,0.7151508500007111,1.43333988762743,-0.7181890376267188,HOLD,0,1480913.6101222618,0.0,1480913.6101222618,0,48.09136101222617,120.78957474869942
2005-04-22,78.24678039550781,0.6645205192274375,1.2795760139474315,-0.615055494719994,HOLD,0,1480913.6101222618,0.0,1480913.6101222618,0,48.09136101222617,120.10346575179742
2005-04-25,84.55595397949219,1.1205758961847039,1.247775990394886,-0.12720009421018208,HOLD,0,1480913.6101222618,0.0,1480913.6101222618,0,48.09136101222617,137.8507898569612
2005-04-26,84.9949951171875,1.5001373689310782,1.2982482661021244,0.20188910282895378,BUY,17200,18122.545757027576,1461913.916015625,1480036.4617726526,17200,48.003646177265246,139.0857860513848
2005-04-27,85.88933563232422,1.8517624115332438,1.4089510951883484,0.44281131634489546,HOLD,17200,18122.545757027576,1477296.5728759766,1495419.1186330041,0,49.54191186330041,141.60151188635015
2005-04-28,86.1820297241211,2.1294982281707746,1.5530605217848337,0.5764377063859409,HOLD,17200,18122.545757027576,1482330.9112548828,1500453.4570119104,0,50.04534570119104,142.42484268263254
2005-04-29,86.1820297241211,2.322829728634119,1.7070143631546908,0.6158153654794281,HOLD,17200,18122.545757027576,1482330.9112548828,1500453.4570119104,0,50.04534570119104,142.42484268263254
2005-05-09,83.77543640136719,2.255850328850002,1.816781556293753,0.439068772556249,HOLD,17200,18122.545757027576,1440937.5061035156,1459060.0518605432,0,45.90600518605432,135.65524106687482
2005-05-10,82.37700653076172,2.06611023587854,1.8666472922107105,0.19946294366782946,HOLD,17200,18122.545757027576,1416884.5123291016,1435007.0580861291,0,43.50070580861291,131.7215423309614
2005-05-11,80.2468490600586,1.7239809604074452,1.8381140258500575,-0.11413306544261226,SELL,0,1397540.2021077354,0.0,1397540.2021077354,17200,39.75402021077355,125.72953806536793
2005-05-12,79.5151138305664,1.3779124104873262,1.7460737027775113,-0.3681612922901851,HOLD,0,1397540.2021077354,0.0,1397540.2021077354,0,39.75402021077355,123.67121107466193
2005-05-13,79.22241973876953,1.0677245602300758,1.6104038742680242,-0.5426793140379484,HOLD,0,1397540.2021077354,0.0,1397540.2021077354,0,39.75402021077355,122.84788027837953
2005-05-16,79.5151138305664,0.8358809064085619,1.4554992806961318,-0.6196183742875698,HOLD,0,1397540.2021077354,0.0,1397540.2021077354,0,39.75402021077355,123.67121107466193
2005-05-17,80.73467254638672,0.741998044916869,1.3127990335402793,-0.5708009886234102,HOLD,0,1397540.2021077354,0.0,1397540.2021077354,0,39.75402021077355,127.10175605917193
2005-05-18,78.05165100097656,0.44595706952836167,1.1394306407378958,-0.6934735712095341,HOLD,0,1397540.2021077354,0.0,1397540.2021077354,0,39.75402021077355,119.55457855427585
2005-05-19,79.95415496826172,0.36070070079341576,0.9836846527489999,-0.6229839519555841,HOLD,0,1397540.2021077354,0.0,1397540.2021077354,0,39.75402021077355,124.90620726908554
2005-05-20,79.92163848876953,0.2871999440097568,0.8443877110011513,-0.5571877669913945,HOLD,0,1397540.2021077354,0.0,1397540.2021077354,0,39.75402021077355,124.81474037684919
2005-05-23,78.6858139038086,0.1277566497919338,0.7010614987593078,-0.573304848967374,HOLD,0,1397540.2021077354,0.0,1397540.2021077354,0,39.75402021077355,121.33844048519515
2005-05-24,78.31182098388672,-0.028453419344472763,0.5551585151385517,-0.5836119344830245,HOLD,0,1397540.2021077354,0.0,1397540.2021077354,0,39.75402021077355,120.28642099729603
2005-05-25,77.72643280029297,-0.19721360303609003,0.4046840915036234,-0.6018976945397134,HOLD,0,1397540.2021077354,0.0,1397540.2021077354,0,39.75402021077355,118.63975940473122
2005-05-26,74.88079833984375,-0.5541878508868905,0.21290970302552062,-0.7670975539124111,HOLD,0,1397540.2021077354,0.0,1397540.2021077354,0,39.75402021077355,110.63516159454991
2005-05-27,72.84820556640625,-0.9896971512050357,-0.027611667820590626,-0.962085483384445,HOLD,0,1397540.2021077354,0.0,1397540.2021077354,0,39.75402021077355,104.91760092771725
2005-05-30,72.68560028076172,-1.3326009032868598,-0.2886095149138445,-1.0439913883730152,HOLD,0,1397540.2021077354,0.0,1397540.2021077354,0,39.75402021077355,104.46020208345783
2005-05-31,72.47420501708984,-1.602934793862829,-0.5514745707036415,-1.0514602231591876,HOLD,0,1397540.2021077354,0.0,1397540.2021077354,0,39.75402021077355,103.86555997879223
2005-06-01,72.68560028076172,-1.7796043475669023,-0.7971005260762937,-0.9825038214906087,HOLD,0,1397540.2021077354,0.0,1397540.2021077354,0,39.75402021077355,104.46020208345783
2005-06-02,66.83172607421875,-2.364715993326314,-1.1106236195262977,-1.2540923738000163,HOLD,0,1397540.2021077354,0.0,1397540.2021077354,0,39.75402021077355,87.99360761883588
2005-06-03,68.6041488647461,-2.654798615764406,-1.4194586187739195,-1.2353399969904866,HOLD,0,1397540.2021077354,0.0,1397540.2021077354,0,39.75402021077355,92.97932584264841
2005-06-06,72.5880355834961,-2.534014281241369,-1.6423697512674096,-0.8916445299739593,HOLD,0,1397540.2021077354,0.0,1397540.2021077354,0,39.75402021077355,104.18575848469706
2005-06-07,73.56367492675781,-2.3326762449732,-1.7804310500085678,-0.5522451949646323,HOLD,0,1397540.2021077354,0.0,1397540.2021077354,0,39.75402021077355,106.93017301127918
2005-06-08,80.34441375732422,-1.6074359252880157,-1.7458320250644574,0.13839609977644174,BUY,17200,14787.13113178336,1381923.9166259766,1396711.04775776,17200,39.671104775776,126.00398166412874
2005-06-09,78.5882568359375,-1.1610016295166616,-1.6288659459548984,0.4678643164382368,HOLD,17200,14787.13113178336,1351718.017578125,1366505.1487099084,0,36.65051487099085,121.06401834746023
2005-06-10,76.45809173583984,-0.9679280823586538,-1.4966783732356497,0.5287502908769959,HOLD,17200,14787.13113178336,1315079.1778564453,1329866.3089882287,0,32.98663089882288,115.07199262084087
2005-06-13,76.79956817626953,-0.778388828427282,-1.3530204642739763,0.5746316358466943,HOLD,17200,14787.13113178336,1320952.572631836,1335739.7037636193,0,33.57397037636194,116.03254521650368
2005-06-14,77.51504516601562,-0.5639437974935788,-1.1952051309178968,0.631261333424318,HOLD,17200,14787.13113178336,1333258.7768554688,1348045.907987252,0,34.80459079872522,118.04513876109147
2005-06-15,77.44999694824219,-0.3946936305446229,-1.0351028308432422,0.6404092002986193,HOLD,17200,14787.13113178336,1332139.9475097656,1346927.078641549,0,34.692707864154904,117.86216205456701
2005-06-16,78.84842681884766,-0.14603663108565001,-0.8572895908917237,0.7112529598060737,HOLD,17200,14787.13113178336,1356192.9412841797,1370980.072415963,0,37.09800724159631,121.79586079048042
2005-06-17,78.86468505859375,0.051741295092270434,-0.6754834136949249,0.7272247087871954,HOLD,17200,14787.13113178336,1356472.5830078125,1371259.7141395959,0,37.12597141395959,121.8415942365986
2005-06-20,84.2307357788086,0.6341668924842168,-0.4135533524590966,1.0477202449433134,HOLD,17200,14787.13113178336,1448768.6553955078,1463555.7865272912,0,46.35557865272912,136.93597070741657
2005-06-21,82.6371841430664,0.9561353423761432,-0.13961561349204865,1.095750955868192,HOLD,17200,14787.13113178336,1421359.5672607422,1436146.6983925255,0,43.61466983925255,132.45340623500746
2005-06-22,85.0600357055664,1.3907696047715206,0.1664614301606652,1.2243081746108553,HOLD,17200,14787.13113178336,1463032.6141357422,1477819.7452675255,0,47.78197452675255,139.26874129688335
2005-06-23,84.70230102539062,1.6869085583177252,0.4705508557920772,1.216357702525648,HOLD,17200,14787.13113178336,1456879.5776367188,1471666.708768502,0,47.166670876850205,138.2624552551024
2005-06-24,85.38525390625,1.9541827995029166,0.7672772445342452,1.1869055549686713,HOLD,17200,14787.13113178336,1468626.3671875,1483413.4983192834,0,48.341349831928326,140.18356044642798
2005-06-27,89.19026947021484,2.444849810667961,1.1027917577609883,1.3420580529069726,HOLD,17200,14787.13113178336,1534072.6348876953,1548859.7660194787,0,54.885976601947874,150.8868393370732
2005-06-28,86.83245849609375,2.6133265102472336,1.4048987082582374,1.2084278019889962,HOLD,17200,14787.13113178336,1493518.2861328125,1508305.4172645959,0,50.83054172645958,144.25445952069586
2005-06-29,86.83245849609375,2.7155424257552454,1.6670274517576391,1.0485149739976063,HOLD,17200,14787.13113178336,1493518.2861328125,1508305.4172645959,0,50.83054172645958,144.25445952069586
2005-06-30,87.23897552490234,2.797108476662146,1.8930436567385407,0.9040648199236052,HOLD,17200,14787.13113178336,1500510.3790283203,1515297.5101601037,0,51.52975101601036,145.39796736185724
2005-07-01,85.14134216308594,2.6618050463541323,2.046795934661659,0.6150091116924732,HOLD,17200,14787.13113178336,1464431.0852050781,1479218.2163368615,0,47.92182163368614,139.49745144952595
2005-07-04,85.02751159667969,2.516383623620527,2.1407134724534327,0.37567015116709435,HOLD,17200,14787.13113178336,1462473.1994628906,1477260.330594674,0,47.72603305946739,139.17725294362114
2005-07-05,84.50717163085938,2.332264122796616,2.1790236025220695,0.15324052027454638,HOLD,17200,14787.13113178336,1453523.3520507812,1468310.4831825646,0,46.831048318256464,137.71356805758077
2005-07-06,81.8078842163086,1.9461046731522202,2.1324398166480996,-0.18633514349587932,SELL,0,1421038.4822871787,0.0,1421038.4822871787,17200,42.103848228717865,130.12063564554072
2005-07-07,82.13310241699219,1.647323597010697,2.035416572720619,-0.3880929757099221,HOLD,0,1421038.4822871787,0.0,1421038.4822871787,0,42.103848228717865,131.0354547950853
2005-07-08,84.39334106445312,1.5747668784977122,1.9432866338760377,-0.3685197553783255,HOLD,0,1421038.4822871787,0.0,1421038.4822871787,0,42.103848228717865,137.39336955167593
2005-07-11,84.49090576171875,1.5077573241341184,1.856180771927654,-0.3484234477935355,HOLD,0,1421038.4822871787,0.0,1421038.4822871787,0,42.103848228717865,137.66781315043676
2005-07-12,86.99506378173828,1.637836434715382,1.8125119044851996,-0.17467546976981763,HOLD,0,1421038.4822871787,0.0,1421038.4822871787,0,42.103848228717865,144.71185836495528
2005-07-13,85.36898803710938,1.5913700211010706,1.768283527808374,-0.17691350670730333,HOLD,0,1421038.4822871787,0.0,1421038.4822871787,0,42.103848228717865,140.13780553928393
2005-07-14,86.01941680908203,1.588715496277402,1.7323699215021797,-0.14365442522477778,HOLD,0,1421038.4822871787,0.0,1421038.4822871787,0,42.103848228717865,141.96742237734728
2005-07-15,86.16576385498047,1.5802051286806318,1.7019369629378702,-0.12173183425723844,HOLD,0,1421038.4822871787,0.0,1421038.4822871787,0,42.103848228717865,142.37908777548847
2005-07-18,85.69420623779297,1.517912294250209,1.665132029200338,-0.14721973495012897,HOLD,0,1421038.4822871787,0.0,1421038.4822871787,0,42.103848228717865,141.05262468882853
2005-07-19,86.10072326660156,1.4842379300373096,1.6289532093677324,-0.14471527933042272,HOLD,0,1421038.4822871787,0.0,1421038.4822871787,0,42.103848228717865,142.1961325299899
2005-07-20,84.73481750488281,1.3319793454024875,1.5695584365746835,-0.237579091172196,HOLD,0,1421038.4822871787,0.0,1421038.4822871787,0,42.103848228717865,138.35392214733875
2005-07-21,84.52342987060547,1.1806463484909528,1.4917760189579374,-0.3111296704669846,HOLD,0,1421038.4822871787,0.0,1421038.4822871787,0,42.103848228717865,137.75930150369896
2005-07-22,84.6697769165039,1.0603003591477034,1.4054808869958906,-0.3451805278481872,HOLD,0,1421038.4822871787,0.0,1421038.4822871787,0,42.103848228717865,138.1709669018402
2005-07-25,83.51526641845703,0.8618312923348981,1.2967509680636922,-0.4349196757287941,HOLD,0,1421038.4822871787,0.0,1421038.4822871787,0,42.103848228717865,134.92339862385464
2005-07-26,84.2144775390625,0.7522916707795986,1.1878591086068735,-0.4355674378272749,HOLD,0,1421038.4822871787,0.0,1421038.4822871787,0,42.103848228717865,136.89023726129838
2005-07-27,85.97063446044922,0.7979891955317413,1.1098851259918472,-0.3118959304601059,HOLD,0,1421038.4822871787,0.0,1421038.4822871787,0,42.103848228717865,141.83020057796688
2005-07-28,86.66985321044922,0.880476339476786,1.064003368688835,-0.183527029212049,HOLD,0,1421038.4822871787,0.0,1421038.4822871787,0,42.103848228717865,143.7970606764365
2005-07-29,86.44219970703125,0.9169087073721585,1.0345844364254997,-0.11767572905334123,HOLD,0,1421038.4822871787,0.0,1421038.4822871787,0,42.103848228717865,143.15668512565273
2005-08-01,87.12515258789062,0.9894840549670363,1.0255643601338071,-0.036080305166770854,HOLD,0,1421038.4822871787,0.0,1421038.4822871787,0,42.103848228717865,145.07779031697828
2005-08-02,86.79993438720703,1.009125578470119,1.0222766038010695,-0.013151025330950583,HOLD,0,1421038.4822871787,0.0,1421038.4822871787,0,42.103848228717865,144.16297116743365
2005-08-03,87.14141082763672,1.040254515739349,1.0258721861887254,0.014382329550623574,BUY,16100,17219.981933632633,1402976.7143249512,1420196.6962585838,16100,42.01966962585839,145.12352376309647
2005-08-04,90.26348114013672,1.3018425739618067,1.0810662637433417,0.220776310218465,HOLD,16100,17219.981933632633,1453242.0463562012,1470462.0282898338,0,47.046202828983375,153.90571892344198
2005-08-05,91.8584213256836,1.6191863657300019,1.188690284140674,0.43049608158932795,HOLD,16100,17219.981933632633,1478920.5833435059,1496140.5652771385,0,49.61405652771384,158.3921893025585
2005-08-08,90.79510498046875,1.7645423190271998,1.303860691117979,0.46068162790922074,HOLD,16100,17219.981933632633,1461801.1901855469,1479021.1721191795,0,47.90211721191795,155.40114466673657
2005-08-09,89.47581481933594,1.7530739240668254,1.3937033377077483,0.35937058635907704,HOLD,16100,17219.981933632633,1440560.6185913086,1457780.6005249412,0,45.77806005249412,151.69006115212014
2005-08-10,90.91325378417969,1.8387781596943142,1.4827183021050616,0.3560598575892526,HOLD,16100,17219.981933632633,1463703.385925293,1480923.3678589256,0,48.092336785892556,155.73349011328096
2005-08-11,93.27616882324219,2.0734652629778907,1.6008676942796276,0.4725975686982631,HOLD,16100,17219.981933632633,1501746.3180541992,1518966.2999878319,0,51.8966299987832,162.3802273559619
2005-08-12,92.58699035644531,2.178730491698005,1.7164402537633032,0.4622902379347016,HOLD,16100,17219.981933632633,1490650.5447387695,1507870.5266724022,0,50.78705266724022,160.44160996753055
2005-08-15,94.49700927734375,2.3887405934541164,1.850900321701466,0.5378402717526505,HOLD,16100,17219.981933632633,1521401.8493652344,1538621.831298867,0,53.86218312988671,165.8143777928172
2005-08-16,93.4927749633789,2.4459464476367287,1.9699095468885186,0.47603690074821015,HOLD,16100,17219.981933632633,1505233.6769104004,1522453.658844033,0,52.24536588440329,162.9895273412933
2005-08-17,96.13136291503906,2.6733774640360366,2.1106031303180224,0.5627743337180142,HOLD,16100,17219.981933632633,1547714.942932129,1564934.9248657615,0,56.49349248657616,170.411715831552
2005-08-18,92.72482299804688,2.5493515437451038,2.1983528130034387,0.3509987307416651,HOLD,16100,17219.981933632633,1492869.6502685547,1510089.6322021873,0,51.00896322021873,160.82932486080645
2005-08-19,92.72482299804688,2.4231277994289115,2.2433078102885333,0.17981998914037822,HOLD,16100,17219.981933632633,1492869.6502685547,1510089.6322021873,0,51.00896322021873,160.82932486080645
2005-08-22,93.53215789794922,2.361023344479051,2.266850917126637,0.09417242735241382,HOLD,16100,17219.981933632633,1505867.7421569824,1523087.724090615,0,52.30877240906151,163.1003091568081
2005-08-23,94.53639221191406,2.365569618843395,2.2865946574699887,0.07897496137340632,HOLD,16100,17219.981933632633,1522035.9146118164,1539255.896545449,0,53.9255896545449,165.925159608332
2005-08-24,94.41825103759766,2.332749089196554,2.295825543815302,0.036923545381251976,HOLD,16100,17219.981933632633,1520133.8417053223,1537353.823638955,0,53.7353823638955,165.59283562281342
2005-08-25,94.41825103759766,2.2804509638128962,2.292750627814821,-0.012299664001924615,SELL,0,1536441.7433339315,0.0,1536441.7433339315,16100,53.644174333393146,165.59283562281342
2005-08-26,95.3437271118164,2.2873157551017016,2.291663653272197,-0.004347898170495412,HOLD,0,1536441.7433339315,0.0,1536441.7433339315,0,53.644174333393146,168.1961439043336
2005-08-29,95.87538146972656,2.309039050274052,2.295138732672568,0.013900317601483803,BUY,15800,20701.817495919066,1514831.0272216797,1535532.8447175988,15800,53.553284471759866,169.69165549173164
2005-08-30,95.26496124267578,2.25105039960134,2.2863210660583224,-0.035270666456982624,SELL,0,1524985.0932976159,0.0,1524985.0932976159,15800,52.49850932976159,167.974580273304
2005-08-31,96.21012878417969,2.255362680594814,2.280129388965621,-0.024766708370806967,HOLD,0,1524985.0932976159,0.0,1524985.0932976159,0,52.49850932976159,170.63327946258156
2005-09-01,98.45490264892578,2.412109389323348,2.3065253890371666,0.1055840002861812,BUY,15300,17721.26676273439,1506360.0105285645,1524081.2772912988,15300,52.40812772912988,176.94769271974403
2005-09-02,99.5575942993164,2.5953922199614965,2.3642987552220327,0.2310934647394638,HOLD,15300,17721.26676273439,1523231.192779541,1540952.4595422754,0,54.09524595422754,180.0494977100549
2005-09-05,100.32554626464844,2.7706738854171675,2.44557378126106,0.3251001041561077,HOLD,15300,17721.26676273439,1534980.857849121,1552702.1246118555,0,55.27021246118555,182.2097001905417
2005-09-06,98.65180969238281,2.74291074705593,2.5050411744200343,0.23786957263589592,HOLD,15300,17721.26676273439,1509372.688293457,1527093.9550561914,0,52.70939550561915,177.50158033629214
2005-09-07,99.5182113647461,2.7590154216673426,2.555836023869496,0.20317939779784666,HOLD,15300,17721.26676273439,1522628.6338806152,1540349.9006433496,0,54.03499006433496,179.93871589454008
2005-09-08,98.51396942138672,2.660080804622922,2.576684980020181,0.08339582460274064,HOLD,15300,17721.26676273439,1507263.7321472168,1524984.9989099512,0,52.498499890995106,177.11384398199033
2005-09-09,98.06108093261719,2.516125760203394,2.564573136056824,-0.04844737585342962,SELL,0,1517155.604308816,0.0,1517155.604308816,15300,51.71556043088159,175.8398960256219
2005-09-12,97.68695068359375,2.3448215230841924,2.520622813462298,-0.17580129037810543,HOLD,0,1517155.604308816,0.0,1517155.604308816,0,51.71556043088159,174.78749023925718
2005-09-13,100.01049041748047,2.3692407859010274,2.490346407950044,-0.12110562204901676,HOLD,0,1517155.604308816,0.0,1517155.604308816,0,51.71556043088159,181.3234671274492
2005-09-14,100.14832305908203,2.3723679884533766,2.4667507240507107,-0.09438273559733412,HOLD,0,1517155.604308816,0.0,1517155.604308816,0,51.71556043088159,181.71118202072512
2005-09-15,99.91203308105469,2.3289332003146654,2.439187219303502,-0.11025401898883658,HOLD,0,1517155.604308816,0.0,1517155.604308816,0,51.71556043088159,181.0465125886622
2005-09-16,100.36492156982422,2.3044904030102344,2.4122478560448486,-0.10775745303461415,HOLD,0,1517155.604308816,0.0,1517155.604308816,0,51.71556043088159,182.32046054503064
2005-09-19,99.40007019042969,2.1821098631418323,2.3662202574642452,-0.18411039432241294,HOLD,0,1517155.604308816,0.0,1517155.604308816,0,51.71556043088159,179.60639190902157
2005-09-20,99.36068725585938,2.058218666320329,2.304619939235462,-0.24640127291513325,HOLD,0,1517155.604308816,0.0,1517155.604308816,0,51.71556043088159,179.49561009350674
2005-09-21,97.844482421875,1.8167466174805753,2.207045274884485,-0.39029865740390957,HOLD,0,1517155.604308816,0.0,1517155.604308816,0,51.71556043088159,175.23061750131635
2005-09-22,96.58425903320312,1.5063248089800965,2.0669011817036074,-0.5605763727235109,HOLD,0,1517155.604308816,0.0,1517155.604308816,0,51.71556043088159,171.6856852489463
2005-09-23,96.32827758789062,1.2255305723923442,1.8986270598413548,-0.6730964874490106,HOLD,0,1517155.604308816,0.0,1517155.604308816,0,51.71556043088159,170.96562490912598
2005-09-26,95.65878295898438,0.9381619485730397,1.7065340375876918,-0.7683720890146521,HOLD,0,1517155.604308816,0.0,1517155.604308816,0,51.71556043088159,169.08237696742611
2005-09-27,95.00897979736328,0.6504881369776143,1.4953248574656763,-0.844836720488062,HOLD,0,1517155.604308816,0.0,1517155.604308816,0,51.71556043088159,167.2545199334837
2005-09-28,96.03291320800781,0.49937099954568964,1.296134085881679,-0.7967630863359894,HOLD,0,1517155.604308816,0.0,1517155.604308816,0,51.71556043088159,170.13478275379086
2005-09-29,97.86417388916016,0.5213670174382941,1.141180672193002,-0.619813654754708,HOLD,0,1517155.604308816,0.0,1517155.604308816,0,51.71556043088159,175.28600840907376
2005-09-30,97.39158630371094,0.4949595657520689,1.0119364509048154,-0.5169768851527465,HOLD,0,1517155.604308816,0.0,1517155.604308816,0,51.71556043088159,173.95664808392203
2005-10-10,95.77692413330078,0.33982444253781807,0.877514049231416,-0.5376896066935979,HOLD,0,1517155.604308816,0.0,1517155.604308816,0,51.71556043088159,169.41470095294466
2005-10-11,96.17074584960938,0.24582316448245933,0.7511758722816246,-0.5053527077991653,HOLD,0,1517155.604308816,0.0,1517155.604308816,0,51.71556043088159,170.52249764706679
2005-10-12,93.55184936523438,-0.039540783339916175,0.5930325411573165,-0.6325733244972327,HOLD,0,1517155.604308816,0.0,1517155.604308816,0,51.71556043088159,163.1557000645655
2005-10-13,92.72482299804688,-0.3286395320551492,0.4086981265148234,-0.7373376585699726,HOLD,0,1517155.604308816,0.0,1517155.604308816,0,51.71556043088159,160.82932486080645
2005-10-14,89.67272186279297,-0.7948686760881287,0.16798476599423298,-0.9628534420823617,HOLD,0,1517155.604308816,0.0,1517155.604308816,0,51.71556043088159,152.2439487686683
2005-10-17,90.0074691772461,-1.124386098025525,-0.09048940680971859,-1.0338966912158063,HOLD,0,1517155.604308816,0.0,1517155.604308816,0,51.71556043088159,153.1855727395182
2005-10-18,92.35069274902344,-1.182817683868592,-0.30895506222149327,-0.8738626216470987,HOLD,0,1517155.604308816,0.0,1517155.604308816,0,51.71556043088159,159.77691907444176
2005-10-19,92.35069274902344,-1.215118012561959,-0.49018765228958644,-0.7249303602723725,HOLD,0,1517155.604308816,0.0,1517155.604308816,0,51.71556043088159,159.77691907444176
2005-10-20,91.03140258789062,-1.3318195591492668,-0.6585140336615225,-0.6733055254877442,HOLD,0,1517155.604308816,0.0,1517155.604308816,0,51.71556043088159,156.06583555982536
2005-10-21,91.16923522949219,-1.3970797674400615,-0.8062271804172303,-0.5908525870228312,HOLD,0,1517155.604308816,0.0,1517155.604308816,0,51.71556043088159,156.4535504531013
2005-10-24,92.64605712890625,-1.3144792689404028,-0.9078775981218649,-0.40660167081853793,HOLD,0,1517155.604308816,0.0,1517155.604308816,0,51.71556043088159,160.60776122977688
2005-10-25,93.80783081054688,-1.1421068551252773,-0.9547234495225474,-0.18738340560272992,HOLD,0,1517155.604308816,0.0,1517155.604308816,0,51.71556043088159,163.8757604043858
2005-10-26,93.68968200683594,-1.0034667562199928,-0.9644721108620365,-0.03899464535795627,HOLD,0,1517155.604308816,0.0,1517155.604308816,0,51.71556043088159,163.5434149578414
2005-10-27,92.48853302001953,-0.979228230314078,-0.9674233347524449,-0.01180489556163311,HOLD,0,1517155.604308816,0.0,1517155.604308816,0,51.71556043088159,160.16465542874357
2005-10-28,93.65029907226562,-0.8564021419714294,-0.9452190961962419,0.0888169542248125,BUY,16000,17851.776281472296,1498404.78515625,1516256.5614377223,16000,51.62565614377223,163.43263314232664
2005-10-31,94.89083099365234,-0.6514514962137525,-0.8864655761997441,0.23501407998599155,HOLD,16000,17851.776281472296,1518253.2958984375,1536105.0721799098,0,53.610507217990985,166.9221744869393
2005-11-01,95.10743713378906,-0.46617455748997827,-0.8024073724577909,0.33623281496781265,HOLD,16000,17851.776281472296,1521718.994140625,1539570.7704220973,0,53.95707704220973,167.53147447227067
2005-11-02,94.83175659179688,-0.33769364238109745,-0.7094646264424522,0.3717709840613548,HOLD,16000,17851.776281472296,1517308.10546875,1535159.8817502223,0,53.51598817502223,166.75600176366711
2005-11-03,92.96111297607422,-0.3824087278961059,-0.644053446733183,0.2616447188370771,HOLD,16000,17851.776281472296,1487377.8076171875,1505229.5838986598,0,50.52295838986598,161.4939942928694
2005-11-04,93.03987884521484,-0.4068006631357264,-0.5966028900136917,0.18980222687796533,HOLD,16000,17851.776281472296,1488638.0615234375,1506489.8378049098,0,50.64898378049099,161.715557923899
2005-11-07,92.4097671508789,-0.47154056906096287,-0.571590425823146,0.10004985676218314,HOLD,16000,17851.776281472296,1478556.2744140625,1496408.0506955348,0,49.64080506955349,159.94309179771395
2005-11-08,92.4097671508789,-0.5168890358791884,-0.5606501478343545,0.04376111195516608,HOLD,16000,17851.776281472296,1478556.2744140625,1496408.0506955348,0,49.64080506955349,159.94309179771395
2005-11-09,91.99626159667969,-0.5795141861614468,-0.564422955499773,-0.015091230661673838,SELL,0,1488908.7977170192,0.0,1488908.7977170192,16000,48.890879771701925,158.7799256568603
2005-11-10,91.81903839111328,-0.636112788266388,-0.5787609220530959,-0.057351866213292024,HOLD,0,1488908.7977170192,0.0,1488908.7977170192,0,48.890879771701925,158.28140748704368
2005-11-11,91.32676696777344,-0.7124767890621371,-0.6055040954549041,-0.10697269360723294,HOLD,0,1488908.7977170192,0.0,1488908.7977170192,0,48.890879771701925,156.89667771516045
2005-11-14,89.7908706665039,-0.8867083830739091,-0.6617449529787052,-0.22496343009520392,HOLD,0,1488908.7977170192,0.0,1488908.7977170192,0,48.890879771701925,152.57629421521267
2005-11-15,89.39704895019531,-1.0445256562294105,-0.7383010936288463,-0.3062245626005642,HOLD,0,1488908.7977170192,0.0,1488908.7977170192,0,48.890879771701925,151.46849752109057
2005-11-16,90.36190795898438,-1.0792994318611875,-0.8065007612753146,-0.2727986705858729,HOLD,0,1488908.7977170192,0.0,1488908.7977170192,0,48.890879771701925,154.1825876181255
2005-11-17,88.53064727783203,-1.2403276074838487,-0.8932661305170214,-0.3470614769668273,HOLD,0,1488908.7977170192,0.0,1488908.7977170192,0,48.890879771701925,149.0313619628426
2005-11-18,89.20014190673828,-1.2989475170477363,-0.9744024078231645,-0.3245451092245718,HOLD,0,1488908.7977170192,0.0,1488908.7977170192,0,48.890879771701925,150.91460990454243
2005-11-21,89.88932037353516,-1.2750947762829696,-1.0345408815151256,-0.24055389476784406,HOLD,0,1488908.7977170192,0.0,1488908.7977170192,0,48.890879771701925,152.85322729297383
2005-11-22,90.85417938232422,-1.1649069271048091,-1.0606140906330623,-0.10429283647174681,HOLD,0,1488908.7977170192,0.0,1488908.7977170192,0,48.890879771701925,155.56731739000878
2005-11-23,91.0904769897461,-1.0464521714346375,-1.0577817067933775,0.011329535358739928,BUY,16100,21472.18417438632,1466556.679534912,1488028.8637092984,16100,48.80288637092984,156.23200828309757
2005-11-24,89.33797454833984,-1.0815211226151007,-1.062529589957722,-0.01899153265737863,SELL,0,1458950.5695685209,0.0,1458950.5695685209,16100,45.8950569568521,151.3023247978184
2005-11-25,89.65303039550781,-1.0715391094055917,-1.064331493847296,-0.0072076155582956325,HOLD,0,1458950.5695685209,0.0,1458950.5695685209,0,45.8950569568521,152.1885578609109
2005-11-28,89.51519775390625,-1.0625023683645907,-1.063965668750755,0.001463300386164379,BUY,16100,16891.168920327676,1441194.6838378906,1458085.8527582183,16100,45.808585275821834,151.80084296763496
2005-11-29,87.40825653076172,-1.2113890948270267,-1.0934503539660094,-0.1179387408610173,SELL,0,1423319.7353075042,0.0,1423319.7353075042,16100,42.331973530750425,145.87414460374845
2005-11-30,86.12834930419922,-1.4163340969398632,-1.1580271025607802,-0.258306994379083,HOLD,0,1423319.7353075042,0.0,1423319.7353075042,0,42.331973530750425,142.27384290464684
2005-12-01,85.2619400024414,-1.629878255465485,-1.2523973331417213,-0.3774809223237636,HOLD,0,1423319.7353075042,0.0,1423319.7353075042,0,42.331973530750425,139.83668588537302
2005-12-02,87.66424560546875,-1.5869739069980113,-1.3193126479129793,-0.267661259085032,HOLD,0,1423319.7353075042,0.0,1423319.7353075042,0,42.331973530750425,146.59422640459465
2005-12-05,86.97505950927734,-1.5902520244818135,-1.3735005232267463,-0.21675150125506715,HOLD,0,1423319.7353075042,0.0,1423319.7353075042,0,42.331973530750425,144.6555875551374
2005-12-06,86.16773223876953,-1.6390999953773502,-1.426620417656867,-0.2124795777204831,HOLD,0,1423319.7353075042,0.0,1423319.7353075042,0,42.331973530750425,142.3846247201616
2005-12-07,86.12834930419922,-1.661833654017613,-1.4736630649290163,-0.18817058908859674,HOLD,0,1423319.7353075042,0.0,1423319.7353075042,0,42.331973530750425,142.27384290464684
2005-12-08,85.85267639160156,-1.682697651347354,-1.515469982212684,-0.1672276691346699,HOLD,0,1423319.7353075042,0.0,1423319.7353075042,0,42.331973530750425,141.49839165706913
2005-12-09,84.43492126464844,-1.7929653214754921,-1.5709690500652458,-0.22199627141024636,HOLD,0,1423319.7353075042,0.0,1423319.7353075042,0,42.331973530750425,137.51033214263987
2005-12-12,82.03262329101562,-2.0505610230739393,-1.6668874446669846,-0.3836735784069547,HOLD,0,1423319.7353075042,0.0,1423319.7353075042,0,42.331973530750425,130.7528130844441
2005-12-13,81.46158599853516,-2.2745656328651904,-1.7884230823066258,-0.4861425505585646,HOLD,0,1423319.7353075042,0.0,1423319.7353075042,0,42.331973530750425,129.14651968153126
2005-12-14,83.64728546142578,-2.2497890522389667,-1.880696276293094,-0.36909277594587264,HOLD,0,1423319.7353075042,0.0,1423319.7353075042,0,42.331973530750425,135.2947602154215
2005-12-15,84.39553833007812,-2.145048892115227,-1.9335667994575207,-0.21148209265770634,HOLD,0,1423319.7353075042,0.0,1423319.7353075042,0,42.331973530750425,137.39955032712504
2005-12-16,85.59668731689453,-1.9427243586868883,-1.9353983113033943,-0.007326047383493961,HOLD,0,1423319.7353075042,0.0,1423319.7353075042,0,42.331973530750425,140.77830985622293
2005-12-19,86.3449478149414,-1.7023783812713447,-1.8887943252969845,0.18641594402563988,BUY,16300,15052.632334329188,1407422.649383545,1422475.281717874,16300,42.24752817178741,142.88312142895236
2005-12-20,85.41947174072266,-1.5684999560968862,-1.824735451456965,0.2562354953600787,HOLD,16300,15052.632334329188,1392337.3893737793,1407390.0217081085,0,40.739002170810856,140.27981314743218
2005-12-21,84.59245300292969,-1.5117078133927322,-1.7621299238441184,0.2504221104513862,HOLD,16300,15052.632334329188,1378856.983947754,1393909.616282083,0,39.3909616282083,137.95345940469903
2005-12-22,85.12410736083984,-1.4075739315730829,-1.6912187253899114,0.2836447938168285,HOLD,16300,15052.632334329188,1387522.9499816895,1402575.5823160186,0,40.25755823160186,139.4489709920971
2005-12-23,86.79783630371094,-1.1764299896155563,-1.5882609782350405,0.4118309886194842,HOLD,16300,15052.632334329188,1414804.7317504883,1429857.3640848175,0,42.985736408481756,144.15706938532082
2005-12-26,87.05382537841797,-0.9615069181381415,-1.4629101662156607,0.5014032480775192,HOLD,16300,15052.632334329188,1418977.353668213,1434029.986002542,0,43.40299860025421,144.87715118616697
2005-12-27,88.4518814086914,-0.6706367153560819,-1.304455476043745,0.6338187606876631,HOLD,16300,15052.632334329188,1441765.66696167,1456818.299295999,0,45.68182992959991,148.80979833181297
2005-12-28,89.5348892211914,-0.34871058607834016,-1.1133064980506642,0.764595911972324,HOLD,16300,15052.632334329188,1459418.69430542,1474471.326639749,0,47.44713266397491,151.85623387539232
2005-12-29,92.09471130371094,0.11168698146079237,-0.8683078021483729,0.9799947836091653,HOLD,16300,15052.632334329188,1501143.7942504883,1516196.4265848175,0,51.61964265848176,159.05685873462141
2005-12-30,89.83025360107422,0.2904840397901296,-0.6365494337606724,0.927033473550802,HOLD,16300,15052.632334329188,1464233.1336975098,1479285.766031839,0,47.928576603183906,152.68707603072747
2006-01-04,87.19165802001953,0.21677058854190534,-0.46588542930015686,0.6826560178420622,HOLD,16300,15052.632334329188,1421224.0257263184,1436276.6580606475,0,43.62766580606476,145.26486607944292
2006-01-05,88.13682556152344,0.2319455449939909,-0.3263192344413273,0.5582647794353182,HOLD,16300,15052.632334329188,1436630.256652832,1451682.8889871612,0,45.16828889871611,147.9235652687205
2006-01-06,89.06230163574219,0.31501865303522436,-0.19805165694601698,0.5130703099812414,HOLD,16300,15052.632334329188,1451715.5166625977,1466768.1489969268,0,46.67681489969269,150.52687355024065
2006-01-09,92.13409423828125,0.6215577498166738,-0.03412977559347882,0.6556875254101526,HOLD,16300,15052.632334329188,1501785.7360839844,1516838.3684183136,0,51.68383684183135,159.16764055013624
2006-01-10,92.48853302001953,0.8829147484044313,0.14927912920610323,0.7336356191983281,HOLD,16300,15052.632334329188,1507563.0882263184,1522615.7205606475,0,52.261572056064765,160.16465542874357
2006-01-11,91.68120574951172,1.0132177456802225,0.3220668525009271,0.6911508931792953,HOLD,16300,15052.632334329188,1494403.653717041,1509456.2860513702,0,50.94562860513703,157.89369259376778
2006-01-12,92.547607421875,1.1728750109061252,0.49222848418196674,0.6806465267241585,HOLD,16300,15052.632334329188,1508526.0009765625,1523578.6333108917,0,52.35786333108916,160.33082815201575
2006-01-13,93.4927749633789,1.3599944953950427,0.6657816864245819,0.6942128089704608,HOLD,16300,15052.632334329188,1523932.2319030762,1538984.8642374054,0,53.898486423740536,162.9895273412933
2006-01-16,91.66151428222656,1.34501609420019,0.8016285679797036,0.5433875262204865,HOLD,16300,15052.632334329188,1494082.682800293,1509135.3151346222,0,50.9135315134622,157.83830168601037
2006-01-17,90.67696380615234,1.2394134217344828,0.8891855387306595,0.35022788300382324,HOLD,16300,15052.632334329188,1478034.5100402832,1493087.1423746124,0,49.30871423746124,155.06882068121803
2006-01-18,90.89356231689453,1.159830429386247,0.943314516861777,0.2165159125244699,HOLD,16300,15052.632334329188,1481565.0657653809,1496617.69809971,0,49.66176980997101,155.67809920552355
2006-01-19,90.73603820800781,1.0716956155340114,0.9689907365962239,0.10270487893778746,HOLD,16300,15052.632334329188,1478997.4227905273,1494050.0551248565,0,49.40500551248566,155.23499340449024
2006-01-20,90.53912353515625,0.9747227747609486,0.970137144229169,0.0045856305317796275,HOLD,16300,15052.632334329188,1475787.7136230469,1490840.345957376,0,49.084034595737606,154.68108432691622
2006-01-23,88.60941314697266,0.7337019394880855,0.9228501032809523,-0.1891481637928668,SELL,0,1458519.466569406,0.0,1458519.466569406,16300,45.85194665694059,149.2529255938722
2006-01-24,89.6136474609375,0.6166165358784639,0.8616033898004547,-0.24498685392199082,HOLD,0,1458519.466569406,0.0,1458519.466569406,0,45.85194665694059,152.0777760453961
2006-01-25,93.02018737792969,0.7896027624870641,0.8472032643377766,-0.05760050185071253,HOLD,0,1458519.466569406,0.0,1458519.466569406,0,45.85194665694059,161.6601670161416
2006-02-06,93.33524322509766,0.9412676200030887,0.8660161354708391,0.07525148453224961,BUY,15400,20294.303255502367,1437362.745666504,1457657.0489220063,15400,45.76570489220062,162.54640007923408
2006-02-07,98.45490264892578,1.4577725465104407,0.9843674176787595,0.4734051288316813,HOLD,15400,20294.303255502367,1516205.500793457,1536499.8040489594,0,53.64998040489595,176.94769271974403
2006-02-08,98.13984680175781,1.8206961957491217,1.151633173292832,0.6690630224562897,HOLD,15400,20294.303255502367,1511353.6407470703,1531647.9440025727,0,53.16479440025728,176.06145965665146
2006-02-09,95.46186828613281,1.8706614958065018,1.295438837795566,0.5752226580109359,HOLD,15400,20294.303255502367,1470112.7716064453,1490407.0748619477,0,49.040707486194776,168.52846788985215
2006-02-10,103.43671417236328,2.5246600608976877,1.5412830824159902,0.9833769784816975,HOLD,15400,20294.303255502367,1592925.3982543945,1613219.701509897,0,61.32197015098968,190.96122754492626
2006-02-13,113.77448272705078,3.83294634205933,1.9996157343446583,1.8333306077146716,HOLD,15400,20294.303255502367,1752127.033996582,1772421.3372520844,0,77.24213372520845,220.04074590370718
2006-02-14,113.77448272705078,4.8142766610086625,2.5625479196774594,2.251728741331203,HOLD,15400,20294.303255502367,1752127.033996582,1772421.3372520844,0,77.24213372520845,220.04074590370718
2006-02-15,114.38490295410156,5.576956140850413,3.1654295639120504,2.4115265769383627,HOLD,15400,20294.303255502367,1761527.505493164,1781821.8087486664,0,78.18218087486663,221.7578211221348
2006-02-16,115.5269775390625,6.202047653021296,3.7727531817338997,2.4292944712873963,HOLD,15400,20294.303255502367,1779115.4541015625,1799409.7573570649,0,79.94097573570649,224.9704079279605
2006-02-17,114.71965026855469,6.556710934105894,4.329544732208299,2.227166201897595,HOLD,15400,20294.303255502367,1766682.6141357422,1786976.9173912446,0,78.69769173912447,222.69944509298472
2006-02-20,113.00653076171875,6.623201567639896,4.7882760992946185,1.8349254683452774,HOLD,15400,20294.303255502367,1740300.5737304688,1760594.8769859711,0,76.05948769859711,217.88054342322033
2006-02-21,115.27099609375,6.780458397406747,5.186712558917044,1.5937458384897027,HOLD,15400,20294.303255502367,1775173.33984375,1795467.6430992524,0,79.54676430992524,224.25034758814016
2006-02-22,115.58605194091797,6.851527794321171,5.51967560599787,1.3318521883233014,HOLD,15400,20294.303255502367,1780025.1998901367,1800319.503145639,0,80.03195031456391,225.1365806512327
2006-02-23,122.61573028564453,7.3899009186132645,5.893720668520949,1.4961802500923156,HOLD,15400,20294.303255502367,1888282.2463989258,1908576.5496544281,0,90.85765496544282,244.91064111702926
2006-02-24,122.61573028564453,7.727487828886396,6.260474100594038,1.4670137282923577,HOLD,15400,20294.303255502367,1888282.2463989258,1908576.5496544281,0,90.85765496544282,244.91064111702926
2006-02-27,122.61573028564453,7.903916458543279,6.589162572183887,1.3147538863593917,HOLD,15400,20294.303255502367,1888282.2463989258,1908576.5496544281,0,90.85765496544282,244.91064111702926
2006-02-28,122.61573028564453,7.952070895356599,6.86174423681843,1.090326658538169,HOLD,15400,20294.303255502367,1888282.2463989258,1908576.5496544281,0,90.85765496544282,244.91064111702926
2006-03-01,122.61573028564453,7.899176839921367,7.069230757439017,0.8299460824823495,HOLD,15400,20294.303255502367,1888282.2463989258,1908576.5496544281,0,90.85765496544282,244.91064111702926
2006-03-02,122.61573028564453,7.76771651911119,7.208927909773452,0.5587886093377374,HOLD,15400,20294.303255502367,1888282.2463989258,1908576.5496544281,0,90.85765496544282,244.91064111702926
2006-03-03,122.61573028564453,7.576199555295673,7.282382238877897,0.2938173164177762,HOLD,15400,20294.303255502367,1888282.2463989258,1908576.5496544281,0,90.85765496544282,244.91064111702926
2006-03-06,122.61573028564453,7.339812195550806,7.293868230212479,0.0459439653383269,HOLD,15400,20294.303255502367,1888282.2463989258,1908576.5496544281,0,90.85765496544282,244.91064111702926
2006-03-07,122.61573028564453,7.070963840245838,7.249287352219151,-0.1783235119733133,SELL,0,1907443.5803065887,0.0,1907443.5803065887,15400,90.74435803065887,244.91064111702926
2006-03-08,122.61573028564453,6.779746879932873,7.155379257761896,-0.3756323778290236,HOLD,0,1907443.5803065887,0.0,1907443.5803065887,0,90.74435803065887,244.91064111702926
2006-03-09,122.61573028564453,6.474323371084452,7.019168080426408,-0.5448447093419562,HOLD,0,1907443.5803065887,0.0,1907443.5803065887,0,90.74435803065887,244.91064111702926
2006-03-10,122.61573028564453,6.161249985279184,6.847584461396964,-0.6863344761177794,HOLD,0,1907443.5803065887,0.0,1907443.5803065887,0,90.74435803065887,244.91064111702926
2006-03-13,122.61573028564453,5.8457508940040555,6.647217747918383,-0.8014668539143273,HOLD,0,1907443.5803065887,0.0,1907443.5803065887,0,90.74435803065887,244.91064111702926
2006-03-14,122.61573028564453,5.531946752475065,6.4241635488297195,-0.8922167963546546,HOLD,0,1907443.5803065887,0.0,1907443.5803065887,0,90.74435803065887,244.91064111702926
2006-03-15,122.61573028564453,5.22304667859936,6.183940174783648,-0.9608934961842879,HOLD,0,1907443.5803065887,0.0,1907443.5803065887,0,90.74435803065887,244.91064111702926
2006-03-16,122.61573028564453,4.921509051732656,5.93145395017345,-1.0099448984407937,HOLD,0,1907443.5803065887,0.0,1907443.5803065887,0,90.74435803065887,244.91064111702926
2006-03-17,122.61573028564453,4.629176050036705,5.670998370146101,-1.0418223201093966,HOLD,0,1907443.5803065887,0.0,1907443.5803065887,0,90.74435803065887,244.91064111702926
2006-03-20,122.61573028564453,4.347386079476792,5.40627591201224,-1.0588898325354483,HOLD,0,1907443.5803065887,0.0,1907443.5803065887,0,90.74435803065887,244.91064111702926
2006-03-21,122.61573028564453,4.077067600212175,5.140434249652227,-1.0633666494400522,HOLD,0,1907443.5803065887,0.0,1907443.5803065887,0,90.74435803065887,244.91064111702926
2006-03-22,122.61573028564453,3.818817309048015,4.876110861531385,-1.0572935524833698,HOLD,0,1907443.5803065887,0.0,1907443.5803065887,0,90.74435803065887,244.91064111702926
2006-03-23,122.61573028564453,3.5729651742721273,4.615481724079533,-1.0425165498074058,HOLD,0,1907443.5803065887,0.0,1907443.5803065887,0,90.74435803065887,244.91064111702926
2006-03-24,122.61573028564453,3.3396284285158373,4.360311064966794,-1.0206826364509567,HOLD,0,1907443.5803065887,0.0,1907443.5803065887,0,90.74435803065887,244.91064111702926
2006-03-27,122.61573028564453,3.1187562951909342,4.112000111011622,-0.993243815820688,HOLD,0,1907443.5803065887,0.0,1907443.5803065887,0,90.74435803065887,244.91064111702926
2006-03-28,122.61573028564453,2.910166945204864,3.8716334778502706,-0.9614665326454066,HOLD,0,1907443.5803065887,0.0,1907443.5803065887,0,90.74435803065887,244.91064111702926
2006-03-29,122.61573028564453,2.713577945127966,3.6400223713058097,-0.9264444261778437,HOLD,0,1907443.5803065887,0.0,1907443.5803065887,0,90.74435803065887,244.91064111702926
2006-03-30,122.61573028564453,2.5286312590833546,3.4177441488613187,-0.8891128897779641,HOLD,0,1907443.5803065887,0.0,1907443.5803065887,0,90.74435803065887,244.91064111702926
2006-03-31,122.61573028564453,2.3549136986884776,3.2051780588267507,-0.8502643601382731,HOLD,0,1907443.5803065887,0.0,1907443.5803065887,0,90.74435803065887,244.91064111702926
2006-04-03,122.61573028564453,2.1919735736077257,3.002537161782946,-0.8105635881752202,HOLD,0,1907443.5803065887,0.0,1907443.5803065887,0,90.74435803065887,244.91064111702926
2006-04-04,122.61573028564453,2.0393341756258536,2.8098965645515275,-0.7705623889256739,HOLD,0,1907443.5803065887,0.0,1907443.5803065887,0,90.74435803065887,244.91064111702926
2006-04-05,122.61573028564453,1.8965046281970217,2.6272181772806267,-0.730713549083605,HOLD,0,1907443.5803065887,0.0,1907443.5803065887,0,90.74435803065887,244.91064111702926
2006-04-06,122.61573028564453,1.7629885482662075,2.454372251477743,-0.6913837032115353,HOLD,0,1907443.5803065887,0.0,1907443.5803065887,0,90.74435803065887,244.91064111702926
2006-04-07,122.61573028564453,1.6382908953487174,2.2911559802519377,-0.6528650849032203,HOLD,0,1907443.5803065887,0.0,1907443.5803065887,0,90.74435803065887,244.91064111702926
2006-04-10,122.61573028564453,1.52192332231823,2.1373094486651962,-0.6153861263469662,HOLD,0,1907443.5803065887,0.0,1907443.5803065887,0,90.74435803065887,244.91064111702926
2006-04-11,122.61573028564453,1.4134082913419945,1.992529217200556,-0.5791209258585615,HOLD,0,1907443.5803065887,0.0,1907443.5803065887,0,90.74435803065887,244.91064111702926
2006-04-12,122.61573028564453,1.312282175433623,1.8564798088471695,-0.5441976334135465,HOLD,0,1907443.5803065887,0.0,1907443.5803065887,0,90.74435803065887,244.91064111702926
2006-04-13,122.61573028564453,1.2180975299164345,1.7288033530610225,-0.510705823144588,HOLD,0,1907443.5803065887,0.0,1907443.5803065887,0,90.74435803065887,244.91064111702926
2006-04-14,122.61573028564453,1.1304246876460837,1.6091276199780349,-0.47870293233195116,HOLD,0,1907443.5803065887,0.0,1907443.5803065887,0,90.74435803065887,244.91064111702926
2006-04-17,134.88320922851562,2.0274551150690456,1.692793118996237,0.33466199607280855,BUY,14000,17945.632149850484,1888364.9291992188,1906310.5613490692,14000,90.63105613490691,279.4183182088542
2006-04-18,148.3715362548828,3.7831437299389137,2.1108632411847723,1.6722804887541414,HOLD,14000,17945.632149850484,2077201.5075683594,2095147.1397182099,0,109.51471397182098,317.3601671985603
2006-04-19,163.21853637695312,6.299946572068322,2.948679907361482,3.3512666647068396,HOLD,14000,17945.632149850484,2285059.5092773438,2303005.1414271942,0,130.3005141427194,359.1238815183976
2006-04-20,165.4633026123047,8.379076058926302,4.034759137674446,4.344316921251855,HOLD,14000,17945.632149850484,2316486.2365722656,2334431.868722116,0,133.44318687221158,365.4382733145342
2006-04-21,175.1118927001953,10.682223714513725,5.364252053042303,5.3179716614714225,HOLD,14000,17945.632149850484,2451566.4978027344,2469512.129952585,0,146.95121299525852,392.5791742848838
2006-04-24,175.50570678710938,12.39636475400684,6.770674593235211,5.6256901607716285,HOLD,14000,17945.632149850484,2457079.8950195312,2475025.5271693817,0,147.5025527169382,393.68694951798
2006-04-25,179.99525451660156,13.956224193523525,8.207784513292873,5.748439680230652,HOLD,14000,17945.632149850484,2519933.563232422,2537879.1953822724,0,153.78791953822724,406.3157760323048
2006-04-26,179.99525451660156,15.019291000056285,9.570085810645557,5.449205189410728,HOLD,14000,17945.632149850484,2519933.563232422,2537879.1953822724,0,153.78791953822724,406.3157760323048
2006-04-27,179.99525451660156,15.681018087794968,10.79227226607544,4.888745821719528,HOLD,14000,17945.632149850484,2519933.563232422,2537879.1953822724,0,153.78791953822724,406.3157760323048
2006-04-28,179.99525451660156,16.020764175478604,11.837970647956073,4.182793527522531,HOLD,14000,17945.632149850484,2519933.563232422,2537879.1953822724,0,153.78791953822724,406.3157760323048
2006-05-08,179.99525451660156,16.10437419659283,12.691251357683425,3.4131228389094037,HOLD,14000,17945.632149850484,2519933.563232422,2537879.1953822724,0,153.78791953822724,406.3157760323048
2006-05-09,179.99525451660156,15.986354991521694,13.35027208445108,2.636082907070614,HOLD,14000,17945.632149850484,2519933.563232422,2537879.1953822724,0,153.78791953822724,406.3157760323048
2006-05-10,179.99525451660156,15.71170911869936,13.822559491300737,1.8891496273986235,HOLD,14000,17945.632149850484,2519933.563232422,2537879.1953822724,0,153.78791953822724,406.3157760323048
2006-05-11,179.99525451660156,15.317479912143966,14.121543575469383,1.195936336674583,HOLD,14000,17945.632149850484,2519933.563232422,2537879.1953822724,0,153.78791953822724,406.3157760323048
2006-05-12,179.99525451660156,14.834052700031975,14.264045400381903,0.5700072996500722,HOLD,14000,17945.632149850484,2519933.563232422,2537879.1953822724,0,153.78791953822724,406.3157760323048
2006-05-15,179.99525451660156,14.28625015265041,14.268486350835605,0.01776380181480519,HOLD,14000,17945.632149850484,2519933.563232422,2537879.1953822724,0,153.78791953822724,406.3157760323048
2006-05-16,179.99525451660156,13.694253853104726,14.15363985128943,-0.45938599818470394,SELL,0,2536367.235244333,0.0,2536367.235244333,14000,153.63672352443328,406.3157760323048
2006-05-17,179.99525451660156,13.074379215533554,13.937787724138255,-0.8634085086047012,HOLD,0,2536367.235244333,0.0,2536367.235244333,0,153.63672352443328,406.3157760323048
2006-05-18,179.99525451660156,12.439726673669725,13.63817551404455,-1.1984488403748248,HOLD,0,2536367.235244333,0.0,2536367.235244333,0,153.63672352443328,406.3157760323048
2006-05-19,179.99525451660156,11.800728509261688,13.270686113087978,-1.4699576038262894,HOLD,0,2536367.235244333,0.0,2536367.235244333,0,153.63672352443328,406.3157760323048
2006-05-22,179.99525451660156,11.165607685189713,12.849670427508325,-1.6840627423186127,HOLD,0,2536367.235244333,0.0,2536367.235244333,0,153.63672352443328,406.3157760323048
2006-05-23,179.99525451660156,10.540762507524306,12.387888843511522,-1.847126335987216,HOLD,0,2536367.235244333,0.0,2536367.235244333,0,153.63672352443328,406.3157760323048
2006-05-24,179.99525451660156,9.931088792743452,11.896528833357909,-1.9654400406144568,HOLD,0,2536367.235244333,0.0,2536367.235244333,0,153.63672352443328,406.3157760323048
2006-05-25,158.4614715576172,7.622454748335258,11.04171401635338,-3.4192592680181217,HOLD,0,2536367.235244333,0.0,2536367.235244333,0,153.63672352443328,345.7425455931447
2006-05-26,160.0625,5.85454766907921,10.004280746898546,-4.149733077819336,HOLD,0,2536367.235244333,0.0,2536367.235244333,0,153.63672352443328,350.24614187090145
2006-05-29,176.07275390625,5.679888044872001,9.139402206493237,-3.459514161621236,HOLD,0,2536367.235244333,0.0,2536367.235244333,0,153.63672352443328,395.28201880436546
2006-05-30,193.68402099609375,6.883205793245651,8.68816292384372,-1.8049571305980692,HOLD,0,2536367.235244333,0.0,2536367.235244333,0,153.63672352443328,444.82144909353457
2006-05-31,192.2030792236328,7.629397212051543,8.476409781485286,-0.8470125694337423,HOLD,0,2536367.235244333,0.0,2536367.235244333,0,153.63672352443328,440.65564936289195
2006-06-01,198.12686157226562,8.599627859017744,8.501053396991777,0.09857446202596698,BUY,12600,38470.94036029978,2496398.455810547,2534869.3961708467,12600,153.4869396170847,457.31889120751424
2006-06-02,188.5607452392578,8.498669622993276,8.500576642192078,-0.0019070191988017626,SELL,0,2412910.811140939,0.0,2412910.811140939,12600,141.29108111409388,430.40998392676465
2006-06-05,179.59500122070312,7.607504306986925,8.321962175151048,-0.7144578681641232,HOLD,0,2412910.811140939,0.0,2412910.811140939,0,141.29108111409388,405.1898876933786
2006-06-06,172.31033325195312,6.241489542728516,7.9058676486665425,-1.6643781059380265,HOLD,0,2412910.811140939,0.0,2412910.811140939,0,141.29108111409388,384.69855682112416
2006-06-07,168.22772216796875,4.774443592034686,7.279582837340172,-2.505139245305486,HOLD,0,2412910.811140939,0.0,2412910.811140939,0,141.29108111409388,373.2144185043833
2006-06-08,170.98948669433594,3.7909507029444853,6.581856410461035,-2.7909057075165498,HOLD,0,2412910.811140939,0.0,2412910.811140939,0,141.29108111409388,380.98309525723135
2006-06-09,170.50918579101562,2.9388915217349165,5.853263432715812,-2.914371910980895,HOLD,0,2412910.811140939,0.0,2412910.811140939,0,141.29108111409388,379.6320378349302
2006-06-12,180.435546875,3.0296786141337577,5.288546468999401,-2.2588678548656436,HOLD,0,2412910.811140939,0.0,2412910.811140939,0,141.29108111409388,407.55429183497023
2006-06-13,183.87774658203125,3.3408732800882603,4.899011831217173,-1.5581385511289128,HOLD,0,2412910.811140939,0.0,2412910.811140939,0,141.29108111409388,417.2369916406085
2006-06-14,187.3199462890625,3.821205564458637,4.683450577865466,-0.8622450134068291,HOLD,0,2412910.811140939,0.0,2412910.811140939,0,141.29108111409388,426.91969144624676
2006-06-15,185.7189178466797,4.026270406502221,4.552014543592818,-0.5257441370905971,HOLD,0,2412910.811140939,0.0,2412910.811140939,0,141.29108111409388,422.41609516849
2006-06-16,187.0797882080078,4.2496097798730545,4.491533590848865,-0.24192381097581084,HOLD,0,2412910.811140939,0.0,2412910.811140939,0,141.29108111409388,426.2441412740703
2006-06-19,194.244384765625,4.9476969370547295,4.582766260090039,0.3649306769646907,BUY,12200,41707.44810382975,2369781.494140625,2411488.9422444548,12200,141.14889422444548,446.3977185212624
2006-06-20,193.52392578125,5.380774797209284,4.742367967513888,0.6384068296953957,HOLD,12200,41707.44810382975,2360991.89453125,2402699.3426350798,0,140.26993426350796,444.37111092678475
2006-06-21,189.44129943847656,5.333081847796194,4.86051074357035,0.47257110422584425,HOLD,12200,41707.44810382975,2311183.853149414,2352891.301253244,0,135.28913012532436,432.88692968799205
2006-06-22,187.1998748779297,5.056136616528107,4.899635918161901,0.15650069836620606,HOLD,12200,41707.44810382975,2283838.473510742,2325545.921614572,0,132.55459216145718,426.58193782118434
2006-06-23,186.8396453857422,4.752800688191684,4.870268872167858,-0.11746818397617442,SELL,0,2319783.4556056606,0.0,2319783.4556056606,12200,131.97834556056605,425.5686340239456
2006-06-26,191.00230407714844,4.79304530447115,4.854824158628517,-0.06177885415736739,HOLD,0,2319783.4556056606,0.0,2319783.4556056606,0,131.97834556056605,437.2779414240614
2006-06-27,195.96548461914062,5.1658776219490505,4.917034851292624,0.24884277065642646,BUY,11700,25611.60785968881,2292796.1700439453,2318407.777903634,11700,131.8407777903634,451.2390684240815
2006-06-28,191.52264404296875,5.04469768088299,4.9425674172106975,0.10213026367229272,HOLD,11700,25611.60785968881,2240814.9353027344,2266426.543162423,0,126.64265431624231,438.74162631010176
2006-06-29,192.52328491210938,4.972089902590255,4.94847191428661,0.02361798830364581,HOLD,11700,25611.60785968881,2252522.4334716797,2278134.0413313685,0,127.81340413313687,441.55636861844323
2006-06-30,189.881591796875,4.64780811949214,4.888339155327716,-0.2405310358355761,SELL,0,2245893.263108712,0.0,2245893.263108712,11700,124.58932631087123,434.12544549065757
2006-07-03,187.3199462890625,4.136426931319221,4.737956710526017,-0.6015297792067962,HOLD,0,2245893.263108712,0.0,2245893.263108712,0,124.58932631087123,426.91969144624676
2006-07-04,188.12046813964844,3.752492678736843,4.540863904168183,-0.78837122543134,HOLD,0,2245893.263108712,0.0,2245893.263108712,0,124.58932631087123,429.171511046151
2006-07-05,186.31930541992188,3.2652435439007945,4.2857398321147055,-1.020496288213911,HOLD,0,2245893.263108712,0.0,2245893.263108712,0,124.58932631087123,424.10494913790524
2006-07-06,186.8396453857422,2.887793494862194,4.006150564664203,-1.118357069802009,HOLD,0,2245893.263108712,0.0,2245893.263108712,0,124.58932631087123,425.5686340239456
2006-07-07,184.07786560058594,2.3388482770575365,3.67269010714287,-1.3338418300853334,HOLD,0,2245893.263108712,0.0,2245893.263108712,0,124.58932631087123,417.79991434904576
2006-07-10,180.23541259765625,1.575588983363673,3.2532698823870305,-1.6776808990233576,HOLD,0,2245893.263108712,0.0,2245893.263108712,0,124.58932631087123,406.9913262044813
2006-07-11,179.1147003173828,0.8702368308083521,2.776663272071295,-1.9064264412629428,HOLD,0,2245893.263108712,0.0,2245893.263108712,0,124.58932631087123,403.8388302710774
2006-07-12,176.07275390625,0.06503087984631861,2.2343367936262997,-2.169305913779981,HOLD,0,2245893.263108712,0.0,2245893.263108712,0,124.58932631087123,395.28201880436546
2006-07-13,178.79449462890625,-0.34945065804419073,1.7175793032922018,-2.0670299613363925,HOLD,0,2245893.263108712,0.0,2245893.263108712,0,124.58932631087123,402.9381110155261
2006-07-14,178.39422607421875,-0.7021348170725616,1.2336364792192491,-1.9357712962918108,HOLD,0,2245893.263108712,0.0,2245893.263108712,0,124.58932631087123,401.8121797545481
2006-07-17,179.5549774169922,-0.87785722979865,0.8113377374156694,-1.6891949672143194,HOLD,0,2245893.263108712,0.0,2245893.263108712,0,124.58932631087123,405.0773031516911
2006-07-18,177.39358520507812,-1.1779461657361878,0.413480956785298,-1.5914271225214858,HOLD,0,2245893.263108712,0.0,2245893.263108712,0,124.58932631087123,398.9974374462066
2006-07-19,173.9914093017578,-1.6710333395619443,-0.003421902484150478,-1.667611437077794,HOLD,0,2245893.263108712,0.0,2245893.263108712,0,124.58932631087123,389.42732218225586
2006-07-20,177.2735137939453,-1.7764917830451168,-0.3580358785963437,-1.418455904448773,HOLD,0,2245893.263108712,0.0,2245893.263108712,0,124.58932631087123,398.6596838211442
2006-07-21,177.83387756347656,-1.7941696157483022,-0.6452626260267355,-1.1489069897215667,HOLD,0,2245893.263108712,0.0,2245893.263108712,0,124.58932631087123,400.235953248872
2006-07-24,184.95843505859375,-1.219232623346869,-0.7600566254907622,-0.45917599785610685,HOLD,0,2245893.263108712,0.0,2245893.263108712,0,124.58932631087123,420.27690303232487
2006-07-25,187.39999389648438,-0.5601207975214493,-0.7200694598968997,0.15994866237545047,BUY,11800,33246.54317340953,2211319.9279785156,2244566.471151925,11800,124.45664711519254,427.1448605296216
2006-07-26,186.1191864013672,-0.1395121780662123,-0.6039580035307622,0.46444582546454993,HOLD,11800,33246.54317340953,2196206.399536133,2229452.9427095423,0,122.94529427095422,423.54202642946797
2006-07-27,184.83836364746094,0.08944047707078084,-0.4652783074104536,0.5547187844812345,HOLD,11800,33246.54317340953,2181092.691040039,2214339.2342134486,0,121.43392342134484,419.93914940726256
2006-07-28,182.1166229248047,0.05068115519046046,-0.3620864148902708,0.4127675700807313,HOLD,11800,33246.54317340953,2148976.1505126953,2182222.693686105,0,118.22226936861048,412.28305719610194
2006-07-31,176.11277770996094,-0.45920261732655376,-0.38150965537752746,-0.0776929619490263,SELL,0,2110130.441684762,0.0,2110130.441684762,11800,111.0130441684762,395.394603346053
2006-08-01,179.0746612548828,-0.617175516799648,-0.4286428276619516,-0.18853268913769639,HOLD,0,2110130.441684762,0.0,2110130.441684762,0,111.0130441684762,403.72620280733827
2006-08-02,176.4329833984375,-0.9446422554559888,-0.531842713220759,-0.41279954223522974,HOLD,0,2110130.441684762,0.0,2110130.441684762,0,111.0130441684762,396.2953226016043
2006-08-03,172.0301513671875,-1.5416624291986238,-0.733806656416332,-0.8078557727822918,HOLD,0,2110130.441684762,0.0,2110130.441684762,0,111.0130441684762,383.9104221072603
2006-08-04,170.86941528320312,-2.0844388064464567,-1.003933086422357,-1.0805057200240997,HOLD,0,2110130.441684762,0.0,2110130.441684762,0,111.0130441684762,380.64534163216894
2006-08-07,169.54856872558594,-2.5913033424312175,-1.3214071376241292,-1.2698962048070883,HOLD,0,2110130.441684762,0.0,2110130.441684762,0,111.0130441684762,376.9298800682761
2006-08-08,172.95074462890625,-2.6874902618988017,-1.5946237624790638,-1.092866499419738,HOLD,0,2110130.441684762,0.0,2110130.441684762,0,111.0130441684762,386.49999533222683
2006-08-09,175.51239013671875,-2.5278759245404956,-1.7812741948913502,-0.7466017296491454,HOLD,0,2110130.441684762,0.0,2110130.441684762,0,111.0130441684762,393.70574937663764
2006-08-10,176.15280151367188,-2.322927306231719,-1.889604817159424,-0.4333224890722951,HOLD,0,2110130.441684762,0.0,2110130.441684762,0,111.0130441684762,395.5071878877404
2006-08-11,176.4329833984375,-2.113532229213831,-1.9343902995703055,-0.1791419296435257,HOLD,0,2110130.441684762,0.0,2110130.441684762,0,111.0130441684762,396.2953226016043
2006-08-14,175.35227966308594,-2.0116004044077727,-1.949832320537799,-0.06176808386997368,HOLD,0,2110130.441684762,0.0,2110130.441684762,0,111.0130441684762,393.2553682878361
2006-08-15,176.59307861328125,-1.8098339541377584,-1.921832647257791,0.11199869312003252,BUY,11800,25081.835051461356,2083798.3276367188,2108880.16268818,11800,110.88801626881799,396.7456607683541
2006-08-16,180.07530212402344,-1.3533457263839637,-1.8081352630830256,0.45478953669906197,HOLD,11800,25081.835051461356,2124888.5650634766,2149970.4001149377,0,114.99704001149378,406.5409451156798
2006-08-17,177.11341857910156,-1.216551121597604,-1.6898184347859413,0.47326731318833737,HOLD,11800,25081.835051461356,2089938.3392333984,2115020.1742848596,0,111.50201742848597,398.2093456543944
2006-08-18,176.6331024169922,-1.1338278501913805,-1.5786203178670293,0.44479246767564873,HOLD,11800,25081.835051461356,2084270.6085205078,2109352.443571969,0,110.93524435719688,396.8582453100415
2006-08-21,176.793212890625,-1.0433227097378222,-1.4715607962411879,0.4282380865033657,HOLD,11800,25081.835051461356,2086159.912109375,2111241.747160836,0,111.1241747160836,397.30862639884305
2006-08-22,180.87582397460938,-0.6348460293525591,-1.304217842863462,0.669371813510903,HOLD,11800,25081.835051461356,2134334.7229003906,2159416.5579518517,0,115.94165579518516,408.792764715584
2006-08-23,177.79385375976562,-0.5534349034045931,-1.1540612549716884,0.6006263515670953,HOLD,11800,25081.835051461356,2097967.4743652344,2123049.3094166955,0,112.30493094166954,400.12336870718457
2006-08-24,176.5530548095703,-0.5823254200887789,-1.0397140879951066,0.4573886679063277,HOLD,11800,25081.835051461356,2083326.0467529297,2108407.881804391,0,110.84078818043909,396.6330762266666
2006-08-25,176.2728729248047,-0.6206749448216726,-0.9559062593604198,0.3352313145387472,HOLD,11800,25081.835051461356,2080019.9005126953,2105101.7355641564,0,110.51017355641565,395.8449415128027
2006-08-28,175.51239013671875,-0.7043129436497679,-0.9055875962182895,0.20127465256852162,HOLD,11800,25081.835051461356,2071046.2036132812,2096128.0386647426,0,109.61280386647428,393.70574937663764
2006-08-29,182.75701904296875,-0.18389581694927415,-0.7612492403644865,0.5773534234152123,HOLD,11800,25081.835051461356,2156532.8247070312,2181614.6597584924,0,118.16146597584924,414.0844527851529
2006-08-30,180.0352783203125,0.008815159905566361,-0.607236360310476,0.6160515202160424,HOLD,11800,25081.835051461356,2124416.2841796875,2149498.1192311486,0,114.94981192311484,406.4283605739923
2006-08-31,181.03591918945312,0.23952228905486095,-0.43788463043740866,0.6774069194922696,HOLD,11800,25081.835051461356,2136223.846435547,2161305.681487008,0,116.13056814870082,409.2431028823338
2006-09-01,180.3955078125,0.3664591916336519,-0.27701586602319656,0.6434750576568484,HOLD,11800,25081.835051461356,2128666.9921875,2153748.827238961,0,115.3748827238961,407.4416643712311
2006-09-04,180.6356658935547,0.48089291730931905,-0.12543410935669344,0.6063270266660125,HOLD,11800,25081.835051461356,2131500.8575439453,2156582.6925954064,0,115.65826925954066,408.1172145434076
2006-09-05,179.87518310546875,0.5044034153867187,0.0005333955919889971,0.5038700197947298,HOLD,11800,25081.835051461356,2122527.1606445312,2147608.9956959924,0,114.76089956959923,405.97802240724246
2006-09-06,180.59564208984375,0.5745476457919665,0.11533624563198451,0.45921140015998196,HOLD,11800,25081.835051461356,2131028.5766601562,2156110.4117116174,0,115.61104117116172,408.00463000172005
2006-09-07,180.07530212402344,0.5814477988839997,0.20855855628238756,0.3728892426016121,HOLD,11800,25081.835051461356,2124888.5650634766,2149970.4001149377,0,114.99704001149378,406.5409451156798
2006-09-08,177.95394897460938,0.41100296333181063,0.2490474376922722,0.16195552563953844,HOLD,11800,25081.835051461356,2099856.5979003906,2124938.4329518517,0,112.49384329518519,400.5737068739344
2006-09-11,176.6331024169922,0.16741309084332556,0.2327205683224829,-0.06530747747915733,SELL,0,2108101.881206857,0.0,2108101.881206857,11800,110.81018812068568,396.8582453100415
2006-09-12,175.312255859375,-0.13070819380337184,0.16003481589731194,-0.2907430097006838,HOLD,0,2108101.881206857,0.0,2108101.881206857,0,110.81018812068568,393.1427837461487
2006-09-13,175.63246154785156,-0.33724597507199405,0.06057865770345074,-0.3978246327754448,HOLD,0,2108101.881206857,0.0,2108101.881206857,0,110.81018812068568,394.04350300170006
2006-09-14,184.51815795898438,0.21361041684576776,0.09118500953191415,0.12242540731385361,BUY,11300,21795.66315937182,2085055.1849365234,2106850.8480958953,11300,110.68508480958954,419.0384301517112
2006-09-15,183.4774932861328,0.5597427680427813,0.1848965612340876,0.37484620680869374,HOLD,11300,21795.66315937182,2073295.6741333008,2095091.3372926726,0,109.50913372926725,416.1111033016822
2006-09-18,183.43746948242188,0.8213574660573215,0.3121887421987344,0.5091687238585871,HOLD,11300,21795.66315937182,2072843.4051513672,2094639.068310739,0,109.46390683107393,415.9985187599948
2006-09-19,185.75894165039062,1.2021547104815227,0.4901819358552921,0.7119727746262305,HOLD,11300,21795.66315937182,2099076.040649414,2120871.703808786,0,112.0871703808786,422.52867971017747
2006-09-20,188.08042907714844,1.6719902413190084,0.7265435969480354,0.945446644370973,HOLD,11300,21795.66315937182,2125308.8485717773,2147104.511731149,0,114.71045117311492,429.0588835824118
2006-09-21,187.3199462890625,1.9603756884660868,0.9733100152516457,0.987065673214441,HOLD,11300,21795.66315937182,2116715.3930664062,2138511.056225778,0,113.8511056225778,426.91969144624676
2006-09-22,187.35997009277344,2.1671710209888317,1.212082216399083,0.9550888045897488,HOLD,11300,21795.66315937182,2117167.66204834,2138963.3252077117,0,113.89633252077118,427.0322759879342
2006-09-25,186.99974060058594,2.275756794716898,1.424817132062646,0.850939662654252,HOLD,11300,21795.66315937182,2113097.068786621,2134892.731945993,0,113.48927319459929,426.0189721906954
2006-09-26,184.037841796875,2.098619740849216,1.55957765381996,0.539042087029256,HOLD,11300,21795.66315937182,2079627.6123046875,2101423.2754640593,0,110.14232754640591,417.6873298073583
2006-09-27,184.59820556640625,1.980622637629466,1.6437866505818612,0.33683598704760476,HOLD,11300,21795.66315937182,2085959.7229003906,2107755.3860597624,0,110.77553860597624,419.26359923508613
2006-09-28,187.35997009277344,2.0859152666959346,1.732212373804676,0.35370289289125867,HOLD,11300,21795.66315937182,2117167.66204834,2138963.3252077117,0,113.89633252077118,427.0322759879342
2006-09-29,189.84156799316406,2.3426006032698012,1.854290019697701,0.4883105835721002,HOLD,11300,21795.66315937182,2145209.718322754,2167005.3814821257,0,116.70053814821256,434.01286094897006
2006-10-09,203.61038208007812,3.6153779809858406,2.2065076119553293,1.4088703690305113,HOLD,11300,21795.66315937182,2300797.317504883,2322592.9806642546,0,132.25929806642546,472.74370309357465
2006-10-10,203.05001831054688,4.526665962185518,2.6705392820013674,1.856126680184151,HOLD,11300,21795.66315937182,2294465.2069091797,2316260.8700685515,0,131.62608700685516,471.16743366584683
2006-10-11,199.0874786376953,4.8729520594542635,3.111021837491947,1.7619302219623165,HOLD,11300,21795.66315937182,2249688.508605957,2271484.171765329,0,127.14841717653287,460.0210489741683
2006-10-12,198.64720153808594,5.0536047937050625,3.4995384287345703,1.5540663649704922,HOLD,11300,21795.66315937182,2244713.377380371,2266509.040539743,0,126.65090405397427,458.7825760935546
2006-10-13,196.16561889648438,4.939589889942397,3.787548720976136,1.152041168966261,HOLD,11300,21795.66315937182,2216671.4935302734,2238467.1566896453,0,123.84671566896452,451.80203405457047
2006-10-16,189.7214813232422,4.27990809465669,3.886020595712247,0.3938874989444434,HOLD,11300,21795.66315937182,2143852.7389526367,2165648.4021120085,0,116.56484021120086,433.675064401856
2006-10-17,192.68338012695312,3.9505663294763735,3.8989297424650724,0.05163658701130114,HOLD,11300,21795.66315937182,2177322.1954345703,2199117.858593942,0,119.9117858593942,442.00670678519305
2006-10-18,199.36766052246094,4.1807332819884095,3.95529045036974,0.22544283161866963,HOLD,11300,21795.66315937182,2252854.5639038086,2274650.2270631804,0,127.46502270631805,460.80918368803225
2006-10-19,200.12814331054688,4.374085124949261,4.039049385285645,0.3350357396636161,HOLD,11300,21795.66315937182,2261448.0194091797,2283243.6825685515,0,128.32436825685517,462.9483758241973
2006-10-20,198.52713012695312,4.348008336270681,4.100841175482652,0.24716716078802836,HOLD,11300,21795.66315937182,2243356.5704345703,2265152.233593942,0,126.5152233593942,458.44482246849225
2006-10-23,204.13070678710938,4.725036815623042,4.225680303510731,0.49935651211231136,HOLD,11300,21795.66315937182,2306676.986694336,2328472.6498537078,0,132.84726498537077,474.2073450575633
2006-10-24,208.773681640625,5.336962685873317,4.447936779983248,0.8890259058900689,HOLD,11300,21795.66315937182,2359142.6025390625,2380938.2656984343,0,138.09382656984343,487.267752802032
2006-10-25,220.86141967773438,6.719835701868732,4.902316564360345,1.8175191375083868,HOLD,11300,21795.66315937182,2495734.0423583984,2517529.7055177703,0,151.75297055177703,521.2698295855049
2006-10-26,220.14096069335938,7.6692313857113845,5.455699528630553,2.2135318570808318,HOLD,11300,21795.66315937182,2487592.855834961,2509388.5189943328,0,150.93885189943327,519.2432219910273
2006-10-27,216.2184600830078,8.012755233073307,5.967110669519104,2.0456445635542027,HOLD,11300,21795.66315937182,2443268.5989379883,2465064.26209736,0,146.50642620973602,508.209464763088
2006-10-30,216.2985076904297,8.196969962703065,6.413082528155897,1.783887434547168,HOLD,11300,21795.66315937182,2444173.1369018555,2465968.8000612273,0,146.59688000612272,508.4346338464629
2006-10-31,216.09837341308594,8.23191985168242,6.7768499928612025,1.4550698588212176,HOLD,11300,21795.66315937182,2441911.619567871,2463707.282727243,0,146.37072827272428,507.87166821597384
2006-11-01,212.9363555908203,7.913250452933568,7.004130084875676,0.9091203680578914,HOLD,11300,21795.66315937182,2406180.8181762695,2427976.4813356414,0,142.79764813356414,498.9771031241996
2006-11-02,219.2203826904297,8.074691114817881,7.218242290864118,0.8564488239537633,HOLD,11300,21795.66315937182,2477190.3244018555,2498985.9875612273,0,149.89859875612274,516.6536916881124
2006-11-03,219.2203826904297,8.109156691908822,7.3964251710730595,0.7127315208357627,HOLD,11300,21795.66315937182,2477190.3244018555,2498985.9875612273,0,149.89859875612274,516.6536916881124
2006-11-06,224.50375366210938,8.46521308546835,7.610182753952118,0.8550303315162315,HOLD,11300,21795.66315937182,2536892.416381836,2558688.0795412078,0,155.8688079541208,531.5154950216321
2006-11-07,223.343017578125,8.555110651096385,7.799168333380972,0.7559423177154132,HOLD,11300,21795.66315937182,2523776.0986328125,2545571.7617921843,0,154.55717617921843,528.2504145465409
2006-11-08,227.38560485839844,8.850534673292884,8.009441601363354,0.8410930719295298,HOLD,11300,21795.66315937182,2569457.3348999023,2591252.998059274,0,159.12529980592743,539.6219683215944
2006-11-09,228.82652282714844,9.096076469691383,8.226768575028961,0.8693078946624215,HOLD,11300,21795.66315937182,2585739.7079467773,2607535.371106149,0,160.75353711061493,543.6751835105495
2006-11-10,230.54762268066406,9.322089244703506,8.44583270896387,0.8762565357396355,HOLD,11300,21795.66315937182,2605188.136291504,2626983.7994508757,0,162.69837994508757,548.5165334133686
2006-11-13,227.78585815429688,9.172618445305346,8.591189856232166,0.5814285890731803,HOLD,11300,21795.66315937182,2573980.1971435547,2595775.8603029265,0,159.57758603029265,540.7478566605206
2006-11-14,239.75352478027344,9.905666086079208,8.854085102201575,1.051580983877633,HOLD,11300,21795.66315937182,2709214.83001709,2731010.4931764617,0,173.1010493176462,574.4121798189312
2006-11-15,247.51849365234375,10.986533793448046,9.28057484045087,1.705958952997177,HOLD,11300,21795.66315937182,2796958.9782714844,2818754.641430856,0,181.87546414308562,596.2545681134868
2006-11-16,258.8857727050781,12.614956294385962,9.947451131237889,2.667505163148073,HOLD,11300,21795.66315937182,2925409.231567383,2947204.8947267546,0,194.72048947267547,628.2300373024821
2006-11-17,258.40545654296875,13.70870988424727,10.699702881839766,3.009007002407504,HOLD,11300,21795.66315937182,2919981.658935547,2941777.3220949187,0,194.1777322094919,626.8789369581292
2006-11-20,258.5655822753906,14.422188283628117,11.444199962197436,2.977988321430681,HOLD,11300,21795.66315937182,2921791.079711914,2943586.742871286,0,194.35867428712862,627.3293609689824
2006-11-21,252.6818084716797,14.347465036309927,12.024852977019934,2.322612059289993,HOLD,11300,21795.66315937182,2855304.4357299805,2877100.0988893523,0,187.71000988893522,610.7786607439958
2006-11-22,253.92259216308594,14.22439720212654,12.464761822041256,1.7596353800852835,HOLD,11300,21795.66315937182,2869325.291442871,2891120.954602243,0,189.11209546022428,614.268910302462
2006-11-23,254.00265502929688,13.972261923052372,12.76626184224348,1.2060000808088915,HOLD,11300,21795.66315937182,2870230.0018310547,2892025.6649904265,0,189.20256649904266,614.4941223078887
2006-11-24,255.76377868652344,13.755980478507468,12.96420556949628,0.7917749090111883,HOLD,11300,21795.66315937182,2890130.699157715,2911926.3623170867,0,191.1926362317087,619.4480567523952
2006-11-27,257.36480712890625,13.55748326261812,13.082861108120648,0.4746221544974727,HOLD,11300,21795.66315937182,2908222.3205566406,2930017.9837160124,0,193.00179837160124,623.951653030152
2006-11-28,251.40098571777344,12.7717178297641,13.02063245244934,-0.24891462268523945,SELL,0,2860922.303087045,0.0,2860922.303087045,11300,186.09223030870447,607.1757837217905
2006-11-29,257.8050842285156,12.521411256963148,12.920788213352102,-0.399376956388954,HOLD,0,2860922.303087045,0.0,2860922.303087045,0,186.09223030870447,625.1901259107657
2006-11-30,271.17364501953125,13.249045871209091,12.986439744923501,0.2626061262855899,BUY,10400,39024.27133899834,2820205.908203125,2859230.1795421233,10400,185.92301795421236,662.7950797164441
2006-12-01,276.1768493652344,14.067259709136408,13.202603737766083,0.8646559713703255,HOLD,10400,39024.27133899834,2872239.2333984375,2911263.504737436,0,191.12635047374357,676.8687912581516
2006-12-04,276.5771179199219,14.579930039976034,13.478068998208073,1.101861041767961,HOLD,10400,39024.27133899834,2876402.0263671875,2915426.297706186,0,191.5426297706186,677.9947225191296
2006-12-05,280.4996032714844,15.128346594576442,13.808124517481748,1.3202220770946944,HOLD,10400,39024.27133899834,2917195.8740234375,2956220.145362436,0,195.6220145362436,689.0284368250173
2006-12-06,276.29693603515625,15.050359368136611,14.056571487612722,0.9937878805238896,HOLD,10400,39024.27133899834,2873488.134765625,2912512.4061046233,0,191.25124061046233,677.2065878052657
2006-12-07,278.3382263183594,14.980582169236868,14.241373623937552,0.7392085452993165,HOLD,10400,39024.27133899834,2894717.5537109375,2933741.825049936,0,193.3741825049936,682.9486140415844
2006-12-08,276.3769836425781,14.598742131355834,14.31284732542121,0.2858948059346247,HOLD,10400,39024.27133899834,2874320.6298828125,2913344.901221811,0,191.33449012218108,677.4317568886405
2006-12-11,289.38531494140625,15.170913918889937,14.484460644114955,0.6864532747749816,HOLD,10400,39024.27133899834,3009607.275390625,3048631.5467296233,0,204.8631546729623,714.0234068970802
2006-12-12,287.4640808105469,15.293047908155643,14.646178096923094,0.6468698112325484,HOLD,10400,39024.27133899834,2989626.4404296875,3028650.711768686,0,202.8650711768686,708.619091363772
2006-12-13,285.38275146484375,15.048425212246116,14.7266275199877,0.32179769225841603,HOLD,10400,39024.27133899834,2967980.615234375,3007004.8865733733,0,200.7004886573373,702.7644376637141
2006-12-14,308.3574523925781,16.518016903848547,15.08490539675987,1.433111507088677,HOLD,10400,39024.27133899834,3206917.5048828125,3245941.776221811,0,224.5941776221811,767.3908832918295
2006-12-15,316.7228088378906,18.14848877861789,15.697622073131475,2.4508667054864137,HOLD,10400,39024.27133899834,3293917.2119140625,3332941.483253061,0,233.2941483253061,790.9221255558003
2006-12-18,345.8214416503906,21.54036208117367,16.866170074739916,4.674192006433753,HOLD,10400,39024.27133899834,3596542.9931640625,3635567.264503061,0,263.5567264503061,872.7748215810788
2006-12-19,338.1765441894531,23.342489092489643,18.161433878289863,5.18105521419978,HOLD,10400,39024.27133899834,3517036.0595703125,3556060.330909311,0,255.60603309093105,851.2701869115856
2006-12-20,337.4160461425781,24.427734182032168,19.414693939038326,5.013040242993842,HOLD,10400,39024.27133899834,3509126.8798828125,3548151.151221811,0,254.81511512218108,849.1309518533689
2006-12-21,332.1326904296875,24.57815441831457,20.447386034893576,4.1307683834209925,HOLD,10400,39024.27133899834,3454179.98046875,3493204.2518077483,0,249.32042518077483,834.2691914419008
2006-12-22,323.52716064453125,23.72943109444003,21.10379504680287,2.625636047637162,HOLD,10400,39024.27133899834,3364682.470703125,3403706.7420421233,0,240.37067420421235,810.0623560837018
2006-12-25,333.0532531738281,23.553972269303415,21.59383049130298,1.960141778000434,HOLD,10400,39024.27133899834,3463753.8330078125,3502778.104346811,0,250.2778104346811,836.858678822764
2006-12-26,333.0532531738281,23.148083192409445,21.904681031524277,1.243402160885168,HOLD,10400,39024.27133899834,3463753.8330078125,3502778.104346811,0,250.2778104346811,836.858678822764
2006-12-27,342.13909912109375,23.291079937731297,22.18196081276568,1.1091191249656163,HOLD,10400,39024.27133899834,3558246.630859375,3597270.9021983733,0,259.72709021983735,862.4166145253159
2006-12-28,342.13909912109375,23.137689012411045,22.373106452694753,0.7645825597162919,HOLD,10400,39024.27133899834,3558246.630859375,3597270.9021983733,0,259.72709021983735,862.4166145253159
2006-12-29,351.54510498046875,23.50417021910556,22.599319205976915,0.9048510131286456,HOLD,10400,39024.27133899834,3656069.091796875,3695093.3631358733,0,269.5093363135873,888.875140717264
2007-01-04,343.58001708984375,22.888053951376435,22.65706615505682,0.23098779631961364,HOLD,10400,39024.27133899834,3573232.177734375,3612256.4490733733,0,261.22564490733737,866.4698297142712
2007-01-05,345.3011169433594,22.281804966953132,22.582013917436086,-0.30020895048295415,SELL,0,3628001.208580209,0.0,3628001.208580209,10400,262.8001208580209,871.3111796170903
2007-01-08,339.6575012207031,21.102696901942863,22.286150514337443,-1.1834536123945796,HOLD,0,3628001.208580209,0.0,3628001.208580209,0,262.8001208580209,855.43602956428
2007-01-09,355.3875732421875,21.193228272643637,22.067566065998683,-0.8743377933550462,HOLD,0,3628001.208580209,0.0,3628001.208580209,0,262.8001208580209,899.68377178388
2007-01-10,356.1080322265625,21.080111649893297,21.870075182777608,-0.7899635328843111,HOLD,0,3628001.208580209,0.0,3628001.208580209,0,262.8001208580209,901.7103793783579
2007-01-11,368.1957702636719,21.715522325628797,21.839164611347847,-0.12364228571905045,HOLD,0,3628001.208580209,0.0,3628001.208580209,0,262.8001208580209,935.7124561618308
2007-01-12,388.0885009765625,23.55276536404955,22.18188476188819,1.3708806021613604,BUY,9200,55444.75107044354,3570414.208984375,3625858.9600548185,9200,262.58589600548186,991.6695057815467
2007-01-15,398.6953125,25.569920625490397,22.85949193460863,2.7104286908817663,HOLD,9200,55444.75107044354,3667996.875,3723441.6260704435,0,272.3441626070444,1021.5058257564287
2007-01-16,391.17047119140625,26.25864557635549,23.539322662958003,2.7193229133974874,HOLD,9200,55444.75107044354,3598768.3349609375,3654213.086031381,0,265.42130860313813,1000.3389017899461
2007-01-17,392.7314758300781,26.623525659162624,24.15616326219893,2.4673623969636935,HOLD,9200,55444.75107044354,3613129.5776367188,3668574.3287071623,0,266.85743287071625,1004.7299135260154
2007-01-18,421.1496887207031,28.872978311791712,25.099526272117487,3.7734520396742255,HOLD,9200,55444.75107044354,3874577.1362304688,3930021.8873009123,0,293.00218873009123,1084.6686294205556
2007-01-19,437.6802673339844,31.6250118371413,26.40462338512225,5.220388452019051,HOLD,9200,55444.75107044354,4026658.4594726562,4082103.2105431,0,308.21032105430993,1131.1681483180082
2007-01-22,453.0901184082031,34.65004033343962,28.053706774785724,6.596333558653896,HOLD,9200,55444.75107044354,4168429.0893554688,4223873.840425912,0,322.38738404259124,1174.5151283600053
2007-01-23,421.38983154296875,34.096406837490065,29.262246787326593,4.834160050163472,HOLD,9200,55444.75107044354,3876786.4501953125,3932231.201265756,0,293.22312012657557,1085.3441366706802
2007-01-24,439.4013671875,34.71090301786268,30.35197803343381,4.358924984428867,HOLD,9200,55444.75107044354,4042492.578125,4097937.3291954435,0,309.7937329195443,1136.0094982208273
2007-01-25,433.75775146484375,34.34657708423492,31.150897843594034,3.1956792406408887,HOLD,9200,55444.75107044354,3990571.3134765625,4046016.064547006,0,304.6016064547006,1120.1343481680171
2007-01-26,435.8390808105469,33.83575452467676,31.68786917981058,2.1478853448661788,HOLD,9200,55444.75107044354,4009719.5434570312,4065164.294527475,0,306.51642945274745,1125.9890018680749
2007-01-29,430.2355041503906,32.60293581111108,31.870882506070682,0.7320533050403988,HOLD,9200,55444.75107044354,3958166.6381835938,4013611.3892540373,0,301.3611389254037,1110.226479279004
2007-01-30,439.2812805175781,31.987109169533426,31.894127838763232,0.09298133077019344,HOLD,9200,55444.75107044354,4041387.7807617188,4096832.5318321623,0,309.6832531832162,1135.6717016737132
2007-01-31,413.1845703125,29.058309600148277,31.326964191040243,-2.268654590891966,SELL,0,3854462.0191173186,0.0,3854462.0191173186,9200,285.44620191173186,1062.2632325734592
2007-02-01,420.26910400390625,26.997665222307432,30.46110439729368,-3.4634391749862488,HOLD,0,3854462.0191173186,0.0,3854462.0191173186,0,285.44620191173186,1082.1915978152247
2007-02-02,404.25885009765625,23.798363301593838,29.128556178153715,-5.330192876559877,HOLD,0,3854462.0191173186,0.0,3854462.0191173186,0,285.44620191173186,1037.1557208817605
2007-02-05,388.24859619140625,19.743410051515184,27.251526952826012,-7.508116901310828,HOLD,0,3854462.0191173186,0.0,3854462.0191173186,0,285.44620191173186,992.1198439482966
2007-02-06,383.24542236328125,15.942342669278219,24.989690096116455,-9.047347426838236,HOLD,0,3854462.0191173186,0.0,3854462.0191173186,0,285.44620191173186,978.0462182506925
2007-02-07,390.12982177734375,13.331802164439125,22.65811250978099,-9.326310345341867,HOLD,0,3854462.0191173186,0.0,3854462.0191173186,0,285.44620191173186,997.4116178619688
2007-02-08,384.0859375,10.652444309014243,20.256978869627645,-9.604534560613402,HOLD,0,3854462.0191173186,0.0,3854462.0191173186,0,285.44620191173186,980.4105365481806
2007-02-09,376.9213562011719,7.860303386378632,17.777643772977843,-9.91734038659921,HOLD,0,3854462.0191173186,0.0,3854462.0191173186,0,285.44620191173186,960.2570022230404
2007-02-12,388.24859619140625,6.486749974573115,15.519465013296898,-9.032715038723783,HOLD,0,3854462.0191173186,0.0,3854462.0191173186,0,285.44620191173186,992.1198439482966
2007-02-13,399.4557800292969,6.230701425616189,13.661712295760758,-7.4310108701445685,HOLD,0,3854462.0191173186,0.0,3854462.0191173186,0,285.44620191173186,1023.644974970542
2007-02-14,398.49517822265625,5.882459239714308,12.105861684551469,-6.223402444837161,HOLD,0,3854462.0191173186,0.0,3854462.0191173186,0,285.44620191173186,1020.9428601259397
2007-02-15,413.1045227050781,6.708001141212719,11.02628957588372,-4.318288434671,HOLD,0,3854462.0191173186,0.0,3854462.0191173186,0,285.44620191173186,1062.0380634900844
2007-02-16,400.9367370605469,6.307699204746427,10.082571501656261,-3.774872296909834,HOLD,0,3854462.0191173186,0.0,3854462.0191173186,0,285.44620191173186,1027.8108176232365
2007-02-26,388.32867431640625,4.916418332429771,9.049340867810963,-4.1329225353811925,HOLD,0,3854462.0191173186,0.0,3854462.0191173186,0,285.44620191173186,992.3450988757749
2007-02-27,350.78460693359375,0.7753875633825942,7.39455020692529,-6.619162643542696,HOLD,0,3854462.0191173186,0.0,3854462.0191173186,0,285.44620191173186,886.7359056590471
2007-02-28,350.78460693359375,-2.4778460883026128,5.42007094787971,-7.8979170361823225,HOLD,0,3854462.0191173186,0.0,3854462.0191173186,0,285.44620191173186,886.7359056590471
2007-03-01,385.8470764160156,-2.2014321975687494,3.895770318790018,-6.0972025163587675,HOLD,0,3854462.0191173186,0.0,3854462.0191173186,0,285.44620191173186,985.3645139147391
2007-03-02,391.41064453125,-1.5159636620454648,2.8134235226229216,-4.329387184668386,HOLD,0,3854462.0191173186,0.0,3854462.0191173186,0,285.44620191173186,1001.0144948841744
2007-03-05,379.8432312011719,-1.8843963438833953,1.8738595493216583,-3.7582558932050536,HOLD,0,3854462.0191173186,0.0,3854462.0191173186,0,285.44620191173186,968.47606006469
2007-03-06,400.65655517578125,-0.49125768531024505,1.4008361023952778,-1.8920937877055228,HOLD,0,3854462.0191173186,0.0,3854462.0191173186,0,285.44620191173186,1027.0226829093726
2007-03-07,406.10003662109375,1.0400689309792028,1.328682668112063,-0.2886137371328601,HOLD,0,3854462.0191173186,0.0,3854462.0191173186,0,285.44620191173186,1042.3348673316937
2007-03-08,406.0600280761719,2.2247820492067376,1.507902544330998,0.7168795048757397,BUY,9300,75837.94305225555,3776358.2611083984,3852196.204160654,9300,285.21962041606537,1042.222325712058
2007-03-09,400.29632568359375,2.6678399190744813,1.7398900192796947,0.9279498997947866,HOLD,9300,75837.94305225555,3722755.828857422,3798593.7719096774,0,279.85937719096773,1026.0093791121337
2007-03-12,399.4557800292969,2.9175102216870528,1.9754140597611665,0.9420961619258863,HOLD,9300,75837.94305225555,3714938.754272461,3790776.6973247165,0,279.07766973247163,1023.644974970542
2007-03-13,393.8922119140625,2.636055478396827,2.1075423434882987,0.5285131349085281,HOLD,9300,75837.94305225555,3663197.5708007812,3739035.513853037,0,273.9035513853037,1007.9949940011068
2007-03-14,384.32611083984375,1.6223942066118866,2.0105127161130163,-0.3881185095011297,SELL,0,3647926.2341643157,0.0,3647926.2341643157,9300,264.7926234164316,981.0861296424088
2007-03-15,389.9296875,1.2567352889967083,1.8597572306897547,-0.6030219416930465,HOLD,0,3647926.2341643157,0.0,3647926.2341643157,0,264.7926234164316,996.84865223148
2007-03-16,390.690185546875,1.0165951232198722,1.6911248091957782,-0.674529685975906,HOLD,0,3647926.2341643157,0.0,3647926.2341643157,0,264.7926234164316,998.9878872896966
2007-03-19,389.76959228515625,0.7434283499730441,1.5015855173512316,-0.7581571673781875,HOLD,0,3647926.2341643157,0.0,3647926.2341643157,0,264.7926234164316,996.3983140647301
2007-03-20,378.6824951171875,-0.36350411938843763,1.1285675900032979,-1.4920717093917355,HOLD,0,3647926.2341643157,0.0,3647926.2341643157,0,264.7926234164316,965.2109795895987
2007-03-21,376.2409362792969,-1.421384632373588,0.6185771455279208,-2.0399617779015085,HOLD,0,3647926.2341643157,0.0,3647926.2341643157,0,264.7926234164316,958.343022092302
2007-03-22,378.2021789550781,-2.077557873454964,0.07935014173134382,-2.156908015186308,HOLD,0,3647926.2341643157,0.0,3647926.2341643157,0,264.7926234164316,963.8598792452458
2007-03-23,380.2034606933594,-2.408331437932702,-0.4181861742014654,-1.9901452637312367,HOLD,0,3647926.2341643157,0.0,3647926.2341643157,0,264.7926234164316,969.4893638619287
2007-03-26,376.32098388671875,-2.9497523925355154,-0.9244994178682755,-2.02525297466724,HOLD,0,3647926.2341643157,0.0,3647926.2341643157,0,264.7926234164316,958.5681911756769
2007-03-27,371.3978271484375,-3.7330576393090382,-1.4862110621564282,-2.24684657715261,HOLD,0,3647926.2341643157,0.0,3647926.2341643157,0,264.7926234164316,944.7196487173443
2007-03-28,372.5986022949219,-4.208428033052428,-2.030654456335628,-2.1777735767168,HOLD,0,3647926.2341643157,0.0,3647926.2341643157,0,264.7926234164316,948.0973566561747
2007-03-29,385.72698974609375,-3.4856311598740604,-2.3216497970433148,-1.1639813628307456,HOLD,0,3647926.2341643157,0.0,3647926.2341643157,0,264.7926234164316,985.0267173676249
2007-03-30,378.2422180175781,-3.476690828349547,-2.552658003304561,-0.9240328250449856,HOLD,0,3647926.2341643157,0.0,3647926.2341643157,0,264.7926234164316,963.9725067089848
2007-04-02,375.8006286621094,-3.6248365476386653,-2.7670937121713823,-0.8577428354672829,HOLD,0,3647926.2341643157,0.0,3647926.2341643157,0,264.7926234164316,957.1044633675848
2007-04-03,379.76318359375,-3.3834952044136344,-2.890374010619833,-0.49312119379380137,HOLD,0,3647926.2341643157,0.0,3647926.2341643157,0,264.7926234164316,968.2508909813151
2007-04-04,389.6094970703125,-2.3703908524242365,-2.786377378980714,0.4159865265564773,BUY,9200,61368.21669361275,3584407.373046875,3645775.5897404877,9200,264.57755897404877,995.9479758979803
2007-04-05,381.6043701171875,-2.1882207512296645,-2.6667460534305043,0.4785253022008398,HOLD,9200,61368.21669361275,3510760.205078125,3572128.4217717377,0,257.2128421771738,973.4300374312483
2007-04-06,376.2409362792969,-2.4484101718208535,-2.6230788771085742,0.17466870528772072,HOLD,9200,61368.21669361275,3461416.6137695312,3522784.830463144,0,252.27848304631442,958.343022092302
2007-04-09,380.2434997558594,-2.3050673588053314,-2.5594765734479257,0.25440921464259425,HOLD,9200,61368.21669361275,3498240.1977539062,3559608.414447519,0,255.96084144475188,969.6019913256679
2007-04-10,377.8019104003906,-2.361263823017964,-2.5198340233619336,0.15857020034396951,HOLD,9200,61368.21669361275,3475777.5756835938,3537145.7923772065,0,253.7145792377206,962.7339479842678
2007-04-11,375.7606201171875,-2.541221373719111,-2.5241114934333693,-0.017109880285741674,SELL,0,3516291.7231486905,0.0,3516291.7231486905,9200,251.62917231486907,956.991921747949
2007-04-12,395.6133117675781,-1.0695634669868923,-2.233201888144074,1.1636384211571817,BUY,8700,72390.8092833343,3441835.8123779297,3514226.621661264,8700,251.4226621661264,1012.8363439039258
2007-04-13,412.0638732910156,1.4079291281001929,-1.5049756848952207,2.9129048129954134,HOLD,8700,72390.8092833343,3584955.697631836,3657346.5069151702,0,265.734650691517,1059.110779562107
2007-04-16,407.18072509765625,2.943400916483313,-0.615300364619514,3.558701281102827,HOLD,8700,72390.8092833343,3542472.3083496094,3614863.1176329437,0,261.48631176329434,1045.3747787234101
2007-04-17,395.012939453125,3.1422132814193446,0.13620236458825777,3.006010916831087,HOLD,8700,72390.8092833343,3436612.5732421875,3509003.382525522,0,250.9003382525522,1011.1475328565623
2007-04-18,386.6075744628906,2.5916558099241342,0.6272930536554331,1.9643627562687012,HOLD,8700,72390.8092833343,3363485.8978271484,3435876.7071104827,0,243.58767071104825,987.5037489729557
2007-04-19,371.4378356933594,0.9206512132068951,0.6859646855657255,0.2346865276411696,HOLD,8700,72390.8092833343,3231509.1705322266,3303899.979815561,0,230.3899979815561,944.83219033698
2007-04-20,378.5223693847656,0.1661158126635769,0.5819949109852959,-0.415879098321719,SELL,0,3363559.5361626064,0.0,3363559.5361626064,8700,236.35595361626062,964.7605555787454
2007-04-23,382.5649719238281,-0.10445064689861283,0.4447057994085142,-0.549156446307127,HOLD,0,3363559.5361626064,0.0,3363559.5361626064,0,236.35595361626062,976.1321522758506
2007-04-24,378.1621398925781,-0.6664656630438799,0.22247150691803538,-0.8889371699619153,HOLD,0,3363559.5361626064,0.0,3363559.5361626064,0,236.35595361626062,963.7472517815066
2007-04-25,384.2060241699219,-0.6170625491468513,0.05456469570505804,-0.6716272448519094,HOLD,0,3363559.5361626064,0.0,3363559.5361626064,0,236.35595361626062,980.7483330952948
2007-04-26,389.6094970703125,-0.14027808268190256,0.015596140027665921,-0.1558742227095685,HOLD,0,3363559.5361626064,0.0,3363559.5361626064,0,236.35595361626062,995.9479758979803
2007-04-27,375.3603515625,-0.9018143607735283,-0.16788596013257293,-0.7339284006409553,HOLD,0,3363559.5361626064,0.0,3363559.5361626064,0,236.35595361626062,955.865990486971
2007-04-30,381.924560546875,-0.9645419034219458,-0.3272171487904475,-0.6373247546314983,HOLD,0,3363559.5361626064,0.0,3363559.5361626064,0,236.35595361626062,974.3307137647479
2007-05-08,386.247314453125,-0.6578604140761968,-0.3933458018475974,-0.2645146122285994,HOLD,0,3363559.5361626064,0.0,3363559.5361626064,0,236.35595361626062,986.4903593316136
2007-05-09,368.2358093261719,-1.8469011329602267,-0.6840568680701233,-1.1628442648901034,HOLD,0,3363559.5361626064,0.0,3363559.5361626064,0,236.35595361626062,935.82508362557
2007-05-10,368.2358093261719,-2.757438435413974,-1.0987331815388934,-1.6587052538750804,HOLD,0,3363559.5361626064,0.0,3363559.5361626064,0,236.35595361626062,935.82508362557
2007-05-11,368.2358093261719,-3.4393985620041008,-1.566866257631935,-1.8725323043721658,HOLD,0,3363559.5361626064,0.0,3363559.5361626064,0,236.35595361626062,935.82508362557
2007-05-14,377.8019104003906,-3.1713946032751323,-1.8877719267605746,-1.2836226765145577,HOLD,0,3363559.5361626064,0.0,3363559.5361626064,0,236.35595361626062,962.7339479842678
2007-05-15,363.95306396484375,-4.030030025302949,-2.3162235464690495,-1.7138064788338996,HOLD,0,3363559.5361626064,0.0,3363559.5361626064,0,236.35595361626062,923.77797967834
2007-05-16,374.5598449707031,-3.8106988366772043,-2.6151186045106805,-1.1955802321665239,HOLD,0,3363559.5361626064,0.0,3363559.5361626064,0,236.35595361626062,953.6142138091186
2007-05-17,396.33380126953125,-1.8584776156345129,-2.463790406735447,0.6053127911009342,BUY,8400,32358.08314014552,3329203.9306640625,3361562.013804208,8400,236.1562013804208,1014.8630373425069
2007-05-18,393.9722900390625,-0.49616299513263584,-2.070264924414885,1.5741019292822491,HOLD,8400,32358.08314014552,3309367.236328125,3341725.3194682705,0,234.17253194682704,1008.2202489285852
2007-05-21,386.7676696777344,0.0021042484609665735,-1.6557910898397148,1.6578953383006814,HOLD,8400,32358.08314014552,3248848.4252929688,3281206.5084331143,0,228.12065084331144,987.9540871397056
2007-05-22,379.60308837890625,-0.17907296342730206,-1.3604474645572324,1.1813745011299304,HOLD,8400,32358.08314014552,3188665.9423828125,3221024.025522958,0,222.10240255229579,967.8005528145652
2007-05-23,388.1285400390625,0.3611128059994826,-1.0161354104458895,1.377248216445372,HOLD,8400,32358.08314014552,3260279.736328125,3292637.8194682705,0,229.26378194682707,991.7821332452858
2007-05-24,397.73468017578125,1.5465218065592694,-0.5036039670448578,2.050125773604127,HOLD,8400,32358.08314014552,3340971.3134765625,3373329.396616708,0,237.3329396616708,1018.8036250677228
2007-05-25,425.8326721191406,4.6990721266212745,0.5369312516883687,4.162140874932906,HOLD,8400,32358.08314014552,3576994.4458007812,3609352.528940927,0,260.9352528940927,1097.84157878466
2007-05-28,441.5227355957031,8.367097274354421,2.1029644562215792,6.2641328181328415,HOLD,8400,32358.08314014552,3708790.9790039062,3741149.062144052,0,274.11490621440515,1141.9767793846245
2007-05-29,437.1599426269531,10.79752554616124,3.8418766742095114,6.955648871951728,HOLD,8400,32358.08314014552,3672143.5180664062,3704501.601206552,0,270.45016012065514,1129.7045063540195
2007-05-30,408.141357421875,10.263785622571618,5.126258463881933,5.137527158689685,HOLD,8400,32358.08314014552,3428387.40234375,3460745.4854838955,0,246.07454854838954,1048.076979412116
2007-05-31,408.141357421875,9.72864709984384,6.046736191074315,3.6819109087695256,HOLD,8400,32358.08314014552,3428387.40234375,3460745.4854838955,0,246.07454854838954,1048.076979412116
2007-06-01,442.0430603027344,11.902920599885306,7.2179730728365135,4.684947527048792,HOLD,8400,32358.08314014552,3713161.7065429688,3745519.7896831143,0,274.5519789683114,1143.440421348613
2007-06-04,422.7907409667969,11.93496786115486,8.161372030500184,3.773595830654676,HOLD,8400,32358.08314014552,3551442.2241210938,3583800.3072612393,0,258.38003072612395,1089.2848102399996
2007-06-05,424.5518493652344,11.964552364176996,8.922008097235548,3.042544266941448,HOLD,8400,32358.08314014552,3566235.5346679688,3598593.6178081143,0,259.8593617808114,1094.2387017624546
2007-06-06,422.3104248046875,11.6725798319236,9.472122444173158,2.2004573877504416,HOLD,8400,32358.08314014552,3547407.568359375,3579765.6514995205,0,257.9765651499521,1087.9337098956466
2007-06-07,422.9107971191406,11.358698518838992,9.849437659106325,1.5092608597326667,HOLD,8400,32358.08314014552,3552450.6958007812,3584808.778940927,0,258.48087789409266,1089.6225209430104
2007-06-08,427.91400146484375,11.382452269568546,10.15604058119877,1.226411688369776,HOLD,8400,32358.08314014552,3594477.6123046875,3626835.695444833,0,262.6835695444833,1103.696232484718
2007-06-11,470.701416015625,14.68458924903922,11.061750314766861,3.622838934272359,HOLD,8400,32358.08314014552,3953891.89453125,3986249.9776713955,0,298.6249977671395,1224.054644493278
2007-06-12,482.0286560058594,18.007985351845093,12.45099732218251,5.556988029662584,HOLD,8400,32358.08314014552,4049040.7104492188,4081398.7935893643,0,308.1398793589364,1255.9174862185341
2007-06-13,479.7872314453125,20.22776341215541,14.00635054017709,6.2214128719783215,HOLD,8400,32358.08314014552,4030212.744140625,4062570.8272807705,0,306.257082728077,1249.6124943517264
2007-06-14,500.9607849121094,23.425448340950368,15.890170100331746,7.535278240618622,HOLD,8400,32358.08314014552,4208070.593261719,4240428.676401865,0,324.0428676401865,1309.1724209936476
2007-06-15,503.8426208496094,25.89369041589282,17.89087416344396,8.00281625244886,HOLD,8400,32358.08314014552,4232278.015136719,4264636.098276865,0,326.4636098276864,1317.2788513715582
2007-06-18,508.1654052734375,27.877251022197072,19.888149535194586,7.989101487002486,HOLD,8400,32358.08314014552,4268589.404296875,4300947.487437021,0,330.0947487437021,1329.4385827825272
2007-06-19,493.916259765625,27.976949279821383,21.505909484119947,6.4710397957014365,HOLD,8400,32358.08314014552,4148896.58203125,4181254.6651713955,0,318.12546651713956,1289.356597371518
2007-06-20,494.0363464355469,27.745814380918887,22.753890463479735,4.991923917439152,HOLD,8400,32358.08314014552,4149905.3100585938,4182263.3931987393,0,318.22633931987394,1289.694393918632
2007-06-21,495.63739013671875,27.3762527538845,23.67836292156069,3.69788983232381,HOLD,8400,32358.08314014552,4163354.0771484375,4195712.1602885835,0,319.5712160288584,1294.1980331184404
2007-06-22,483.62969970703125,25.816851641402366,24.10606066552903,1.710790975873337,HOLD,8400,32358.08314014552,4062489.4775390625,4094847.560679208,0,309.4847560679208,1260.4211254183424
2007-06-25,476.66522216796875,23.74531863971589,24.033912260366403,-0.28859362065051286,SELL,0,4033943.5566313565,0.0,4033943.5566313565,8400,303.3943556631357,1240.8304708795877
2007-06-26,481.1881103515625,22.21252097338538,23.6696340029702,-1.4571130295848178,HOLD,0,4033943.5566313565,0.0,4033943.5566313565,0,303.3943556631357,1253.5530820769422
2007-06-27,498.279052734375,22.121856997842144,23.36007860194459,-1.2382216041024456,HOLD,0,4033943.5566313565,0.0,4033943.5566313565,0,303.3943556631357,1301.6288704021229
2007-06-28,487.8323669433594,20.965369181847223,22.881136717925116,-1.9157675360778939,HOLD,0,4033943.5566313565,0.0,4033943.5566313565,0,303.3943556631357,1272.242974438094
2007-06-29,479.0267333984375,19.117923696423304,22.128494113624754,-3.01057041720145,HOLD,0,4033943.5566313565,0.0,4033943.5566313565,0,303.3943556631357,1247.4732592935095
2007-07-02,476.5851745605469,17.257858594605068,21.154367009820817,-3.8965084152157488,HOLD,0,4033943.5566313565,0.0,4033943.5566313565,0,303.3943556631357,1240.6053017962129
2007-07-03,473.1829833984375,15.332472013643496,19.989988010585353,-4.657515996941857,HOLD,0,4033943.5566313565,0.0,4033943.5566313565,0,303.3943556631357,1231.0351436102103
2007-07-04,468.7801818847656,13.298028594265077,18.651596127321298,-5.353567533056221,HOLD,0,4033943.5566313565,0.0,4033943.5566313565,0,303.3943556631357,1218.6503289599698
2007-07-05,456.4122619628906,10.565932262303193,17.034463354317676,-6.468531092014484,HOLD,0,4033943.5566313565,0.0,4033943.5566313565,0,303.3943556631357,1183.8601174626328
2007-07-06,471.8221130371094,9.53426733278576,15.534424150011294,-6.000156817225534,HOLD,0,4033943.5566313565,0.0,4033943.5566313565,0,303.3943556631357,1227.20709750463
2007-07-09,480.907958984375,9.342127052372689,14.295964730483574,-4.953837678110885,HOLD,0,4033943.5566313565,0.0,4033943.5566313565,0,303.3943556631357,1252.765033207182
2007-07-10,472.30242919921875,8.398645800784493,13.116500944543759,-4.717855143759266,HOLD,0,4033943.5566313565,0.0,4033943.5566313565,0,303.3943556631357,1228.558197848983
2007-07-11,463.6568908691406,6.874067451405381,11.868014245916084,-4.993946794510704,HOLD,0,4033943.5566313565,0.0,4033943.5566313565,0,303.3943556631357,1204.2388208711482
2007-07-12,457.77313232421875,5.131900627637037,10.520791522260275,-5.388890894623238,HOLD,0,4033943.5566313565,0.0,4033943.5566313565,0,303.3943556631357,1187.6881635682132
2007-07-13,461.07550048828125,3.9719086890241897,9.21101495561306,-5.23910626658887,HOLD,0,4033943.5566313565,0.0,4033943.5566313565,0,303.3943556631357,1196.977525691799
2007-07-16,448.1481628417969,1.9865785694339593,7.76612767837724,-5.7795491089432804,HOLD,0,4033943.5566313565,0.0,4033943.5566313565,0,303.3943556631357,1160.6137059339414
2007-07-17,463.6529235839844,1.6453284372863095,6.541967830159054,-4.8966393928727445,HOLD,0,4033943.5566313565,0.0,4033943.5566313565,0,303.3943556631357,1204.2276611376983
2007-07-18,467.478759765625,1.664411950095996,5.566456654146442,-3.9020447040504465,HOLD,0,4033943.5566313565,0.0,4033943.5566313565,0,303.3943556631357,1214.9895071679289
2007-07-19,478.2314147949219,2.5181574174537786,4.95679680680791,-2.4386393893541314,HOLD,0,4033943.5566313565,0.0,4033943.5566313565,0,303.3943556631357,1245.2360761132452
2007-07-20,483.0238037109375,3.5406481966618344,4.673567084778695,-1.132918888116861,HOLD,0,4033943.5566313565,0.0,4033943.5566313565,0,303.3943556631357,1258.7167765882527
2007-07-23,505.2137451171875,6.071533469797373,4.953160361782431,1.118373108014942,BUY,7900,40360.25705371983,3991188.5864257812,4031548.843479501,7900,303.15488434795014,1321.1357410959008
2007-07-24,497.1995849609375,7.345923304150858,5.431712950256117,1.9142103538947417,HOLD,7900,40360.25705371983,3927876.7211914062,3968236.978245126,0,296.8236978245126,1298.5923927745448
2007-07-25,491.27960205078125,7.7884133034278875,5.9030530208904715,1.885360282537416,HOLD,7900,40360.25705371983,3881108.856201172,3921469.1132548917,0,292.14691132548916,1281.939838520803
2007-07-26,495.5081787109375,8.383659010185283,6.399174218749434,1.9844847914358494,HOLD,7900,40360.25705371983,3914514.6118164062,3954874.868870126,0,295.4874868870126,1293.834569184392
2007-07-27,481.2518310546875,7.617220830534393,6.642783541106426,0.9744372894279669,HOLD,7900,40360.25705371983,3801889.4653320312,3842249.722385751,0,284.2249722385751,1253.7323245649663
2007-07-30,500.9449157714844,8.500887466842585,7.014404326253658,1.486483140588927,HOLD,7900,40360.25705371983,3957464.8345947266,3997825.0916484464,0,299.7825091648446,1309.1277820598484
2007-07-31,519.792236328125,10.599832625541524,7.731489986111231,2.868342639430293,HOLD,7900,40360.25705371983,4106358.6669921875,4146718.9240459073,0,314.6718924045907,1362.1441560714477
2007-08-01,507.5495300292969,11.146883371333104,8.414568663155606,2.7323147081774977,HOLD,7900,40360.25705371983,4009641.2872314453,4050001.544285165,0,305.0001544285165,1327.706162930606
2007-08-02,523.1751098632812,12.694939374065086,9.270642805337502,3.424296568727584,HOLD,7900,40360.25705371983,4133083.367919922,4173443.6249736417,0,317.34436249736416,1371.65997493996
2007-08-03,556.11767578125,16.391029086196625,10.694720061509328,5.696309024687297,HOLD,7900,40360.25705371983,4393329.638671875,4433689.895725595,0,343.36898957255954,1464.3254225488208
2007-08-06,556.0371704101562,19.093611434061984,12.37449833601986,6.719113098042124,HOLD,7900,40360.25705371983,4392693.646240234,4433053.903293954,0,343.30539032939544,1464.098965803894
2007-08-07,557.8494262695312,21.137995661951493,14.127197801206187,7.010797860745306,HOLD,7900,40360.25705371983,4407010.467529297,4447370.724583017,0,344.73707245830167,1469.1967320437475
2007-08-08,559.1784057617188,22.604847815236553,15.822727804012262,6.782120011224292,HOLD,7900,40360.25705371983,4417509.405517578,4457869.662571298,0,345.7869662571298,1472.9350710612125
2007-08-09,582.2945556640625,25.340509206000377,17.726284084409887,7.61422512159049,HOLD,7900,40360.25705371983,4600126.989746094,4640487.246799814,0,364.0487246799814,1537.9594041088637
2007-08-10,563.6486206054688,25.70762790684205,19.32255284889632,6.3850750579457305,HOLD,7900,40360.25705371983,4452824.102783203,4493184.359836923,0,349.3184359836923,1485.5095153359955
2007-08-13,554.6679077148438,24.98588195290074,20.455218669697203,4.530663283203538,HOLD,7900,40360.25705371983,4381876.470947266,4422236.728000985,0,342.22367280009854,1460.2473125698623
2007-08-14,551.4461669921875,23.878667122758657,21.139908360309494,2.7387587624491623,HOLD,7900,40360.25705371983,4356424.719238281,4396784.976292001,0,339.67849762920014,1451.1847505676174
2007-08-15,547.7008056640625,22.44029429094212,21.39998554643602,1.040308744506099,HOLD,7900,40360.25705371983,4326836.364746094,4367196.621799814,0,336.71966217998136,1440.64927543821
2007-08-16,543.7138671875,20.739587785936237,21.267905994336065,-0.5283182083998277,SELL,0,4333122.604104501,0.0,4333122.604104501,7900,333.3122604104501,1429.4342583858154
2007-08-17,544.3179931640625,19.218969231302026,20.85811864172926,-1.6391494104272333,HOLD,0,4333122.604104501,0.0,4333122.604104501,0,333.3122604104501,1431.1336282579045
2007-08-20,577.8646240234375,20.484666338461352,20.783428181075678,-0.2987618426143257,HOLD,0,4333122.604104501,0.0,4333122.604104501,0,333.3122604104501,1525.4982740506473
2007-08-21,596.1884765625,22.70459770657726,21.167662086175994,1.536935620401266,BUY,7100,97644.65760059562,4232938.18359375,4330582.841194346,7100,333.0582841194346,1577.0421641556015
2007-08-22,625.1441040039062,26.49496894237484,22.233123457415765,4.261845484959075,HOLD,7100,97644.65760059562,4438523.138427734,4536167.79602833,0,353.61677960283305,1658.4925947120678
2007-08-23,644.152587890625,30.679042340958745,23.92230723412436,6.756735106834384,HOLD,7100,97644.65760059562,4573483.3740234375,4671128.031624033,0,367.1128031624033,1711.9623114340375
2007-08-24,632.8763427734375,32.70801428388029,25.67944864407555,7.028565639804739,HOLD,7100,97644.65760059562,4493422.033691406,4591066.691292002,0,359.1066691292002,1680.2429152056625
2007-08-27,624.45947265625,33.253492528571655,27.194257420974772,6.0592351075968836,HOLD,7100,97644.65760059562,4433662.255859375,4531306.913459971,0,353.13069134599704,1656.5667680950519
2007-08-28,619.3449096679688,32.89390501718697,28.33418694021721,4.559718076969755,HOLD,7100,97644.65760059562,4397348.858642578,4494993.516243174,0,349.49935162431734,1642.1798114198195
2007-08-29,618.5797729492188,32.17628104617688,29.102605761409148,3.0736752847677344,HOLD,7100,97644.65760059562,4391916.387939453,4489561.045540049,0,348.9561045540048,1640.0275280578767
2007-08-30,624.1776123046875,31.693910065381033,29.620866622203526,2.0730434431775073,HOLD,7100,97644.65760059562,4431661.047363281,4529305.704963877,0,352.93057049638765,1655.7739119554976
2007-08-31,644.072021484375,32.54181831908727,30.205056961580276,2.336761357506994,HOLD,7100,97644.65760059562,4572911.3525390625,4670556.010139658,0,367.0556010139658,1711.7356830009037
2007-09-03,643.6290283203125,32.79994848404192,30.724035266072605,2.0759132179693154,HOLD,7100,97644.65760059562,4569766.101074219,4667410.758674814,0,366.74107586748147,1710.4895699950823
2007-09-04,615.3579711914062,30.373157606027576,30.6538597340636,-0.280702128036026,SELL,0,4464064.828102305,0.0,4464064.828102305,7100,346.40648281023044,1630.964794367425
2007-09-05,611.3710327148438,27.807646497133533,30.08461708667759,-2.2769705895440566,HOLD,0,4464064.828102305,0.0,4464064.828102305,0,346.40648281023044,1619.7497773150303
2007-09-06,604.04150390625,24.89604265788853,29.046902200919778,-4.150859543031249,HOLD,0,4464064.828102305,0.0,4464064.828102305,0,346.40648281023044,1599.1322556106902
2007-09-07,581.7710571289062,20.554596116037942,27.348440983943412,-6.79384486790547,HOLD,0,4464064.828102305,0.0,4464064.828102305,0,346.40648281023044,1536.4868343581152
2007-09-10,572.3070678710938,16.163975367628154,25.11154786068036,-8.947572493052206,HOLD,0,4464064.828102305,0.0,4464064.828102305,0,346.40648281023044,1509.8652043695936
2007-09-11,579.1130981445312,13.082756679232375,22.705789624390764,-9.62303294515839,HOLD,0,4464064.828102305,0.0,4464064.828102305,0,346.40648281023044,1529.0101563231854
2007-09-12,578.7908935546875,10.493902278829523,20.263412155278516,-9.769509876448993,HOLD,0,4464064.828102305,0.0,4464064.828102305,0,346.40648281023044,1528.1038142788575
2007-09-13,579.274169921875,8.384560880126173,17.88764190024805,-9.503081020121876,HOLD,0,4464064.828102305,0.0,4464064.828102305,0,346.40648281023044,1529.4632415012459
2007-09-14,597.5979614257812,8.09811938139535,15.92973739647751,-7.83161801508216,HOLD,0,4464064.828102305,0.0,4464064.828102305,0,346.40648281023044,1581.0069599179933
2007-09-17,612.015380859375,8.931520676164723,14.530094052414952,-5.598573376250229,HOLD,0,4464064.828102305,0.0,4464064.828102305,0,346.40648281023044,1621.5622897154794
2007-09-18,589.86572265625,7.7157623960206365,13.16722772113609,-5.4514653251154535,HOLD,0,4464064.828102305,0.0,4464064.828102305,0,346.40648281023044,1559.2566394243981
2007-09-19,569.8505249023438,5.078662356894938,11.549514648287861,-6.470852291392923,HOLD,0,4464064.828102305,0.0,4464064.828102305,0,346.40648281023044,1502.955097417498
2007-09-20,584.0665283203125,4.088722002239706,10.05735611907823,-5.968634116838524,HOLD,0,4464064.828102305,0.0,4464064.828102305,0,346.40648281023044,1542.9438561321501
2007-09-21,583.3416748046875,3.2087095122776645,8.687626797718117,-5.478917285440453,HOLD,0,4464064.828102305,0.0,4464064.828102305,0,346.40648281023044,1540.9048869867743
2007-09-24,569.8505249023438,1.4064574608408975,7.231392930342674,-5.824935469501776,HOLD,0,4464064.828102305,0.0,4464064.828102305,0,346.40648281023044,1502.955097417498
2007-09-25,567.4744262695312,-0.21113771211412313,5.742886801851315,-5.954024513965438,HOLD,0,4464064.828102305,0.0,4464064.828102305,0,346.40648281023044,1496.2712755221226
2007-09-26,586.6842651367188,0.05633056870385644,4.605575555221823,-4.549244986517967,HOLD,0,4464064.828102305,0.0,4464064.828102305,0,346.40648281023044,1550.3073916387198
2007-09-27,588.3353881835938,0.39695706517852614,3.763851857213164,-3.3668947920346377,HOLD,0,4464064.828102305,0.0,4464064.828102305,0,346.40648281023044,1554.951901012306
2007-09-28,605.974609375,2.0664233091363258,3.4243661475977962,-1.3579428384614705,HOLD,0,4464064.828102305,0.0,4464064.828102305,0,346.40648281023044,1604.569964500244
2007-10-08,592.604248046875,2.284279168579019,3.1963487517940408,-0.9120695832150219,HOLD,0,4464064.828102305,0.0,4464064.828102305,0,346.40648281023044,1566.9599458924615
2007-10-09,639.3601684570312,6.158749300079762,3.788828861451185,2.369920438628577,BUY,6900,49832.71465137694,4411585.162353516,4461417.877004893,6900,346.14178770048926,1698.4815251149264
2007-10-10,662.3555297851562,10.958505442956948,5.222764177752338,5.73574126520461,HOLD,6900,49832.71465137694,4570253.155517578,4620085.870168955,0,362.0085870168955,1763.166087201084
2007-10-11,697.7950439453125,17.421198645246932,7.662451071251257,9.758747573995674,HOLD,6900,49832.71465137694,4814785.803222656,4864618.517874033,0,386.46185178740336,1862.855299355021
2007-10-12,720.1057739257812,24.06580341875656,10.943121540752319,13.12268187800424,HOLD,6900,49832.71465137694,4968729.840087891,5018562.554739268,0,401.8562554739267,1925.614034824163
2007-10-15,759.45166015625,32.13613935463479,15.181725103528814,16.95441425110598,HOLD,6900,49832.71465137694,5240216.455078125,5290049.169729502,0,429.00491697295024,2036.2916355973607
2007-10-16,745.155029296875,36.952356337214496,19.53585135026595,17.416504986948546,HOLD,6900,49832.71465137694,5141569.7021484375,5191402.416799814,0,419.14024167998144,1996.076076761368
2007-10-17,732.9525756835938,39.331221134048405,23.49492530702244,15.836295827025964,HOLD,6900,49832.71465137694,5057372.772216797,5107205.486868174,0,410.7205486868174,1961.75131199299
2007-10-18,711.9708251953125,39.07302717655898,26.61054568092975,12.46248149562923,HOLD,6900,49832.71465137694,4912598.693847656,4962431.408499033,0,396.24314084990334,1902.7309155413132
2007-10-19,725.5425415039062,39.50810583645875,29.190057712035554,10.3180481244232,HOLD,6900,49832.71465137694,5006243.536376953,5056076.25102833,0,405.60762510283297,1940.9073335437229
2007-10-22,720.5084838867188,38.997167360234585,31.151479641675362,7.845687718559223,HOLD,6900,49832.71465137694,4971508.538818359,5021341.253469736,0,402.13412534697363,1926.7468336134175
2007-10-23,757.1158447265625,41.07269258277893,33.135722229896075,7.936970352882852,HOLD,6900,49832.71465137694,5224099.328613281,5273932.043264658,0,427.3932043264658,2029.7211279185517
2007-10-24,773.1844482421875,43.51257738137167,35.2110932601912,8.301484121180472,HOLD,6900,49832.71465137694,5334972.692871094,5384805.407522471,0,438.48054075224707,2074.921138777831
2007-10-25,780.2723388671875,45.493713984185206,37.267617404990006,8.2260965791952,HOLD,6900,49832.71465137694,5383879.138183594,5433711.852834971,0,443.371185283497,2094.858946870977
2007-10-26,785.4674072265625,46.94186106082191,39.20246613615639,7.739394924665518,HOLD,6900,49832.71465137694,5419725.109863281,5469557.824514658,0,446.95578245146584,2109.472360291136
2007-10-29,768.150390625,46.16008481292465,40.59398987151004,5.566094941414612,HOLD,6900,49832.71465137694,5300237.6953125,5350070.409963877,0,435.0070409963877,2060.7606388475256
2007-10-30,754.6995239257812,43.948537590697924,41.26489941534762,2.6836381753503034,HOLD,6900,49832.71465137694,5207426.715087891,5257259.429739268,0,425.72594297392675,2022.9241634948164
2007-10-31,769.23779296875,42.87475382069226,41.58687029641655,1.2878835242757134,HOLD,6900,49832.71465137694,5307740.771484375,5357573.486135752,0,435.7573486135752,2063.8194359420036
2007-11-01,744.309326171875,39.55627341514571,41.18075092016238,-1.6244775050166709,SELL,0,5182485.6246269625,0.0,5182485.6246269625,6900,418.2485624626962,1993.697164966292
2007-11-02,741.2889404296875,36.264598184470174,40.19752037302394,-3.9329221885537677,HOLD,0,5182485.6246269625,0.0,5182485.6246269625,0,418.2485624626962,1985.201002358674
2007-11-05,732.9928588867188,32.610582901345424,38.68013287868824,-6.069549977342817,HOLD,0,5182485.6246269625,0.0,5182485.6246269625,0,418.2485624626962,1961.8646262095567
2007-11-06,732.670654296875,29.35041690994842,36.81418968494028,-7.46377277499186,HOLD,0,5182485.6246269625,0.0,5182485.6246269625,0,418.2485624626962,1960.9582841652286
2007-11-07,719.5822143554688,25.41758604489621,34.53486895693147,-9.117282912035257,HOLD,0,5182485.6246269625,0.0,5182485.6246269625,0,418.2485624626962,1924.1412933852075
2007-11-08,700.8154296875,20.549583757796313,31.73781191710444,-11.188228159308128,HOLD,0,5182485.6246269625,0.0,5182485.6246269625,0,418.2485624626962,1871.3514619626387
2007-11-09,690.7473754882812,15.69828893853196,28.529907321389945,-12.831618382857986,HOLD,0,5182485.6246269625,0.0,5182485.6246269625,0,418.2485624626962,1843.0306337902352
2007-11-12,685.9147338867188,11.333009178145744,25.090527692741105,-13.757518514595361,HOLD,0,5182485.6246269625,0.0,5182485.6246269625,0,418.2485624626962,1829.4367049427638
2007-11-13,715.957763671875,10.180362064657288,22.108494567124342,-11.928132502467054,HOLD,0,5182485.6246269625,0.0,5182485.6246269625,0,418.2485624626962,1913.9459325937078
2007-11-14,752.9678344726562,12.113645762531746,20.109524806205823,-7.995879043674076,HOLD,0,5182485.6246269625,0.0,5182485.6246269625,0,418.2485624626962,2018.0530256880968
2007-11-15,741.0070190429688,12.536140354651707,18.594847915895002,-6.0587075612432955,HOLD,0,5182485.6246269625,0.0,5182485.6246269625,0,418.2485624626962,1984.4079745309132
2007-11-16,724.85791015625,11.43604463552424,17.163087259820852,-5.727042624296612,HOLD,0,5182485.6246269625,0.0,5182485.6246269625,0,418.2485624626962,1938.981506926707
2007-11-19,734.9661865234375,11.250179213812203,15.980505650619124,-4.730326436806921,HOLD,0,5182485.6246269625,0.0,5182485.6246269625,0,418.2485624626962,1967.4154776274709
2007-11-20,747.1283569335938,11.946552614548182,15.173715043404936,-3.2271624288567544,HOLD,0,5182485.6246269625,0.0,5182485.6246269625,0,418.2485624626962,2001.626928179282
2007-11-21,743.302490234375,12.050803917015628,14.549132818127076,-2.4983289011114476,HOLD,0,5182485.6246269625,0.0,5182485.6246269625,0,418.2485624626962,1990.8649963049477
2007-11-22,717.8908081054688,9.968008455195445,13.632907945540751,-3.664899490345306,HOLD,0,5182485.6246269625,0.0,5182485.6246269625,0,418.2485624626962,1919.3834697950547
2007-11-23,700.73486328125,6.8540277118920585,12.277131898811014,-5.423104186918955,HOLD,0,5182485.6246269625,0.0,5182485.6246269625,0,418.2485624626962,1871.124833529505
2007-11-26,722.15966796875,6.045291860023212,11.030763891053454,-4.985472031030241,HOLD,0,5182485.6246269625,0.0,5182485.6246269625,0,418.2485624626962,1931.3915146752106
2007-11-27,733.4358520507812,6.242299346042614,10.073070982051286,-3.830771636008672,HOLD,0,5182485.6246269625,0.0,5182485.6246269625,0,418.2485624626962,1963.1107392153783
2007-11-28,711.3264770507812,4.561801799806631,8.970817145602355,-4.409015345795725,HOLD,0,5182485.6246269625,0.0,5182485.6246269625,0,418.2485624626962,1900.918403140864
2007-11-29,706.7354125976562,2.8269475630499983,7.742043229091884,-4.915095666041886,HOLD,0,5182485.6246269625,0.0,5182485.6246269625,0,418.2485624626962,1888.0040162163805
2007-11-30,698.6810302734375,0.7930005247638974,6.352234688226287,-5.559234163462389,HOLD,0,5182485.6246269625,0.0,5182485.6246269625,0,418.2485624626962,1865.3475253666643
2007-12-03,701.2181396484375,-0.607194276169821,4.960348895347066,-5.567543171516887,HOLD,0,5182485.6246269625,0.0,5182485.6246269625,0,418.2485624626962,1872.4842607518933
2007-12-04,710.8029174804688,-0.9326957401448226,3.7817399682486883,-4.714435708393511,HOLD,0,5182485.6246269625,0.0,5182485.6246269625,0,418.2485624626962,1899.4456617019086
2007-12-05,737.0200805664062,0.9143083817175466,3.20825365094246,-2.2939452692249134,HOLD,0,5182485.6246269625,0.0,5182485.6246269625,0,418.2485624626962,1973.1929574785183
2007-12-06,742.537353515625,2.7910962522686305,3.1248221712076942,-0.3337259189390638,HOLD,0,5182485.6246269625,0.0,5182485.6246269625,0,418.2485624626962,1988.7127129430053
2007-12-07,777.4130249023438,7.011811574834496,3.902220051933055,3.1095915229014413,BUY,6500,126269.05196460895,5053184.661865234,5179453.713829843,6500,417.9453713829844,2086.8158694414196
2007-12-10,777.4130249023438,10.238733134396398,5.169522668425723,5.0692104659706745,HOLD,6500,126269.05196460895,5053184.661865234,5179453.713829843,0,417.9453713829844,2086.8158694414196
2007-12-11,812.3692016601562,15.438794232859891,7.2233769813125575,8.215417251547333,HOLD,6500,126269.05196460895,5280399.810791016,5406668.862755625,0,440.6668862755625,2185.1454826847616
2007-12-12,812.69140625,19.36267843132623,9.651237271315292,9.711441160010938,HOLD,6500,126269.05196460895,5282494.140625,5408763.192589609,0,440.87631925896085,2186.0518247290893
2007-12-13,807.4157104492188,21.79543614765396,12.080077046583027,9.715359101070932,HOLD,6500,126269.05196460895,5248202.117919922,5374471.169884531,0,437.4471169884531,2171.21161118759
2007-12-14,869.8778076171875,28.435793264755603,15.351220290217542,13.08457297453806,HOLD,6500,126269.05196460895,5654205.749511719,5780474.801476328,0,478.04748014763277,2346.9137166966457
2007-12-17,849.7417602539062,31.708003258977897,18.622576883969614,13.085426375008282,HOLD,6500,126269.05196460895,5523321.441650391,5649590.493615,0,464.9590493614999,2290.2722320400453
2007-12-18,809.4293212890625,30.694548684503843,21.03697124407646,9.657577440427382,HOLD,6500,126269.05196460895,5261290.588378906,5387559.640343515,0,438.75596403435156,2176.8757768220707
2007-12-19,817.3226928710938,30.180406808659086,22.865658356992988,7.314748451666098,HOLD,6500,126269.05196460895,5312597.503662109,5438866.555626718,0,443.8866555626718,2199.079354181933
2007-12-20,820.665283203125,29.70029822234835,24.232586330064063,5.467711892284289,HOLD,6500,126269.05196460895,5334324.3408203125,5460593.392784921,0,446.05933927849213,2208.481858833879
2007-12-21,849.862548828125,31.31480643709233,25.64903035146972,5.6657760856226105,HOLD,6500,126269.05196460895,5524106.5673828125,5650375.619347421,0,465.03756193474214,2290.612003001539
2007-12-24,843.2176513671875,31.692793344214806,26.857782950018738,4.835010394196068,HOLD,6500,126269.05196460895,5480914.733886719,5607183.785851328,0,460.7183785851328,2271.920307914215
2007-12-25,871.8914184570312,33.91513153395101,28.269252666805194,5.645878867145818,HOLD,6500,126269.05196460895,5667294.219970703,5793563.271935312,0,479.35632719353123,2352.5778823311266
2007-12-26,894.0813598632812,37.03992023884189,30.023386181212533,7.016534057629354,HOLD,6500,126269.05196460895,5811528.839111328,5937797.891075937,0,493.77978910759373,2414.9968468387747
2007-12-27,905.5186157226562,39.97838285124112,32.01438551521825,7.963997336022871,HOLD,6500,126269.05196460895,5885871.002197266,6012140.054161875,0,501.21400541618743,2447.169156557003
2007-12-28,926.2587890625,43.47948980429089,34.307406373032784,9.172083431258109,HOLD,6500,126269.05196460895,6020682.12890625,6146951.180870859,0,514.6951180870859,2505.510011085693
2008-01-02,894.12158203125,43.16337771311282,36.078600641048794,7.084777072064028,HOLD,6500,126269.05196460895,5811790.283203125,5938059.335167734,0,493.80593351677334,2415.109989367135
2008-01-03,862.4274291992188,39.8955127124766,36.84198305533436,3.053529657142242,HOLD,6500,126269.05196460895,5605778.289794922,5732047.341759531,0,473.20473417595304,2325.9562523426052
2008-01-04,866.817138671875,37.230746157517956,36.91973567577108,0.3110104817468766,HOLD,6500,126269.05196460895,5634311.4013671875,5760580.453331796,0,476.0580453331796,2338.3042398724615
2008-01-07,855.097900390625,33.78381607455867,36.2925517555286,-2.5087356809699273,SELL,0,5681070.522692148,0.0,5681070.522692148,6500,468.10705226921476,2305.338730638265
2008-01-08,865.9713745117188,31.565628719226993,35.34716714826828,-3.7815384290412837,HOLD,0,5681070.522692148,0.0,5681070.522692148,0,468.10705226921476,2335.925156389178
2008-01-09,866.0116577148438,29.471223853399124,34.171978489294446,-4.700754635895322,HOLD,0,5681070.522692148,0.0,5681070.522692148,0,468.10705226921476,2336.038470605745
2008-01-10,874.2271728515625,28.149822686196444,32.96754732867485,-4.817724642478403,HOLD,0,5681070.522692148,0.0,5681070.522692148,0,468.10705226921476,2359.1482183217286
2008-01-11,869.9583129882812,26.45320534175937,31.664678931291753,-5.211473589532382,HOLD,0,5681070.522692148,0.0,5681070.522692148,0,468.10705226921476,2347.1401734415726
2008-01-14,902.5787353515625,27.42468464399485,30.816680073832373,-3.3919954298375217,HOLD,0,5681070.522692148,0.0,5681070.522692148,0,468.10705226921476,2438.8994506943122
2008-01-15,919.6541137695312,29.23542158200587,30.500428375467074,-1.265006793461204,HOLD,0,5681070.522692148,0.0,5681070.522692148,0,468.10705226921476,2486.9314585267284
2008-01-16,897.4239501953125,28.54757654367802,30.109858009109264,-1.5622814654312442,HOLD,0,5681070.522692148,0.0,5681070.522692148,0,468.10705226921476,2424.39935149072
2008-01-17,877.9321899414062,26.128439851871008,29.313574377661613,-3.1851345257906054,HOLD,0,5681070.522692148,0.0,5681070.522692148,0,468.10705226921476,2369.570207546362
2008-01-18,865.729736328125,22.96192973555685,28.04324544924066,-5.081315713683811,HOLD,0,5681070.522692148,0.0,5681070.522692148,0,468.10705226921476,2335.245442777984
2008-01-21,849.781982421875,18.94718583155793,26.224033525704115,-7.276847694146184,HOLD,0,5681070.522692148,0.0,5681070.522692148,0,468.10705226921476,2290.3853745684055
2008-01-22,847.8489379882812,15.43160588549938,24.06554799766317,-8.63394211216379,HOLD,0,5681070.522692148,0.0,5681070.522692148,0,468.10705226921476,2284.947837367058
2008-01-23,886.4699096679688,15.582250610066694,22.368888520143877,-6.786637910077182,HOLD,0,5681070.522692148,0.0,5681070.522692148,0,468.10705226921476,2393.5862973066733
2008-01-24,894.0410766601562,16.12666933541425,21.120444683197952,-4.9937753477837035,HOLD,0,5681070.522692148,0.0,5681070.522692148,0,468.10705226921476,2414.883532622208
2008-01-25,881.5164184570312,15.370310481971046,19.97041784295257,-4.600107360981525,HOLD,0,5681070.522692148,0.0,5681070.522692148,0,468.10705226921476,2379.652425809502
2008-01-28,865.0048828125,13.285401864672963,18.63341464729665,-5.348012782623687,HOLD,0,5681070.522692148,0.0,5681070.522692148,0,468.10705226921476,2333.2064736326083
2008-01-29,867.703125,11.715770252235075,17.249885768284337,-5.534115516049262,HOLD,0,5681070.522692148,0.0,5681070.522692148,0,468.10705226921476,2340.7964658841047
2008-01-30,864.884033203125,10.127604027899338,15.825429420207337,-5.697825392307999,HOLD,0,5681070.522692148,0.0,5681070.522692148,0,468.10705226921476,2332.8665309829075
2008-01-31,829.7265014648438,5.963310533666231,13.853005642899117,-7.8896951092328855,HOLD,0,5681070.522692148,0.0,5681070.522692148,0,468.10705226921476,2233.9705183449387
2008-02-01,815.5507202148438,1.5018979181427312,11.382784097947841,-9.88088617980511,HOLD,0,5681070.522692148,0.0,5681070.522692148,0,468.10705226921476,2194.0949021586466
2008-02-04,853.6884155273438,1.0316968007879268,9.31256663851586,-8.280869837727932,HOLD,0,5681070.522692148,0.0,5681070.522692148,0,468.10705226921476,2301.373934875873
2008-02-05,843.2176513671875,-0.18372625038045953,7.413308060736596,-7.5970343111170555,HOLD,0,5681070.522692148,0.0,5681070.522692148,0,468.10705226921476,2271.920307914215
2008-02-13,817.5240478515625,-3.1835192204865734,5.293942604491963,-8.477461824978537,HOLD,0,5681070.522692148,0.0,5681070.522692148,0,468.10705226921476,2199.6457535765603
2008-02-14,817.967041015625,-5.462166460667618,3.1427207914600466,-8.604887252127664,HOLD,0,5681070.522692148,0.0,5681070.522692148,0,468.10705226921476,2200.891866582382
2008-02-15,809.7918090820312,-7.837339735162459,0.9467086861355455,-8.784048421298005,HOLD,0,5681070.522692148,0.0,5681070.522692148,0,468.10705226921476,2177.8954330829656
2008-02-18,833.4718017578125,-7.719913799617075,-0.7866158110149786,-6.933297988602096,HOLD,0,5681070.522692148,0.0,5681070.522692148,0,468.10705226921476,2244.505821786139
2008-02-19,833.5925903320312,-7.530301641350434,-2.1353529770820696,-5.394948664268364,HOLD,0,5681070.522692148,0.0,5681070.522692148,0,468.10705226921476,2244.845592747633
2008-02-20,830.0084228515625,-7.581846197944287,-3.2246516212545133,-4.357194576689774,HOLD,0,5681070.522692148,0.0,5681070.522692148,0,468.10705226921476,2234.7635461727
2008-02-21,827.3504028320312,-7.747863089164753,-4.129293914836562,-3.618569174328191,HOLD,0,5681070.522692148,0.0,5681070.522692148,0,468.10705226921476,2227.286696449563
2008-02-22,807.8587036132812,-9.3445319519966,-5.17234152226857,-4.172190429728031,HOLD,0,5681070.522692148,0.0,5681070.522692148,0,468.10705226921476,2172.457724193411
2008-02-25,792.7969360351562,-11.690501472390565,-6.47597351229297,-5.214527960097596,HOLD,0,5681070.522692148,0.0,5681070.522692148,0,468.10705226921476,2130.0898819954764
2008-02-26,756.3104248046875,-16.30589157686893,-8.441957125208162,-7.863934451660768,HOLD,0,5681070.522692148,0.0,5681070.522692148,0,468.10705226921476,2027.4555303400425
2008-02-27,773.9495849609375,-18.32900333769237,-10.419366367705004,-7.909636969987366,HOLD,0,5681070.522692148,0.0,5681070.522692148,0,468.10705226921476,2077.073422139774
2008-02-28,765.1702880859375,-20.405527649304076,-12.41659862402482,-7.988929025279257,HOLD,0,5681070.522692148,0.0,5681070.522692148,0,468.10705226921476,2052.377790456475
2008-02-29,785.3063354492188,-20.193598159059434,-13.971998531031744,-6.22159962802769,HOLD,0,5681070.522692148,0.0,5681070.522692148,0,468.10705226921476,2109.0192751130753
2008-03-03,863.8369750976562,-13.532877610313676,-13.88417434688813,0.35129673657445437,BUY,6500,62761.22035450116,5614940.338134766,5677701.558489267,6500,467.7701558489267,2329.921219793204
2008-03-04,889.73193359375,-6.09444883755873,-12.326229245022251,6.231780407463521,HOLD,6500,62761.22035450116,5783257.568359375,5846018.788713876,0,484.6018788713876,2402.762173525485
2008-03-05,888.6848754882812,-0.28069362130599984,-9.917122120279002,9.636428498973002,HOLD,6500,62761.22035450116,5776451.690673828,5839212.911028329,0,483.9212911028329,2399.8168623357815
2008-03-06,873.9855346679688,3.1048446008762767,-7.312728776047947,10.417573376924224,HOLD,6500,62761.22035450116,5680905.975341797,5743667.195696298,0,474.36671956962977,2358.468504710534
2008-03-07,858.4807739257812,4.485101956760445,-4.953162629486268,9.438264586246714,HOLD,6500,62761.22035450116,5580125.030517578,5642886.250872079,0,464.28862508720795,2314.8545495067774
2008-03-10,844.0633544921875,4.365280363884381,-3.0894740308121387,7.454754394696519,HOLD,6500,62761.22035450116,5486411.804199219,5549173.02455372,0,454.91730245537195,2274.299219709291
2008-03-11,864.964599609375,5.888992055579024,-1.2937808135339062,7.18277286911293,HOLD,6500,62761.22035450116,5622269.8974609375,5685031.117815439,0,468.50311178154385,2333.093159416041
2008-03-12,854.7757568359375,6.2028870679364445,0.2055527627601639,5.99733430517628,HOLD,6500,62761.22035450116,5556042.419433594,5618803.639788095,0,461.8803639788095,2304.4325602821436
2008-03-13,856.5880126953125,6.522695455939356,1.4689813013960025,5.0537141545433535,HOLD,6500,62761.22035450116,5567822.082519531,5630583.302874032,0,463.05833028740324,2309.5303265219973
2008-03-14,825.7395629882812,4.238079880669261,2.022801017250654,2.215278863418607,HOLD,6500,62761.22035450116,5367307.159423828,5430068.379778329,0,443.0068379778329,2222.755501292544
2008-03-17,808.3016967773438,1.0087868418423795,1.8199981821689992,-0.8112113403266197,SELL,0,5313569.872789804,0.0,5313569.872789804,6500,431.3569872789804,2173.703837199233
2008-03-18,763.3177490234375,-5.121245266858864,0.4317494923634267,-5.55299475922229,HOLD,0,5313569.872789804,0.0,5313569.872789804,0,431.3569872789804,2047.1667100000548
2008-03-19,769.5196533203125,-9.370876402223189,-1.5287756865538966,-7.842100715669292,HOLD,0,5313569.872789804,0.0,5313569.872789804,0,431.3569872789804,2064.6122920815574
2008-03-20,777.01025390625,-11.99602808373345,-3.622226165989807,-8.373801917743641,HOLD,0,5313569.872789804,0.0,5313569.872789804,0,431.3569872789804,2085.682898963958
2008-03-21,779.9904174804688,-13.678330135021838,-5.633446959796213,-8.044883175225625,HOLD,0,5313569.872789804,0.0,5313569.872789804,0,431.3569872789804,2094.065919043216
2008-03-24,774.47314453125,-15.280618984430248,-7.562881364723021,-7.717737619707227,HOLD,0,5313569.872789804,0.0,5313569.872789804,0,431.3569872789804,2078.5461635787287
2008-03-25,752.9275512695312,-18.080572172400935,-9.666419526258604,-8.41415264614233,HOLD,0,5313569.872789804,0.0,5313569.872789804,0,431.3569872789804,2017.93971147153
2008-03-26,747.007568359375,-20.54047063247708,-11.8412297475023,-8.699240884974781,HOLD,0,5313569.872789804,0.0,5313569.872789804,0,431.3569872789804,2001.2871572177883
2008-03-27,729.1669921875,-23.65684193391155,-14.20435218478415,-9.4524897491274,HOLD,0,5313569.872789804,0.0,5313569.872789804,0,431.3569872789804,1951.1026943352228
2008-03-28,751.397216796875,-24.05549848974158,-16.174581445775637,-7.880917043965944,HOLD,0,5313569.872789804,0.0,5313569.872789804,0,431.3569872789804,2013.634973059438
2008-03-31,755.9479370117188,-23.73067909623353,-17.685800975867217,-6.044878120366313,HOLD,0,5313569.872789804,0.0,5313569.872789804,0,431.3569872789804,2026.4358740791477
2008-04-01,743.6246948242188,-24.18880653683277,-18.98640208806033,-5.202404448772441,HOLD,0,5313569.872789804,0.0,5313569.872789804,0,431.3569872789804,1991.7713383492758
2008-04-02,735.2883911132812,-24.937086661971648,-20.176539002842595,-4.7605476591290525,HOLD,0,5313569.872789804,0.0,5313569.872789804,0,431.3569872789804,1968.3218196717987
2008-04-03,716.884033203125,-26.707316602853894,-21.482694522844856,-5.224622080009038,HOLD,0,5313569.872789804,0.0,5313569.872789804,0,431.3569872789804,1916.551472821918
2008-04-07,744.1482543945312,-25.61496838055143,-22.309149294386174,-3.3058190861652577,HOLD,0,5313569.872789804,0.0,5313569.872789804,0,431.3569872789804,1993.2440797882311
2008-04-08,771.3319091796875,-22.2987348516632,-22.30706640584158,0.008331554178383271,BUY,6800,65365.856178476475,5245056.982421875,5310422.8386003515,6800,431.0422838600352,2069.710058321411
2008-04-09,738.7920532226562,-22.04220153811889,-22.254093432297044,0.21189189417815513,HOLD,6800,65365.856178476475,5023785.9619140625,5089151.818092539,0,408.9151818092539,1978.1774095018047
2008-04-10,718.4143676757812,-23.21559107639621,-22.446392961116878,-0.7691981152793304,SELL,0,4947652.425753672,0.0,4947652.425753672,6800,394.7652425753672,1920.85621123401
2008-04-11,707.3797607421875,-24.750601768308798,-22.907234722555263,-1.843367045753535,HOLD,0,4947652.425753672,0.0,4947652.425753672,0,394.7652425753672,1889.8165286168294
2008-04-14,676.93408203125,-28.09990244383289,-23.945768266810788,-4.154134177022101,HOLD,0,4947652.425753672,0.0,4947652.425753672,0,394.7652425753672,1804.1746738648378
2008-04-15,678.1019287109375,-30.310610047714817,-25.218736622991596,-5.091873424723222,HOLD,0,4947652.425753672,0.0,4947652.425753672,0,394.7652425753672,1807.4597560160353
2008-04-16,681.0820922851562,-31.459492015801857,-26.46688770155365,-4.992604314248208,HOLD,0,4947652.425753672,0.0,4947652.425753672,0,394.7652425753672,1815.842776095293
2008-04-17,681.0820922851562,-32.00110048634531,-27.573730258511983,-4.427370227833325,HOLD,0,4947652.425753672,0.0,4947652.425753672,0,394.7652425753672,1815.842776095293
2008-04-18,684.86767578125,-31.758768832679834,-28.410737973345555,-3.34803085933428,HOLD,0,4947652.425753672,0.0,4947652.425753672,0,394.7652425753672,1826.49139375306
2008-04-21,690.8279418945312,-30.731521735071283,-28.8748947256907,-1.8566270093805812,HOLD,0,4947652.425753672,0.0,4947652.425753672,0,394.7652425753672,1843.2572622233686
2008-04-22,665.29541015625,-31.61326489714895,-29.422568759982354,-2.190696137166597,HOLD,0,4947652.425753672,0.0,4947652.425753672,0,394.7652425753672,1771.435793063775
2008-04-23,688.7338256835938,-30.074093031670714,-29.552873614320028,-0.5212194173506859,HOLD,0,4947652.425753672,0.0,4947652.425753672,0,394.7652425753672,1837.366639843961
2008-04-24,748.9406127929688,-23.72264381743787,-28.3868276549436,4.664183837505728,BUY,6500,76617.57420948241,4868113.983154297,4944731.557363779,6500,394.4731557363779,2006.7246944191354
2008-04-25,716.1188354492188,-21.094355089350188,-26.92833314182492,5.8339780524747304,HOLD,6500,76617.57420948241,4654772.430419922,4731390.004629404,0,373.1390004629405,1914.3990177717683
2008-04-28,711.2056274414062,-19.186699829057375,-25.38000647927141,6.193306650214037,HOLD,6500,76617.57420948241,4622836.578369141,4699454.152578623,0,369.9454152578623,1900.5784604911635
2008-04-29,711.0848388671875,-17.48308183527206,-23.800621550471543,6.317539715199484,HOLD,6500,76617.57420948241,4622051.452636719,4698669.026846201,0,369.86690268462013,1900.23868952967
2008-04-30,737.5033569335938,-13.84164086236217,-21.80882541284967,7.967184550487502,HOLD,6500,76617.57420948241,4793771.820068359,4870389.394277842,0,387.03893942778416,1974.5523847009067
2008-05-05,739.6377563476562,-10.660655065799688,-19.579191343439675,8.918536277639987,HOLD,6500,76617.57420948241,4807645.416259766,4884262.990469248,0,388.4262990469248,1980.5563212968814
2008-05-06,724.0121459960938,-9.293428215446056,-17.522038717840953,8.228610502394897,HOLD,6500,76617.57420948241,4706078.948974609,4782696.523184092,0,378.2696523184092,1936.602423443424
2008-05-07,706.936767578125,-9.478469523121476,-15.913324878897058,6.434855355775582,HOLD,6500,76617.57420948241,4595088.9892578125,4671706.563467295,0,367.17065634672946,1888.5704156110075
2008-05-08,720.9917602539062,-8.394232162997241,-14.409506335717095,6.015274172719854,HOLD,6500,76617.57420948241,4686446.441650391,4763064.015859873,0,376.3064015859873,1928.1062608358059
2008-05-09,715.796630859375,-7.863523958896735,-13.100309860353024,5.2367859014562885,HOLD,6500,76617.57420948241,4652678.1005859375,4729295.67479542,0,372.929567479542,1913.4926757274404
2008-05-12,728.9253540039062,-6.310808574252519,-11.742409603132923,5.431601028880404,HOLD,6500,76617.57420948241,4738014.801025391,4814632.375234873,0,381.4632375234873,1950.4229807240285
2008-05-13,720.7098388671875,-5.677744354178344,-10.529476553342008,4.8517321991636635,HOLD,6500,76617.57420948241,4684613.952636719,4761231.526846201,0,376.1231526846201,1927.313233008045
2008-05-14,727.9588623046875,-4.538780553075526,-9.331337353288712,4.792556800213186,HOLD,6500,76617.57420948241,4731732.604980469,4808350.179189951,0,380.83501791899505,1947.7042979674586
2008-05-15,739.3155517578125,-2.6887592647476595,-8.002821735580502,5.314062470832843,HOLD,6500,76617.57420948241,4805551.086425781,4882168.660635264,0,388.21686606352637,1979.6499792525533
2008-05-16,736.7381591796875,-1.414275221551975,-6.6851124327747975,5.270837211222823,HOLD,6500,76617.57420948241,4788798.034667969,4865415.608877451,0,386.5415608877451,1972.3999296507573
2008-05-19,724.9384155273438,-1.3409208326647786,-5.616274112752794,4.275353280088016,HOLD,6500,76617.57420948241,4712099.700927734,4788717.275137217,0,378.87172751372174,1939.207963671634
2008-05-20,697.0701293945312,-3.4912794407676984,-5.191275178355776,1.6999957375880772,HOLD,6500,76617.57420948241,4530955.841064453,4607573.4152739355,0,360.7573415273936,1860.8161585214382
2008-05-21,699.2850952148438,-4.959554245600998,-5.14493099180482,0.18537674620382205,HOLD,6500,76617.57420948241,4545353.118896484,4621970.693105967,0,362.19706931059665,1867.0467235505466
2008-05-22,696.0632934570312,-6.310402688807471,-5.37802533120535,-0.932377357602121,SELL,0,4598314.334835703,0.0,4598314.334835703,6500,359.83143348357027,1857.9839898600944
2008-05-23,692.6804809570312,-7.566700298854698,-5.81576032473522,-1.7509399741194782,HOLD,0,4598314.334835703,0.0,4598314.334835703,0,359.83143348357027,1848.468342679789
2008-05-26,696.0632934570312,-8.194894861725288,-6.291587232133234,-1.903307629592054,HOLD,0,4598314.334835703,0.0,4598314.334835703,0,359.83143348357027,1857.9839898600944
2008-05-27,683.86083984375,-9.567096076865937,-6.9466890010797755,-2.6204070757861615,HOLD,0,4598314.334835703,0.0,4598314.334835703,0,359.83143348357027,1823.6592250917163
2008-05-28,683.86083984375,-10.53315576306602,-7.663982353477024,-2.8691734095889956,HOLD,0,4598314.334835703,0.0,4598314.334835703,0,359.83143348357027,1823.6592250917163
2008-05-29,683.981689453125,-11.160363744804727,-8.363258631742566,-2.7971051130621607,HOLD,0,4598314.334835703,0.0,4598314.334835703,0,359.83143348357027,1823.999167741417
2008-05-30,677.1354370117188,-12.070722173175795,-9.104751340029212,-2.9659708331465833,HOLD,0,4598314.334835703,0.0,4598314.334835703,0,359.83143348357027,1804.7410732594653
2008-06-02,689.378173828125,-11.669779290697193,-9.617756930162809,-2.0520223605343837,HOLD,0,4598314.334835703,0.0,4598314.334835703,0,359.83143348357027,1839.1791522444103
2008-06-03,687.8075561523438,-11.347952752456308,-9.96379609462151,-1.384156657834799,HOLD,0,4598314.334835703,0.0,4598314.334835703,0,359.83143348357027,1834.761099615751
2008-06-04,677.2965087890625,-11.804976163128117,-10.332032108322831,-1.4729440548052857,HOLD,0,4598314.334835703,0.0,4598314.334835703,0,359.83143348357027,1805.1941584375256
2008-06-05,664.44970703125,-13.053329389626697,-10.876291564583605,-2.177037825043092,HOLD,0,4598314.334835703,0.0,4598314.334835703,0,359.83143348357027,1769.0568812686986
2008-06-06,659.7378540039062,-14.258502336903575,-11.5527337190476,-2.7057686178559752,HOLD,0,4598314.334835703,0.0,4598314.334835703,0,359.83143348357027,1755.802723382721
2008-06-10,635.6148681640625,-16.964576851630568,-12.635102345564194,-4.329474506066374,HOLD,0,4598314.334835703,0.0,4598314.334835703,0,359.83143348357027,1687.9462216737259
2008-06-11,634.24560546875,-19.000621124029863,-13.908206101257328,-5.092415022772535,HOLD,0,4598314.334835703,0.0,4598314.334835703,0,359.83143348357027,1684.0945684396943
2008-06-12,608.9547119140625,-22.39678838883026,-15.605922558771915,-6.790865830058344,HOLD,0,4598314.334835703,0.0,4598314.334835703,0,359.83143348357027,1612.9528128912948
2008-06-13,602.0278930664062,-25.35493588740337,-17.555725224498207,-7.799210662905164,HOLD,0,4598314.334835703,0.0,4598314.334835703,0,359.83143348357027,1593.4680899762093
2008-06-16,585.2205200195312,-28.72438678162132,-19.789457535922832,-8.934929245698488,HOLD,0,4598314.334835703,0.0,4598314.334835703,0,359.83143348357027,1546.1899650603768
2008-06-17,574.97412109375,-31.85430307422905,-22.202426643584076,-9.651876430644975,HOLD,0,4598314.334835703,0.0,4598314.334835703,0,359.83143348357027,1517.3674639473543
2008-06-18,584.3700561523438,-33.19397141192019,-24.4007355972513,-8.79323581466889,HOLD,0,4598314.334835703,0.0,4598314.334835703,0,359.83143348357027,1543.7976615851608
2008-06-19,568.899169921875,-35.09943500642305,-26.54047547908565,-8.5589595273374,HOLD,0,4598314.334835703,0.0,4598314.334835703,0,359.83143348357027,1500.2789933362444
2008-06-20,582.8310546875,-35.08095060478513,-28.248570504225547,-6.832380100559583,HOLD,0,4598314.334835703,0.0,4598314.334835703,0,359.83143348357027,1539.468543447686
2008-06-23,546.3408203125,-37.577587498319076,-30.114373903044253,-7.463213595274823,HOLD,0,4598314.334835703,0.0,4598314.334835703,0,359.83143348357027,1436.82371881163
2008-06-24,553.3472900390625,-38.54648676722161,-31.800796475879725,-6.745690291341884,HOLD,0,4598314.334835703,0.0,4598314.334835703,0,359.83143348357027,1456.5324948367454
2008-06-25,585.2610473632812,-36.32049288346434,-32.70473575739665,-3.6157571260676917,HOLD,0,4598314.334835703,0.0,4598314.334835703,0,359.83143348357027,1546.3039660297713
2008-06-26,589.4729614257812,-33.82657868597971,-32.92910434311326,-0.8974743428664524,HOLD,0,4598314.334835703,0.0,4598314.334835703,0,359.83143348357027,1558.1518258128715
2008-06-27,568.0486450195312,-33.19623150741222,-32.982529775973056,-0.2137017314391656,HOLD,0,4598314.334835703,0.0,4598314.334835703,0,359.83143348357027,1497.8865181728213
2008-06-30,561.2446899414062,-32.86683077251712,-32.95938997528187,0.09255920276475393,BUY,8100,49504.69711719733,4546081.988525391,4595586.685642588,8100,359.5586685642588,1478.7474036182646
2008-07-01,553.6307373046875,-32.841583332750474,-32.9358286467756,0.09424531402512315,HOLD,8100,49504.69711719733,4484408.972167969,4533913.669285166,0,353.3913669285166,1457.3298148696795
2008-07-02,551.2412719726562,-32.6381521362548,-32.87629334467144,0.23814120841663566,HOLD,8100,49504.69711719733,4465054.302978516,4514559.000095713,0,351.4559000095713,1450.6083932569886
2008-07-03,571.1671142578125,-30.517298086210076,-32.404494292979166,1.8871962067690902,HOLD,8100,49504.69711719733,4626453.625488281,4675958.322605479,0,367.59583226054787,1506.6585837289583
2008-07-04,572.1796264648438,-28.427114616398057,-31.609018357662947,3.1819037412648896,HOLD,8100,49504.69711719733,4634654.974365234,4684159.671482432,0,368.41596714824317,1509.5067193935456
2008-07-07,591.3359985351562,-24.937407121718252,-30.27469611047401,5.337288988755759,HOLD,8100,49504.69711719733,4789821.588134766,4839326.285251963,0,383.9326285251963,1563.3924366408817
2008-07-08,582.3450317382812,-22.63634695302494,-28.747026278984197,6.110679325959257,HOLD,8100,49504.69711719733,4716994.757080078,4766499.454197275,0,376.6499454197276,1538.1013902559862
2008-07-09,590.4854736328125,-19.926177986501784,-26.982856620487716,7.056678633985932,HOLD,8100,49504.69711719733,4782932.336425781,4832437.033542979,0,383.24370335429785,1560.9999614774588
2008-07-10,591.4979858398438,-17.494977076140685,-25.08528071161831,7.590303635477625,HOLD,8100,49504.69711719733,4791133.685302734,4840638.382419932,0,384.06383824199315,1563.848097142046
2008-07-11,585.2610473632812,-15.88835063366173,-23.245894696026994,7.357544062365264,HOLD,8100,49504.69711719733,4740614.483642578,4790119.180759775,0,379.0119180759776,1546.3039660297713
2008-07-14,595.7504272460938,-13.611774249231189,-21.319070606667836,7.707296357436647,HOLD,8100,49504.69711719733,4825578.460693359,4875083.157810557,0,387.50831578105567,1575.80995789454
2008-07-15,588.5819702148438,-12.24485457447247,-19.504227400228764,7.259372825756294,HOLD,8100,49504.69711719733,4767513.958740234,4817018.655857432,0,381.7018655857431,1555.6455213682607
2008-07-16,597.9374389648438,-10.288058409639007,-17.660993602110814,7.372935192471807,HOLD,8100,49504.69711719733,4843293.255615234,4892797.952732432,0,389.27979527324317,1581.9618897248795
2008-07-17,628.5147094726562,-6.198500708252936,-15.36849502333924,9.169994315086303,HOLD,8100,49504.69711719733,5090969.146728516,5140473.843845713,0,414.04738438457133,1667.9739042509893
2008-07-18,639.7330932617188,-2.0288792928457724,-12.700571877240547,10.671692584394775,HOLD,8100,49504.69711719733,5181838.055419922,5231342.752537119,0,423.13427525371196,1699.5305400592044
2008-07-21,654.1104736328125,2.407952777806713,-9.678866946231095,12.086819724037808,HOLD,8100,49504.69711719733,5298294.836425781,5347799.533542979,0,434.7799533542979,1739.9732423929518
2008-07-22,643.8235473632812,5.036052700232062,-6.735883016938463,11.771935717170525,HOLD,8100,49504.69711719733,5214970.733642578,5264475.430759775,0,426.44754307597753,1711.0367403105347
2008-07-23,634.7111206054688,6.310797197802685,-4.126546973990234,10.437344171792919,HOLD,8100,49504.69711719733,5141160.076904297,5190664.774021494,0,419.0664774021494,1685.404034393869
2008-07-24,653.4219970703125,8.73021625494323,-1.555194328203541,10.28541058314677,HOLD,8100,49504.69711719733,5292718.176269531,5342222.873386729,0,434.22228733867286,1738.0365994188999
2008-07-25,654.0700073242188,10.577975978029372,0.8714397330430417,9.70653624498633,HOLD,8100,49504.69711719733,5297967.059326172,5347471.756443369,0,434.7471756443369,1739.859413111764
2008-07-28,656.094970703125,12.066639780154674,3.1104797424653685,8.956160037689305,HOLD,8100,49504.69711719733,5314369.2626953125,5363873.95981251,0,436.387395981251,1745.5555127527318
2008-07-29,655.2039794921875,13.024384032455487,5.093260600463393,7.931123431992094,HOLD,8100,49504.69711719733,5307152.233886719,5356656.931003916,0,435.6656931003916,1743.0492083081213
2008-07-30,651.8829956054688,13.361405640503222,6.746889608471359,6.614516032031863,HOLD,8100,49504.69711719733,5280252.264404297,5329756.961521494,0,432.9756961521494,1733.707481281425
2008-07-31,647.549560546875,13.127500050789536,8.023011696934995,5.10448835385454,HOLD,8100,49504.69711719733,5245151.4404296875,5294656.137546885,0,429.4656137546885,1721.5177902783485
2008-08-01,644.1070556640625,12.520023771321803,8.922414111812358,3.5976096595094447,HOLD,8100,49504.69711719733,5217267.150878906,5266771.847996104,0,426.67718479961036,1711.8342320316756
2008-08-04,636.45263671875,11.290793565032118,9.39609000245631,1.894703562575808,HOLD,8100,49504.69711719733,5155266.357421875,5204771.054539072,0,420.4771054539072,1690.3028140019028
2008-08-05,633.3746337890625,9.953512758704392,9.507574553705927,0.44593820499846437,HOLD,8100,49504.69711719733,5130334.533691406,5179839.230808604,0,417.98392308086034,1681.6445777269532
2008-08-06,637.7081298828125,9.138047282493744,9.433669099463492,-0.29562181696974754,SELL,0,5211841.287656748,0.0,5211841.287656748,8100,421.1841287656748,1693.8344404182367
2008-08-07,621.791748046875,7.125329657154225,8.97200121100164,-1.8466715538474148,HOLD,0,5211841.287656748,0.0,5211841.287656748,0,421.1841287656748,1649.062619947015
2008-08-08,617.7012939453125,5.140909769858695,8.205782922773052,-3.064873152914357,HOLD,0,5211841.287656748,0.0,5211841.287656748,0,421.1841287656748,1637.5564196956848
2008-08-11,591.5789794921875,1.443747625205674,6.8533758632595765,-5.4096282380539025,HOLD,0,5211841.287656748,0.0,5211841.287656748,0,421.1841287656748,1564.0759273926283
2008-08-12,597.9374389648438,-0.9621148108227544,5.290277728443111,-6.252392539265865,HOLD,0,5211841.287656748,0.0,5211841.287656748,0,421.1841287656748,1581.9618897248795
2008-08-13,599.2333984375,-2.73270411404269,3.685681359945951,-6.418385473988641,HOLD,0,5211841.287656748,0.0,5211841.287656748,0,421.1841287656748,1585.6073454224006
2008-08-14,603.4859008789062,-3.7495450643842787,2.1986360750799054,-5.948181139464184,HOLD,0,5211841.287656748,0.0,5211841.287656748,0,421.1841287656748,1597.5693778631019
2008-08-15,614.7042846679688,-3.6085716598049657,1.0371945281029313,-4.645766187907897,HOLD,0,5211841.287656748,0.0,5211841.287656748,0,421.1841287656748,1629.1260136713174
2008-08-18,593.0369873046875,-5.1854444611535655,-0.207333269748368,-4.978111191405198,HOLD,0,5211841.287656748,0.0,5211841.287656748,0,421.1841287656748,1568.1772152795209
2008-08-19,583.2765502929688,-7.140403090368295,-1.5939472338723535,-5.546455856495942,HOLD,0,5211841.287656748,0.0,5211841.287656748,0,421.1841287656748,1540.7216956699913
2008-08-20,612.5983276367188,-6.251634557740317,-2.5254846986459465,-3.7261498590943707,HOLD,0,5211841.287656748,0.0,5211841.287656748,0,421.1841287656748,1623.2020837797672
2008-08-21,598.868896484375,-6.579287513757322,-3.3362452616682217,-3.2430422520891002,HOLD,0,5211841.287656748,0.0,5211841.287656748,0,421.1841287656748,1584.5820234506775
2008-08-22,588.3389892578125,-7.601010633966439,-4.189198336127865,-3.4118122978385736,HOLD,0,5211841.287656748,0.0,5211841.287656748,0,421.1841287656748,1554.9620306165143
2008-08-25,584.0460205078125,-8.657343797845783,-5.082827428471449,-3.574516369374334,HOLD,0,5211841.287656748,0.0,5211841.287656748,0,421.1841287656748,1542.8861688946251
2008-08-26,567.0361328125,-10.743210180592769,-6.214903978895713,-4.528306201697055,HOLD,0,5211841.287656748,0.0,5211841.287656748,0,421.1841287656748,1495.0383825082338
2008-08-27,547.3533325195312,-13.825144148501977,-7.736952012816967,-6.08819213568501,HOLD,0,5211841.287656748,0.0,5211841.287656748,0,421.1841287656748,1439.6718544762173
2008-08-28,552.8207397460938,-15.646066832938686,-9.318774976841311,-6.327291856097375,HOLD,0,5211841.287656748,0.0,5211841.287656748,0,421.1841287656748,1455.051340675651
2008-08-29,566.9551391601562,-15.766882466256561,-10.608396474724362,-5.158485991532199,HOLD,0,5211841.287656748,0.0,5211841.287656748,0,421.1841287656748,1494.8105522576518
2008-09-01,549.3782958984375,-17.08400035977661,-11.903517251734812,-5.180483108041798,HOLD,0,5211841.287656748,0.0,5211841.287656748,0,421.1841287656748,1445.367954117185
2008-09-02,526.4554443359375,-19.74984441398999,-13.472782684185848,-6.277061729804142,HOLD,0,5211841.287656748,0.0,5211841.287656748,0,421.1841287656748,1380.8873576208478
2008-09-03,514.9535522460938,-22.530929074298683,-15.284411962208415,-7.2465171120902685,HOLD,0,5211841.287656748,0.0,5211841.287656748,0,421.1841287656748,1348.5332300914915
2008-09-04,524.2279663085938,-23.713239534520085,-16.97017747667075,-6.743062057849336,HOLD,0,5211841.287656748,0.0,5211841.287656748,0,421.1841287656748,1374.621596509321
2008-09-05,531.5584106445312,-23.7845500103507,-18.33305198340674,-5.451498026943959,HOLD,0,5211841.287656748,0.0,5211841.287656748,0,421.1841287656748,1395.2416935367653
2008-09-08,528.7639770507812,-23.79228881786355,-19.4248993502981,-4.367389467565449,HOLD,0,5211841.287656748,0.0,5211841.287656748,0,421.1841287656748,1387.3811206711637
2008-09-09,537.8358764648438,-22.80353050789438,-20.100625581817358,-2.7029049260770215,HOLD,0,5211841.287656748,0.0,5211841.287656748,0,421.1841287656748,1412.8998256184343
2008-09-10,537.71435546875,-21.77868700538022,-20.436237866529932,-1.342449138850288,HOLD,0,5211841.287656748,0.0,5211841.287656748,0,421.1841287656748,1412.5579943984576
2008-09-11,536.0944213867188,-20.856782284821747,-20.520346750188295,-0.336435534633452,HOLD,0,5211841.287656748,0.0,5211841.287656748,0,421.1841287656748,1408.0012176986077
2008-09-12,538.6458740234375,-19.693273449719186,-20.354932090094476,0.6616586403752898,BUY,9500,91635.20295215864,5117135.803222656,5208771.006174815,9500,420.8771006174815,1415.178299812463
2008-09-16,531.4774169921875,-19.129110411038027,-20.109767754283187,0.9806573432451593,HOLD,9500,91635.20295215864,5049035.461425781,5140670.66437794,0,414.06706643779404,1395.013863286183
2008-09-17,519.125,-19.454484765738357,-19.97871115657422,0.5242263908358638,HOLD,9500,91635.20295215864,4931687.5,5023322.702952159,0,402.3322702952159,1360.2672605934038
2008-09-18,489.3172607421875,-21.86552951701583,-20.356074828662543,-1.509454688353287,SELL,0,4737360.071616709,0.0,4737360.071616709,9500,373.7360071616709,1276.4198909801348
2008-09-19,538.2409057617188,-19.60260395572334,-20.205380654074702,0.6027766983513629,BUY,8700,51854.573961679824,4682695.880126953,4734550.454088633,8700,373.45504540886327,1414.0391485595521
2008-09-22,537.9978637695312,-17.625653045760146,-19.68943513241179,2.0637820866516456,HOLD,8700,51854.573961679824,4680581.414794922,4732435.988756602,0,373.24359887566015,1413.3554861195985
2008-09-23,487.25177001953125,-19.92401917845848,-19.73635194162113,-0.1876672368373491,SELL,0,4288401.518892099,0.0,4288401.518892099,8700,328.84015188920995,1270.6097903697723
2008-09-24,512.2400512695312,-19.504311870134188,-19.689943927323743,0.18563205718955444,BUY,8200,85512.87742969673,4200368.420410156,4285881.297839853,8200,328.5881297839853,1340.900315788265
2008-09-25,523.2155151367188,-18.07767441842202,-19.3674900255434,1.2898156071213798,HOLD,8200,85512.87742969673,4290367.224121094,4375880.1015507905,0,337.588010155079,1371.7736325329408
2008-09-26,534.150390625,-15.881627379771203,-18.67031749638896,2.788690116617758,HOLD,8200,85512.87742969673,4380033.203125,4465546.080554697,0,346.5546080554697,1402.532776620015
2008-10-06,515.0750732421875,-15.501768238946966,-18.036607644900563,2.5348394059535977,HOLD,8200,85512.87742969673,4223615.6005859375,4309128.478015634,0,330.91284780156343,1348.8750613114682
2008-10-07,502.3986511230469,-16.03872402998263,-17.637030921916978,1.598306891934346,HOLD,8200,85512.87742969673,4119668.9392089844,4205181.816638681,0,320.51818166386806,1313.2170517722568
2008-10-08,487.2112731933594,-17.488167130968804,-17.607258163727344,0.11909103275853994,HOLD,8200,85512.87742969673,3995132.440185547,4080645.3176152436,0,308.0645317615244,1270.4958752444813
2008-10-09,476.0738525390625,-19.312930557087327,-17.94839264239934,-1.3645379146879861,SELL,0,3986976.184895517,0.0,3986976.184895517,8200,298.6976184895517,1239.1669838427447
2008-10-10,451.1665344238281,-22.50940670290163,-18.860595454499798,-3.648811248401831,HOLD,0,3986976.184895517,0.0,3986976.184895517,0,298.6976184895517,1169.1042028307309
2008-10-13,451.4500427246094,-24.734634853515388,-20.035403334302917,-4.699231519212471,HOLD,0,3986976.184895517,0.0,3986976.184895517,0,298.6976184895517,1169.9016945518717
2008-10-14,431.7266845703125,-27.76954434162093,-21.58223153576652,-6.187312805854408,HOLD,0,3986976.184895517,0.0,3986976.184895517,0,298.6976184895517,1114.4210797063574
2008-10-15,422.0877685546875,-30.599776764128194,-23.385740581438856,-7.2140361826893376,HOLD,0,3986976.184895517,0.0,3986976.184895517,0,298.6976184895517,1087.3073913168046
2008-10-16,407.34588623046875,-33.64447053680942,-25.43748657251297,-8.206983964296452,HOLD,0,3986976.184895517,0.0,3986976.184895517,0,298.6976184895517,1045.8393670113344
2008-10-17,396.45147705078125,-36.515571284306134,-27.653103514871603,-8.86246776943453,HOLD,0,3986976.184895517,0.0,3986976.184895517,0,298.6976184895517,1015.1940522054477
2008-10-20,391.79400634765625,-38.72041344986701,-29.866565501870685,-8.853847947996325,HOLD,0,3986976.184895517,0.0,3986976.184895517,0,298.6976184895517,1002.0928685118356
2008-10-21,383.2485656738281,-40.68828319515745,-32.03090904052804,-8.657374154629416,HOLD,0,3986976.184895517,0.0,3986976.184895517,0,298.6976184895517,978.0550601933488
2008-10-22,390.33599853515625,-41.20099808705794,-33.86492684983402,-7.336071237223919,HOLD,0,3986976.184895517,0.0,3986976.184895517,0,298.6976184895517,997.991580624943
2008-10-23,401.513916015625,-40.24148502002453,-35.140238483872125,-5.101246536152402,HOLD,0,3986976.184895517,0.0,3986976.184895517,0,298.6976184895517,1029.4343871519707
2008-10-24,398.03094482421875,-39.30898120191938,-35.97398702748158,-3.334994174437803,HOLD,0,3986976.184895517,0.0,3986976.184895517,0,298.6976184895517,1019.6369996241101
2008-10-27,369.5596618652344,-40.40163490011014,-36.85951660200729,-3.5421182981028494,HOLD,0,3986976.184895517,0.0,3986976.184895517,0,298.6976184895517,939.5490008336535
2008-10-28,381.8310852050781,-39.81836815904575,-37.45128691341498,-2.3670812456307644,HOLD,0,3986976.184895517,0.0,3986976.184895517,0,298.6976184895517,974.0677732758506
2008-10-29,385.4760437011719,-38.616856294887555,-37.6844007897095,-0.932455505178055,HOLD,0,3986976.184895517,0.0,3986976.184895517,0,298.6976184895517,984.3208213048754
2008-10-30,385.9620361328125,-37.1966540843207,-37.58685144863174,0.39019736431104235,BUY,10200,47801.32867969666,3936812.7685546875,3984614.097234384,10200,298.4614097234384,985.6878886524719
2008-10-31,373.4071350097656,-36.661597124782645,-37.40180058386193,0.7402034590792823,HOLD,10200,47801.32867969666,3808752.7770996094,3856554.105779306,0,285.65541057793064,950.3717103332372
2008-11-03,371.3821716308594,-35.986132515772056,-37.11866697024396,1.1325344544719016,HOLD,10200,47801.32867969666,3788098.1506347656,3835899.4793144623,0,283.5899479314462,944.6756106922694
2008-11-04,363.7682189941406,-35.65420481288635,-36.825774538772436,1.171569725886087,HOLD,10200,47801.32867969666,3710435.8337402344,3758237.162419931,0,275.8237162419931,923.2580219436843
2008-11-05,380.7375793457031,-33.63415060380129,-36.18744975177821,2.5532991479769223,HOLD,10200,47801.32867969666,3883523.309326172,3931324.6380058685,0,293.13246380058683,970.9918073606812
2008-11-06,365.9552001953125,-32.84741301490482,-35.519442404403534,2.672029389498718,HOLD,10200,47801.32867969666,3732743.0419921875,3780544.370671884,0,278.0544370671884,929.4098679299199
2008-11-07,347.4063415527344,-33.33637470432376,-35.08282886438758,1.74645416006382,HOLD,10200,47801.32867969666,3543544.6838378906,3591346.0125175873,0,259.13460125175874,877.233049250157
2008-11-10,367.0486755371094,-31.772652807487304,-34.42079365300753,2.648140845520224,HOLD,10200,47801.32867969666,3743896.4904785156,3791697.8191582123,0,279.16978191582126,932.485748000986
2008-11-11,354.8177795410156,-31.161117066833867,-33.7688583357728,2.6077412689389305,HOLD,10200,47801.32867969666,3619141.3513183594,3666942.679998056,0,266.6942679998056,898.0809765281833
2008-11-12,356.3567810058594,-30.20411183047304,-33.05590903471285,2.8517972042398085,HOLD,10200,47801.32867969666,3634839.1662597656,3682640.4949394623,0,268.26404949394623,902.4100946656581
2008-11-13,362.99871826171875,-28.580273851882794,-32.16078199814684,3.5805081462640445,HOLD,10200,47801.32867969666,3702586.9262695312,3750388.254949228,0,275.0388254949228,921.0934628749468
2008-11-14,399.28643798828125,-24.08758812007767,-30.546143222533004,6.458555102455335,HOLD,10200,47801.32867969666,4072721.6674804688,4120522.9961601654,0,312.0522996160165,1023.1686260404439
2008-11-17,411.43634033203125,-19.32395223873374,-28.301705025773153,8.977752787039414,HOLD,10200,47801.32867969666,4196650.671386719,4244452.000066415,0,324.4452000066415,1057.3455672626644
2008-11-18,391.3080139160156,-16.977221365012724,-26.036808293621068,9.059586928608343,HOLD,10200,47801.32867969666,3991341.7419433594,4039143.070623056,0,303.9143070623056,1000.7258011642392
2008-11-19,414.83831787109375,-13.068080662803254,-23.443062767457505,10.37498210465425,HOLD,10200,47801.32867969666,4231350.842285156,4279152.170964853,0,327.91521709648526,1066.9151245399426
2008-11-20,405.5234069824219,-10.599509406746279,-20.87435209531526,10.274842688568981,HOLD,10200,47801.32867969666,4136338.751220703,4184140.0799004,0,318.4140079900399,1040.712842996822
2008-11-21,407.14337158203125,-8.415423532581826,-18.382566382768573,9.967142850186747,HOLD,10200,47801.32867969666,4152862.3901367188,4200663.718816415,0,320.0663718816416,1045.2697055407755
2008-11-24,403.8224182128906,-6.873262235745301,-16.08070555336392,9.207443317618619,HOLD,10200,47801.32867969666,4118988.6657714844,4166789.994451181,0,316.67899944511805,1035.9280643581828
2008-11-25,401.5949401855469,-5.7643789855818,-14.017440239807497,8.253061254225697,HOLD,10200,47801.32867969666,4096268.389892578,4144069.718572275,0,314.40697185722746,1029.6623032466562
2008-11-26,401.513916015625,-4.836368350312625,-12.181225861908523,7.344857511595897,HOLD,10200,47801.32867969666,4095441.943359375,4143243.2720390717,0,314.3243272039071,1029.4343871519707
2008-11-27,418.6452941894531,-2.6875735156475002,-10.282495392656319,7.594921877008819,HOLD,10200,47801.32867969666,4270182.000732422,4317983.3294121185,0,331.79833294121187,1077.6239189142352
2008-11-28,412.2868347167969,-1.4806447168978707,-8.52212525750463,7.041480540606759,HOLD,10200,47801.32867969666,4205325.714111328,4253127.042791025,0,325.3127042791025,1059.737956581984
2008-12-01,417.997314453125,-0.06263494156758043,-6.830227194317221,6.76759225274964,HOLD,10200,47801.32867969666,4263572.607421875,4311373.936101572,0,331.1373936101572,1075.8011910654745
2008-12-02,425.0037536621094,1.6079733941408563,-5.142587076625606,6.750560470766462,HOLD,10200,47801.32867969666,4335038.287353516,4382839.616033212,0,338.28396160332125,1095.5098812464864
2008-12-03,436.586669921875,3.822523405584434,-3.3495649801835983,7.172088385768032,HOLD,10200,47801.32867969666,4453184.033203125,4500985.361882822,0,350.09853618828214,1128.0919248705284
2008-12-04,457.5249938964844,7.18430184095115,-1.2427916159566486,8.427093456907798,HOLD,10200,47801.32867969666,4666754.937744141,4714556.266423837,0,371.4556266423838,1186.990165162982
2008-12-05,467.56890869140625,10.537525421064686,1.1132717914476185,9.424253629617068,HOLD,10200,47801.32867969666,4769202.868652344,4817004.19733204,0,381.70041973320406,1215.243090649549
2008-12-08,481.90582275390625,14.188294585158587,3.7282763501898124,10.460018234968775,HOLD,10200,47801.32867969666,4915439.392089844,4963240.72076954,0,396.32407207695405,1255.5719637021084
2008-12-09,469.91790771484375,15.930592934706851,6.168739667093221,9.761853267613631,HOLD,10200,47801.32867969666,4793162.658691406,4840963.987371103,0,384.09639873711023,1221.8506829810524
2008-12-10,470.60638427734375,17.169017487803558,8.36879523123529,8.800222256568269,HOLD,10200,47801.32867969666,4800185.119628906,4847986.448308603,0,384.7986448308603,1223.7873259551043
2008-12-11,477.61285400390625,18.502555477815292,10.39554728055129,8.107008197264003,HOLD,10200,47801.32867969666,4871651.110839844,4919452.43951954,0,391.94524395195407,1243.4961019802197
2008-12-12,449.54656982421875,17.09758900576611,11.735955625594254,5.361633380171856,HOLD,10200,47801.32867969666,4585375.012207031,4633176.340886728,0,363.3176340886728,1164.5473402867772
2008-12-15,462.7899475097656,16.858439260349314,12.760452352545267,4.097986907804048,HOLD,10200,47801.32867969666,4720457.464599609,4768258.793279306,0,376.8258793279306,1201.8001615800638
2008-12-16,462.38494873046875,16.44664466533129,13.497690815102473,2.9489538502288184,HOLD,10200,47801.32867969666,4716326.477050781,4764127.805730478,0,376.4127805730478,1200.6609244830495
2008-12-17,468.2169189453125,16.401815815543102,14.078515815190599,2.3233000003525035,HOLD,10200,47801.32867969666,4775812.5732421875,4823613.901921884,0,382.36139019218837,1217.0659043424132
2008-12-18,477.8153381347656,16.945464078650673,14.651905467882614,2.2935586107680592,HOLD,10200,47801.32867969666,4873716.448974609,4921517.777654306,0,392.1517777654306,1244.0656776066749
2008-12-19,476.3978576660156,17.065213260744656,15.134567026455024,1.9306462342896324,HOLD,10200,47801.32867969666,4859258.148193359,4907059.476873056,0,390.7059476873056,1240.078390689177
2008-12-22,471.25439453125,16.554253728720198,15.41850436690806,1.1357493618121381,HOLD,10200,47801.32867969666,4806794.82421875,4854596.152898447,0,385.4596152898447,1225.6101396479685
2008-12-23,453.2320251464844,14.527594956654582,15.240322484857366,-0.7127275282027838,SELL,0,4667994.205179941,0.0,4667994.205179941,10200,366.79942051799406,1174.9143034410931
2008-12-24,450.96405029296875,12.593279178754017,14.710913823636696,-2.1176346448826795,HOLD,0,4667994.205179941,0.0,4667994.205179941,0,366.79942051799406,1168.5346272042755
2008-12-25,445.61810302734375,10.507819124408798,13.870294883791118,-3.3624757593823205,HOLD,0,4667994.205179941,0.0,4667994.205179941,0,366.79942051799406,1153.4968005366115
2008-12-26,445.7395935058594,8.763855996077893,12.849007106248473,-4.08515111017058,HOLD,0,4667994.205179941,0.0,4667994.205179941,0,366.79942051799406,1153.8385459124847
2008-12-29,440.43414306640625,6.874403299268806,11.65408634485254,-4.7796830455837345,HOLD,0,4667994.205179941,0.0,4667994.205179941,0,366.79942051799406,1138.914634370112
2008-12-30,439.9886169433594,5.280181543528386,10.37930538458771,-5.099123841059324,HOLD,0,4667994.205179941,0.0,4667994.205179941,0,366.79942051799406,1137.6613963037032
2008-12-31,440.23162841796875,3.990359926110557,9.10151629289228,-5.111156366781723,HOLD,0,4667994.205179941,0.0,4667994.205179941,0,366.79942051799406,1138.344972899553
2009-01-05,438.9356384277344,2.8309579197831454,7.847404618270453,-5.016446698487307,HOLD,0,4667994.205179941,0.0,4667994.205179941,0,366.79942051799406,1134.6994313579282
2009-01-06,440.2721252441406,1.9969472287295957,6.677313140362282,-4.680365911632686,HOLD,0,4667994.205179941,0.0,4667994.205179941,0,366.79942051799406,1138.458888024844
2009-01-07,432.4961853027344,0.7004599144446502,5.481942495178756,-4.781482580734106,HOLD,0,4667994.205179941,0.0,4667994.205179941,0,366.79942051799406,1116.5856387750948
2009-01-08,439.5431213378906,0.2388597944965909,4.433325955042323,-4.1944661605457325,HOLD,0,4667994.205179941,0.0,4667994.205179941,0,366.79942051799406,1136.408244081398
2009-01-09,434.52117919921875,-0.5261255389692678,3.4414356562400052,-3.967561195209273,HOLD,0,4667994.205179941,0.0,4667994.205179941,0,366.79942051799406,1122.2818242601659
2009-01-12,428.9322204589844,-1.565320152284869,2.4400844945350304,-4.005404646819899,HOLD,0,4667994.205179941,0.0,4667994.205179941,0,366.79942051799406,1106.560420996652
2009-01-13,412.52984619140625,-3.6701170683670625,1.218044181954612,-4.888161250321675,HOLD,0,4667994.205179941,0.0,4667994.205179941,0,366.79942051799406,1060.421533177834
2009-01-14,413.0968322753906,-5.2321201261949,-0.07198867967529042,-5.1601314465196095,HOLD,0,4667994.205179941,0.0,4667994.205179941,0,366.79942051799406,1062.0164307760124
2009-01-15,404.8753967285156,-7.0521274074210964,-1.4680164252244519,-5.584110982196645,HOLD,0,4667994.205179941,0.0,4667994.205179941,0,366.79942051799406,1038.8900293039578
2009-01-16,411.11236572265625,-7.900156925573697,-2.754444525294301,-5.145712400279396,HOLD,0,4667994.205179941,0.0,4667994.205179941,0,366.79942051799406,1056.4342462603358
2009-01-19,414.5548400878906,-8.199923898687985,-3.8435403999730378,-4.356383498714947,HOLD,0,4667994.205179941,0.0,4667994.205179941,0,366.79942051799406,1066.117718662905
2009-01-20,411.4768371582031,-8.586876331858718,-4.792207586350174,-3.7946687455085444,HOLD,0,4667994.205179941,0.0,4667994.205179941,0,366.79942051799406,1057.4594823879554
2009-01-21,403.8629150390625,-9.39956645473751,-5.713679360027641,-3.6858870947098685,HOLD,0,4667994.205179941,0.0,4667994.205179941,0,366.79942051799406,1036.0419794834738
2009-01-22,408.23687744140625,-9.580251841367385,-6.486993856295591,-3.0932579850717943,HOLD,0,4667994.205179941,0.0,4667994.205179941,0,366.79942051799406,1048.345671455945
2009-01-23,417.956787109375,-8.837260397648379,-6.9570471645661485,-1.8802132330822303,HOLD,0,4667994.205179941,0.0,4667994.205179941,0,366.79942051799406,1075.68719009608
2009-02-02,410.3428649902344,-8.761813476630152,-7.31800042697895,-1.4438130496512027,HOLD,0,4667994.205179941,0.0,4667994.205179941,0,366.79942051799406,1054.2696871915985
2009-02-03,421.6017761230469,-7.7047061578116995,-7.3953415731455,-0.3093645846661994,HOLD,0,4667994.205179941,0.0,4667994.205179941,0,366.79942051799406,1085.940323969208
2009-02-04,430.4306945800781,-6.084384066349628,-7.133150071786326,1.0487660054366978,BUY,10700,59622.4081139015,4605608.432006836,4665230.840120737,10700,366.52308401207375,1110.7755381647326
2009-02-05,433.5086669921875,-4.500026975305332,-6.606525452490128,2.106498477184796,HOLD,10700,59622.4081139015,4638542.736816406,4698165.144930308,0,369.8165144930308,1119.4336885955786
2009-02-06,450.3970642089844,-1.8602166334001708,-5.657263688672137,3.7970470552719657,HOLD,10700,59622.4081139015,4819248.587036133,4878870.995150034,0,387.88709951500346,1166.9397296060968
2009-02-09,473.036376953125,2.035194954615349,-4.11877196001464,6.153966914629989,HOLD,10700,59622.4081139015,5061489.2333984375,5121111.641512339,0,412.11116415123394,1230.6227485371896
2009-02-10,469.6748962402344,4.795810188019573,-2.3358555304077977,7.131665718427371,HOLD,10700,59622.4081139015,5025521.389770508,5085143.797884409,0,408.514379788441,1221.1671063852025
2009-02-11,486.36077880859375,8.23509981864106,-0.22166446059802614,8.456764279239087,HOLD,10700,59622.4081139015,5204060.333251953,5263682.741365855,0,426.3682741365854,1268.1034859251617
2009-02-12,488.14276123046875,10.97800510912208,2.018269453345995,8.959735655776084,HOLD,10700,59622.4081139015,5223127.545166016,5282749.953279917,0,428.2749953279917,1273.1160948143831
2009-02-13,495.7972106933594,13.612510862417594,4.337117735160315,9.275393127257278,HOLD,10700,59622.4081139015,5305030.154418945,5364652.562532847,0,436.4652562532847,1294.6475986882592
2009-02-16,496.9311828613281,15.611913310878379,6.592076850303928,9.01983646057445,HOLD,10700,59622.4081139015,5317163.656616211,5376786.064730112,0,437.6786064730112,1297.8373938846164
2009-02-17,510.7415771484375,18.102167043420422,8.894094888927228,9.208072154493195,HOLD,10700,59622.4081139015,5464934.875488281,5524557.283602183,0,452.45572836021825,1336.6851986201848
2009-02-18,491.5042419433594,18.312325797076255,10.777741070557035,7.5345847265192205,HOLD,10700,59622.4081139015,5259095.388793945,5318717.796907847,0,431.87177969078465,1282.5717369663703
2009-02-19,493.6102294921875,18.436291624524188,12.309451181350466,6.126840443173721,HOLD,10700,59622.4081139015,5281629.455566406,5341251.863680308,0,434.12518636803077,1288.4957527020238
2009-02-20,506.57012939453125,19.35715382770286,13.718991710620946,5.638162117081913,HOLD,10700,59622.4081139015,5420300.384521484,5479922.792635386,0,447.9922792635386,1324.9511681182726
2009-02-23,517.5050659179688,20.73033534684697,15.121260437866152,5.609074908980819,HOLD,10700,59622.4081139015,5537304.205322266,5596926.613436167,0,459.69266134361675,1355.7104838935536
2009-02-24,521.5955200195312,21.896250706450928,16.476258491583106,5.419992214867822,HOLD,10700,59622.4081139015,5581072.064208984,5640694.472322886,0,464.06944723228855,1367.2166841448839
2009-02-25,516.3710327148438,22.143419015664676,17.60969059639942,4.533728419265255,HOLD,10700,59622.4081139015,5525170.050048828,5584792.45816273,0,458.4792458162729,1352.5205170089898
2009-02-26,495.83770751953125,20.446736689460636,18.177099815011665,2.2696368744489703,HOLD,10700,59622.4081139015,5305463.470458984,5365085.878572886,0,436.5085878572886,1294.7615138135502
2009-02-27,479.6378173828125,17.592117002018824,18.0601032524131,-0.46798625039427577,SELL,0,5188667.779322397,0.0,5188667.779322397,10700,418.86677793223964,1249.1922016211875
2009-03-02,473.9678649902344,14.702807745475354,17.388644151025552,-2.685836405550198,HOLD,0,5188667.779322397,0.0,5188667.779322397,0,418.86677793223964,1233.2429681070914
2009-03-03,465.42242431640625,11.589862972260107,16.228887915272463,-4.639024943012355,HOLD,0,5188667.779322397,0.0,5188667.779322397,0,418.86677793223964,1209.2051597886045
2009-03-04,505.5171203613281,12.217305207971151,15.426571373812202,-3.2092661658410506,HOLD,0,5188667.779322397,0.0,5188667.779322397,0,418.86677793223964,1321.9891173283943
2009-03-05,494.0962219238281,11.658593634577016,14.672975825965166,-3.0143821913881492,HOLD,0,5188667.779322397,0.0,5188667.779322397,0,418.86677793223964,1289.86282004962
2009-03-06,478.7873229980469,9.866772474623815,13.711735155696896,-3.8449626810730813,HOLD,0,5188667.779322397,0.0,5188667.779322397,0,418.86677793223964,1246.7998123018679
2009-03-09,465.3414306640625,7.277875340044943,12.424963192566507,-5.1470878525215635,HOLD,0,5188667.779322397,0.0,5188667.779322397,0,418.86677793223964,1208.9773295380223
2009-03-10,478.4228515625,6.210130530320953,11.181996660117397,-4.971866129796444,HOLD,0,5188667.779322397,0.0,5188667.779322397,0,418.86677793223964,1245.774576174248
2009-03-11,475.79034423828125,5.092807026407797,9.964158733375477,-4.87135170696768,HOLD,0,5188667.779322397,0.0,5188667.779322397,0,418.86677793223964,1238.3694921216038
2009-03-12,469.55340576171875,3.6618398781870383,8.70369496233779,-5.041855084150752,HOLD,0,5188667.779322397,0.0,5188667.779322397,0,418.86677793223964,1220.8253610093293
2009-03-13,460.96746826171875,1.8140633104563904,7.325768631961511,-5.51170532150512,HOLD,0,5188667.779322397,0.0,5188667.779322397,0,418.86677793223964,1196.6736375655512
2009-03-16,463.2354431152344,0.5266231011420928,5.965939525797627,-5.4393164246555346,HOLD,0,5188667.779322397,0.0,5188667.779322397,0,418.86677793223964,1203.053313802369
2009-03-17,475.2233581542969,0.46824438640635435,4.866400497919373,-4.3981561115130186,HOLD,0,5188667.779322397,0.0,5188667.779322397,0,418.86677793223964,1236.774594523425
2009-03-18,470.1203918457031,0.010095723333506612,3.8951395430022,-3.8850438196686934,HOLD,0,5188667.779322397,0.0,5188667.779322397,0,418.86677793223964,1222.4202586075078
2009-03-19,481.0553283691406,0.5233349182562392,3.220778618053008,-2.697443699796769,HOLD,0,5188667.779322397,0.0,5188667.779322397,0,418.86677793223964,1253.1795743827888
2009-03-20,477.41033935546875,0.6287131135493951,2.702365517152286,-2.0736524036028907,HOLD,0,5188667.779322397,0.0,5188667.779322397,0,418.86677793223964,1242.9264405096608
2009-03-23,480.6908264160156,0.9658008313463711,2.355052579991103,-1.3892517486447318,HOLD,0,5188667.779322397,0.0,5188667.779322397,0,418.86677793223964,1252.1542524110657
2009-03-24,480.6908264160156,1.2188946178671358,2.1278209875663094,-0.9089263696991736,HOLD,0,5188667.779322397,0.0,5188667.779322397,0,418.86677793223964,1252.1542524110657
2009-03-25,461.7774658203125,-0.10546117659993115,1.6811645547330614,-1.7866257313329925,HOLD,0,5188667.779322397,0.0,5188667.779322397,0,418.86677793223964,1198.9521117595798
2009-03-26,455.62152099609375,-1.6329325550904628,1.0183451327683566,-2.651277687858819,HOLD,0,5188667.779322397,0.0,5188667.779322397,0,418.86677793223964,1181.6358108978875
2009-03-27,461.615478515625,-2.3329100146849555,0.3480941032776942,-2.6810041179626496,HOLD,0,5188667.779322397,0.0,5188667.779322397,0,418.86677793223964,1198.4964512584156
2009-03-30,461.939453125,-2.828895405759738,-0.28730379852979226,-2.541591607229946,HOLD,0,5188667.779322397,0.0,5188667.779322397,0,418.86677793223964,1199.4077722607442
2009-03-31,464.6934509277344,-2.9655576919305986,-0.8229545772099536,-2.142603114720645,HOLD,0,5188667.779322397,0.0,5188667.779322397,0,418.86677793223964,1207.1546016892617
2009-04-01,470.8493957519531,-2.547761232817038,-1.1679159083313704,-1.3798453244856677,HOLD,0,5188667.779322397,0.0,5188667.779322397,0,418.86677793223964,1224.4709025509542
2009-04-02,477.8963317871094,-1.6292447650908457,-1.2601816796832654,-0.36906308540758026,HOLD,0,5188667.779322397,0.0,5188667.779322397,0,418.86677793223964,1244.293507857257
2009-04-03,472.1048889160156,-1.3530379067021272,-1.278752925087038,-0.07428498161508923,HOLD,0,5188667.779322397,0.0,5188667.779322397,0,418.86677793223964,1228.002528967288
2009-04-07,477.8963317871094,-0.6592218438123041,-1.1548467088320913,0.4956248650197872,BUY,10700,72108.93475025333,5113490.75012207,5185599.684872324,10700,418.5599684872324,1244.293507857257
2009-04-08,474.0893859863281,-0.41180924481494685,-1.0062392160286624,0.5944299712137155,HOLD,10700,72108.93475025333,5072756.430053711,5144865.364803964,0,414.4865364803964,1233.5847993270681
2009-04-09,477.1268615722656,0.02903126262032174,-0.7991851202988656,0.8282163829191873,HOLD,10700,72108.93475025333,5105257.418823242,5177366.3535734955,0,417.7366353573496,1242.1290346326232
2009-04-10,483.68780517578125,0.8974684004911637,-0.45985441614085976,1.3573228166320235,HOLD,10700,72108.93475025333,5175459.515380859,5247568.450131113,0,424.75684501311133,1260.5845725913298
2009-04-13,494.3392028808594,2.417324454778054,0.11558135804292302,2.301743096735131,HOLD,10700,72108.93475025333,5289429.470825195,5361538.405575449,0,436.1538405575448,1290.5463108013664
2009-04-14,488.061767578125,3.079782940912594,0.7084216746168572,2.371361266295737,HOLD,10700,72108.93475025333,5222260.9130859375,5294369.847836191,0,429.4369847836191,1272.888264563801
2009-04-15,488.5477600097656,3.6024745078905767,1.287232241271601,2.3152422666189754,HOLD,10700,72108.93475025333,5227461.032104492,5299569.9668547455,0,429.95699668547456,1274.2553319113974
2009-04-16,484.9837951660156,3.686631964478636,1.7671121859130081,1.9195197785656277,HOLD,10700,72108.93475025333,5189326.608276367,5261435.5430266205,0,426.14355430266204,1264.2301141329547
2009-04-17,490.6942443847656,4.1660888044467015,2.246907509619747,1.9191812948269544,HOLD,10700,72108.93475025333,5250428.414916992,5322537.3496672455,0,432.2537349667246,1280.293262772342
2009-04-20,514.9130859375,6.426242192623363,3.0827744462204705,3.3434677464028923,HOLD,10700,72108.93475025333,5509570.01953125,5581678.954281503,0,458.16789542815036,1348.4194008103038
2009-04-21,516.4115600585938,8.24332050706414,4.114883658389205,4.128436848674935,HOLD,10700,72108.93475025333,5525603.692626953,5597712.627377206,0,459.7712627377207,1352.634517978384
2009-04-22,501.4671630859375,8.380870761219626,4.96808107895529,3.4127896822643358,HOLD,10700,72108.93475025333,5365698.645019531,5437807.579769785,0,443.78075797697846,1310.5968322023552
2009-04-23,492.3142395019531,7.662981805368645,5.507061224237961,2.155920581130684,HOLD,10700,72108.93475025333,5267762.362670898,5339871.297421152,0,433.9871297421152,1284.8502111603989
2009-04-24,494.58221435546875,7.194126836189014,5.8444743466281714,1.3496524895608424,HOLD,10700,72108.93475025333,5292029.693603516,5364138.628353769,0,436.41386283537685,1291.2298873972163
2009-04-27,479.8808288574219,5.572045873754632,5.789988652053464,-0.21794277829883146,SELL,0,5203752.968603402,0.0,5203752.968603402,10700,420.37529686034026,1249.8757782170374
2009-04-28,466.88043212890625,3.200616937677978,5.272114309178367,-2.0714973715003886,HOLD,0,5203752.968603402,0.0,5203752.968603402,0,420.37529686034026,1213.3064476754973
2009-04-29,472.9148864746094,1.7875665003785457,4.575204747418403,-2.7876382470398573,HOLD,0,5203752.968603402,0.0,5203752.968603402,0,420.37529686034026,1230.2810031613164
2009-04-30,471.2138977050781,0.5244131619006112,3.765046430314845,-3.240633268414234,HOLD,0,5203752.968603402,0.0,5203752.968603402,0,420.37529686034026,1225.4962245226773
2009-05-04,482.8373107910156,0.45601072793260755,3.1032392898383976,-2.64722856190579,HOLD,0,5203752.968603402,0.0,5203752.968603402,0,420.37529686034026,1258.1921832720102
2009-05-05,482.1083068847656,0.3390682161721088,2.55040507510514,-2.211336858933031,HOLD,0,5203752.968603402,0.0,5203752.968603402,0,420.37529686034026,1256.1415393285638
2009-05-06,474.89935302734375,-0.33149067729408443,1.9740259246252951,-2.3055166019193796,HOLD,0,5203752.968603402,0.0,5203752.968603402,0,420.37529686034026,1235.863187676993
2009-05-07,473.8868713378906,-0.933847430281844,1.3924512536438673,-2.326298683925711,HOLD,0,5203752.968603402,0.0,5203752.968603402,0,420.37529686034026,1233.0151378565092
2009-05-08,475.911865234375,-1.2335992486549685,0.8672411531841002,-2.1008404018390685,HOLD,0,5203752.968603402,0.0,5203752.968603402,0,420.37529686034026,1238.7113233415805
2009-05-11,471.4974060058594,-1.8065400220350512,0.3324849181402699,-2.139024940175321,HOLD,0,5203752.968603402,0.0,5203752.968603402,0,420.37529686034026,1226.2937162438184
2009-05-12,471.7808837890625,-2.2122242803304744,-0.17645692155387896,-2.0357673587765954,HOLD,0,5203752.968603402,0.0,5203752.968603402,0,420.37529686034026,1227.091122120856
2009-05-13,468.50042724609375,-2.7665463803676857,-0.6944748133166404,-2.0720715670510454,HOLD,0,5203752.968603402,0.0,5203752.968603402,0,420.37529686034026,1217.8633960635543
2009-05-14,471.2138977050781,-2.9528575460007005,-1.1461513598534525,-1.806706186147248,HOLD,0,5203752.968603402,0.0,5203752.968603402,0,420.37529686034026,1225.4962245226773
2009-05-15,469.8369140625,-3.175021883200884,-1.551925464522939,-1.623096418677945,HOLD,0,5203752.968603402,0.0,5203752.968603402,0,420.37529686034026,1221.6228527304702
2009-05-18,479.6783142089844,-2.5278307182313142,-1.7471065152646141,-0.7807242029667001,HOLD,0,5203752.968603402,0.0,5203752.968603402,0,420.37529686034026,1249.3061167464784
2009-05-19,474.9803771972656,-2.366729131589068,-1.871031038529505,-0.4956980930595629,HOLD,0,5203752.968603402,0.0,5203752.968603402,0,420.37529686034026,1236.0911037716787
2009-05-20,470.07989501953125,-2.604460322824366,-2.017716895388477,-0.5867434274358887,HOLD,0,5203752.968603402,0.0,5203752.968603402,0,420.37529686034026,1222.3063434822168
2009-05-21,463.3974609375,-3.2941081592782098,-2.272995148166424,-1.0211130111117859,HOLD,0,5203752.968603402,0.0,5203752.968603402,0,420.37529686034026,1203.5090601476368
2009-05-22,463.3974609375,-3.7968908441434337,-2.577774287361826,-1.2191165567816076,HOLD,0,5203752.968603402,0.0,5203752.968603402,0,420.37529686034026,1203.5090601476368
2009-05-25,459.1044921875,-4.489998536341034,-2.960219137157668,-1.529779399183366,HOLD,0,5203752.968603402,0.0,5203752.968603402,0,420.37529686034026,1191.433198425748
2009-05-26,457.4440002441406,-5.114324449796982,-3.3910401996855306,-1.7232842501114511,HOLD,0,5203752.968603402,0.0,5203752.968603402,0,420.37529686034026,1186.7623349123999
2009-05-27,464.81494140625,-4.957190477894187,-3.704270255327262,-1.252920222566925,HOLD,0,5203752.968603402,0.0,5203752.968603402,0,420.37529686034026,1207.4963470651348
2009-06-01,476.9243469238281,-3.811595154027998,-3.7257352350674093,-0.08585991896058864,HOLD,0,5203752.968603402,0.0,5203752.968603402,0,420.37529686034026,1241.5593731620643
2009-06-02,485.5102844238281,-2.1856938871354146,-3.4177269654810107,1.2320330783455962,BUY,10600,54256.10830188915,5146409.014892578,5200665.123194467,10600,420.0665123194467,1265.7110966058422
2009-06-03,484.8622741699219,-0.9386245514241978,-2.921906482669648,1.9832819312454504,HOLD,10600,54256.10830188915,5139540.106201172,5193796.214503061,0,419.37962145030616,1263.888282912978
2009-06-04,482.9992980957031,-0.09949282650069335,-2.3574237514358574,2.257930924935164,HOLD,10600,54256.10830188915,5119792.559814453,5174048.668116342,0,417.4048668116343,1258.6478437731746
2009-06-05,510.5390930175781,2.7559870979223433,-1.3347415815642174,4.090728679486561,HOLD,10600,54256.10830188915,5411714.385986328,5465970.494288217,0,446.5970494288217,1336.1156229937294
2009-06-08,516.7760620117188,5.459315196670389,0.024069774082703818,5.435245422587685,HOLD,10600,54256.10830188915,5477826.257324219,5532082.365626108,0,453.2082365626108,1353.6598399501074
2009-06-09,531.5179443359375,8.691083491391623,1.7574725175444879,6.933610973847135,HOLD,10600,54256.10830188915,5634090.2099609375,5688346.318262827,0,468.8346318262827,1395.1278642555776
2009-06-10,531.7609252929688,11.143435097886368,3.6346650336128636,7.508770064273504,HOLD,10600,54256.10830188915,5636665.808105469,5690921.916407358,0,469.09219164073585,1395.8113550073242
2009-06-11,539.8203735351562,13.580721428871414,5.623876312664573,7.95684511620684,HOLD,10600,54256.10830188915,5722095.959472656,5776352.067774545,0,477.6352067774545,1418.4820959782146
2009-06-12,528.9664306640625,14.469668593870836,7.393034768905826,7.076633824965009,HOLD,10600,54256.10830188915,5607044.1650390625,5661300.273340952,0,466.13002733409513,1387.9506104535155
2009-06-15,551.7677612304688,16.820150223097983,9.278457859744258,7.541692363353725,HOLD,10600,54256.10830188915,5848738.269042969,5902994.377344858,0,490.2994377344858,1452.089375729876
2009-06-16,549.540283203125,18.292322480589235,11.081230783913254,7.211091696675981,HOLD,10600,54256.10830188915,5825127.001953125,5879383.110255014,0,487.9383110255014,1445.8236146183494
2009-06-17,557.4782104492188,19.8704992434906,12.839084475828724,7.031414767661875,HOLD,10600,54256.10830188915,5909269.030761719,5963525.139063608,0,496.35251390636074,1468.1525243692631
2009-06-18,558.3692016601562,20.951594305399908,14.461586441742961,6.490007863656947,HOLD,10600,54256.10830188915,5918713.537597656,5972969.645899545,0,497.29696458995454,1470.6588288138737
2009-06-19,554.521728515625,21.252920563965745,15.819853266187518,5.433067297778226,HOLD,10600,54256.10830188915,5877930.322265625,5932186.430567514,0,493.2186430567514,1459.83611931429
2009-06-22,538.5243530273438,19.970659951936796,16.650014603337375,3.3206453485994203,HOLD,10600,54256.10830188915,5708358.142089844,5762614.250391733,0,476.26142503917333,1414.8364685924862
2009-06-23,540.1443481445312,18.867684325627806,17.09354854779546,1.7741357778323454,HOLD,10600,54256.10830188915,5725530.090332031,5779786.19863392,0,477.97861986339205,1419.393416980543
2009-06-24,534.555419921875,17.342672859041272,17.143373410044624,0.19929944899664775,HOLD,10600,54256.10830188915,5666287.451171875,5720543.559473764,0,472.05435594737645,1403.6720995611327
2009-06-25,550.3502807617188,17.210214906813803,17.15674170939846,0.053473197415343066,HOLD,10600,54256.10830188915,5833712.976074219,5887969.084376108,0,488.7969084376108,1448.102088812378
2009-06-26,554.8457641601562,17.268923563983208,17.17917808031541,0.089745483667798,HOLD,10600,54256.10830188915,5881365.100097656,5935621.208399545,0,493.5621208399545,1460.7476120048257
2009-06-29,598.2614135742188,20.581480173839054,17.85963849902014,2.721841674818915,HOLD,10600,54256.10830188915,6341570.983886719,6395827.092188608,0,539.5827092188607,1582.8732107272078
2009-06-30,599.4359130859375,23.03593354518705,18.89489750825352,4.141036036933528,HOLD,10600,54256.10830188915,6354020.6787109375,6408276.787012827,0,540.8276787012826,1586.1770068929595
2009-07-01,594.5374755859375,24.305662015101348,19.97705040962309,4.328611605478258,HOLD,10600,54256.10830188915,6302097.2412109375,6356353.349512827,0,535.6353349512827,1572.3979981584293
2009-07-02,603.9259643554688,25.772415196619704,21.136123367022414,4.63629182959729,HOLD,10600,54256.10830188915,6401615.222167969,6455871.330469858,0,545.5871330469857,1598.8072498349916
2009-07-03,595.6395874023438,25.966856534065755,22.102270000431083,3.8645865336346716,HOLD,10600,54256.10830188915,6313779.626464844,6368035.734766733,0,536.8035734766733,1575.4981721107747
2009-07-06,587.4757080078125,25.172028381970335,22.716221676738936,2.4558067052313994,HOLD,10600,54256.10830188915,6227242.5048828125,6281498.613184702,0,528.1498613184701,1552.5336726178448
2009-07-07,594.0884399414062,24.789950429795113,23.13096742735017,1.6589830024449412,HOLD,10600,54256.10830188915,6297337.463378906,6351593.571680795,0,535.1593571680795,1571.1348880201228
2009-07-08,587.5164794921875,23.683836096047344,23.241541161089607,0.44229493495773653,HOLD,10600,54256.10830188915,6227674.6826171875,6281930.790919077,0,528.1930790919077,1552.648360340067
2009-07-09,600.9461669921875,23.618635138312698,23.316959956534227,0.30167518177847086,HOLD,10600,54256.10830188915,6370029.3701171875,6424285.478419077,0,542.4285478419077,1590.4252598849753
2009-07-10,621.15185546875,24.91024332467589,23.63561663016256,1.27462669451333,HOLD,10600,54256.10830188915,6584209.66796875,6638465.776270639,0,563.8465776270639,1647.2626407856708
2009-07-13,625.6420288085938,25.99650010948153,24.107793326026353,1.8887067834551772,HOLD,10600,54256.10830188915,6631805.505371094,6686061.613672983,0,568.6061613672983,1659.8932271041167
2009-07-14,625.7644653320312,26.5610665996237,24.598447980745824,1.962618618877876,HOLD,10600,54256.10830188915,6633103.332519531,6687359.44082142,0,568.735944082142,1660.2376336471973
2009-07-15,612.4164428710938,25.63590104259913,24.805938593116487,0.8299624494826432,HOLD,10600,54256.10830188915,6491614.294433594,6545870.402735483,0,554.5870402735483,1622.6904529231472
2009-07-16,605.9669799804688,24.104422144337946,24.66563530336078,-0.5612131590228344,SELL,0,6473652.146102182,0.0,6473652.146102182,10600,547.3652146102181,1604.5485034743792
2009-07-17,603.7626953125,22.454010872821414,24.223310417252907,-1.7692995444314938,HOLD,0,6473652.146102182,0.0,6473652.146102182,0,547.3652146102181,1598.347983881482
2009-07-20,604.5791015625,20.970193869521268,23.57268710770658,-2.602493238185314,HOLD,0,6473652.146102182,0.0,6473652.146102182,0,547.3652146102181,1600.6444853372368
2009-07-21,601.3543701171875,19.311439077913406,22.72043750174795,-3.408998423834543,HOLD,0,6473652.146102182,0.0,6473652.146102182,0,547.3652146102181,1591.573510612853
2009-07-22,601.7217407226562,17.821077405404253,21.74056548247921,-3.9194880770749556,HOLD,0,6473652.146102182,0.0,6473652.146102182,0,547.3652146102181,1592.606901930301
2009-07-23,597.109130859375,16.082368443200608,20.60892607462349,-4.526557631422882,HOLD,0,6473652.146102182,0.0,6473652.146102182,0,547.3652146102181,1579.631909068775
2009-07-24,600.048095703125,14.7713045607112,19.441401771841033,-4.670097211129832,HOLD,0,6473652.146102182,0.0,6473652.146102182,0,547.3652146102181,1587.8990396083618
2009-07-27,624.9888916015625,15.565362963072403,18.66619401008731,-3.100831047014907,HOLD,0,6473652.146102182,0.0,6473652.146102182,0,547.3652146102181,1658.0559916018715
2009-07-28,625.3562622070312,16.039411355523043,18.140837479174458,-2.1014261236514145,HOLD,0,6473652.146102182,0.0,6473652.146102182,0,547.3652146102181,1659.0893829193199
2009-07-29,604.1708984375,14.538030947987295,17.420276172937026,-2.882245224949731,HOLD,0,6473652.146102182,0.0,6473652.146102182,0,547.3652146102181,1599.4962346093594
2009-07-30,611.6000366210938,13.7886979943587,16.69396053722136,-2.905262542862662,HOLD,0,6473652.146102182,0.0,6473652.146102182,0,547.3652146102181,1620.3939514673923
2009-07-31,612.3756103515625,13.106346741446487,15.976437778066387,-2.8700910366199004,HOLD,0,6473652.146102182,0.0,6473652.146102182,0,547.3652146102181,1622.5755935127181
2009-08-03,635.6019897460938,14.275197572016964,15.636189736856503,-1.3609921648395389,HOLD,0,6473652.146102182,0.0,6473652.146102182,0,547.3652146102181,1687.909995462066
2009-08-04,629.1524658203125,14.513791640954082,15.41171011767602,-0.8979184767219373,HOLD,0,6473652.146102182,0.0,6473652.146102182,0,547.3652146102181,1669.767874325091
2009-08-05,668.5025634765625,17.674364110381134,15.864240916217044,1.81012319416409,BUY,9500,119067.32846302167,6350774.353027344,6469841.681490365,9500,546.9841681490366,1780.457321584566
2009-08-06,673.8091430664062,20.3724957376362,16.765891880500877,3.6066038571353225,HOLD,9500,119067.32846302167,6401186.859130859,6520254.187593881,0,552.0254187593881,1795.384409358767
2009-08-07,668.9515991210938,21.86675495152747,17.786064494706196,4.080690456821273,HOLD,9500,119067.32846302167,6355040.191650391,6474107.520113412,0,547.4107520113412,1781.720431722873
2009-08-10,667.4004516601562,22.66453881223333,18.761759358211624,3.902779454021708,HOLD,9500,119067.32846302167,6340304.290771484,6459371.619234506,0,545.9371619234506,1777.357147632221
2009-08-11,693.9332275390625,25.147872518941426,20.038981990357584,5.108890528583842,HOLD,9500,119067.32846302167,6592365.661621094,6711432.990084115,0,571.1432990084115,1851.9922431268114
2009-08-12,678.6666870117188,25.589075209834164,21.1490006342529,4.440074575581264,HOLD,9500,119067.32846302167,6447333.526611328,6566400.85507435,0,556.640085507435,1809.0483869946613
2009-08-13,665.1145629882812,24.56205232236948,21.831610971876216,2.7304413504932654,HOLD,9500,119067.32846302167,6318588.348388672,6437655.676851694,0,543.7655676851693,1770.9270809066727
2009-08-14,644.0516357421875,21.797261820281506,21.824741141557276,-0.02747932127577002,SELL,0,6233886.773690072,0.0,6233886.773690072,9500,523.3886773690072,1711.6783391397928
2009-08-17,610.4163208007812,16.699554544740977,20.79970382219402,-4.100149277453042,HOLD,0,6233886.773690072,0.0,6233886.773690072,0,523.3886773690072,1617.0642303823956
2009-08-18,612.9063110351562,12.713947728814787,19.18255260351817,-6.468604874703384,HOLD,0,6233886.773690072,0.0,6233886.773690072,0,523.3886773690072,1624.068422471883
2009-08-19,610.7020263671875,9.27059264050115,17.200160610914768,-7.929567970413618,HOLD,0,6233886.773690072,0.0,6233886.773690072,0,523.3886773690072,1617.867902878986
2009-08-20,620.4171142578125,7.242152301724104,15.208558949076636,-7.966406647352532,HOLD,0,6233886.773690072,0.0,6233886.773690072,0,523.3886773690072,1645.1958581507743
2009-08-21,638.8675537109375,7.0422166957894206,13.575290498419193,-6.533073802629772,HOLD,0,6233886.773690072,0.0,6233886.773690072,0,523.3886773690072,1697.0958295968792
2009-08-24,646.623291015625,7.424010103527394,12.345034419440834,-4.92102431591344,HOLD,0,6233886.773690072,0.0,6233886.773690072,0,523.3886773690072,1718.9122500501385
2009-08-25,636.4183959960938,6.824466189473128,11.240920773447293,-4.416454583974165,HOLD,0,6233886.773690072,0.0,6233886.773690072,0,523.3886773690072,1690.2064969178214
2009-08-26,649.8071899414062,7.345018295871796,10.461740277932194,-3.1167219820603975,HOLD,0,6233886.773690072,0.0,6233886.773690072,0,523.3886773690072,1727.8683653640933
2009-08-27,658.5834350585938,8.369253678656492,10.043242958077053,-1.673989279420562,HOLD,0,6233886.773690072,0.0,6233886.773690072,0,523.3886773690072,1752.5554126370462
2009-08-28,650.1337890625,8.402295352903025,9.715053437042249,-1.3127580841392241,HOLD,0,6233886.773690072,0.0,6233886.773690072,0,523.3886773690072,1728.7870689593194
2009-08-31,612.253173828125,5.310614590634373,8.834165667760674,-3.5235510771263012,HOLD,0,6233886.773690072,0.0,6233886.773690072,0,523.3886773690072,1622.2311869696377
2009-09-01,618.6210327148438,3.3358151058528165,7.734495555379103,-4.398680449526286,HOLD,0,6233886.773690072,0.0,6233886.773690072,0,523.3886773690072,1640.1435892857546
2009-09-02,615.6412353515625,1.5128879123765273,6.490174026778588,-4.977286114402061,HOLD,0,6233886.773690072,0.0,6233886.773690072,0,523.3886773690072,1631.7615993357383
2009-09-03,633.15283203125,1.464364200626619,5.485012061548194,-4.020647860921575,HOLD,0,6233886.773690072,0.0,6233886.773690072,0,523.3886773690072,1681.020662783008
2009-09-04,634.214111328125,1.4943195931585933,4.686873567870275,-3.1925539747116813,HOLD,0,6233886.773690072,0.0,6233886.773690072,0,523.3886773690072,1684.005977324924
2009-09-07,660.8284912109375,3.6238440697751457,4.474267668251249,-0.8504235984761035,HOLD,0,6233886.773690072,0.0,6233886.773690072,0,523.3886773690072,1758.8706199521657
2009-09-08,679.4422607421875,6.735836667112608,4.926581468023521,1.8092551990890868,BUY,9000,115237.43880237732,6114980.3466796875,6230217.785482065,9000,523.0217785482065,1811.2300290399871
2009-09-09,670.8292846679688,8.410170819594782,5.623299338337773,2.786871481257009,HOLD,9000,115237.43880237732,6037463.562011719,6152701.000814096,0,515.2701000814096,1787.002247720544
2009-09-10,677.4012451171875,10.150387632222532,6.528716997114725,3.621670635107807,HOLD,9000,115237.43880237732,6096611.2060546875,6211848.644857065,0,521.1848644857065,1805.4887754005997
2009-09-11,680.7484741210938,11.665146848898075,7.556002967471396,4.10914388142668,HOLD,9000,115237.43880237732,6126736.267089844,6241973.705892221,0,524.1973705892221,1814.9043283562712
2009-09-14,682.0138549804688,12.819929929390128,8.608788359855142,4.211141569534986,HOLD,9000,115237.43880237732,6138124.694824219,6253362.133626596,0,525.3362133626596,1818.4637682621258
2009-09-15,675.7684936523438,13.08037297847909,9.503105283579933,3.5772676948991577,HOLD,9000,115237.43880237732,6081916.442871094,6197153.881673471,0,519.7153881673471,1800.8959441772965
2009-09-16,672.543701171875,12.878111317887601,10.178106490441467,2.7000048274461346,HOLD,9000,115237.43880237732,6052893.310546875,6168130.749349252,0,516.8130749349252,1791.8247977647052
2009-09-17,672.5845336914062,12.576142396556293,10.657713671664432,1.9184287248918608,HOLD,9000,115237.43880237732,6053260.803222656,6168498.242025034,0,516.8498242025033,1791.9396571751345
2009-09-18,664.46142578125,11.548241985055597,10.835819334342666,0.7124226507129308,HOLD,9000,115237.43880237732,5980152.83203125,6095390.270833627,0,509.5390270833628,1769.0898454044273
2009-09-21,675.23779296875,11.470956230488923,10.962846713571919,0.5081095169170045,HOLD,9000,115237.43880237732,6077140.13671875,6192377.575521127,0,519.2377575521127,1799.4031152181315
2009-09-22,692.2595825195312,12.63754511936088,11.297786394729712,1.3397587246311673,HOLD,9000,115237.43880237732,6230336.242675781,6345573.681478159,0,534.5573681478159,1847.2843808048722
2009-09-23,674.2989501953125,11.974764660341748,11.43318204785212,0.5415826124896288,HOLD,9000,115237.43880237732,6068690.5517578125,6183927.99056019,0,518.392799056019,1796.762207219296
2009-09-24,659.7263793945312,10.156543386001204,11.177854315481937,-1.0213109294807339,SELL,0,6049212.330904428,0.0,6049212.330904428,9000,504.9212330904428,1755.7704459998201
2009-09-25,671.4415893554688,9.55081362793453,10.852446177972457,-1.301632550037926,HOLD,0,6049212.330904428,0.0,6049212.330904428,0,504.9212330904428,1788.7246238123603
2009-09-28,669.849609375,8.840402296216098,10.450037401621186,-1.6096351054050881,HOLD,0,6049212.330904428,0.0,6049212.330904428,0,504.9212330904428,1784.2464803112794
2009-09-29,662.2572021484375,7.577404781255382,9.875510877548026,-2.298106096292644,HOLD,0,6049212.330904428,0.0,6049212.330904428,0,504.9212330904428,1762.889497499737
2009-09-30,672.951904296875,7.354663255378,9.37134135311402,-2.016678097736021,HOLD,0,6049212.330904428,0.0,6049212.330904428,0,504.9212330904428,1792.973048492583
2009-10-09,687.23876953125,8.236029790776001,9.144279040646417,-0.9082492498704156,HOLD,0,6049212.330904428,0.0,6049212.330904428,0,504.9212330904428,1833.1611372154682
2009-10-12,681.7689819335938,8.396364905696146,8.994696213656363,-0.5983313079602173,HOLD,0,6049212.330904428,0.0,6049212.330904428,0,504.9212330904428,1817.774955175965
2009-10-13,677.1563720703125,8.058341033355305,8.807425177596151,-0.7490841442408467,HOLD,0,6049212.330904428,0.0,6049212.330904428,0,504.9212330904428,1804.7999623144385
2009-10-14,670.5844116210938,7.177415615676523,8.481423265212227,-1.3040076495357038,HOLD,0,6049212.330904428,0.0,6049212.330904428,0,504.9212330904428,1786.3134346343832
2009-10-15,657.7670288085938,5.382968689538757,7.861732350077533,-2.4787636605387764,HOLD,0,6049212.330904428,0.0,6049212.330904428,0,504.9212330904428,1750.2589111812908
2009-10-16,653.031982421875,3.537994107561076,6.996984701574242,-3.4589905940131658,HOLD,0,6049212.330904428,0.0,6049212.330904428,0,504.9212330904428,1736.9395117766842
2009-10-19,663.2777099609375,2.8695051748534297,6.171488796230079,-3.3019836213766496,HOLD,0,6049212.330904428,0.0,6049212.330904428,0,504.9212330904428,1765.7601243194308
2009-10-20,675.2786254882812,3.2703973616671647,5.591270509317496,-2.3208731476503317,HOLD,0,6049212.330904428,0.0,6049212.330904428,0,504.9212330904428,1799.5179746285608
2009-10-21,656.7465209960938,2.068872678322009,4.886790943118399,-2.81791826479639,HOLD,0,6049212.330904428,0.0,6049212.330904428,0,504.9212330904428,1747.3882843615972
2009-10-22,648.705078125,0.462447666858111,4.001922287866342,-3.539474621008231,HOLD,0,6049212.330904428,0.0,6049212.330904428,0,504.9212330904428,1724.7681914117481
2009-10-23,650.2970581054688,-0.674421932477685,3.0666534437975366,-3.7410753762752216,HOLD,0,6049212.330904428,0.0,6049212.330904428,0,504.9212330904428,1729.246334912829
2009-10-26,639.194091796875,-2.443152726574681,1.9646922097230932,-4.407844936297774,HOLD,0,6049212.330904428,0.0,6049212.330904428,0,504.9212330904428,1698.0143615038987
2009-10-27,636.7449340820312,-3.9964426795262398,0.7724652318732267,-4.768907911399467,HOLD,0,6049212.330904428,0.0,6049212.330904428,0,504.9212330904428,1691.1250288248405
2009-10-28,642.6229858398438,-4.698959822332085,-0.3218197789678357,-4.37714004336425,HOLD,0,6049212.330904428,0.0,6049212.330904428,0,504.9212330904428,1707.6596332804281
2009-10-29,638.2552490234375,-5.544239041254173,-1.3663036314251031,-4.17793540982907,HOLD,0,6049212.330904428,0.0,6049212.330904428,0,504.9212330904428,1695.3734535050628
2009-10-30,643.3577270507812,-5.736277344026007,-2.240298373945284,-3.495978970080723,HOLD,0,6049212.330904428,0.0,6049212.330904428,0,504.9212330904428,1709.726415915325
2009-11-02,653.1544189453125,-5.039861534451347,-2.800211006046497,-2.2396505284048502,HOLD,0,6049212.330904428,0.0,6049212.330904428,0,504.9212330904428,1737.2839183197648
2009-11-03,652.623779296875,-4.4791325213043365,-3.1359953090980652,-1.3431372122062712,HOLD,0,6049212.330904428,0.0,6049212.330904428,0,504.9212330904428,1735.7912610488067
2009-11-04,663.4409790039062,-3.1258601552144683,-3.133968278321346,0.008108123106877585,BUY,9000,74660.93858265132,5970968.811035156,6045629.749617808,9000,504.56297496178075,1766.2193902729402
2009-11-05,662.6245727539062,-2.0951081144863792,-2.926196245554353,0.8310881310679736,HOLD,9000,74660.93858265132,5963621.154785156,6038282.093367808,0,503.82820933678073,1763.9228888171854
2009-11-06,657.3588256835938,-1.6837225712117743,-2.677701510685837,0.9939789394740628,HOLD,9000,74660.93858265132,5916229.431152344,5990890.369734995,0,499.0890369734995,1749.1106604534134
2009-11-09,652.6646118164062,-1.716691441855346,-2.485499496919739,0.768808055064393,HOLD,9000,74660.93858265132,5873981.506347656,5948642.444930308,0,494.8642444930307,1735.9061204592358
2009-11-10,654.5422973632812,-1.5731714371460157,-2.3030338849649947,0.729862447818979,HOLD,9000,74660.93858265132,5890880.676269531,5965541.614852183,0,496.55416148521823,1741.187936456907
2009-11-11,667.0739135742188,-0.44312602133436485,-1.931052312238869,1.4879262909045041,HOLD,9000,74660.93858265132,6003665.222167969,6078326.16075062,0,507.83261607506205,1776.438615725202
2009-11-12,679.6463623046875,1.4502174484282477,-1.2547983601054458,2.7050158085336937,HOLD,9000,74660.93858265132,6116817.2607421875,6191478.199324839,0,519.1478199324838,1811.8041544039258
2009-11-13,688.0960083007812,3.591125346666445,-0.28561361875106767,3.8767389654175126,HOLD,9000,74660.93858265132,6192864.074707031,6267525.013289683,0,526.7525013289683,1835.5724980816526
2009-11-16,709.7711791992188,6.956623796196595,1.162833864238465,5.7937899319581305,HOLD,9000,74660.93858265132,6387940.612792969,6462601.55137562,0,546.260155137562,1896.5434442521416
2009-11-17,710.2610473632812,9.55321036893099,2.8409091651769702,6.71230120375402,HOLD,9000,74660.93858265132,6392349.426269531,6467010.364852183,0,546.7010364852182,1897.9214138008774
2009-11-18,697.8518676757812,10.488798502196573,4.3704870325808916,6.118311469615682,HOLD,9000,74660.93858265132,6280666.809082031,6355327.747664683,0,535.5327747664683,1863.0151410756632
2009-11-19,694.3822021484375,10.82549624542628,5.66148887514997,5.16400737027631,HOLD,9000,74660.93858265132,6249439.8193359375,6324100.757918589,0,532.4100757918588,1853.2551815769111
2009-11-20,689.27978515625,10.558892879686141,6.640969676057204,3.917923203628937,HOLD,9000,74660.93858265132,6203518.06640625,6278179.004988901,0,527.8179004988901,1838.9023908548559
2009-11-23,701.1990966796875,11.180514604925406,7.5488786618308445,3.6316359430945617,HOLD,9000,74660.93858265132,6310791.8701171875,6385452.808699839,0,538.5452808699838,1872.4306940313347
2009-11-24,693.2800903320312,10.908411295200949,8.220785188504866,2.687626106696083,HOLD,9000,74660.93858265132,6239520.812988281,6314181.751570933,0,531.4181751570932,1850.155007624566
2009-11-25,710.5059814453125,11.94505772202956,8.965639695209806,2.9794180268197543,HOLD,9000,74660.93858265132,6394553.8330078125,6469214.771590464,0,546.9214771590464,1898.6103985752454
2009-11-26,687.7694702148438,10.807380291934464,9.333987814554739,1.4733924773797256,HOLD,9000,74660.93858265132,6189925.231933594,6264586.170516245,0,526.4586170516245,1834.6539661746333
2009-11-27,674.380615234375,8.724819739521308,9.212154199548053,-0.4873344600267444,SELL,0,6140444.8203697605,0.0,6140444.8203697605,9000,514.044482036976,1796.9919260401543
2009-11-30,709.8936767578125,9.826706610702445,9.335064681778931,0.49164192892351366,BUY,8500,102728.11017689016,6034096.252441406,6136824.362618296,8500,513.6824362618296,1896.888022483429
2009-12-01,723.486572265625,11.662356574664727,9.80052306035609,1.8618335143086373,HOLD,8500,102728.11017689016,6149635.8642578125,6252363.974434703,0,525.2363974434703,1935.12401629364
2009-12-02,718.9964599609375,12.609453922982993,10.36230923288147,2.247144690101523,HOLD,8500,102728.11017689016,6111469.909667969,6214198.019844859,0,521.4198019844858,1922.493601663401
2009-12-03,709.8528442382812,12.478379036547608,10.785523193614699,1.692855842932909,HOLD,8500,102728.11017689016,6033749.176025391,6136477.286202281,0,513.6477286202281,1896.773163073
2009-12-04,697.60693359375,11.256599526682066,10.879738460228173,0.37686106645389295,HOLD,8500,102728.11017689016,5929658.935546875,6032387.045723765,0,503.2387045723765,1862.3261563012952
2009-12-07,720.58837890625,12.004362220215626,11.104663212225665,0.8996990079899607,HOLD,8500,102728.11017689016,6125001.220703125,6227729.330880015,0,522.7729330880015,1926.9715734762751
2009-12-08,712.5469360351562,11.811931711526768,11.246116912085887,0.5658147994408811,HOLD,8500,102728.11017689016,6056648.956298828,6159377.066475718,0,515.9377066475719,1904.3514805264263
2009-12-09,705.4035034179688,10.956711682988953,11.188235866266501,-0.2315241832775481,SELL,0,6095060.3313621925,0.0,6095060.3313621925,8500,509.5060331362193,1884.2574361649833
2009-12-10,711.9754638671875,10.68606364309801,11.087801421632802,-0.40173777853479287,HOLD,0,6095060.3313621925,0.0,6095060.3313621925,0,509.5060331362193,1902.743963845039
2009-12-11,713.9756469726562,10.511797721191101,10.972600681544462,-0.46080296035336055,HOLD,0,6095060.3313621925,0.0,6095060.3313621925,0,509.5060331362193,1908.3703580739975
2009-12-14,711.8121948242188,10.082888947500578,10.794658334735686,-0.7117693872351083,HOLD,0,6095060.3313621925,0.0,6095060.3313621925,0,509.5060331362193,1902.2846978915293
2009-12-15,705.8525390625,9.156530457805388,10.467032759349626,-1.310502301544238,HOLD,0,6095060.3313621925,0.0,6095060.3313621925,0,509.5060331362193,1885.5205463032898
2009-12-16,691.4840087890625,7.180195545686729,9.809665316617048,-2.629469770930319,HOLD,0,6095060.3313621925,0.0,6095060.3313621925,0,509.5060331362193,1845.1027387595464
2009-12-17,678.9932250976562,4.553543618693084,8.758440977032256,-4.204897358339172,HOLD,0,6095060.3313621925,0.0,6095060.3313621925,0,509.5060331362193,1809.9669189016804
2009-12-18,674.584716796875,2.0920573314568855,7.425164247917182,-5.333106916460297,HOLD,0,6095060.3313621925,0.0,6095060.3313621925,0,509.5060331362193,1797.5660514040928
2009-12-21,684.8304443359375,0.9570243194283421,6.131536262219415,-5.174511942791073,HOLD,0,6095060.3313621925,0.0,6095060.3313621925,0,509.5060331362193,1826.3866639468392
2009-12-22,681.1566772460938,-0.2362168603470991,4.857985637706112,-5.094202498053211,HOLD,0,6095060.3313621925,0.0,6095060.3313621925,0,509.5060331362193,1816.0525790841486
2009-12-23,684.4630737304688,-0.9046423744051708,3.705460035283856,-4.610102409689027,HOLD,0,6095060.3313621925,0.0,6095060.3313621925,0,509.5060331362193,1825.3532726293909
2009-12-24,703.9340209960938,0.13520969559237983,2.991409967345561,-2.856200271753181,HOLD,0,6095060.3313621925,0.0,6095060.3313621925,0,509.5060331362193,1880.12387089519
2009-12-25,695.729248046875,0.29385595738403936,2.451899165353257,-2.1580432079692176,HOLD,0,6095060.3313621925,0.0,6095060.3313621925,0,509.5060331362193,1857.044340303624
2009-12-28,695.5659790039062,0.4017783646776252,2.0418750052181305,-1.6400966405405053,HOLD,0,6095060.3313621925,0.0,6095060.3313621925,0,509.5060331362193,1856.5850743501144
2009-12-29,698.83154296875,0.742255115568355,1.7819510272881756,-1.0396959117198206,HOLD,0,6095060.3313621925,0.0,6095060.3313621925,0,509.5060331362193,1865.7709084849278
2009-12-30,690.1777954101562,0.3102242164003428,1.487605665110609,-1.1773814487102663,HOLD,0,6095060.3313621925,0.0,6095060.3313621925,0,509.5060331362193,1841.4284394432623
2009-12-31,693.1984252929688,0.2091650784572039,1.2319175477799282,-1.0227524693227243,HOLD,0,6095060.3313621925,0.0,6095060.3313621925,0,509.5060331362193,1849.9252888037076
2010-01-04,693.6882934570312,0.16668184582340473,1.0188704073886237,-0.8521885615652189,HOLD,0,6095060.3313621925,0.0,6095060.3313621925,0,509.5060331362193,1851.3032583524434
2010-01-05,691.6472778320312,-0.03131830761697074,0.8088326643875048,-0.8401509720044755,HOLD,0,6095060.3313621925,0.0,6095060.3313621925,0,509.5060331362193,1845.5620047130558
2010-01-06,680.7076416015625,-1.0587672632259455,0.4353126788648148,-1.4940799420907602,HOLD,0,6095060.3313621925,0.0,6095060.3313621925,0,509.5060331362193,1814.789468945842
2010-01-07,668.2984619140625,-2.8415889868430213,-0.22006765427675248,-2.6215213325662687,HOLD,0,6095060.3313621925,0.0,6095060.3313621925,0,509.5060331362193,1779.8831962206275
2010-01-08,661.2775268554688,-4.766078444643313,-1.1292698123500646,-3.6368086322932482,HOLD,0,6095060.3313621925,0.0,6095060.3313621925,0,509.5060331362193,1760.133730090472
2010-01-11,658.3793334960938,-6.450749957973812,-2.1935658414748143,-4.257184116498998,HOLD,0,6095060.3313621925,0.0,6095060.3313621925,0,509.5060331362193,1751.9812872731072
2010-01-12,676.1766967773438,-6.277403788341417,-3.010333430848135,-3.2670703574932816,HOLD,0,6095060.3313621925,0.0,6095060.3313621925,0,509.5060331362193,1802.044194905174
2010-01-13,658.9916381835938,-7.44094176219528,-3.896455097117564,-3.5444866650777156,HOLD,0,6095060.3313621925,0.0,6095060.3313621925,0,509.5060331362193,1753.7036633649236
2010-01-14,687.9735107421875,-5.955804281056885,-4.308324933905428,-1.6474793471514566,HOLD,0,6095060.3313621925,0.0,6095060.3313621925,0,509.5060331362193,1835.2279198503652
2010-01-15,693.4025268554688,-4.291278709520725,-4.304915689028488,0.01363697950776288,BUY,8700,58838.78652942926,6032601.983642578,6091440.770172007,8700,509.14407701720074,1850.4994141676466
2010-01-18,697.9335327148438,-2.57681201130697,-3.9592949534841844,1.3824829421772145,HOLD,8700,58838.78652942926,6072021.734619141,6130860.52114857,0,513.086052114857,1863.2448598965216
2010-01-19,692.9943237304688,-1.598214465747219,-3.4870788559367916,1.8888643901895725,HOLD,8700,58838.78652942926,6029050.616455078,6087889.402984507,0,508.78894029845077,1849.3511634397687
2010-01-20,677.27880859375,-2.0669530439130313,-3.2030536935320395,1.1361006496190083,HOLD,8700,58838.78652942926,5892325.634765625,5951164.421295054,0,495.11644212950546,1805.144368857519
2010-01-21,680.585205078125,-2.1468852241337117,-2.991819999652374,0.8449347755186625,HOLD,8700,58838.78652942926,5921091.2841796875,5979930.070709117,0,497.99300707091174,1814.4450624027613
2010-01-22,669.9721069335938,-3.0316731349912516,-2.99979062672015,-0.03188250827110162,SELL,0,5884098.862453502,0.0,5884098.862453502,8700,488.40988624535015,1784.5910585425668
2010-01-25,677.7686157226562,-3.068390334000128,-3.013510568176146,-0.05487976582398213,HOLD,0,5884098.862453502,0.0,5884098.862453502,0,488.40988624535015,1806.522166718048
2010-01-26,680.4627075195312,-2.8472766533133154,-2.98026378520358,0.13298713189026445,BUY,8500,96695.488729137,5783933.013916016,5880628.502645153,8500,488.0628502645153,1814.100484171474
2010-01-27,669.3598022460938,-3.5272936870857166,-3.089669765580007,-0.4376239215057094,SELL,0,5782840.072829478,0.0,5782840.072829478,8500,478.28400728294787,1782.8686824507504
2010-01-28,690.6676025390625,-2.3201059416040835,-2.9357570007848226,0.6156510591807391,BUY,8200,115967.64740467444,5663474.3408203125,5779441.988224987,8200,477.94419882249866,1842.8062373037915
2010-01-29,687.9735107421875,-1.5627769288936406,-2.6611609864065864,1.0983840575129458,HOLD,8200,115967.64740467444,5641382.7880859375,5757350.435490612,0,475.73504354906123,1835.2279198503652
2010-02-01,689.4022216796875,-0.8376473207428035,-2.29645825327383,1.4588109325310263,HOLD,8200,115967.64740467444,5653098.2177734375,5769065.865178112,0,476.90658651781115,1839.2467973979365
2010-02-02,679.7279663085938,-1.0317154656606817,-2.0435096957512005,1.0117942300905187,HOLD,8200,115967.64740467444,5573769.323730469,5689736.971135143,0,468.9736971135143,1812.0337015365774
2010-02-03,677.3196411132812,-1.3641228259413083,-1.9076323217892222,0.5435094958479139,HOLD,8200,115967.64740467444,5554021.057128906,5669988.704533581,0,466.9988704533581,1805.259228267948
2010-02-04,688.2184448242188,-0.739590144651288,-1.6740238863616355,0.9344337417103474,HOLD,8200,115967.64740467444,5643391.247558594,5759358.894963268,0,475.93588949632687,1835.916904624733
2010-02-05,699.03564453125,0.6210549827852674,-1.215008112532255,1.8360630953175223,HOLD,8200,115967.64740467444,5732092.28515625,5848059.932560924,0,484.80599325609245,1866.3450338488665
2010-02-08,698.9540405273438,1.6735002192654065,-0.6373064461727227,2.310806665438129,HOLD,8200,115967.64740467444,5731423.132324219,5847390.779728893,0,484.7390779728893,1866.1154867162154
2010-02-09,698.4641723632812,2.4399165456507035,-0.021861847808037477,2.461778393458741,HOLD,8200,115967.64740467444,5727406.213378906,5843373.860783581,0,484.3373860783581,1864.7375171674796
2010-02-10,701.4031982421875,3.247032067538953,0.6319169352613606,2.6151151322775923,HOLD,8200,115967.64740467444,5751506.2255859375,5867473.872990612,0,486.7473872990612,1873.0048193952732
2010-02-11,707.730224609375,4.3471043710442245,1.3749544224179335,2.9721499486262912,HOLD,8200,115967.64740467444,5803387.841796875,5919355.489201549,0,491.935548920155,1890.8023623009612
2010-02-12,706.5464477539062,5.065012388214086,2.112966015577164,2.952046372636922,HOLD,8200,115967.64740467444,5793680.871582031,5909648.518986706,0,490.9648518986706,1887.4724695277575
2010-02-22,690.1777954101562,4.263993555005754,2.5431715234628824,1.720822031542872,HOLD,8200,115967.64740467444,5659457.922363281,5775425.569767956,0,477.5425569767956,1841.4284394432623
2010-02-23,680.6668090820312,2.8291110178552117,2.6003594223413486,0.22875159551386304,HOLD,8200,115967.64740467444,5581467.834472656,5697435.481877331,0,469.74354818773304,1814.6746095354129
2010-02-24,685.4427490234375,2.0536613784580595,2.491019813564691,-0.4373584351066313,SELL,0,5733225.811071666,0.0,5733225.811071666,8200,473.32258110716657,1828.1090400386556
2010-02-25,686.789794921875,1.5301684690796264,2.298849544667678,-0.7686810755880518,HOLD,0,5733225.811071666,0.0,5733225.811071666,0,473.32258110716657,1831.8981987653685
2010-02-26,681.0341796875,0.6434492368349538,1.9677694831011334,-1.3243202462661796,HOLD,0,5733225.811071666,0.0,5733225.811071666,0,473.32258110716657,1815.7080008528612
2010-03-01,678.5850219726562,-0.25398096780963897,1.523419392918979,-1.777400360728618,HOLD,0,5733225.811071666,0.0,5733225.811071666,0,473.32258110716657,1808.818668173803
2010-03-02,675.9725952148438,-1.1626001462278737,0.9862154850896085,-2.148815631317482,HOLD,0,5733225.811071666,0.0,5733225.811071666,0,473.32258110716657,1801.470069541235
2010-03-03,676.2174682617188,-1.8416982321754176,0.42063274163660336,-2.2623309738120208,HOLD,0,5733225.811071666,0.0,5733225.811071666,0,473.32258110716657,1802.1588826273962
2010-03-04,674.0948486328125,-2.522092905441127,-0.16791238777894277,-2.3541805176621846,HOLD,0,5733225.811071666,0.0,5733225.811071666,0,473.32258110716657,1796.188081855357
2010-03-05,671.1150512695312,-3.2641284886267385,-0.7871556079485019,-2.4769728806782365,HOLD,0,5733225.811071666,0.0,5733225.811071666,0,473.32258110716657,1787.806091905341
2010-03-08,666.09423828125,-4.208818047297427,-1.471488095818287,-2.7373299514791403,HOLD,0,5733225.811071666,0.0,5733225.811071666,0,473.32258110716657,1773.682848315937
2010-03-09,666.0534057617188,-4.904252995993033,-2.1580410758532365,-2.746211920139797,HOLD,0,5733225.811071666,0.0,5733225.811071666,0,473.32258110716657,1773.5679889055082
2010-03-10,668.0535888671875,-5.233661747999236,-2.7731652102824365,-2.460496537716799,HOLD,0,5733225.811071666,0.0,5733225.811071666,0,473.32258110716657,1779.1943831344663
2010-03-11,665.4003295898438,-5.643758669866315,-3.3472839021992122,-2.296474767667103,HOLD,0,5733225.811071666,0.0,5733225.811071666,0,473.32258110716657,1771.7309250914695
2010-03-12,660.9509887695312,-6.255676509760065,-3.928962423711383,-2.3267140860486815,HOLD,0,5733225.811071666,0.0,5733225.811071666,0,473.32258110716657,1759.215198183453
2010-03-15,647.8070678710938,-7.712327464426721,-4.685635431854451,-3.02669203257227,HOLD,0,5733225.811071666,0.0,5733225.811071666,0,473.32258110716657,1722.2421428233417
2010-03-16,648.7867431640625,-8.687537705089085,-5.486015886501378,-3.2015218185877066,HOLD,0,5733225.811071666,0.0,5733225.811071666,0,473.32258110716657,1724.9979102326065
2010-03-17,655.1953735351562,-8.841358260562515,-6.157084361313606,-2.6842738992489092,HOLD,0,5733225.811071666,0.0,5733225.811071666,0,473.32258110716657,1743.0250002709454
2010-03-18,646.623291015625,-9.544929571844023,-6.83465340341969,-2.7102761684243326,HOLD,0,5733225.811071666,0.0,5733225.811071666,0,473.32258110716657,1718.9122500501385
2010-03-19,648.0519409179688,-9.87342015603042,-7.442406753941836,-2.431013402088584,HOLD,0,5733225.811071666,0.0,5733225.811071666,0,473.32258110716657,1722.930955909503
2010-03-22,644.94970703125,-10.265738614307566,-8.007073126014983,-2.258665488292582,HOLD,0,5733225.811071666,0.0,5733225.811071666,0,473.32258110716657,1714.204559416406
2010-03-23,642.0106811523438,-10.690574358405456,-8.543773372493078,-2.1468009859123782,HOLD,0,5733225.811071666,0.0,5733225.811071666,0,473.32258110716657,1705.9372571886122
2010-03-24,649.6439208984375,-10.292673558697857,-8.893553409734034,-1.3991201489638225,HOLD,0,5733225.811071666,0.0,5733225.811071666,0,473.32258110716657,1727.4090994105836
2010-03-25,644.54150390625,-10.270662908062263,-9.16897530939968,-1.1016875986625827,HOLD,0,5733225.811071666,0.0,5733225.811071666,0,473.32258110716657,1713.0563086885286
2010-03-26,651.7257080078125,-9.563274602077058,-9.247835167935156,-0.31543943414190245,HOLD,0,5733225.811071666,0.0,5733225.811071666,0,473.32258110716657,1733.2650407721935
2010-03-29,660.1345825195312,-8.229276400133017,-9.044123414374729,0.8148470142417121,BUY,8500,118715.17328480072,5611143.951416016,5729859.124700816,8500,472.98591247008164,1756.918696727698
2010-03-30,653.1544189453125,-7.647162351537531,-8.76473120180729,1.117568850269759,HOLD,8500,118715.17328480072,5551812.561035156,5670527.734319957,0,467.05277343199566,1737.2839183197648
2010-03-31,648.0519409179688,-7.510978226169186,-8.51398060667967,1.003002380510484,HOLD,8500,118715.17328480072,5508441.497802734,5627156.671087535,0,462.7156671087535,1722.930955909503
2010-04-01,653.3585205078125,-6.895369178030819,-8.1902583209499,1.2948891429190805,HOLD,8500,118715.17328480072,5553547.424316406,5672262.597601207,0,467.2262597601207,1737.8580436837037
2010-04-02,623.029541015625,-8.753880462449843,-8.302982749249889,-0.45089771319995364,SELL,0,5411288.821258433,0.0,5411288.821258433,8500,441.12888212584335,1652.5444567833422
2010-04-06,619.8048095703125,-10.367463259698184,-8.715878851339548,-1.6515844083586355,HOLD,0,5411288.821258433,0.0,5411288.821258433,0,441.12888212584335,1643.4734820589579
2010-04-07,620.9885864257812,-11.419086234773317,-9.256520328026303,-2.162565906747014,HOLD,0,5411288.821258433,0.0,5411288.821258433,0,441.12888212584335,1646.8033748321614
2010-04-08,614.3757934570312,-12.640391580447272,-9.933294578510496,-2.7070970019367753,HOLD,0,5411288.821258433,0.0,5411288.821258433,0,441.12888212584335,1628.2019877416765
2010-04-09,608.7835083007812,-13.899312914104144,-10.726498245629227,-3.172814668474917,HOLD,0,5411288.821258433,0.0,5411288.821258433,0,441.12888212584335,1612.4712274708854
2010-04-12,601.2318725585938,-15.329660252794952,-11.647130647062372,-3.6825296057325794,HOLD,0,5411288.821258433,0.0,5411288.821258433,0,441.12888212584335,1591.2289323815653
2010-04-13,611.8041381835938,-15.432234154871253,-12.404151348624149,-3.028082806247104,HOLD,0,5411288.821258433,0.0,5411288.821258433,0,441.12888212584335,1620.9680768313308
2010-04-14,614.4166259765625,-15.128328822245521,-12.948986843348424,-2.1793419788970976,HOLD,0,5411288.821258433,0.0,5411288.821258433,0,441.12888212584335,1628.3168471521058
2010-04-15,602.0074462890625,-15.707729817940617,-13.500735438266863,-2.2069943796737537,HOLD,0,5411288.821258433,0.0,5411288.821258433,0,441.12888212584335,1593.4105744268911
2010-04-16,604.0484619140625,-15.81985493772504,-13.9645593381585,-1.8552955995665403,HOLD,0,5411288.821258433,0.0,5411288.821258433,0,441.12888212584335,1599.1518280662788
2010-04-19,596.6192626953125,-16.320061679362766,-14.435659806399354,-1.8844018729634122,HOLD,0,5411288.821258433,0.0,5411288.821258433,0,441.12888212584335,1578.2539395200392
2010-04-20,585.8428955078125,-17.38563116222008,-15.0256540775635,-2.3599770846565793,HOLD,0,5411288.821258433,0.0,5411288.821258433,0,441.12888212584335,1547.9406697063346
2010-04-21,604.2117309570312,-16.557031990022892,-15.33192966005538,-1.2251023299675126,HOLD,0,5411288.821258433,0.0,5411288.821258433,0,441.12888212584335,1599.6110940197887
2010-04-22,606.4159545898438,-15.543324975683618,-15.37420872318103,-0.16911625250258844,HOLD,0,5411288.821258433,0.0,5411288.821258433,0,441.12888212584335,1605.811441924479
2010-04-23,587.1082763671875,-16.112191817245844,-15.521805341993993,-0.5903864752518508,HOLD,0,5411288.821258433,0.0,5411288.821258433,0,441.12888212584335,1551.5001096121896
2010-04-26,558.9428100585938,-18.62108831525518,-16.14166193664623,-2.4794263786089488,HOLD,0,5411288.821258433,0.0,5411288.821258433,0,441.12888212584335,1472.272354582503
2010-04-27,542.6965942382812,-21.67053625445817,-17.247436800208618,-4.423099454249552,HOLD,0,5411288.821258433,0.0,5411288.821258433,0,441.12888212584335,1426.5727310410882
2010-04-28,539.349365234375,-24.079762608795363,-18.61390196192597,-5.465860646869395,HOLD,0,5411288.821258433,0.0,5411288.821258433,0,441.12888212584335,1417.157178085417
2010-04-29,548.0031127929688,-25.00259242465563,-19.891640054471903,-5.110952370183728,HOLD,0,5411288.821258433,0.0,5411288.821258433,0,441.12888212584335,1441.4996471270822
2010-04-30,526.6953125,-27.140444954188524,-21.341401034415227,-5.799043919773297,HOLD,0,5411288.821258433,0.0,5411288.821258433,0,441.12888212584335,1381.5620922740416
2010-05-04,525.1033325195312,-28.63310337372684,-22.799741502277552,-5.833361871449288,HOLD,0,5411288.821258433,0.0,5411288.821258433,0,441.12888212584335,1377.0839487729604
2010-05-05,533.8795776367188,-28.776162600498537,-23.99502572192175,-4.781136878576788,HOLD,0,5411288.821258433,0.0,5411288.821258433,0,441.12888212584335,1401.7709960459133
2010-05-06,519.8375854492188,-29.680471484288432,-25.132114874395086,-4.548356609893347,HOLD,0,5411288.821258433,0.0,5411288.821258433,0,441.12888212584335,1362.271720409189
2010-05-07,530.6956176757812,-29.18456879130065,-25.9426056577762,-3.2419631335244503,HOLD,0,5411288.821258433,0.0,5411288.821258433,0,441.12888212584335,1392.8147090437515
2010-05-10,545.1049194335938,-27.313993392566772,-26.216883204734316,-1.097110187832456,HOLD,0,5411288.821258433,0.0,5411288.821258433,0,441.12888212584335,1433.3472043097174
2010-05-11,545.5947875976562,-25.498094484259582,-26.07312546063937,0.5750309763797894,BUY,9800,61251.805450327694,5346828.918457031,5408080.723907359,9800,440.8080723907359,1434.7251738584532
2010-05-12,543.6354370117188,-23.94110656028454,-25.646721680568405,1.7056151202838663,HOLD,9800,61251.805450327694,5327627.282714844,5388879.088165171,0,438.88790881651715,1429.2136390399237
2010-05-13,550.533935546875,-21.89810352803761,-24.896998050062248,2.9988945220246386,HOLD,9800,61251.805450327694,5395232.568359375,5456484.373809703,0,445.6484373809703,1448.6186986269986
2010-05-14,550.8604736328125,-20.0218604671079,-23.92197053347138,3.9001100663634816,HOLD,9800,61251.805450327694,5398432.6416015625,5459684.44705189,0,445.968444705189,1449.537230534018
2010-05-17,529.83837890625,-20.0006763324061,-23.137711693258325,3.1370353608522237,HOLD,9800,61251.805450327694,5192416.11328125,5253667.918731578,0,425.3667918731578,1390.4033481775673
2010-05-18,531.1038208007812,-19.65520420870382,-22.441210196347427,2.7860059876436054,HOLD,9800,61251.805450327694,5204817.443847656,5266069.249297984,0,426.60692492979837,1393.962959771629
2010-05-19,529.9608764648438,-19.251719281505302,-21.803312013379003,2.5515927318737006,HOLD,9800,61251.805450327694,5193616.589355469,5254868.394805796,0,425.4868394805796,1390.7479264088547
2010-05-20,536.6961059570312,-18.17892253538878,-21.078434117780958,2.8995115823921793,HOLD,9800,61251.805450327694,5259621.838378906,5320873.643829234,0,432.0873643829234,1409.69372004242
2010-05-21,547.83984375,-16.242285915654634,-20.111204477355695,3.8689185617010615,HOLD,9800,61251.805450327694,5368830.46875,5430082.274200328,0,443.00822742003277,1441.0403811735725
2010-05-24,555.0241088867188,-13.96677697571829,-18.882318977028216,4.915542001309927,HOLD,9800,61251.805450327694,5439236.267089844,5500488.072540171,0,450.0488072540171,1461.2492849454445
2010-05-25,535.7572631835938,-13.561761629000785,-17.81820750742273,4.256445878421946,HOLD,9800,61251.805450327694,5250421.179199219,5311672.984649546,0,431.1672984649546,1407.0528120435845
2010-05-26,538.5737915039062,-12.865211600989142,-16.827608326136012,3.9623967251468706,HOLD,9800,61251.805450327694,5278023.156738281,5339274.962188609,0,433.92749621886094,1414.975536040091
2010-05-27,538.5737915039062,-12.172869424045643,-15.896660545717939,3.7237911216722956,HOLD,9800,61251.805450327694,5278023.156738281,5339274.962188609,0,433.92749621886094,1414.975536040091
2010-05-28,538.5737915039062,-11.491713935853,-15.015671223744953,3.523957287891953,HOLD,9800,61251.805450327694,5278023.156738281,5339274.962188609,0,433.92749621886094,1414.975536040091
2010-05-31,538.328857421875,-10.846624304230431,-14.18186183984205,3.3352375356116184,HOLD,9800,61251.805450327694,5275622.802734375,5336874.608184703,0,433.68746081847024,1414.2865512657231
2010-06-01,541.390380859375,-9.973379853623214,-13.340165442598284,3.3667855889750697,HOLD,9800,61251.805450327694,5305625.732421875,5366877.537872203,0,436.68775378722023,1422.8984317248044
2010-06-02,547.6357421875,-8.677351760976535,-12.407602706273934,3.7302509452973993,HOLD,9800,61251.805450327694,5366830.2734375,5428082.078887828,0,442.80820788878276,1440.4662558096338
2010-06-03,551.1870727539062,-7.2797609108878305,-11.382034347196715,4.102273436308884,HOLD,9800,61251.805450327694,5401633.312988281,5462885.118438609,0,446.28851184386093,1450.455934129244
2010-06-04,563.80029296875,-5.095639277173973,-10.124755333192168,5.029116056018195,HOLD,9800,61251.805450327694,5525242.87109375,5586494.676544078,0,458.6494676544078,1485.9361605301904
2010-06-07,575.80126953125,-2.369020046034393,-8.573608275760613,6.20458822972622,HOLD,9800,61251.805450327694,5642852.44140625,5704104.246856578,0,470.4104246856578,1519.6941825275271
2010-06-08,571.9642333984375,-0.5118708807102621,-6.961260796750543,6.449389916040281,HOLD,9800,61251.805450327694,5605249.4873046875,5666501.292755015,0,466.6501292755015,1508.9008317113269
2010-06-09,577.2708129882812,1.3723106933712188,-5.294546498726191,6.66685719209741,HOLD,9800,61251.805450327694,5657253.967285156,5718505.772735484,0,471.8505772735484,1523.8279194855277
2010-06-10,576.9850463867188,2.810086263898711,-3.673619946201211,6.483706210099922,HOLD,9800,61251.805450327694,5654453.454589844,5715705.260040171,0,471.57052600401715,1523.0240753007308
2010-06-11,566.2086791992188,3.0448716074585036,-2.3299216354692684,5.3747932429277725,HOLD,9800,61251.805450327694,5548845.056152344,5610096.861602671,0,461.00968616026717,1492.7108054870264
2010-06-17,557.1058959960938,2.4679728990870444,-1.3703427285580059,3.8383156276450503,HOLD,9800,61251.805450327694,5459637.780761719,5520889.586212046,0,452.08895862120465,1467.1052263070542
2010-06-18,539.8800048828125,0.6137165242427045,-0.9735308779978639,1.5872474022405685,HOLD,9800,61251.805450327694,5290824.0478515625,5352075.85330189,0,435.2075853301891,1418.6498353563748
2010-06-21,548.7786865234375,-0.13617602060537592,-0.8060599065193663,0.6698838859139904,HOLD,9800,61251.805450327694,5378031.1279296875,5439282.933380015,0,443.92829333800154,1443.681289172408
2010-06-22,539.5942993164062,-1.4548044751571751,-0.9358088202469281,-0.518995654910247,SELL,0,5346103.124271128,0.0,5346103.124271128,9800,434.6103124271129,1417.8461628597847
2010-06-23,537.5941162109375,-2.630897734571022,-1.274826603111747,-1.3560711314592748,HOLD,0,5346103.124271128,0.0,5346103.124271128,0,434.6103124271129,1412.2197686308261
2010-06-24,530.5323486328125,-4.085688468440026,-1.8369989761774028,-2.248689492262623,HOLD,0,5346103.124271128,0.0,5346103.124271128,0,434.6103124271129,1392.3554430902418
2010-06-25,532.7774047851562,-4.9998284276268805,-2.4695648664672984,-2.530263561159582,HOLD,0,5346103.124271128,0.0,5346103.124271128,0,434.6103124271129,1398.6706504053614
2010-06-28,522.5316772460938,-6.476379841187054,-3.27092786141125,-3.205451979775804,HOLD,0,5346103.124271128,0.0,5346103.124271128,0,434.6103124271129,1369.8500378626147
2010-06-29,515.4290771484375,-8.126006399872722,-4.241943569103545,-3.884062830769177,HOLD,0,5346103.124271128,0.0,5346103.124271128,0,434.6103124271129,1349.870852911601
2010-06-30,519.87841796875,-8.97091162799336,-5.187737180881508,-3.7831744471118514,HOLD,0,5346103.124271128,0.0,5346103.124271128,0,434.6103124271129,1362.386579819618
2010-07-01,518.4905395507812,-9.641355750284788,-6.078460894762165,-3.5628948555226234,HOLD,0,5346103.124271128,0.0,5346103.124271128,0,434.6103124271129,1358.4825616824758
2010-07-02,521.1846313476562,-9.841846178536912,-6.831137951517115,-3.010708227019797,HOLD,0,5346103.124271128,0.0,5346103.124271128,0,434.6103124271129,1366.0608791359018
2010-07-05,518.3418579101562,-10.113541732112935,-7.48761870763628,-2.6259230244766556,HOLD,0,5346103.124271128,0.0,5346103.124271128,0,434.6103124271129,1358.0643292104198
2010-07-06,525.7167358398438,-9.622845231468318,-7.914664012402688,-1.7081812190656303,HOLD,0,5346103.124271128,0.0,5346103.124271128,0,434.6103124271129,1378.8094152525011
2010-07-07,524.5631103515625,-9.220761456735318,-8.175883501269213,-1.044877955466104,HOLD,0,5346103.124271128,0.0,5346103.124271128,0,434.6103124271129,1375.564336453516
2010-07-08,528.6831665039062,-8.47199320561242,-8.235105442137856,-0.23688776347456475,HOLD,0,5346103.124271128,0.0,5346103.124271128,0,434.6103124271129,1387.1538054852022
2010-07-09,539.9720458984375,-6.88826709470618,-7.965737772651521,1.0774706779453416,BUY,9800,51202.03883655835,5291726.0498046875,5342928.088641246,9800,434.2928088641246,1418.9087411724095
2010-07-12,538.530029296875,-5.6839899322152405,-7.5093882045642655,1.825398272349025,HOLD,9800,51202.03883655835,5277594.287109375,5328796.325945933,0,432.8796325945933,1414.8524355957295
2010-07-13,533.7507934570312,-5.056942707433905,-7.0188991051381935,1.9619563977042889,HOLD,9800,51202.03883655835,5230757.775878906,5281959.814715465,0,428.1959814715465,1401.4087339293133
2010-07-14,536.5936279296875,-4.281258596667499,-6.471371003444055,2.1901124067765565,HOLD,9800,51202.03883655835,5258617.5537109375,5309819.592547496,0,430.98195925474954,1409.405455543002
2010-07-15,543.1444702148438,-3.102165295152531,-5.797529861785751,2.69536456663322,HOLD,9800,51202.03883655835,5322815.808105469,5374017.846942027,0,437.4017846942027,1427.8325791034636
2010-07-16,551.3021240234375,-1.492268925528947,-4.936477674534391,3.444208749005444,HOLD,9800,51202.03883655835,5402760.8154296875,5453962.854266246,0,445.3962854266246,1450.7795663992872
2010-07-19,559.5010375976562,0.4400961953449496,-3.861162900558523,4.301259095903473,HOLD,9800,51202.03883655835,5483110.168457031,5534312.20729359,0,453.4312207293589,1473.8426149229888
2010-07-20,562.42626953125,2.1823939662839393,-2.652451527190031,4.834845493473971,HOLD,9800,51202.03883655835,5511777.44140625,5562979.480242808,0,456.29794802428086,1482.071115616019
2010-07-21,568.0706787109375,3.9728377502563035,-1.327393671700764,5.300231421957068,HOLD,9800,51202.03883655835,5567092.6513671875,5618294.690203746,0,461.82946902037463,1497.948497615519
2010-07-22,568.4003295898438,5.3566295286060495,0.009410968360598678,5.347218560245451,HOLD,9800,51202.03883655835,5570323.229980469,5621525.268817027,0,462.1525268817027,1498.8757856210912
2010-07-23,579.7304077148438,7.283576561175096,1.464244086923498,5.819332474251597,HOLD,9800,51202.03883655835,5681357.995605469,5732560.034442027,0,473.25600344420275,1530.7466108479691
2010-07-26,580.7604370117188,8.79245675497657,2.9298866205341123,5.862570134442457,HOLD,9800,51202.03883655835,5691452.282714844,5742654.321551402,0,474.2654321551402,1533.6440210279425
2010-07-27,585.0452270507812,10.216235522410216,4.387156400909333,5.829079121500882,HOLD,9800,51202.03883655835,5733443.225097656,5784645.263934215,0,478.4645263934214,1545.6968765301042
2010-07-28,588.9180908203125,11.524253768853214,5.81457587449811,5.709677894355104,HOLD,9800,51202.03883655835,5771397.2900390625,5822599.328875621,0,482.2599328875621,1556.5910083237661
2010-07-29,574.4155883789062,11.260829080354824,6.903826515669453,4.357002564685371,HOLD,9800,51202.03883655835,5629272.766113281,5680474.80494984,0,468.047480494984,1515.7963451658343
2010-07-30,571.3255004882812,10.679610941904684,7.6589834009165,3.020627540988184,HOLD,9800,51202.03883655835,5598989.904785156,5650191.943621715,0,465.01919436217145,1507.1041146259145
2010-08-02,591.4313354492188,11.706419907901363,8.468470702313473,3.2379492055878902,HOLD,9800,51202.03883655835,5796027.087402344,5847229.126238902,0,484.72291262389024,1563.66061362009
2010-08-03,586.116455078125,11.953514311396702,9.165479424130119,2.7880348872665834,HOLD,9800,51202.03883655835,5743941.259765625,5795143.298602183,0,479.5143298602183,1548.7101762497482
2010-08-04,593.3677368164062,12.589334232728675,9.850250385849831,2.7390838468788434,HOLD,9800,51202.03883655835,5815003.820800781,5866205.85963734,0,486.620585963734,1569.1075936728175
2010-08-05,610.4246826171875,14.304683588447347,10.741137026369335,3.5635465620780113,HOLD,9800,51202.03883655835,5982161.8896484375,6033363.928484996,0,503.3363928484996,1617.0877516667438
2010-08-06,610.5894775390625,15.498747965317193,11.692659214158908,3.806088751158285,HOLD,9800,51202.03883655835,5983776.8798828125,6034978.918719371,0,503.49789187193704,1617.5513098254264
2010-08-09,624.6387939453125,17.37838776917181,12.82980492516149,4.548582844010319,HOLD,9800,51202.03883655835,6121460.1806640625,6172662.219500621,0,517.2662219500621,1657.0711880469812
2010-08-10,604.6566162109375,17.0589758558408,13.675639111297352,3.3833367445434472,HOLD,9800,51202.03883655835,5925634.8388671875,5976836.877703746,0,497.68368777037455,1600.8625293600246
2010-08-11,609.1474609375,16.972564097306304,14.335024108499143,2.637539988807161,HOLD,9800,51202.03883655835,5969645.1171875,6020847.156024058,0,502.0847156024058,1613.4950042487467
2010-08-12,613.555908203125,17.0631140501589,14.880642096831096,2.1824719533278056,HOLD,9800,51202.03883655835,6012847.900390625,6064049.939227183,0,506.4049939227183,1625.8957000581272
2010-08-13,619.6123657226562,17.422742515631057,15.38906218059109,2.0336803350399677,HOLD,9800,51202.03883655835,6072201.184082031,6123403.22291859,0,512.340322291859,1642.9321491425408
2010-08-16,629.9536743164062,18.33090063120744,15.977429870714362,2.35347076049308,HOLD,9800,51202.03883655835,6173546.008300781,6224748.04713734,0,522.4748047137339,1672.021625417323
2010-08-17,638.9765625,19.553295925792327,16.692603081729956,2.8606928440623705,HOLD,9800,51202.03883655835,6261970.3125,6313172.351336558,0,531.3172351336559,1697.4024647344374
2010-08-18,629.7064819335938,19.54868984729751,17.263820434843467,2.284869412454043,HOLD,9800,51202.03883655835,6171123.522949219,6222325.561785777,0,522.2325561785776,1671.3262881792994
2010-08-19,623.19677734375,18.803011330229424,17.571658613920658,1.2313527163087663,HOLD,9800,51202.03883655835,6107328.41796875,6158530.456805308,0,515.8530456805308,1653.0148824703015
2010-08-20,613.4323120117188,17.22557923105137,17.5024427373468,-0.276863506295431,SELL,0,6059231.714556773,0.0,6059231.714556773,9800,505.92317145567733,1625.5480314391154
2010-08-23,620.9719848632812,16.39485186821821,17.280924563521083,-0.8860726953028717,HOLD,0,6059231.714556773,0.0,6059231.714556773,0,505.92317145567733,1646.7566756398792
2010-08-24,623.8560180664062,15.787226504786645,16.982184951774197,-1.1949584469875525,HOLD,0,6059231.714556773,0.0,6059231.714556773,0,505.92317145567733,1654.8692867932389
2010-08-25,617.1403198242188,14.595530118051329,16.504853985029623,-1.9093238669782941,HOLD,0,6059231.714556773,0.0,6059231.714556773,0,505.92317145567733,1635.978433385888
2010-08-26,619.5299682617188,13.686161256015907,15.94111543922688,-2.254954183210973,HOLD,0,6059231.714556773,0.0,6059231.714556773,0,505.92317145567733,1642.7003700631997
2010-08-27,622.372802734375,13.044503943054679,15.361793139992441,-2.3172891969377627,HOLD,0,6059231.714556773,0.0,6059231.714556773,0,505.92317145567733,1650.6970916768882
2010-08-30,658.4642944335938,15.272219016392341,15.343878315272422,-0.07165929888008016,HOLD,0,6059231.714556773,0.0,6059231.714556773,0,505.92317145567733,1752.2202772571393
2010-08-31,656.0335083007812,16.64962858158765,15.605028368535468,1.0446002130521812,BUY,9100,85744.84606434219,5969904.925537109,6055649.771601452,9100,505.5649771601452,1745.382622728364
2010-09-01,646.3513793945312,16.766692703317972,15.83736123549197,0.9293314678260014,HOLD,9100,85744.84606434219,5881797.552490234,5967542.398554577,0,496.7542398554577,1718.1473790883122
2010-09-02,659.1647338867188,17.68948412338591,16.20778581307076,1.4816983103151493,HOLD,9100,85744.84606434219,5998399.078369141,6084143.924433483,0,508.4143924433483,1754.1905711197473
2010-09-03,670.0004272460938,19.07526508659862,16.781281667776334,2.293983418822286,HOLD,9100,85744.84606434219,6097003.887939453,6182748.734003795,0,518.2748734003795,1784.6707218705774
2010-09-06,686.892578125,21.291130981602805,17.68325153054163,3.6078794510611765,HOLD,9100,85744.84606434219,6250722.4609375,6336467.307001842,0,533.6467307001842,1832.1873217058212
2010-09-07,680.9185180664062,22.308011082910866,18.608203441015476,3.69980764189539,HOLD,9100,85744.84606434219,6196358.514404297,6282103.360468639,0,528.2103360468639,1815.3826517007487
2010-09-08,685.9037475585938,23.24817179319382,19.536197111451145,3.7119746817426744,HOLD,9100,85744.84606434219,6241724.102783203,6327468.948847545,0,532.7468948847545,1829.4058010655185
2010-09-09,687.5929565429688,23.854580225437417,20.399873734248402,3.4547064911890146,HOLD,9100,85744.84606434219,6257095.904541016,6342840.750605358,0,534.2840750605358,1834.1574438802222
2010-09-10,698.3050537109375,24.912365748709135,21.30237213714055,3.6099936115685836,HOLD,9100,85744.84606434219,6354575.988769531,6440320.834833873,0,544.0320834833874,1864.2899260120403
2010-09-13,695.3798217773438,25.223861651171433,22.08667003994673,3.1371916112247042,HOLD,9100,85744.84606434219,6327956.378173828,6413701.22423817,0,541.370122423817,1856.06142531901
2010-09-14,689.240966796875,24.690750503363233,22.60748613263003,2.083264370733204,HOLD,9100,85744.84606434219,6272092.7978515625,6357837.643915905,0,535.7837643915905,1838.793197155255
2010-09-15,669.2999877929688,22.400961387209122,22.56618118354585,-0.16521979633672856,SELL,0,6172720.357047008,0.0,6172720.357047008,9100,517.2720357047008,1782.7004280079695
2010-09-16,656.4866943359375,19.32954238638831,21.918853424114346,-2.589311037726034,HOLD,0,6172720.357047008,0.0,6172720.357047008,0,517.2720357047008,1746.6574076647412
2010-09-17,666.6632080078125,17.514681953457398,21.038019129982956,-3.5233371765255583,HOLD,0,6172720.357047008,0.0,6172720.357047008,0,517.2720357047008,1775.2833257808404
2010-09-20,678.3640747070312,16.826587710461013,20.19573284607857,-3.3691451356175577,HOLD,0,6172720.357047008,0.0,6172720.357047008,0,517.2720357047008,1808.1971568647543
2010-09-21,684.2557373046875,16.565716727750328,19.469729622412924,-2.9040128946625963,HOLD,0,6172720.357047008,0.0,6172720.357047008,0,517.2720357047008,1824.7700477904853
2010-09-27,695.5858764648438,17.076376298485116,18.991058957627363,-1.9146826591422474,HOLD,0,6172720.357047008,0.0,6172720.357047008,0,517.2720357047008,1856.6410447055703
2010-09-28,703.6199340820312,17.922756611987666,18.777398488499426,-0.85464187651176,HOLD,0,6172720.357047008,0.0,6172720.357047008,0,517.2720357047008,1879.240363382382
2010-09-29,688.7053833007812,17.191862417942843,18.460291274388112,-1.2684288564452686,HOLD,0,6172720.357047008,0.0,6172720.357047008,0,517.2720357047008,1837.286633139537
2010-09-30,695.173828125,16.93930715311103,18.156094450132695,-1.2167872970216642,HOLD,0,6172720.357047008,0.0,6172720.357047008,0,517.2720357047008,1855.4819776206568
2010-10-08,714.9500122070312,18.125983015947668,18.15007216329569,-0.02408914734802181,HOLD,0,6172720.357047008,0.0,6172720.357047008,0,517.2720357047008,1911.1111886092601
2010-10-11,691.3422241210938,16.965908553867962,17.913239441410145,-0.9473308875421829,HOLD,0,6172720.357047008,0.0,6172720.357047008,0,517.2720357047008,1844.7039070548722
2010-10-12,686.398193359375,15.469279002256826,17.42444735357948,-1.955168351322655,HOLD,0,6172720.357047008,0.0,6172720.357047008,0,517.2720357047008,1830.7966472297733
2010-10-13,663.325927734375,12.279895297977419,16.39553694245907,-4.115641644481652,HOLD,0,6172720.357047008,0.0,6172720.357047008,0,517.2720357047008,1765.895758002897
2010-10-14,652.7786865234375,8.799773207450244,14.876384195457305,-6.076610988007062,HOLD,0,6172720.357047008,0.0,6172720.357047008,0,517.2720357047008,1736.2270057179685
2010-10-15,659.12353515625,6.479041281507193,13.196915612667283,-6.71787433116009,HOLD,0,6172720.357047008,0.0,6172720.357047008,0,517.2720357047008,1754.0746815800767
2010-10-18,669.1763916015625,5.388906055605162,11.635313701254859,-6.246407645649697,HOLD,0,6172720.357047008,0.0,6172720.357047008,0,517.2720357047008,1782.3527593889573
2010-10-19,672.678466796875,4.752767292423641,10.258804419488616,-5.506037127064975,HOLD,0,6172720.357047008,0.0,6172720.357047008,0,517.2720357047008,1792.2038853255835
2010-10-20,689.7354125976562,5.560873427401589,9.31921822107121,-3.7583447936696217,HOLD,0,6172720.357047008,0.0,6172720.357047008,0,517.2720357047008,1840.1840433195098
2010-10-21,689.9826049804688,6.1503522881653225,8.685445034490034,-2.535092746324711,HOLD,0,6172720.357047008,0.0,6172720.357047008,0,517.2720357047008,1840.879380557534
2010-10-22,692.6194458007812,6.752451491943475,8.298846325980723,-1.5463948340372475,HOLD,0,6172720.357047008,0.0,6172720.357047008,0,517.2720357047008,1848.2966544728692
2010-10-25,712.7664184570312,8.754396533100817,8.389956367404741,0.3644401656960756,BUY,8500,110570.69142811187,6058514.556884766,6169085.2483128775,8500,516.9085248312878,1904.9688713185085
2010-10-26,696.3274536132812,8.911736375154533,8.4943123689547,0.4174240061998322,HOLD,8500,110570.69142811187,5918783.355712891,6029354.0471410025,0,502.9354047141003,1858.727056419642
2010-10-27,692.7842407226562,8.650800620529594,8.52561001926968,0.12519060125991466,HOLD,8500,110570.69142811187,5888666.046142578,5999236.73757069,0,499.92367375706897,1848.7602126315523
2010-10-28,688.2109985351562,7.982962112683481,8.41708043795244,-0.43411832526896,SELL,0,5956854.30288441,0.0,5956854.30288441,8500,495.685430288441,1835.895958663489
2010-10-29,672.1840209960938,6.090247556551958,7.951713861672345,-1.8614663051203868,HOLD,0,5956854.30288441,0.0,5956854.30288441,0,495.685430288441,1790.8130391613288
2010-11-01,674.697265625,4.7384337572556205,7.309057840789,-2.57062408353338,HOLD,0,5956854.30288441,0.0,5956854.30288441,0,495.685430288441,1797.8826444576525
2010-11-02,670.2064208984375,3.267077112870311,6.500661695205263,-3.2335845823349523,HOLD,0,5956854.30288441,0.0,5956854.30288441,0,495.685430288441,1785.2501695689305
2010-11-03,673.008056640625,2.300565475046483,5.660642451173508,-3.360076976127025,HOLD,0,5956854.30288441,0.0,5956854.30288441,0,495.685430288441,1793.1310016429488
2010-11-04,680.0120849609375,2.0758356478869473,4.943681090516196,-2.867845442629249,HOLD,0,5956854.30288441,0.0,5956854.30288441,0,495.685430288441,1812.8329101397874
2010-11-05,675.6036376953125,1.524438016838758,4.2598324757807084,-2.7353944589419505,HOLD,0,5956854.30288441,0.0,5956854.30288441,0,495.685430288441,1800.4322143304069
2010-11-08,673.5848388671875,0.9140150316731024,3.5906689869591872,-2.676653955286085,HOLD,0,5956854.30288441,0.0,5956854.30288441,0,495.685430288441,1794.753455198338
2010-11-09,683.349365234375,1.2042838557016466,3.113391960707679,-1.9091081050060326,HOLD,0,5956854.30288441,0.0,5956854.30288441,0,495.685430288441,1822.2204779177312
2010-11-10,740.4942626953125,5.976545736303592,3.686022715826862,2.29052302047673,BUY,7900,103439.68478626572,5849904.675292969,5953344.3600792345,7900,495.33443600792344,1982.9656219045823
2010-11-11,724.7969360351562,8.39518017429782,4.627854207521054,3.7673259667767667,HOLD,7900,103439.68478626572,5725895.794677734,5829335.479464,0,482.93354794640004,1938.8099904079943
2010-11-12,731.43017578125,10.723597446781582,5.84700285537316,4.8765945914084226,HOLD,7900,103439.68478626572,5778298.388671875,5881738.073458141,0,488.17380734581405,1957.468893047797
2010-11-15,756.8095703125,14.45021684000369,7.567645652299266,6.882571187704425,HOLD,7900,103439.68478626572,5978795.60546875,6082235.290255016,0,508.22352902550153,2028.85959649623
2010-11-16,730.0293579101562,15.068944812967743,9.067905484432961,6.001039328534782,HOLD,7900,103439.68478626572,5767231.927490234,5870671.6122765,0,487.06716122765005,1953.5284770107883
2010-11-17,679.8060913085938,11.37556289977556,9.52943696750148,1.846125932274079,HOLD,7900,103439.68478626572,5370468.121337891,5473907.806124156,0,447.39078061241565,1812.2534624414343
2010-11-18,698.3050537109375,9.827952271680601,9.589140028337304,0.23881224334329687,HOLD,7900,103439.68478626572,5516609.924316406,5620049.609102672,0,462.0049609102672,1864.2899260120403
2010-11-19,721.6657104492188,10.366965539085186,9.744705130486881,0.6222604085983043,HOLD,7900,103439.68478626572,5701159.112548828,5804598.797335094,0,480.45987973350935,1930.002042016611
2010-11-22,735.4678344726562,11.772151462265242,10.150194396842554,1.6219570654226878,HOLD,7900,103439.68478626572,5810195.892333984,5913635.57712025,0,491.36355771202506,1968.826583000142
2010-11-23,778.851806640625,16.19975472075123,11.36010646162429,4.839648259126939,HOLD,7900,103439.68478626572,6152929.2724609375,6256368.957247203,0,525.6368957247204,2090.8630755431327
2010-11-24,823.6777954101562,23.05992441518856,13.700070052337146,9.359854362851415,HOLD,7900,103439.68478626572,6507054.583740234,6610494.2685265,0,561.04942685265,2216.9558736628037
2010-11-25,836.243896484375,29.174334097204678,16.794922861310653,12.379411235894025,HOLD,7900,103439.68478626572,6606326.7822265625,6709766.467012828,0,570.9766467012829,2252.303556768008
2010-11-26,853.8364868164062,35.03575248883567,20.443088786815657,14.592663702020012,HOLD,7900,103439.68478626572,6745308.245849609,6848747.930635875,0,584.8747930635875,2301.79045046586
2010-11-29,891.6995849609375,42.24918210647115,24.80430745074676,17.444874655724394,HOLD,7900,103439.68478626572,7044426.721191406,7147866.405977672,0,614.7866405977671,2408.297057940156
2010-11-30,843.8247680664062,43.60018365455369,28.563482691508145,15.036700963045543,HOLD,7900,103439.68478626572,6666215.667724609,6769655.352510875,0,576.9655352510875,2273.6280905084427
2010-12-01,833.8955078125,43.369714720066895,31.524729097219897,11.844985622846998,HOLD,7900,103439.68478626572,6587774.51171875,6691214.196505016,0,569.1214196505016,2245.697681318574
2010-12-02,816.4677124023438,41.30465464215081,33.48071420620608,7.823940435944728,HOLD,7900,103439.68478626572,6450094.927978516,6553534.612764781,0,555.3534612764781,2196.674345779405
2010-12-03,823.1422119140625,39.748460472158285,34.73426345939652,5.0141970127617626,HOLD,7900,103439.68478626572,6502823.474121094,6606263.1589073595,0,560.6263158907359,2215.449309647085
2010-12-06,795.24951171875,35.85118741202916,34.957648249923054,0.8935391621061086,HOLD,7900,103439.68478626572,6282471.142578125,6385910.827364391,0,538.591082736439,2136.988829214122
2010-12-07,813.9545288085938,33.88134592294659,34.742387784527764,-0.861041861581171,SELL,0,6529822.317907603,0.0,6529822.317907603,7900,552.9822317907604,2189.604912171288
2010-12-08,808.2688598632812,31.49835297805123,34.09358082323246,-2.5952278451812276,HOLD,0,6529822.317907603,0.0,6529822.317907603,0,552.9822317907604,2173.6114689439105
2010-12-09,804.4784545898438,28.97001161219748,33.068866981025465,-4.098855368827984,HOLD,0,6529822.317907603,0.0,6529822.317907603,0,552.9822317907604,2162.9492879177965
2010-12-10,814.6137084960938,27.46748508033545,31.948590600887464,-4.481105520552013,HOLD,0,6529822.317907603,0.0,6529822.317907603,0,552.9822317907604,2191.4591448060187
2010-12-13,811.6060791015625,25.737347303611045,30.706341941432182,-4.968994637821137,HOLD,0,6529822.317907603,0.0,6529822.317907603,0,552.9822317907604,2182.9988650336472
2010-12-14,815.3965454101562,24.39089653103838,29.443252859353425,-5.052356328315046,HOLD,0,6529822.317907603,0.0,6529822.317907603,0,552.9822317907604,2193.6612177479683
2010-12-15,826.8914184570312,23.974995951923916,28.349601477867523,-4.374605525943608,HOLD,0,6529822.317907603,0.0,6529822.317907603,0,552.9822317907604,2225.9956011335285
2010-12-16,852.7652587890625,25.439938647743702,27.76766891184276,-2.32773026409906,HOLD,0,6529822.317907603,0.0,6529822.317907603,0,552.9822317907604,2298.777150746216
2010-12-17,842.2179565429688,25.45639170719903,27.30541347091402,-1.8490217637149868,HOLD,0,6529822.317907603,0.0,6529822.317907603,0,552.9822317907604,2269.108226773081
2010-12-20,813.212890625,22.865386518647142,26.417408080460646,-3.552021561813504,HOLD,0,6529822.317907603,0.0,6529822.317907603,0,552.9822317907604,2187.5187287690096
2010-12-21,799.2871704101562,19.46393882935365,25.02671423023925,-5.562775400885599,HOLD,0,6529822.317907603,0.0,6529822.317907603,0,552.9822317907604,2148.346519166467
2010-12-22,786.7210693359375,15.574751650005396,23.13632171419248,-7.561570064187084,HOLD,0,6529822.317907603,0.0,6529822.317907603,0,552.9822317907604,2112.998836061262
2010-12-23,785.7322387695312,12.271296559463622,20.96331668324671,-8.692020123783088,HOLD,0,6529822.317907603,0.0,6529822.317907603,0,552.9822317907604,2110.2173154209595
2010-12-24,777.5333862304688,8.889236140003277,18.548500574598023,-9.659264434594746,HOLD,0,6529822.317907603,0.0,6529822.317907603,0,552.9822317907604,2087.154438585465
2010-12-27,753.9255981445312,4.254929512317062,15.689786362141833,-11.43485684982477,HOLD,0,6529822.317907603,0.0,6529822.317907603,0,552.9822317907604,2020.7471570310772
2010-12-28,755.0379638671875,0.6643089982754873,12.684690889368564,-12.020381891093077,HOLD,0,6529822.317907603,0.0,6529822.317907603,0,552.9822317907604,2023.876174602185
2010-12-29,766.326904296875,-1.2558834385430373,9.896576023786245,-11.152459462329283,HOLD,0,6529822.317907603,0.0,6529822.317907603,0,552.9822317907604,2055.6312819775994
2010-12-30,749.558349609375,-4.083658132619803,7.100529192505036,-11.184187325124839,HOLD,0,6529822.317907603,0.0,6529822.317907603,0,552.9822317907604,2008.4623507613674
2010-12-31,757.7572021484375,-5.598574193152217,4.560708515373586,-10.159282708525803,HOLD,0,6529822.317907603,0.0,6529822.317907603,0,552.9822317907604,2031.525227596862
2011-01-04,764.266845703125,-6.202385020338852,2.4080898082310984,-8.61047482856995,HOLD,0,6529822.317907603,0.0,6529822.317907603,0,552.9822317907604,2049.8364616176527
2011-01-05,746.0562744140625,-8.05746887643204,0.31497807129847083,-8.372446947730511,HOLD,0,6529822.317907603,0.0,6529822.317907603,0,552.9822317907604,1998.6112248247412
2011-01-06,742.595458984375,-9.695135591392614,-1.687044661239746,-8.008090930152868,HOLD,0,6529822.317907603,0.0,6529822.317907603,0,552.9822317907604,1988.8761601159924
2011-01-07,740.4530639648438,-11.03862523468456,-3.557360775928709,-7.4812644587558506,HOLD,0,6529822.317907603,0.0,6529822.317907603,0,552.9822317907604,1982.8497323649117
2011-01-10,718.1636352539062,-13.743494621786567,-5.594587545100281,-8.148907076686285,HOLD,0,6529822.317907603,0.0,6529822.317907603,0,552.9822317907604,1920.1509160799849
2011-01-11,715.0736083984375,-15.952571131527407,-7.666184262385706,-8.286386869141701,HOLD,0,6529822.317907603,0.0,6529822.317907603,0,552.9822317907604,1911.458857228272
2011-01-12,718.8228759765625,-17.20244652601491,-9.573436715111548,-7.629009810903362,HOLD,0,6529822.317907603,0.0,6529822.317907603,0,552.9822317907604,1922.005320402922
2011-01-13,739.5054321289062,-16.33576383403306,-10.92590213889585,-5.409861695137209,HOLD,0,6529822.317907603,0.0,6529822.317907603,0,552.9822317907604,1980.1841012642797
2011-01-14,742.3894653320312,-15.240511055347497,-11.78882392218618,-3.4516871331613164,HOLD,0,6529822.317907603,0.0,6529822.317907603,0,552.9822317907604,1988.2967124176394
2011-01-17,723.4373168945312,-15.720578285803526,-12.57517479490965,-3.1454034908938766,HOLD,0,6529822.317907603,0.0,6529822.317907603,0,552.9822317907604,1934.985463910656
2011-01-18,752.1539306640625,-13.62676344160218,-12.785492524248157,-0.8412709173540218,HOLD,0,6529822.317907603,0.0,6529822.317907603,0,552.9822317907604,2015.7635634488254
2011-01-19,753.266357421875,-11.742278868552262,-12.576849793108979,0.8345709245567168,BUY,8500,123216.62139881495,6402764.0380859375,6525980.659484752,8500,552.5980659484753,2018.89275270814
2011-01-20,741.8950805664062,-11.039126101857619,-12.269305054858707,1.2301789530010883,HOLD,8500,123216.62139881495,6306108.184814453,6429324.806213268,0,542.9324806213268,1986.9060379415914
2011-01-21,724.6732788085938,-11.73623987385281,-12.162692018657529,0.4264521448047187,HOLD,8500,123216.62139881495,6159722.869873047,6282939.491271862,0,528.2939491271862,1938.4621501007757
2011-01-24,706.6687622070312,-13.584923043787285,-12.447138223683481,-1.1377848201038034,SELL,0,6126297.089471324,0.0,6126297.089471324,8500,512.6297089471325,1887.816532694424
2011-01-25,703.2903442382812,-15.148011028635779,-12.987312784673941,-2.1606982439618374,HOLD,0,6126297.089471324,0.0,6126297.089471324,0,512.6297089471325,1878.3132470650169
2011-01-26,709.22314453125,-15.726753887654809,-13.535201005270116,-2.191552882384693,HOLD,0,6126297.089471324,0.0,6126297.089471324,0,512.6297089471325,1895.0018558422116
2011-01-27,713.0136108398438,-15.698589255287288,-13.967878655273552,-1.7307106000137367,HOLD,0,6126297.089471324,0.0,6126297.089471324,0,512.6297089471325,1905.6642085565325
2011-01-28,714.167236328125,-15.40559454134393,-14.25542183248763,-1.1501727088563012,HOLD,0,6126297.089471324,0.0,6126297.089471324,0,512.6297089471325,1908.9092873555178
2011-01-31,733.3253784179688,-13.472193108251531,-14.09877608764041,0.6265829793888784,BUY,8200,109421.02558216453,6013268.103027344,6122689.128609508,8200,512.2689128609509,1962.7999835608541
2011-02-01,742.76025390625,-11.051250999404601,-13.489271069993249,2.4380200705886477,HOLD,8200,109421.02558216453,6090634.08203125,6200055.1076134145,0,520.0055107613415,1989.3397182746753
2011-02-09,733.2017822265625,-9.791060466928002,-12.7496289493802,2.9585684824521987,HOLD,8200,109421.02558216453,6012254.6142578125,6121675.639839977,0,512.1675639839978,1962.4523149418424
2011-02-10,762.3304443359375,-6.368498708063953,-11.473402901116952,5.104904193052999,HOLD,8200,109421.02558216453,6251109.6435546875,6360530.669136852,0,536.0530669136853,2044.389481564925
2011-02-11,761.91845703125,-3.647294052825714,-9.908181131458704,6.26088707863299,HOLD,8200,109421.02558216453,6247731.34765625,6357152.3732384145,0,535.7152373238415,2043.2305861682185
2011-02-14,770.900146484375,-0.757243451431691,-8.077993595453302,7.320750144021611,HOLD,8200,109421.02558216453,6321381.201171875,6430802.2267540395,0,543.080222675404,2068.495535945662
2011-02-15,763.1956787109375,0.9010693449581595,-6.28218100737101,7.1832503523291695,HOLD,8200,109421.02558216453,6258204.5654296875,6367625.591011852,0,536.7625591011853,2046.823333586216
2011-02-16,756.7683715820312,1.677329008827087,-4.690279004131391,6.367608012958478,HOLD,8200,109421.02558216453,6205500.646972656,6314921.672554821,0,531.4921672554821,2028.7437069565594
2011-02-17,746.7979125976562,1.4710305471922993,-3.458017093866653,4.929047641058952,HOLD,8200,109421.02558216453,6123742.883300781,6233163.908882946,0,523.3163908882946,2000.6974082270197
2011-02-18,749.7643432617188,1.529275161025339,-2.460558642888255,3.989833803913594,HOLD,8200,109421.02558216453,6148067.614746094,6257488.640328258,0,525.7488640328258,2009.0417984597207
2011-02-21,755.9443969726562,2.0504765059433794,-1.5583516131219282,3.6088281190653078,HOLD,8200,109421.02558216453,6198744.055175781,6308165.080757946,0,530.8165080757946,2026.4259161631462
2011-02-22,749.3523559570312,1.9095970626133294,-0.8647618779748767,2.774358940588206,HOLD,8200,109421.02558216453,6144689.318847656,6254110.344429821,0,525.4110344429821,2007.8829030630143
2011-02-23,752.9779663085938,2.0666821186747484,-0.2784730786449517,2.3451551973197002,HOLD,8200,109421.02558216453,6174419.323730469,6283840.349312633,0,528.3840349312634,2018.0815259304457
2011-02-24,750.4647216796875,1.965715772044632,0.17036469149296507,1.795351080551667,HOLD,8200,109421.02558216453,6153810.7177734375,6263231.743355602,0,526.3231743355602,2011.0119206341217
2011-02-25,740.041015625,1.0326890542590945,0.34282956404619097,0.6898594902129036,HOLD,8200,109421.02558216453,6068336.328125,6177757.3537071645,0,517.7757353707165,1981.6906652799983
2011-02-28,736.168212890625,-0.01902484936078963,0.27045868136479484,-0.28948353072558447,SELL,0,6142378.423677867,0.0,6142378.423677867,8200,514.2378423677867,1970.7967051745431
2011-03-01,736.00341796875,-0.8559464502453693,0.045177655042762006,-0.9011241052881314,HOLD,0,6142378.423677867,0.0,6142378.423677867,0,514.2378423677867,1970.3331470158605
2011-03-02,730.1117553710938,-1.9718900604353848,-0.3582358880528674,-1.6136541723825175,HOLD,0,6142378.423677867,0.0,6142378.423677867,0,514.2378423677867,1953.7602560901296
2011-03-03,721.0064697265625,-3.5500807459264934,-0.9966048596275927,-2.5534758862989007,HOLD,0,6142378.423677867,0.0,6142378.423677867,0,514.2378423677867,1928.1476376936737
2011-03-04,724.838134765625,-4.440438279922432,-1.6853715436865606,-2.7550667362358716,HOLD,0,6142378.423677867,0.0,6142378.423677867,0,514.2378423677867,1938.925879947665
2011-03-07,730.8121337890625,-4.610850234546319,-2.2704672818585125,-2.340382952687807,HOLD,0,6142378.423677867,0.0,6142378.423677867,0,514.2378423677867,1955.7303782645306
2011-03-08,728.0929565429688,-4.908732996580511,-2.7981204248029123,-2.1106125717775988,HOLD,0,6142378.423677867,0.0,6142378.423677867,0,514.2378423677867,1948.0814969580606
2011-03-09,733.3253784179688,-4.668775774566484,-3.172251494755627,-1.4965242798108571,HOLD,0,6142378.423677867,0.0,6142378.423677867,0,514.2378423677867,1962.7999835608541
2011-03-10,749.8467407226562,-3.1096262484029467,-3.159726445485091,0.050100197082144415,BUY,8100,64975.568664439954,6073758.599853516,6138734.168517956,8100,513.8734168517956,2009.2735775390618
2011-03-11,741.771484375,-2.4968130092172487,-3.0271437582315226,0.5303307490142739,HOLD,8100,64975.568664439954,6008349.0234375,6073324.59210194,0,507.33245921019403,1986.5583693225794
2011-03-14,753.4723510742188,-1.0548324952825396,-2.632681505641726,1.5778490103591865,HOLD,8100,64975.568664439954,6103126.043701172,6168101.612365612,0,516.8101612365612,2019.4722004064931
2011-03-15,738.5990600585938,-1.0995281566054018,-2.326050835834461,1.2265226792290593,HOLD,8100,64975.568664439954,5982652.386474609,6047627.955139049,0,504.7627955139049,1977.6345313915253
2011-03-16,749.1875,-0.2773540138076669,-1.9163114714291023,1.6389574576214354,HOLD,8100,64975.568664439954,6068418.75,6133394.31866444,0,513.339431866444,2007.4191732161246
2011-03-17,778.8106079101562,2.7330571736823686,-0.9864377424068081,3.7194949160891766,HOLD,8100,64975.568664439954,6308365.924072266,6373341.492736706,0,537.3341492736705,2090.747186003462
2011-03-18,787.5450439453125,5.7572596148486355,0.36230172904428054,5.394957885804355,HOLD,8100,64975.568664439954,6379114.855957031,6444090.424621471,0,544.4090424621471,2115.316626854675
2011-03-21,770.9825439453125,6.739814124425152,1.637804208120455,5.102009916304697,HOLD,8100,64975.568664439954,6244958.605957031,6309934.174621471,0,530.9934174621471,2068.7273150250035
2011-03-22,765.296875,6.979257153391245,2.706094797174613,4.273162356216632,HOLD,8100,64975.568664439954,6198904.6875,6263880.25616444,0,526.388025616444,2052.733871797626
2011-03-23,768.5516967773438,7.3469631765186705,3.634268473043425,3.7126947034752456,HOLD,8100,64975.568664439954,6225268.743896484,6290244.312560924,0,529.0244312560924,2061.8894888080213
2011-03-24,756.2327880859375,6.5686208981557,4.22113895806588,2.3474819400898204,HOLD,8100,64975.568664439954,6125485.583496094,6190461.152160534,0,519.0461152160534,2027.2371429408408
2011-03-25,755.7384033203125,5.844514392229939,4.545814044898692,1.2987003473312475,HOLD,8100,64975.568664439954,6121481.066894531,6186456.635558971,0,518.6456635558972,2025.846468464793
2011-03-28,745.3558959960938,4.382356125060028,4.513122460930959,-0.13076633587093145,SELL,0,6098735.896578258,0.0,6098735.896578258,8100,509.87358965782585,1996.6411026503401
2011-03-29,737.2806396484375,2.542669157235764,4.11903180019192,-1.5763626429561564,HOLD,0,6098735.896578258,0.0,6098735.896578258,0,509.87358965782585,1973.9258944338576
2011-03-30,736.2918090820312,0.9934616112528829,3.493917762404113,-2.50045615115123,HOLD,0,6098735.896578258,0.0,6098735.896578258,0,509.87358965782585,1971.144373793555
2011-03-31,740.9886474609375,0.1430500813926301,2.8237442262018164,-2.6806941448091863,HOLD,0,6098735.896578258,0.0,6098735.896578258,0,509.87358965782585,1984.3562963806303
2011-04-01,739.3818359375,-0.6530356556255583,2.1283882498363416,-2.7814239054619,HOLD,0,6098735.896578258,0.0,6098735.896578258,0,509.87358965782585,1979.8364326452677
2011-04-06,729.1641235351562,-2.084395719224176,1.285831456024238,-3.370227175248414,HOLD,0,6098735.896578258,0.0,6098735.896578258,0,509.87358965782585,1951.0946249894976
2011-04-07,720.75927734375,-3.8525499299709054,0.25815517882520944,-4.110705108796115,HOLD,0,6098735.896578258,0.0,6098735.896578258,0,509.87358965782585,1927.45230045565
2011-04-08,723.7257080078125,-4.957313889064039,-0.7849386347526404,-4.172375254311399,HOLD,0,6098735.896578258,0.0,6098735.896578258,0,509.87358965782585,1935.7966906883505
2011-04-11,731.265380859375,-5.164920707726878,-1.6609350493474881,-3.5039856583793902,HOLD,0,6098735.896578258,0.0,6098735.896578258,0,509.87358965782585,1957.0053348891147
2011-04-12,730.9769897460938,-5.29172168628304,-2.3870923767345986,-2.9046293095484415,HOLD,0,6098735.896578258,0.0,6098735.896578258,0,509.87358965782585,1956.1941081114198
2011-04-13,734.7261962890625,-5.031680658233768,-2.9160100330344325,-2.115670625199335,HOLD,0,6098735.896578258,0.0,6098735.896578258,0,509.87358965782585,1966.7403995978632
2011-04-14,724.0552978515625,-5.621843481320639,-3.4571767226916736,-2.164666758628965,HOLD,0,6098735.896578258,0.0,6098735.896578258,0,509.87358965782585,1936.7238070057158
2011-04-15,710.2119750976562,-7.12446581617246,-4.190634541387831,-2.9338312747846294,HOLD,0,6098735.896578258,0.0,6098735.896578258,0,509.87358965782585,1897.7833764825143
2011-04-18,713.0136108398438,-7.997051223689027,-4.951917877848071,-3.0451333458409566,HOLD,0,6098735.896578258,0.0,6098735.896578258,0,509.87358965782585,1905.6642085565325
2011-04-19,714.33203125,-8.48439313448091,-5.658412929174639,-2.825980205306272,HOLD,0,6098735.896578258,0.0,6098735.896578258,0,509.87358965782585,1909.3728455142002
2011-04-20,720.1824951171875,-8.302821808693352,-6.187294705078382,-2.11552710361497,HOLD,0,6098735.896578258,0.0,6098735.896578258,0,509.87358965782585,1925.8298469002607
2011-04-21,720.4296875,-8.04622696953345,-6.559081157969396,-1.4871458115640541,HOLD,0,6098735.896578258,0.0,6098735.896578258,0,509.87358965782585,1926.5251841382844
2011-04-22,725.7445068359375,-7.329522040606548,-6.713169334496826,-0.6163527061097218,HOLD,0,6098735.896578258,0.0,6098735.896578258,0,509.87358965782585,1941.4754498204197
2011-04-25,754.2139892578125,-4.413403945364848,-6.253216256670431,1.8398123113055824,BUY,8000,61403.75536732096,6033711.9140625,6095115.669429821,8000,509.5115669429821,2021.558383808772
2011-04-26,746.4271240234375,-2.699575268981903,-5.542488059132726,2.842912790150823,HOLD,8000,61403.75536732096,5971416.9921875,6032820.747554821,0,503.2820747554821,1999.654402369984
2011-04-27,746.3447265625,-1.3326406303067415,-4.700518573367529,3.3678779430607877,HOLD,8000,61403.75536732096,5970757.8125,6032161.567867321,0,503.2161567867321,1999.4226232906428
2011-04-28,735.0969848632812,-1.1437494035866393,-3.9891647394113514,2.845415335824712,HOLD,8000,61403.75536732096,5880775.87890625,5942179.634273571,0,494.21796342735706,1967.7834054548991
2011-04-29,751.1239624023438,0.29578181024851347,-3.1321754294793784,3.427957239727892,HOLD,8000,61403.75536732096,6008991.69921875,6070395.454586071,0,507.03954545860705,2012.8663249570593
2011-05-03,765.7500610351562,2.5870032298565775,-1.9883396976121874,4.575342927468765,HOLD,8000,61403.75536732096,6126000.48828125,6187404.243648571,0,518.7404243648571,2054.008656734003
2011-05-04,756.0267944335938,3.5769930094264737,-0.8752731562044552,4.452266165630929,HOLD,8000,61403.75536732096,6048214.35546875,6109618.110836071,0,510.96181108360713,2026.6576952424878
2011-05-05,762.0008544921875,4.78842577006651,0.2574666290497379,4.530959141016773,HOLD,8000,61403.75536732096,6096006.8359375,6157410.591304821,0,515.7410591304821,2043.4623652475598
2011-05-06,765.5440673828125,5.965634508052858,1.399100204850362,4.566534303202496,HOLD,8000,61403.75536732096,6124352.5390625,6185756.294429821,0,518.5756294429821,2053.42920903565
2011-05-09,758.7460327148438,6.277671243696545,2.3748144126195987,3.9028568310769467,HOLD,8000,61403.75536732096,6069968.26171875,6131372.017086071,0,513.1372017086071,2034.3067482371644
2011-05-10,756.3975830078125,6.263263339224636,3.152504197940606,3.11075914128403,HOLD,8000,61403.75536732096,6051180.6640625,6112584.419429821,0,511.2584419429821,2027.7007010995235
2011-05-11,763.3192749023438,6.732756632558562,3.868554684864198,2.8642019476943643,HOLD,8000,61403.75536732096,6106554.19921875,6167957.954586071,0,516.7957954586071,2047.1710022052278
2011-05-12,771.7653198242188,7.697625256345077,4.634368799160374,3.0632564571847034,HOLD,8000,61403.75536732096,6174122.55859375,6235526.313961071,0,523.552631396107,2070.929216278746
2011-05-13,773.1661376953125,8.477600387132952,5.40301511675489,3.074585270378062,HOLD,8000,61403.75536732096,6185329.1015625,6246732.856929821,0,524.6732856929821,2074.869632315755
2011-05-16,773.2073364257812,8.995367691609431,6.121485631725799,2.8738820598836323,HOLD,8000,61403.75536732096,6185658.69140625,6247062.446773571,0,524.7062446773571,2074.9855218554258
2011-05-17,773.0425415039062,9.285368489763641,6.754262203333368,2.5311062864302736,HOLD,8000,61403.75536732096,6184340.33203125,6245744.087398571,0,524.5744087398572,2074.5219636967436
2011-05-18,803.2012329101562,11.812582463861531,7.765926255439001,4.04665620842253,HOLD,8000,61403.75536732096,6425609.86328125,6487013.618648571,0,548.7013618648571,2159.3565404997994
2011-05-19,823.5130004882812,15.278289031408349,9.26839881063287,6.009890220775478,HOLD,8000,61403.75536732096,6588104.00390625,6649507.759273571,0,564.9507759273571,2216.492315504121
2011-05-20,827.427001953125,18.131702680882427,11.041059584682783,7.090643096199644,HOLD,8000,61403.75536732096,6619416.015625,6680819.770992321,0,568.0819770992321,2227.502165149247
2011-05-23,811.7708740234375,18.911732198975187,12.615194107541264,6.2965380914339235,HOLD,8000,61403.75536732096,6494166.9921875,6555570.747554821,0,555.5570747554821,2183.4624231923294
2011-05-24,801.8004150390625,18.51198387167358,13.794552060367728,4.71743181130585,HOLD,8000,61403.75536732096,6414403.3203125,6475807.075679821,0,547.5807075679821,2155.4161244627903
2011-05-25,801.8004150390625,17.987827958583466,14.633207240010876,3.3546207185725905,HOLD,8000,61403.75536732096,6414403.3203125,6475807.075679821,0,547.5807075679821,2155.4161244627903
2011-05-26,818.6101684570312,18.71312399211331,15.449190590431364,3.263933401681946,HOLD,8000,61403.75536732096,6548881.34765625,6610285.103023571,0,561.0285103023571,2202.7009452186926
2011-05-27,798.2159423828125,17.4412310666836,15.847598685681811,1.5936323810017878,HOLD,8000,61403.75536732096,6385727.5390625,6447131.294429821,0,544.7131294429821,2145.3332194468226
2011-05-30,834.4310913085938,19.134931041504046,16.50506515684626,2.629865884657786,HOLD,8000,61403.75536732096,6675448.73046875,6736852.485836071,0,573.6852485836071,2247.2042453342924
2011-05-31,839.6635131835938,20.661243239252144,17.336300773327437,3.324942465924707,HOLD,8000,61403.75536732096,6717308.10546875,6778711.860836071,0,577.8711860836071,2261.922731937086
2011-06-01,864.7545776367188,23.62318251592228,18.593677121846408,5.029505394075873,HOLD,8000,61403.75536732096,6918036.62109375,6979440.376461071,0,597.9440376461071,2332.5023802960313
2011-06-02,851.158447265625,24.58998855760308,19.792939408997743,4.7970491486053355,HOLD,8000,61403.75536732096,6809267.578125,6870671.333492321,0,587.0671333492321,2294.2572870108534
2011-06-03,871.8410034179688,26.71712040802322,21.17777560880284,5.53934479922038,HOLD,8000,61403.75536732096,6974728.02734375,7036131.782711071,0,603.6131782711071,2352.436067872211
2011-06-07,856.4320678710938,26.85000525680084,22.31222153840244,4.537783718398401,HOLD,8000,61403.75536732096,6851456.54296875,6912860.298336071,0,591.286029833607,2309.0916631533178
2011-06-08,860.0165405273438,26.934075190594626,23.236592268840877,3.6974829217537497,HOLD,8000,61403.75536732096,6880132.32421875,6941536.079586071,0,594.1536079586072,2319.1745681692855
2011-06-09,831.505859375,24.41864458878638,23.47300273282998,0.9456418559563993,HOLD,8000,61403.75536732096,6652046.875,6713450.630367321,0,571.3450630367321,2238.9757446412623
2011-06-10,834.5546875,22.412801835645496,23.26096255339308,-0.8481607177475858,SELL,0,6733835.39286732,0.0,6733835.39286732,8000,573.383539286732,2247.5519139533044
2011-06-13,830.146240234375,20.234185061019275,22.65560705491832,-2.4214219938990453,HOLD,0,6733835.39286732,0.0,6733835.39286732,0,573.383539286732,2235.151218143924
2011-06-14,842.3827514648438,19.27283452309007,21.979052548552673,-2.7062180254626043,HOLD,0,6733835.39286732,0.0,6733835.39286732,0,573.383539286732,2269.571784931763
2011-06-15,837.2327270507812,17.889178056945752,21.16107765023129,-3.2718995932855393,HOLD,0,6733835.39286732,0.0,6733835.39286732,0,573.383539286732,2255.0850774083106
2011-06-16,836.4498901367188,16.538802917312637,20.236622703647562,-3.697819786334925,HOLD,0,6733835.39286732,0.0,6733835.39286732,0,573.383539286732,2252.8830044663614
2011-06-17,859.5632934570312,17.13614456375251,19.616527075668554,-2.4803825119160443,HOLD,0,6733835.39286732,0.0,6733835.39286732,0,573.383539286732,2317.899611544701
2011-06-20,838.2627563476562,15.709675433990242,18.835156747332892,-3.1254813133426502,HOLD,0,6733835.39286732,0.0,6733835.39286732,0,573.383539286732,2257.9824875882837
2011-06-21,837.603515625,14.360454771155673,17.94021635209745,-3.5797615809417778,HOLD,0,6733835.39286732,0.0,6733835.39286732,0,573.383539286732,2256.1280832653465
2011-06-22,848.439208984375,14.004106944085493,17.15299447049506,-3.148887526409567,HOLD,0,6733835.39286732,0.0,6733835.39286732,0,573.383539286732,2286.6082340161765
2011-06-23,856.926513671875,14.242376035337202,16.570870783463487,-2.3284947481262854,HOLD,0,6733835.39286732,0.0,6733835.39286732,0,573.383539286732,2310.4825093175727
2011-06-24,850.5404663085938,13.757319538986735,16.008160534568137,-2.2508409955814024,HOLD,0,6733835.39286732,0.0,6733835.39286732,0,573.383539286732,2292.5189439157934
2011-06-27,858.080078125,13.821961465502568,15.570920720755025,-1.7489592552524567,HOLD,0,6733835.39286732,0.0,6733835.39286732,0,573.383539286732,2313.7274164283513
2011-06-28,867.061767578125,14.431579666691619,15.343052509942344,-0.911472843250726,HOLD,0,6733835.39286732,0.0,6733835.39286732,0,573.383539286732,2338.9923662057945
2011-06-29,869.0806274414062,14.905786968207508,15.255599401595378,-0.3498124333878696,HOLD,0,6733835.39286732,0.0,6733835.39286732,0,573.383539286732,2344.6712970260705
2011-06-30,876.04345703125,15.662889784616823,15.337057478199668,0.3258323064171549,BUY,7600,71910.36126575805,6657930.2734375,6729840.634703258,7600,572.9840634703259,2364.2573159832386
2011-07-01,877.9677734375,16.231073758261005,15.515860734211936,0.7152130240490688,HOLD,7600,71910.36126575805,6672555.078125,6744465.439390758,0,574.4465439390758,2369.670301770996
2011-07-04,884.336181640625,16.999283807852407,15.81254534894003,1.1867384589123766,HOLD,7600,71910.36126575805,6720954.98046875,6792865.341734508,0,579.2865341734508,2387.584249280975
2011-07-05,877.0514526367188,16.826315763114053,16.015299431774835,0.8110163313392178,HOLD,7600,71910.36126575805,6665591.0400390625,6737501.401304821,0,573.750140130482,2367.092746720514
2011-07-06,875.402099609375,16.367474281287627,16.085734401677396,0.2817398796102317,HOLD,7600,71910.36126575805,6653055.95703125,6724966.318297008,0,572.4966318297007,2362.4532163049284
2011-07-07,889.330078125,16.93252298160121,16.25509211766216,0.6774308639390512,HOLD,7600,71910.36126575805,6758908.59375,6830818.955015758,0,583.0818955015758,2401.6317783711274
2011-07-08,889.1926879882812,17.17130183297354,16.438334060724436,0.7329677722491041,HOLD,7600,71910.36126575805,6757864.4287109375,6829774.789976696,0,582.9774789976696,2401.245308217352
2011-07-11,901.7919921875,18.167767628909814,16.78422077436151,1.3835468545483032,HOLD,7600,71910.36126575805,6853619.140625,6925529.501890758,0,592.5529501890759,2436.6863897071203
2011-07-12,887.6349487304688,17.6120975621576,16.94979613192073,0.6623014302368695,HOLD,7600,71910.36126575805,6746025.6103515625,6817935.971617321,0,581.793597161732,2396.8634818003525
2011-07-13,891.5292358398438,17.286691238673257,17.017175153271236,0.2695160854020209,HOLD,7600,71910.36126575805,6775622.1923828125,6847532.553648571,0,584.7532553648571,2407.8178761546437
2011-07-14,885.3899536132812,16.34500062255745,16.882740247128478,-0.537739624571028,SELL,0,6796836.630538219,0.0,6796836.630538219,7600,579.6836630538219,2390.54844617344
2011-07-15,894.094970703125,16.115358333650192,16.72926386443282,-0.6139055307826276,HOLD,0,6796836.630538219,0.0,6796836.630538219,0,579.6836630538219,2415.035133308918
2011-07-18,911.55078125,17.144274665639955,16.812266024674248,0.33200864096570726,BUY,7300,138523.33499134425,6654320.703125,6792844.038116344,7300,579.2844038116344,2464.137273735063
2011-07-19,911.0009765625,17.711170282120406,16.99204687616348,0.7191234059569247,HOLD,7300,138523.33499134425,6650307.12890625,6788830.463897594,0,578.8830463897594,2462.5907063671325
2011-07-20,915.8116455078125,18.337239637882135,17.261085428507215,1.07615420937492,HOLD,7300,138523.33499134425,6685425.012207031,6823948.3471983755,0,582.3948347198376,2476.122827460112
2011-07-21,932.0303955078125,19.912581843816497,17.791384711569073,2.121197132247424,HOLD,7300,138523.33499134425,6803821.887207031,6942345.2221983755,0,594.2345222198376,2521.7451913084133
2011-07-22,945.087890625,21.961523845349006,18.62541253832506,3.3361113070239448,HOLD,7300,138523.33499134425,6899141.6015625,7037664.936553844,0,603.7664936553845,2558.4751361675267
2011-07-25,933.038330078125,22.35532800411704,19.37139563148346,2.983932372633582,HOLD,7300,138523.33499134425,6811179.8095703125,6949703.144561657,0,594.9703144561656,2524.580450357482
2011-07-26,932.6260375976562,22.37621302460593,19.972359110107956,2.403853914497976,HOLD,7300,138523.33499134425,6808170.074462891,6946693.409454235,0,594.6693409454235,2523.4206965197404
2011-07-27,936.1080322265625,22.415342307071455,20.460955749500656,1.9543865575707997,HOLD,7300,138523.33499134425,6833588.635253906,6972111.9702452505,0,597.2111970245251,2533.2153370362903
2011-07-28,951.8228149414062,23.444154556260514,21.05759551085263,2.3865590454078855,HOLD,7300,138523.33499134425,6948306.549072266,7086829.88406361,0,608.682988406361,2577.420071360057
2011-07-29,946.9663696289062,23.595625443872905,21.565201497456684,2.030423946416221,HOLD,7300,138523.33499134425,6912854.498291016,7051377.83328236,0,605.137783328236,2563.7591841118874
2011-08-01,931.8013305664062,22.235656493923898,21.69929249675013,0.536363997173769,HOLD,7300,138523.33499134425,6802149.713134766,6940673.04812611,0,594.0673048126109,2521.1008454678445
2011-08-02,921.401123046875,20.087109776663056,21.376855952732715,-1.2897461760696594,SELL,0,6860715.796314586,0.0,6860715.796314586,7300,586.0715796314586,2491.845690073385
2011-08-03,924.5166015625,18.423390722771728,20.78616290674052,-2.36277218396879,HOLD,0,6860715.796314586,0.0,6860715.796314586,0,586.0715796314586,2500.609342907383
2011-08-04,939.1318359375,18.075841605360893,20.244098646464593,-2.1682570411037005,HOLD,0,6860715.796314586,0.0,6860715.796314586,0,586.0715796314586,2541.7211141834955
2011-08-05,930.6559448242188,16.921413329345796,19.579561583040835,-2.658148253695039,HOLD,0,6860715.796314586,0.0,6860715.796314586,0,586.0715796314586,2517.8789445767934
2011-08-08,914.7578735351562,14.555887901097094,18.574826846652087,-4.018938945554993,HOLD,0,6860715.796314586,0.0,6860715.796314586,0,586.0715796314586,2473.1586305676474
2011-08-09,921.3553466796875,13.062971102447818,17.472455697811235,-4.409484595363416,HOLD,0,6860715.796314586,0.0,6860715.796314586,0,586.0715796314586,2491.7169239181953
2011-08-10,942.4306030273438,13.425658206994967,16.66309619964798,-3.237437992653014,HOLD,0,6860715.796314586,0.0,6860715.796314586,0,586.0715796314586,2551.000346702873
2011-08-11,983.664794921875,16.846153061608447,16.699707572040076,0.14644548956837156,BUY,6900,69356.33910267241,6787287.0849609375,6856643.42406361,6900,585.664342406361,2666.989637221746
2011-08-12,993.148681640625,20.09059836331005,17.37788573029407,2.712712633015979,HOLD,6900,69356.33910267241,6852725.9033203125,6922082.242422985,0,592.2082242422986,2693.667237565723
2011-08-15,977.2506103515625,21.135367789010843,18.129382142037425,3.005985646973418,HOLD,6900,69356.33910267241,6743029.211425781,6812385.550528454,0,581.2385550528454,2648.946923556577
2011-08-16,960.7111206054688,20.39367094576596,18.582239902783133,1.8114310429828286,HOLD,6900,69356.33910267241,6628906.732177734,6698263.071280407,0,569.8263071280408,2602.422338180914
2011-08-17,961.4441528320312,19.63863842915157,18.793519608056823,0.8451188210947471,HOLD,6900,69356.33910267241,6633964.654541016,6703320.993643688,0,570.3320993643688,2604.484313546017
2011-08-18,953.884521484375,18.22023907439393,18.678863501324244,-0.4586244269303137,SELL,0,6647210.455425914,0.0,6647210.455425914,6900,564.7210455425915,2583.2195273015905
2011-08-19,961.6732177734375,17.522639978205348,18.447618796700464,-0.9249788184951164,HOLD,0,6647210.455425914,0.0,6647210.455425914,0,564.7210455425915,2605.128659386586
2011-08-22,936.0621948242188,14.733355209137471,17.704766079187866,-2.971410870050395,HOLD,0,6647210.455425914,0.0,6647210.455425914,0,564.7210455425915,2533.0863991928936
2011-08-23,938.9027709960938,12.60671532447168,16.68515592824463,-4.07844060377295,HOLD,0,6647210.455425914,0.0,6647210.455425914,0,564.7210455425915,2541.0767683429267
2011-08-24,942.8887329101562,11.114846674935507,15.571094077582806,-4.4562474026473,HOLD,0,6647210.455425914,0.0,6647210.455425914,0,564.7210455425915,2552.289038384011
2011-08-25,950.3109130859375,10.41142154558986,14.539159571184218,-4.127738025594358,HOLD,0,6647210.455425914,0.0,6647210.455425914,0,564.7210455425915,2573.1671827864548
2011-08-26,975.3263549804688,11.737190139021322,13.97876568475164,-2.241575545730317,HOLD,0,6647210.455425914,0.0,6647210.455425914,0,564.7210455425915,2643.5341094570267
2011-08-29,986.2763061523438,13.515640952269337,13.886140738255179,-0.3704997859858423,HOLD,0,6647210.455425914,0.0,6647210.455425914,0,564.7210455425915,2674.3356605312097
2011-08-30,984.214599609375,14.590523079423178,14.027017206488779,0.5635058729343996,BUY,6600,147496.60818958655,6495816.357421875,6643312.965611462,6600,564.3312965611461,2668.5362045896763
2011-08-31,983.9855346679688,15.2481204420734,14.271237853605705,0.9768825884676957,HOLD,6600,147496.60818958655,6494304.528808594,6641801.13699818,0,564.180113699818,2667.8918587491075
2011-09-01,968.912109375,14.38712581175264,14.294415445235092,0.09271036651754727,HOLD,6600,147496.60818958655,6394819.921875,6542316.530064587,0,554.2316530064586,2625.491224103651
2011-09-02,970.6531372070312,13.68748693058933,14.17302974230594,-0.48554281171661096,SELL,0,6549963.527332652,0.0,6549963.527332652,6600,554.9963527332652,2630.388630206029
2011-09-05,949.6236572265625,11.305788698408605,13.599581533526475,-2.29379283511787,HOLD,0,6549963.527332652,0.0,6549963.527332652,0,554.9963527332652,2571.2339735765413
2011-09-06,930.1061401367188,7.753991982856064,12.430463623392393,-4.676471640536329,HOLD,0,6549963.527332652,0.0,6549963.527332652,0,554.9963527332652,2516.332377208863
2011-09-07,951.0897827148438,6.556789497041677,11.25572879812225,-4.698939301080573,HOLD,0,6549963.527332652,0.0,6549963.527332652,0,554.9963527332652,2575.358095994954
2011-09-08,943.20947265625,4.9154603710367155,9.987675112705144,-5.072214741668429,HOLD,0,6549963.527332652,0.0,6549963.527332652,0,554.9963527332652,2553.1912599113725
2011-09-09,948.753173828125,4.015734677808723,8.79328702572586,-4.777552347917137,HOLD,0,6549963.527332652,0.0,6549963.527332652,0,554.9963527332652,2568.7853563694553
2011-09-13,923.7835693359375,1.2731807458138746,7.289265769743463,-6.016085023929588,HOLD,0,6549963.527332652,0.0,6549963.527332652,0,554.9963527332652,2498.54736754228
2011-09-14,906.92333984375,-2.2350285990952443,5.384406895975722,-7.619435495070967,HOLD,0,6549963.527332652,0.0,6549963.527332652,0,554.9963527332652,2451.1205606392555
2011-09-15,909.3973999023438,-4.7607943364541825,3.3553666494897416,-8.116160985943925,HOLD,0,6549963.527332652,0.0,6549963.527332652,0,554.9963527332652,2458.0799421067363
2011-09-16,929.6937866210938,-5.066331579482494,1.6710270036952948,-6.737358583177789,HOLD,0,6549963.527332652,0.0,6549963.527332652,0,554.9963527332652,2515.1724516829145
2011-09-19,928.7774658203125,-5.321073453946042,0.2726069121670274,-5.59368036611307,HOLD,0,6549963.527332652,0.0,6549963.527332652,0,554.9963527332652,2512.594896632432
2011-09-20,920.1641235351562,-6.147122757780949,-1.011339021822568,-5.1357837359583804,HOLD,0,6549963.527332652,0.0,6549963.527332652,0,554.9963527332652,2488.3660851837476
2011-09-21,936.291259765625,-5.437764504420102,-1.8966241183420747,-3.541140386078027,HOLD,0,6549963.527332652,0.0,6549963.527332652,0,554.9963527332652,2533.730745033463
2011-09-22,905.5947265625,-7.2687569602480835,-2.9710506867232764,-4.297706273524807,HOLD,0,6549963.527332652,0.0,6549963.527332652,0,554.9963527332652,2447.3832517510323
2011-09-23,889.0552368164062,-9.93984986737712,-4.364810522854046,-5.575039344523074,HOLD,0,6549963.527332652,0.0,6549963.527332652,0,554.9963527332652,2400.858666375369
2011-09-26,861.886474609375,-14.086620499251353,-6.309172518133508,-7.777447981117845,HOLD,0,6549963.527332652,0.0,6549963.527332652,0,554.9963527332652,2324.4345797646774
2011-09-27,868.0257568359375,-16.68524026969203,-8.384386068445213,-8.300854201246818,HOLD,0,6549963.527332652,0.0,6549963.527332652,0,554.9963527332652,2341.7040097458807
2011-09-28,857.3048706054688,-19.386278133639394,-10.584764481484049,-8.801513652155345,HOLD,0,6549963.527332652,0.0,6549963.527332652,0,554.9963527332652,2311.5468045122666
2011-09-29,857.1674194335938,-21.292514409603655,-12.72631446710797,-8.566199942495684,HOLD,0,6549963.527332652,0.0,6549963.527332652,0,554.9963527332652,2311.160162670284
2011-09-30,873.2029418945312,-21.26416765560225,-14.433885104806828,-6.830282550795422,HOLD,0,6549963.527332652,0.0,6549963.527332652,0,554.9963527332652,2356.2671185214126
2011-10-10,861.336669921875,-21.94622915777211,-15.936353915399884,-6.009875242372225,HOLD,0,6549963.527332652,0.0,6549963.527332652,0,554.9963527332652,2322.888012396747
2011-10-11,856.6176147460938,-22.60695719591297,-17.2704745715025,-5.336482624410468,HOLD,0,6549963.527332652,0.0,6549963.527332652,0,554.9963527332652,2309.613595302353
2011-10-12,879.8462524414062,-21.01399573219885,-18.019178803641772,-2.9948169285570785,HOLD,0,6549963.527332652,0.0,6549963.527332652,0,554.9963527332652,2374.9543497153572
2011-10-13,879.9837036132812,-19.515508500681335,-18.318444743049685,-1.1970637576316498,HOLD,0,6549963.527332652,0.0,6549963.527332652,0,554.9963527332652,2375.3409915573397
2011-10-14,877.0972900390625,-18.349336299564698,-18.32462305435269,-0.024713245212009127,HOLD,0,6549963.527332652,0.0,6549963.527332652,0,554.9963527332652,2367.2216845639105
2011-10-17,903.2122802734375,-15.143312290824383,-17.68836090164703,2.545048610822647,BUY,7100,133308.653077282,6412807.189941406,6546115.843018688,7100,554.6115843018688,2440.681574282137
2011-10-18,899.91357421875,-12.722041401833962,-16.695097001684417,3.973055599850454,HOLD,7100,133308.653077282,6389386.376953125,6522695.030030407,0,552.2695030030408,2431.402513450966
2011-10-19,907.7022094726562,-10.0587381334891,-15.367825228045355,5.309087094556254,HOLD,7100,133308.653077282,6444685.687255859,6577994.340333141,0,557.7994340333141,2453.3114738477548
2011-10-20,875.53955078125,-10.423157199103343,-14.378891622256953,3.9557344231536096,HOLD,7100,133308.653077282,6216330.810546875,6349639.463624157,0,534.9639463624156,2362.8398581469114
2011-10-21,890.6129760742188,-9.387449808916358,-13.380603259588835,3.9931534506724766,HOLD,7100,133308.653077282,6323352.130126953,6456660.783204235,0,545.6660783204235,2405.240492792368
2011-10-24,918.83544921875,-6.217653285885149,-11.948013264848099,5.73035997896295,HOLD,7100,133308.653077282,6523731.689453125,6657040.342530407,0,565.7040342530407,2484.6286046073174
2011-10-25,919.1561889648438,-3.6377519472305266,-10.285961001324585,6.648209054094059,HOLD,7100,133308.653077282,6526008.941650391,6659317.594727673,0,565.9317594727673,2485.530826134679
2011-10-26,924.8373413085938,-1.1218085240284381,-8.453130505865357,7.331321981836918,HOLD,7100,133308.653077282,6566345.123291016,6699653.776368298,0,569.9653776368298,2501.511564434745
2011-10-27,925.478759765625,0.9133236476910724,-6.579839675154071,7.4931633228451435,HOLD,7100,133308.653077282,6570899.1943359375,6704207.8474132195,0,570.420784741322,2503.3158358012615
2011-10-28,939.269287109375,3.597491221073142,-4.544373495908629,8.141864716981772,HOLD,7100,133308.653077282,6668811.9384765625,6802120.5915538445,0,580.2120591553844,2542.107756025478
2011-10-31,935.6040649414062,5.367092067490944,-2.5620803832287145,7.929172450719658,HOLD,7100,133308.653077282,6642788.861083984,6776097.514161266,0,577.6097514161266,2531.797707511756
2011-11-01,949.2571411132812,7.7815023162299894,-0.49336384333697364,8.274866159566963,HOLD,7100,133308.653077282,6739725.701904297,6873034.354981579,0,587.3034354981579,2570.2029858939895
2011-11-02,960.1613159179688,10.454304890787284,1.696169903487878,8.758134987299407,HOLD,7100,133308.653077282,6817145.343017578,6950453.99609486,0,595.045399609486,2600.8757708129833
2011-11-03,949.6694946289062,11.592289199466336,3.6753937626835698,7.916895436782767,HOLD,7100,133308.653077282,6742653.411865234,6875962.064942516,0,587.5962064942516,2571.362911419938
2011-11-04,951.86865234375,12.527197872128795,5.445754584572615,7.08144328755618,HOLD,7100,133308.653077282,6758267.431640625,6891576.084717907,0,589.1576084717907,2577.549009203454
2011-11-07,947.4703369140625,12.76605331789051,6.909814331236195,5.856238986654315,HOLD,7100,133308.653077282,6727039.392089844,6860348.045167126,0,586.0348045167126,2565.1768136364217
2011-11-08,938.078125,12.05847240825858,7.939545946640672,4.118926461617908,HOLD,7100,133308.653077282,6660354.6875,6793663.340577282,0,579.3663340577282,2538.7570889792373
2011-11-09,935.1917114257812,11.136426197831383,8.578921996878815,2.557504200952568,HOLD,7100,133308.653077282,6639861.151123047,6773169.804200329,0,577.3169804200329,2530.637781985808
2011-11-10,939.269287109375,10.612391173563083,8.98561583221567,1.6267753413474129,HOLD,7100,133308.653077282,6668811.9384765625,6802120.5915538445,0,580.2120591553844,2542.107756025478
2011-11-11,934.5044555664062,9.70078296965653,9.128649259703842,0.5721337099526878,HOLD,7100,133308.653077282,6634981.634521484,6768290.287598766,0,576.8290287598767,2528.7045727758946
2011-11-14,949.577880859375,10.078448269514638,9.318609061666002,0.7598392078486356,HOLD,7100,133308.653077282,6742002.9541015625,6875311.6071788445,0,587.5311607178845,2571.1052074213517
2011-11-15,934.3212280273438,9.042430848107415,9.263373418954286,-0.22094257084687108,SELL,0,6763009.163640026,0.0,6763009.163640026,7100,576.3009163640027,2528.1891647787224
2011-11-16,919.8434448242188,6.9727657655805615,8.80525188827954,-1.8324861226989793,HOLD,0,6763009.163640026,0.0,6763009.163640026,0,576.3009163640027,2487.4640353445925
2011-11-17,924.7457275390625,5.662836863182974,8.176768883260229,-2.513932020077254,HOLD,0,6763009.163640026,0.0,6763009.163640026,0,576.3009163640027,2501.253860436159
2011-11-18,918.9271240234375,4.107843432842287,7.362983793176641,-3.2551403603343534,HOLD,0,6763009.163640026,0.0,6763009.163640026,0,576.3009163640027,2484.8864802941102
2011-11-21,920.3015747070312,2.952373495707093,6.480861733682731,-3.5284882379756386,HOLD,0,6763009.163640026,0.0,6763009.163640026,0,576.3009163640027,2488.7527270257306
2011-11-22,944.1257934570312,3.913952978057523,5.96747998255769,-2.0535270045001672,HOLD,0,6763009.163640026,0.0,6763009.163640026,0,576.3009163640027,2555.768814961855
2011-11-23,958.0537719726562,5.733787576837244,5.920741501413602,-0.18695392457635762,HOLD,0,6763009.163640026,0.0,6763009.163640026,0,576.3009163640027,2594.9473770280533
2011-11-24,951.5479125976562,6.575255673296169,6.051644335790115,0.523611337506054,BUY,7000,98177.27422352228,6660835.388183594,6759012.662407116,7000,575.9012662407116,2576.6467876760917
2011-11-25,962.0397338867188,7.996548265680076,6.440625121768108,1.5559231439119676,HOLD,7000,98177.27422352228,6734278.137207031,6832455.4114305535,0,583.2455411430553,2606.1596470691375
2011-11-28,979.862060546875,10.44069190194,7.240638477802487,3.2000534241375123,HOLD,7000,98177.27422352228,6859034.423828125,6957211.698051647,0,595.7211698051648,2656.292775177834
2011-11-29,973.8602294921875,11.757858462716285,8.144082474785247,3.6137759879310387,HOLD,7000,98177.27422352228,6817021.6064453125,6915198.880668835,0,591.5198880668835,2639.4099870386135
2011-11-30,962.40625,11.742126111096127,8.863691202047423,2.8784349090487034,HOLD,7000,98177.27422352228,6736843.75,6835021.024223522,0,583.5021024223522,2607.1906347516892
2011-12-01,975.14306640625,12.612029126010839,9.613358786840108,2.9986703391707312,HOLD,7000,98177.27422352228,6826001.46484375,6924178.739067272,0,592.4178739067272,2643.018529771647
2011-12-02,980.5951538085938,13.584774595706335,10.407641948613353,3.177132647092982,HOLD,7000,98177.27422352228,6864166.076660156,6962343.3508836785,0,596.2343350883679,2658.354922231144
2011-12-05,947.1038208007812,11.520411580221207,10.630195874934925,0.8902157052862822,HOLD,7000,98177.27422352228,6629726.745605469,6727904.019828991,0,572.7904019828992,2564.1458259538704
2011-12-06,933.1300048828125,8.657026049502065,10.235561909848354,-1.578535860346289,SELL,0,6626168.162382701,0.0,6626168.162382701,7000,562.6168162382702,2524.8383260442747
2011-12-07,942.4306030273438,7.056905317026576,9.599830591283999,-2.5429252742574224,HOLD,0,6626168.162382701,0.0,6626168.162382701,0,562.6168162382702,2551.000346702873
2011-12-08,930.0603637695312,4.7360291862071335,8.627070310268627,-3.891041124061493,HOLD,0,6626168.162382701,0.0,6626168.162382701,0,562.6168162382702,2516.2036110536733
2011-12-09,915.4909057617188,1.7014711322500489,7.241950474664911,-5.540479342414862,HOLD,0,6626168.162382701,0.0,6626168.162382701,0,562.6168162382702,2475.22060593275
2011-12-12,905.044921875,-1.5287194608989694,5.487816487552135,-7.0165359484511045,HOLD,0,6626168.162382701,0.0,6626168.162382701,0,562.6168162382702,2445.8366843831013
2011-12-13,899.1347045898438,-4.513544586986541,3.4875442726444,-8.00108885963094,HOLD,0,6626168.162382701,0.0,6626168.162382701,0,562.6168162382702,2429.211600242467
2011-12-14,906.4193725585938,-6.2195332713203015,1.5461287638514598,-7.765662035171761,HOLD,0,6626168.162382701,0.0,6626168.162382701,0,562.6168162382702,2449.702931114721
2011-12-15,902.479248046875,-7.799568147202535,-0.32301061835933925,-7.4765575288431965,HOLD,0,6626168.162382701,0.0,6626168.162382701,0,562.6168162382702,2438.6195989170337
2011-12-16,924.4708251953125,-7.1942893954148985,-1.6972663737704512,-5.497023021644448,HOLD,0,6626168.162382701,0.0,6626168.162382701,0,562.6168162382702,2500.4805767521934
2011-12-19,920.8971557617188,-6.923160990336214,-2.742445297083604,-4.18071569325261,HOLD,0,6626168.162382701,0.0,6626168.162382701,0,562.6168162382702,2490.4280605488507
2011-12-20,917.4151611328125,-6.909607982505349,-3.575877834167953,-3.3337301483373962,HOLD,0,6626168.162382701,0.0,6626168.162382701,0,562.6168162382702,2480.6334200323013
2011-12-21,903.6246337890625,-7.920346605130703,-4.444771588360504,-3.4755750167701995,HOLD,0,6626168.162382701,0.0,6626168.162382701,0,562.6168162382702,2441.841499808085
2011-12-22,914.8036499023438,-7.730202114046847,-5.101857693497773,-2.628344420549074,HOLD,0,6626168.162382701,0.0,6626168.162382701,0,562.6168162382702,2473.287396722837
2011-12-23,919.797607421875,-7.094756660909752,-5.500437486980169,-1.5943191739295832,HOLD,0,6626168.162382701,0.0,6626168.162382701,0,562.6168162382702,2487.3350975011963
2011-12-26,884.7943725585938,-9.30832945269185,-6.262015880122505,-3.0463135725693453,HOLD,0,6626168.162382701,0.0,6626168.162382701,0,562.6168162382702,2388.87311265032
2011-12-27,866.0556640625,-12.431358050469498,-7.495884314191905,-4.935473736277594,HOLD,0,6626168.162382701,0.0,6626168.162382701,0,562.6168162382702,2336.162257802934
2011-12-28,871.5535888671875,-14.297926533819123,-8.856292758117348,-5.441633775701774,HOLD,0,6626168.162382701,0.0,6626168.162382701,0,562.6168162382702,2351.6275881058273
2011-12-29,880.6251220703125,-14.873743334669143,-10.059782873427707,-4.813960461241436,HOLD,0,6626168.162382701,0.0,6626168.162382701,0,562.6168162382702,2377.1452629238565
2011-12-30,885.6190185546875,-14.757006996585346,-10.999227698059237,-3.75777929852611,HOLD,0,6626168.162382701,0.0,6626168.162382701,0,562.6168162382702,2391.1927920140092
2012-01-04,848.8289794921875,-17.432193813652702,-12.28582092117793,-5.146372892474773,HOLD,0,6626168.162382701,0.0,6626168.162382701,0,562.6168162382702,2287.7046349055645
2012-01-05,839.1160278320312,-20.10430277639705,-13.849517292221755,-6.254785484175294,HOLD,0,6626168.162382701,0.0,6626168.162382701,0,562.6168162382702,2260.3826887210184
2012-01-06,855.105712890625,-20.6931961439426,-15.218253062565925,-5.474943081376676,HOLD,0,6626168.162382701,0.0,6626168.162382701,0,562.6168162382702,2305.3607067287503
2012-01-09,861.3825073242188,-20.418046991118217,-16.258211848276385,-4.159835142841832,HOLD,0,6626168.162382701,0.0,6626168.162382701,0,562.6168162382702,2323.0169502401436
2012-01-10,891.0252685546875,-17.605125283299685,-16.527594535281047,-1.0775307480186385,HOLD,0,6626168.162382701,0.0,6626168.162382701,0,562.6168162382702,2406.4002466301095
2012-01-11,869.03369140625,-16.954954882652828,-16.613066604755403,-0.34188827789742504,HOLD,0,6626168.162382701,0.0,6626168.162382701,0,562.6168162382702,2344.5392687949493
2012-01-12,872.1033935546875,-16.00746673488993,-16.49194663078231,0.4844798958923775,BUY,7500,81468.24545154907,6540775.451660156,6622243.697111705,7500,562.2243697111705,2353.1741554737578
2012-01-13,864.4979248046875,-15.689415502484394,-16.331440405122727,0.6420249026383331,HOLD,7500,81468.24545154907,6483734.436035156,6565202.681486705,0,556.5202681486705,2331.7804313859347
2012-01-16,812.8177490234375,-19.38406841118399,-16.94196600633498,-2.4421024048490096,SELL,0,6173943.683256725,0.0,6173943.683256725,7500,517.3943683256724,2186.407219317413
2012-01-17,826.699951171875,-20.950426291786243,-17.743658063425233,-3.2067682283610104,HOLD,0,6173943.683256725,0.0,6173943.683256725,0,517.3943683256724,2225.457015228422
2012-01-18,812.6802978515625,-23.057255365766878,-18.806377523893563,-4.250877841873315,HOLD,0,6173943.683256725,0.0,6173943.683256725,0,517.3943683256724,2186.0205774754304
2012-01-19,827.8911743164062,-23.231740929487728,-19.691450205012398,-3.54029072447533,HOLD,0,6173943.683256725,0.0,6173943.683256725,0,517.3943683256724,2228.8078539628696
2012-01-20,852.0360717773438,-21.177608272504926,-19.988681818510905,-1.1889264539940214,HOLD,0,6173943.683256725,0.0,6173943.683256725,0,517.3943683256724,2296.725991738149
2012-01-30,842.0940551757812,-20.120000155933553,-20.014945485995437,-0.10505466993811652,HOLD,0,6173943.683256725,0.0,6173943.683256725,0,517.3943683256724,2268.759699713034
2012-01-31,854.0519409179688,-18.10819664179644,-19.63359571715564,1.5253990753592,BUY,7100,106536.64147083648,6063768.780517578,6170305.421988415,7100,517.0305421988414,2302.396509836286
2012-02-01,852.8607177734375,-16.420662439779335,-18.99100906168038,2.570346621901045,HOLD,7100,106536.64147083648,6055311.096191406,6161847.737662243,0,516.1847737662243,2299.0456711018383
2012-02-02,854.1436157226562,-14.809050764873518,-18.15461740231901,3.34556663744549,HOLD,7100,106536.64147083648,6064419.671630859,6170956.313101696,0,517.0956313101696,2302.654385523079
2012-02-03,854.3726806640625,-13.359354947158408,-17.19556491128689,3.836209964128482,HOLD,7100,106536.64147083648,6066046.032714844,6172582.67418568,0,517.258267418568,2303.2987313636477
2012-02-06,863.8107299804688,-11.318417196390214,-16.020135368307557,4.701718171917342,HOLD,7100,106536.64147083648,6133056.182861328,6239592.824332165,0,523.9592824332165,2329.8473938642283
2012-02-07,851.5321044921875,-10.569898573669661,-14.930088009379979,4.360189435710318,HOLD,7100,106536.64147083648,6045877.941894531,6152414.583365368,0,515.2414583365368,2295.3083622136146
2012-02-08,862.6653442382812,-8.974875985540052,-13.739045604611995,4.764169619071943,HOLD,7100,106536.64147083648,6124923.944091797,6231460.585562633,0,523.1460585562634,2326.625492973177
2012-02-09,873.9359741210938,-6.723855038541387,-12.336007491397874,5.612152452856487,HOLD,7100,106536.64147083648,6204945.416259766,6311482.057730602,0,531.1482057730602,2358.3290938865152
2012-02-10,872.83642578125,-4.971322767706056,-10.863070546659511,5.891747778953455,HOLD,7100,106536.64147083648,6197138.623046875,6303675.2645177115,0,530.3675264517711,2355.2361308388613
2012-02-13,886.1688232421875,-2.478049849025865,-9.186066407132783,6.708016558106918,HOLD,7100,106536.64147083648,6291798.645019531,6398335.286490368,0,539.8335286490368,2392.7393593819397
2012-02-14,888.00146484375,-0.35019737929110306,-7.418892601564448,7.068695222273345,HOLD,7100,106536.64147083648,6304810.400390625,6411347.0418614615,0,541.1347041861461,2397.8944694829042
2012-02-15,892.4913940429688,1.6790853451316252,-5.599297012225233,7.2783823573568585,HOLD,7100,106536.64147083648,6336688.897705078,6443225.539175915,0,544.3225539175914,2410.524369048522
2012-02-16,878.380126953125,2.1241592178384963,-4.054605766212488,6.178764984050984,HOLD,7100,106536.64147083648,6236498.9013671875,6343035.542838024,0,534.3035542838024,2370.830227296944
2012-02-17,877.0972900390625,2.3463223076655595,-2.7744201514368783,5.120742459102438,HOLD,7100,106536.64147083648,6227390.759277344,6333927.40074818,0,533.392740074818,2367.2216845639105
2012-02-20,874.4400024414062,2.2816656345527235,-1.763202994238958,4.044868628791681,HOLD,7100,106536.64147083648,6208524.017333984,6315060.658804821,0,531.5060658804821,2359.7468950992566
2012-02-21,879.4338989257812,2.60338031808044,-0.8898863317750785,3.493266649855518,HOLD,7100,106536.64147083648,6243980.682373047,6350517.323843883,0,535.0517323843883,2373.7944241894093
2012-02-22,883.1449584960938,3.121806770121907,-0.0875477113956814,3.2093544815175883,HOLD,7100,106536.64147083648,6270329.205322266,6376865.846793102,0,537.6865846793102,2384.2334105465275
2012-02-23,890.2463989257812,4.058901867734903,0.7417422044304355,3.3171596633044675,HOLD,7100,106536.64147083648,6320749.432373047,6427286.073843883,0,542.7286073843884,2404.2093334216097
2012-02-24,907.5189819335938,6.1247077611576515,1.8183353157758788,4.306372445381773,HOLD,7100,106536.64147083648,6443384.771728516,6549921.413199352,0,554.9921413199353,2452.7960658505826
2012-02-27,909.4432373046875,7.826921265537294,3.020052505728162,4.806868759809132,HOLD,7100,106536.64147083648,6457046.984863281,6563583.626334118,0,556.3583626334117,2458.208879950133
2012-02-28,919.7059936523438,9.89005005863305,4.39405201630914,5.495998042323911,HOLD,7100,106536.64147083648,6529912.554931641,6636449.196402477,0,563.6449196402477,2487.07739350261
2012-02-29,936.7494506835938,12.753346396928805,6.065910892433074,6.687435504495731,HOLD,7100,106536.64147083648,6650921.099853516,6757457.741324352,0,575.7457741324351,2535.019608402807
2012-03-01,928.1360473632812,14.164223361244694,7.685573386195398,6.478649975049296,HOLD,7100,106536.64147083648,6589765.936279297,6696302.577750133,0,569.6302577750133,2510.7906252659154
2012-03-02,920.4390258789062,14.49418823355063,9.047296355666445,5.446891877884186,HOLD,7100,106536.64147083648,6535117.083740234,6641653.725211071,0,564.1653725211071,2489.139368867713
2012-03-05,915.58251953125,14.200118174335785,10.077860719400313,4.122257454935472,HOLD,7100,106536.64147083648,6500635.888671875,6607172.5301427115,0,560.7172530142711,2475.4783099313363
2012-03-06,898.2183837890625,12.422723474157124,10.546833270351677,1.8758902038054472,HOLD,7100,106536.64147083648,6377350.524902344,6483887.16637318,0,548.388716637318,2426.6340451919846
2012-03-07,884.8401489257812,9.821398651884692,10.40174634665828,-0.5803476947735877,SELL,0,6385132.279809459,0.0,6385132.279809459,7100,538.5132279809459,2389.0018788055095
2012-03-08,890.842041015625,8.150182292292584,9.951433535785142,-1.8012512434925583,HOLD,0,6385132.279809459,0.0,6385132.279809459,0,538.5132279809459,2405.884838632937
2012-03-09,915.994873046875,8.754438898611738,9.712034608350463,-0.9575957097387242,HOLD,0,6385132.279809459,0.0,6385132.279809459,0,538.5132279809459,2476.6382354572843
2012-03-12,918.7896728515625,9.351040624180314,9.639835811516434,-0.2887951873361203,HOLD,0,6385132.279809459,0.0,6385132.279809459,0,538.5132279809459,2484.4998384521277
2012-03-13,923.9210205078125,10.121237337598018,9.736116116732752,0.38512122086526546,BUY,6800,98699.74259266257,6282662.939453125,6381362.682045788,6800,538.1362682045788,2498.934009384263
2012-03-14,910.2221069335938,9.516535248598984,9.692199943105999,-0.17566469450701483,SELL,0,6284496.363544811,0.0,6284496.363544811,6800,528.4496363544811,2460.3997931586327
2012-03-15,911.413330078125,9.029341609219387,9.559628276328677,-0.5302866671092907,HOLD,0,6284496.363544811,0.0,6284496.363544811,0,528.4496363544811,2463.7506318930805
2012-03-16,951.0897827148438,11.709811855834346,9.989664992229812,1.7201468636045334,BUY,6500,98703.5257457383,6182083.587646484,6280787.113392223,6500,528.0787113392223,2575.358095994954
2012-03-19,951.31884765625,13.694723219809134,10.730676637745677,2.9640465820634567,HOLD,6500,98703.5257457383,6183572.509765625,6282276.035511363,0,528.2276035511363,2576.002441835523
2012-03-20,951.8228149414062,15.133990502425036,11.61133941068155,3.5226510917434855,HOLD,6500,98703.5257457383,6186848.297119141,6285551.822864879,0,528.5551822864879,2577.420071360057
2012-03-21,939.681640625,15.120627709975906,12.313197070540422,2.807430639435484,HOLD,6500,98703.5257457383,6107930.6640625,6206634.189808238,0,520.6634189808238,2543.2676815514264
2012-03-22,940.8270263671875,15.029213242790206,12.85640030499038,2.1728129377998258,HOLD,6500,98703.5257457383,6115375.671386719,6214079.197132457,0,521.4079197132457,2546.489582442477
2012-03-23,971.3861694335938,17.224085534562732,13.729937350904851,3.494148183657881,HOLD,6500,98703.5257457383,6314010.101318359,6412713.627064098,0,541.2713627064097,2632.450605571132
2012-03-26,985.95556640625,19.909660045484543,14.96588188982079,4.943778155663752,HOLD,6500,98703.5257457383,6408711.181640625,6507414.707386363,0,550.7414707386364,2673.433439003848
2012-03-27,923.18798828125,16.779751677454783,15.32865584734759,1.4510958301071923,HOLD,6500,98703.5257457383,6000721.923828125,6099425.449573863,0,509.94254495738636,2496.87203401916
2012-03-28,922.7297973632812,14.099771182807672,15.082878914439608,-0.9831077316319359,SELL,0,6092848.56239735,0.0,6092848.56239735,6500,509.284856239735,2495.583170649815
2012-03-29,921.5844116210938,11.748020409188257,14.415907213389339,-2.667886804201082,HOLD,0,6092848.56239735,0.0,6092848.56239735,0,509.284856239735,2492.361269758764
2012-03-30,902.3875732421875,8.240228332289462,13.180771437169364,-4.940543104879902,HOLD,0,6092848.56239735,0.0,6092848.56239735,0,509.284856239735,2438.3617232302404
2012-04-05,943.8050537109375,8.702011006502175,12.285019351035928,-3.583008344533752,HOLD,0,6092848.56239735,0.0,6092848.56239735,0,509.284856239735,2554.8665934344926
2012-04-06,952.8307495117188,9.684636857796704,11.764942852388083,-2.080305994591379,HOLD,0,6092848.56239735,0.0,6092848.56239735,0,509.284856239735,2580.2553304091257
2012-04-09,958.7410278320312,10.815609378148679,11.575076157540202,-0.7594667793915235,HOLD,0,6092848.56239735,0.0,6092848.56239735,0,509.284856239735,2596.880586237967
2012-04-10,953.47216796875,11.158136242571345,11.491688174546432,-0.33355193197508726,HOLD,0,6092848.56239735,0.0,6092848.56239735,0,509.284856239735,2582.059601775642
2012-04-11,956.862548828125,11.569797230629433,11.507309985763033,0.062487244866400005,BUY,6300,60997.56434559263,6028234.0576171875,6089231.62196278,6300,508.923162196278,2591.5965382936056
2012-04-12,973.2188110351562,13.065247158237298,11.818897420257887,1.2463497379794113,HOLD,6300,60997.56434559263,6131278.509521484,6192276.073867077,0,519.2276073867076,2637.6057156720963
2012-04-13,976.0135498046875,14.310946380476821,12.317307212301674,1.9936391681751466,HOLD,6300,60997.56434559263,6148885.363769531,6209882.928115124,0,520.9882928115123,2645.4671469787327
2012-04-16,975.0972290039062,15.050737030539835,12.863993175949307,2.186743854590528,HOLD,6300,60997.56434559263,6143112.542724609,6204110.107070202,0,520.4110107070202,2642.889591928251
2012-04-17,962.9560546875,14.49029999289246,13.189254539337938,1.3010454535545222,HOLD,6300,60997.56434559263,6066623.14453125,6127620.708876843,0,512.7620708876843,2608.7372021196197
2012-04-18,979.8162841796875,15.231055093908594,13.59761465025207,1.633440443656525,HOLD,6300,60997.56434559263,6172842.590332031,6233840.154677624,0,523.3840154677624,2656.164009022644
2012-04-19,959.7489624023438,14.037033505983231,13.685498421398302,0.35153508458492944,HOLD,6300,60997.56434559263,6046418.463134766,6107416.027480358,0,510.7416027480358,2599.7158452870353
2012-04-20,973.5853271484375,14.045335905376987,13.75746591819404,0.28786998718294754,HOLD,6300,60997.56434559263,6133587.561035156,6194585.125380749,0,519.4585125380748,2638.636703354648
2012-04-23,970.5614624023438,13.650559846462897,13.736084703847812,-0.08552485738491455,SELL,0,6171866.055152477,0.0,6171866.055152477,6300,517.1866055152477,2630.130754519236
2012-04-24,969.0953979492188,13.06874941832973,13.602617646744196,-0.533868228414466,HOLD,0,6171866.055152477,0.0,6171866.055152477,0,517.1866055152477,2626.00680378903
2012-04-25,975.5095825195312,12.975656263226597,13.477225370040678,-0.5015691068140811,HOLD,0,6171866.055152477,0.0,6171866.055152477,0,517.1866055152477,2644.049517454199
2012-04-26,992.7821655273438,14.13271917351858,13.608324130736259,0.5243950427823219,BUY,6100,112261.26270985045,6055971.209716797,6168232.472426647,6100,516.8232472426648,2692.6362498831713
2012-04-27,1028.839111328125,17.75453087168978,14.437565478926963,3.3169653927628175,HOLD,6100,112261.26270985045,6275918.5791015625,6388179.841811413,0,538.8179841811412,2794.062259938306
2012-05-02,1035.344970703125,20.908787726420087,15.731809928425589,5.176977797994498,HOLD,6100,112261.26270985045,6315604.3212890625,6427865.583998913,0,542.7865583998913,2812.362849290268
2012-05-03,1038.597900390625,23.401287770280987,17.26570549679667,6.135582273484317,HOLD,6100,112261.26270985045,6335447.1923828125,6447708.455092663,0,544.7708455092662,2821.5131439662487
2012-05-04,1072.0892333984375,27.759093141219296,19.364383025681196,8.3947101155381,HOLD,6100,112261.26270985045,6539744.323730469,6652005.586440319,0,565.200558644032,2915.7222402435223
2012-05-07,1074.4259033203125,31.0433861960787,21.700183659760697,9.343202536318003,HOLD,6100,112261.26270985045,6553998.010253906,6666259.272963757,0,566.6259272963757,2922.295151557228
2012-05-08,1072.59326171875,33.11658585550401,23.983464098909362,9.133121756594651,HOLD,6100,112261.26270985045,6542818.896484375,6655080.159194225,0,565.5080159194225,2917.1400414562636
2012-05-09,1057.565673828125,33.164708653174785,25.81971300976245,7.344995643412336,HOLD,6100,112261.26270985045,6451150.6103515625,6563411.873061413,0,556.3411873061413,2874.868344654203
2012-05-10,1043.225341796875,31.68050819127086,26.99187204606413,4.688636145206729,HOLD,6100,112261.26270985045,6363674.5849609375,6475935.847670788,0,547.5935847670787,2834.529857062056
2012-05-11,1043.179443359375,30.152980225348756,27.624093681921057,2.5288865434276993,HOLD,6100,112261.26270985045,6363394.6044921875,6475655.867202038,0,547.5655867202038,2834.400747530453
2012-05-14,1017.9349975585938,26.598773404973258,27.4190296265315,-0.8202562215582425,SELL,0,6317939.105726208,0.0,6317939.105726208,6100,531.7939105726207,2763.389646707519
2012-05-15,1022.1958618164062,23.850916510373736,26.70540700329995,-2.854490492926214,HOLD,0,6317939.105726208,0.0,6317939.105726208,0,531.7939105726207,2775.3752004325684
2012-05-16,1008.038818359375,20.29689506064949,25.423704614769857,-5.126809554120367,HOLD,0,6317939.105726208,0.0,6317939.105726208,0,531.7939105726207,2735.5522925258006
2012-05-17,1007.5347900390625,17.240894286046796,23.787142549025248,-6.546248262978452,HOLD,0,6317939.105726208,0.0,6317939.105726208,0,531.7939105726207,2734.1344913130592
2012-05-18,998.41748046875,13.92280751075134,21.814275541370467,-7.8914680306191265,HOLD,0,6317939.105726208,0.0,6317939.105726208,0,531.7939105726207,2708.4880503398404
2012-05-21,1022.5623779296875,13.090591088121755,20.069538650720727,-6.978947562598972,HOLD,0,6317939.105726208,0.0,6317939.105726208,0,531.7939105726207,2776.40618811512
2012-05-22,1050.4642333984375,14.515178189402036,18.95866655845699,-4.443488369054954,HOLD,0,6317939.105726208,0.0,6317939.105726208,0,531.7939105726207,2854.892421779121
2012-05-23,1055.916259765625,15.90081203092825,18.347095652951243,-2.4462836220229924,HOLD,0,6317939.105726208,0.0,6317939.105726208,0,531.7939105726207,2870.228642550411
2012-05-24,1009.0467529296875,13.066338717223857,17.290944265805766,-4.224605548581909,HOLD,0,6317939.105726208,0.0,6317939.105726208,0,531.7939105726207,2738.387551574869
2012-05-25,1001.4413452148438,10.089994181174802,15.850754248879575,-5.760760067704773,HOLD,0,6317939.105726208,0.0,6317939.105726208,0,531.7939105726207,2716.9939991752526
2012-05-28,1033.0999755859375,10.168589412663096,14.71432128163628,-4.545731868973185,HOLD,0,6317939.105726208,0.0,6317939.105726208,0,531.7939105726207,2806.047813663355
2012-05-29,1033.0999755859375,10.11428551240283,13.79431412778959,-3.6800286153867603,HOLD,0,6317939.105726208,0.0,6317939.105726208,0,531.7939105726207,2806.047813663355
2012-05-30,1047.6236572265625,11.115061499059038,13.25846360204348,-2.1434021029844423,HOLD,0,6317939.105726208,0.0,6317939.105726208,0,531.7939105726207,2846.9020526290883
2012-05-31,1084.367919921875,14.703644136674257,13.547499708969637,1.1561444277046196,BUY,5700,133333.42388538737,6180897.1435546875,6314230.567440075,5700,531.4230567440075,2950.2614435823434
2012-06-01,1101.27392578125,18.696276082144323,14.577254983604576,4.119021098539747,HOLD,5700,133333.42388538737,6277261.376953125,6410594.800838512,0,541.0594800838512,2997.8170166405575
2012-06-04,1083.6806640625,20.20789247117773,15.703382481119208,4.504509990058521,HOLD,5700,133333.42388538737,6176979.78515625,6310313.209041637,0,531.0313209041637,2948.32823437243
2012-06-05,1103.2440185546875,22.72252740815975,17.107211466527318,5.615315941632431,HOLD,5700,133333.42388538737,6288490.905761719,6421824.329647106,0,542.1824329647106,3003.358768583505
2012-06-06,1083.90966796875,22.891395446995148,18.264048262620886,4.627347184374262,HOLD,5700,133333.42388538737,6178285.107421875,6311618.531307262,0,531.1618531307263,2948.9724085247917
2012-06-07,1090.323974609375,23.27451144365955,19.26614089882862,4.008370544830928,HOLD,5700,133333.42388538737,6214846.6552734375,6348180.079158825,0,534.8180079158825,2967.015465566374
2012-06-08,1094.905517578125,23.674916162842237,20.147895951631345,3.5270202112108926,HOLD,5700,133333.42388538737,6240961.4501953125,6374294.8740807,0,537.42948740807,2979.9030691305784
2012-06-11,1079.190673828125,22.465218180289185,20.611360397362912,1.8538577829262728,HOLD,5700,133333.42388538737,6151386.8408203125,6284720.2647057,0,528.47202647057,2935.698163118605
2012-06-12,1071.4019775390625,20.640114721551072,20.617111262200545,0.02300345935052661,HOLD,5700,133333.42388538737,6106991.271972656,6240324.695858044,0,524.0324695858044,2913.789031033609
2012-06-13,1094.9512939453125,20.853553323647475,20.664399674489932,0.18915364915754296,HOLD,5700,133333.42388538737,6241222.375488281,6374555.799373669,0,537.4555799373669,2980.031835285768
2012-06-14,1120.608154296875,22.829831078991447,21.097485955390237,1.7323451236012097,HOLD,5700,133333.42388538737,6387466.4794921875,6520799.903377575,0,552.0799903377575,3052.2030333228568
2012-06-15,1115.064453125,23.675795254464674,21.613147815205124,2.0626474392595497,HOLD,5700,133333.42388538737,6355867.3828125,6489200.806697887,0,548.9200806697887,3036.608936864774
2012-06-18,1129.1756591796875,25.194458322181163,22.329409916600333,2.865048405580829,HOLD,5700,133333.42388538737,6436301.257324219,6569634.681209606,0,556.9634681209606,3076.302906928145
2012-06-19,1116.530517578125,25.088448480271154,22.8812176293345,2.2072308509366536,HOLD,5700,133333.42388538737,6364223.9501953125,6497557.3740807,0,549.75573740807,3040.7328875949797
2012-06-20,1115.88916015625,24.66832167611483,23.238638438690568,1.4296832374242605,HOLD,5700,133333.42388538737,6360568.212890625,6493901.636776012,0,549.3901636776012,3038.92878791667
2012-06-21,1098.57080078125,22.676520478543807,23.126214846661217,-0.4496943681174095,SELL,0,6391429.876199841,0.0,6391429.876199841,5700,539.1429876199841,2990.2132893325074
2012-06-25,1088.5828857421875,20.06081383370065,22.513134644069105,-2.4523208103684553,HOLD,0,6391429.876199841,0.0,6391429.876199841,0,539.1429876199841,2962.117887775789
2012-06-26,1089.728271484375,17.874227560522968,21.585353227359878,-3.71112566683691,HOLD,0,6391429.876199841,0.0,6391429.876199841,0,539.1429876199841,2965.33978866684
2012-06-27,1108.28369140625,17.43759970424503,20.75580252273691,-3.31820281849188,HOLD,0,6391429.876199841,0.0,6391429.876199841,0,539.1429876199841,3017.535063828847
2012-06-28,1081.893798828125,14.79161665159313,19.562965348508154,-4.771348696915023,HOLD,0,6391429.876199841,0.0,6391429.876199841,0,539.1429876199841,2943.301890426655
2012-06-29,1095.684326171875,13.650086621790479,18.38038960316462,-4.730302981374141,HOLD,0,6391429.876199841,0.0,6391429.876199841,0,539.1429876199841,2982.093810650871
2012-07-02,1108.0546875,13.586978395307824,17.42170736159326,-3.834728966285436,HOLD,0,6391429.876199841,0.0,6391429.876199841,0,539.1429876199841,3016.8908896764847
2012-07-03,1168.0274658203125,18.16685052381149,17.570735994036905,0.5961145297745851,BUY,5400,80297.15178089589,6307348.3154296875,6387645.467210583,5400,538.7645467210583,3185.5906916663293
2012-07-04,1185.0709228515625,22.907631806199788,18.638115156469482,4.269516649730306,HOLD,5400,80297.15178089589,6399382.9833984375,6479680.135179333,0,547.9680135179334,3233.5329065665264
2012-07-05,1171.1103515625,25.24719969605235,19.959932064386056,5.2872676316662925,HOLD,5400,80297.15178089589,6323995.8984375,6404293.050218396,0,540.4293050218396,3194.2626629978326
2012-07-06,1209.8743896484375,29.884765044575033,21.944898660423853,7.9398663841511805,HOLD,5400,80297.15178089589,6533321.7041015625,6613618.855882458,0,561.3618855882459,3303.3035600944672
2012-07-09,1185.396728515625,31.2249841298933,23.800915754317742,7.424068375575558,HOLD,5400,80297.15178089589,6401142.333984375,6481439.485765271,0,548.143948576527,3234.449378215063
2012-07-10,1165.2469482421875,30.311783173445292,25.103089238143255,5.208693935302037,HOLD,5400,80297.15178089589,6292333.5205078125,6372630.672288708,0,537.2630672288708,3177.7692637119053
2012-07-11,1200.660400390625,32.07588364193316,26.49764811890124,5.578235523031921,HOLD,5400,80297.15178089589,6483566.162109375,6563863.313890271,0,556.3863313890271,3277.3851650014876
2012-07-12,1191.5859375,32.36858772549135,27.671836040219265,4.696751685272087,HOLD,5400,80297.15178089589,6434564.0625,6514861.214280896,0,551.4861214280896,3251.859249149526
2012-07-13,1222.4854736328125,34.69396175339807,29.076261182855028,5.617700570543043,HOLD,5400,80297.15178089589,6601421.5576171875,6681718.709398083,0,568.1718709398083,3338.7777774081715
2012-07-16,1220.391357421875,35.95341120284115,30.451691186852255,5.501720015988898,HOLD,5400,80297.15178089589,6590113.330078125,6670410.481859021,0,567.041048185902,3332.8871550287636
2012-07-17,1180.8828125,33.37875506601199,31.037103962684203,2.341651103327788,HOLD,5400,80297.15178089589,6376767.1875,6457064.339280896,0,545.7064339280896,3221.7520051841257
2012-07-18,1139.931640625,27.714429509339425,30.37256907201525,-2.6581395626758244,SELL,0,6232234.6326402705,0.0,6232234.6326402705,5400,523.223463264027,3106.558832880738
2012-07-19,1145.74853515625,23.424759426013907,28.983007142814984,-5.558247716801077,HOLD,0,6232234.6326402705,0.0,6232234.6326402705,0,523.223463264027,3122.921405752993
2012-07-20,1131.1829833984375,18.635033614511485,26.913412437154285,-8.2783788226428,HOLD,0,6232234.6326402705,0.0,6232234.6326402705,0,523.223463264027,3081.949388677313
2012-07-23,1128.856201171875,14.484422118884822,24.427614373500393,-9.943192254615571,HOLD,0,6232234.6326402705,0.0,6232234.6326402705,0,523.223463264027,3075.4042908531283
2012-07-24,1160.500244140625,13.591765005927982,22.260444499985912,-8.66867949405793,HOLD,0,6232234.6326402705,0.0,6232234.6326402705,0,523.223463264027,3164.417071859777
2012-07-25,1189.212646484375,15.02794591629322,20.813944783247376,-5.785998866954156,HOLD,0,6232234.6326402705,0.0,6232234.6326402705,0,523.223463264027,3245.183324911669
2012-07-26,1165.43310546875,14.084956794491745,19.46814718549625,-5.383190391004504,HOLD,0,6232234.6326402705,0.0,6232234.6326402705,0,523.223463264027,3178.29291274301
2012-07-27,1160.8260498046875,12.818120913388839,18.138141931074767,-5.320021017685928,HOLD,0,6232234.6326402705,0.0,6232234.6326402705,0,523.223463264027,3165.3335435083136
2012-07-30,1162.6409912109375,11.824291877543146,16.875371920368444,-5.051080042825298,HOLD,0,6232234.6326402705,0.0,6232234.6326402705,0,523.223463264027,3170.4388640292714
2012-07-31,1146.81884765625,9.648735832246985,15.430044702744153,-5.781308870497169,HOLD,0,6232234.6326402705,0.0,6232234.6326402705,0,523.223463264027,3125.9321301495324
2012-08-01,1131.0433349609375,6.575837794485778,13.659203321092479,-7.0833655266067,HOLD,0,6232234.6326402705,0.0,6232234.6326402705,0,523.223463264027,3081.556566059881
2012-08-02,1126.9017333984375,3.7629741041373563,11.679957477701455,-7.916983373564099,HOLD,0,6232234.6326402705,0.0,6232234.6326402705,0,523.223463264027,3069.906491091153
2012-08-03,1149.23876953125,3.298152453015973,10.00359647276436,-6.705444019748386,HOLD,0,6232234.6326402705,0.0,6232234.6326402705,0,523.223463264027,3132.739224177477
2012-08-06,1157.9407958984375,3.5905689043288476,8.720990959077257,-5.13042205474841,HOLD,0,6232234.6326402705,0.0,6232234.6326402705,0,523.223463264027,3157.2174985908155
2012-08-07,1172.2271728515625,4.918405950429133,7.960473957347633,-3.0420680069185,HOLD,0,6232234.6326402705,0.0,6232234.6326402705,0,523.223463264027,3197.404213808046
2012-08-08,1176.4154052734375,6.236787921051246,7.615736750088356,-1.3789488290371104,HOLD,0,6232234.6326402705,0.0,6232234.6326402705,0,523.223463264027,3209.1854585668607
2012-08-09,1214.2021484375,10.212960852192737,8.135181570509232,2.0777792816835046,BUY,5000,157581.28400745802,6071010.7421875,6228592.026194958,5000,522.8592026194958,3315.4772840943006
2012-08-10,1155.0556640625,8.493570966594689,8.206859449726323,0.2867115168683654,HOLD,5000,157581.28400745802,5775278.3203125,5932859.604319958,0,493.2859604319958,3149.101797049731
2012-08-13,1154.078369140625,6.971716948878566,7.959830949556772,-0.9881140006782063,SELL,0,5924510.894603161,0.0,5924510.894603161,5000,492.4510894603161,3146.3527254805363
2012-08-14,1151.7515869140625,5.514319156823831,7.470728591010184,-1.9564094341863534,HOLD,0,5924510.894603161,0.0,5924510.894603161,0,492.4510894603161,3139.807627656352
2012-08-15,1136.0692138671875,3.0586265221947997,6.588308177247107,-3.5296816550523076,HOLD,0,5924510.894603161,0.0,5924510.894603161,0,492.4510894603161,3095.6940597704593
2012-08-16,1113.49951171875,-0.7006374116172083,5.130519059474245,-5.831156471091453,HOLD,0,5924510.894603161,0.0,5924510.894603161,0,492.4510894603161,3032.206851239358
2012-08-17,1068.5462646484375,-7.22395920683266,2.6596234062128636,-9.883582613045524,HOLD,0,5924510.894603161,0.0,5924510.894603161,0,492.4510894603161,2905.7560832082604
2012-08-20,1082.6466064453125,-11.127685949124498,-0.09783846485460843,-11.02984748426989,HOLD,0,5924510.894603161,0.0,5924510.894603161,0,492.4510894603161,2945.4194927708
2012-08-21,1097.2586669921875,-12.893715621549745,-2.657013896193636,-10.23670172535611,HOLD,0,5924510.894603161,0.0,5924510.894603161,0,492.4510894603161,2986.5223362601523
2012-08-22,1080.4593505859375,-15.47053658111031,-5.219718433176971,-10.250818147933337,HOLD,0,5924510.894603161,0.0,5924510.894603161,0,492.4510894603161,2939.266874187633
2012-08-23,1062.2640380859375,-18.764588910325756,-7.928692528606728,-10.835896381719028,HOLD,0,5924510.894603161,0.0,5924510.894603161,0,492.4510894603161,2888.0845594464513
2012-08-24,1079.0633544921875,-19.791441262228773,-10.301242275331138,-9.490198986897635,HOLD,0,5924510.894603161,0.0,5924510.894603161,0,492.4510894603161,2935.3400215189704
2012-08-27,1063.3343505859375,-21.6251470773268,-12.56602323573027,-9.05912384159653,HOLD,0,5924510.894603161,0.0,5924510.894603161,0,492.4510894603161,2891.095283842991
2012-08-28,1049.5133056640625,-23.917904252982453,-14.836399439180708,-9.081504813801745,HOLD,0,5924510.894603161,0.0,5924510.894603161,0,492.4510894603161,2852.217519515316
2012-08-29,1019.8702392578125,-27.806344326111912,-17.43038841656695,-10.375955909544963,HOLD,0,5924510.894603161,0.0,5924510.894603161,0,492.4510894603161,2768.8333646843153
2012-08-30,1013.9137573242188,-31.01112249405128,-20.146535232063815,-10.864587261987463,HOLD,0,5924510.894603161,0.0,5924510.894603161,0,492.4510894603161,2752.078140882836
2012-08-31,1022.6624145507812,-32.47068689252251,-22.611365564155555,-9.859321328366953,HOLD,0,5924510.894603161,0.0,5924510.894603161,0,492.4510894603161,2776.687585086261
2012-09-03,1022.6624145507812,-33.24418393528458,-24.737929238381362,-8.50625469690322,HOLD,0,5924510.894603161,0.0,5924510.894603161,0,492.4510894603161,2776.687585086261
2012-09-04,1086.2763671875,-28.39673173354754,-25.469689737414598,-2.9270419961329424,HOLD,0,5924510.894603161,0.0,5924510.894603161,0,492.4510894603161,2955.629790436302
2012-09-05,1089.2080078125,-24.04139777368482,-25.184031344668643,1.142633570983822,BUY,5300,148244.7717320677,5772802.44140625,5921047.213138318,5300,492.10472131383176,2963.8763183910582
2012-09-06,1078.4583740234375,-21.212643688319304,-24.389753813398777,3.177110125079473,HOLD,5300,148244.7717320677,5715829.382324219,5864074.154056286,0,486.4074154056286,2933.6382480119846
2012-09-07,1124.2957763671875,-15.098098919505219,-22.531422834620066,7.433323915114848,HOLD,5300,148244.7717320677,5958767.614746094,6107012.386478161,0,510.7012386478162,3062.5760914085186
2012-09-10,1124.6680908203125,-10.105742760561043,-20.046286819808262,9.94054405924722,HOLD,5300,148244.7717320677,5960740.881347656,6108985.653079724,0,510.89856530797243,3063.623389470727
2012-09-11,1115.5936279296875,-6.803076225477298,-17.39764470094207,10.594568475464772,HOLD,5300,148244.7717320677,5912646.228027344,6060890.999759411,0,506.08909997594117,3038.097473618766
2012-09-12,1118.06005859375,-3.9412367364639067,-14.706363108046439,10.765126371582532,HOLD,5300,148244.7717320677,5925718.310546875,6073963.082278943,0,507.3963082278943,3045.0353940603823
2012-09-13,1116.7569580078125,-1.758091465756479,-12.116708779588448,10.358617313831969,HOLD,5300,148244.7717320677,5918811.877441406,6067056.649173474,0,506.7056649173474,3041.369850842651
2012-09-14,1139.0009765625,1.746836838627587,-9.343999655945241,11.090836494572828,HOLD,5300,148244.7717320677,6036705.17578125,6184949.947513318,0,518.4949947513318,3103.9409311016298
2012-09-17,1122.899658203125,3.1885206628116975,-6.837495592193854,10.026016255005551,HOLD,5300,148244.7717320677,5951368.1884765625,6099612.96020863,0,509.961296020863,3058.648895363442
2012-09-18,1118.3857421875,3.921624140195945,-4.685671645715894,8.60729578591184,HOLD,5300,148244.7717320677,5927444.43359375,6075689.205325818,0,507.5689205325817,3045.9515223325047
2012-09-19,1077.57421875,1.1956819848394389,-3.5094009196048277,4.705082904444266,HOLD,5300,148244.7717320677,5711143.359375,5859388.131107068,0,485.93881311070675,2931.151172646549
2012-09-20,1065.8472900390625,-1.8891351791737634,-3.185347771518615,1.2962125923448515,HOLD,5300,148244.7717320677,5648990.637207031,5797235.408939099,0,479.7235408939099,2898.164030698281
2012-09-21,1073.060302734375,-3.7090890934705385,-3.290096035909,-0.4189930575615386,SELL,0,5832052.0444615595,0.0,5832052.0444615595,5300,483.20520444615596,2918.453799615612
2012-09-24,1081.2969970703125,-4.4356518531615166,-3.5192071993595033,-0.9164446538020132,HOLD,0,5832052.0444615595,0.0,5832052.0444615595,0,483.20520444615596,2941.6231231393963
2012-09-25,1109.916259765625,-2.6713293347386298,-3.349631626435329,0.6783022916966992,BUY,5200,57024.55494984146,5771564.55078125,5828589.105731091,5200,482.85891057310914,3022.127379987529
2012-09-26,1097.6309814453125,-2.2386050699622047,-3.1274263151407045,0.8888212451784998,HOLD,5200,57024.55494984146,5707681.103515625,5764705.658465466,0,476.4705658465466,2987.5696343223613
2012-09-27,1120.06103515625,-0.08477288477820366,-2.5188956290682043,2.4341227442900006,HOLD,5200,57024.55494984146,5824317.3828125,5881341.937762341,0,488.13419377623416,3050.6640202360304
2012-09-28,1143.840576171875,3.5006119895872416,-1.3149941053371152,4.815606094924357,HOLD,5200,57024.55494984146,5947970.99609375,6004995.551043591,0,500.4995551043591,3117.5544324046896
2012-10-08,1116.5709228515625,4.0944242389414285,-0.23311043648140653,4.327534675422835,HOLD,5200,57024.55494984146,5806168.798828125,5863193.353777966,0,486.3193353777967,3040.84654518796
2012-10-09,1136.1622314453125,6.07584108293463,1.028679867401801,5.04716121553283,HOLD,5200,57024.55494984146,5908043.603515625,5965068.158465466,0,496.5068158465466,3095.955712597805
2012-10-10,1134.6265869140625,7.436491284904378,2.3102421509023165,5.126249134002061,HOLD,5200,57024.55494984146,5900058.251953125,5957082.806902966,0,495.70828069029665,3091.6360373117104
2012-10-11,1125.8314208984375,7.716172743492962,3.391428269420446,4.324744474072515,HOLD,5200,57024.55494984146,5854323.388671875,5911347.943621716,0,491.1347943621717,3066.8957666946126
2012-10-12,1133.1839599609375,8.433890133487012,4.399920642233759,4.033969491253252,HOLD,5200,57024.55494984146,5892556.591796875,5949581.146746716,0,494.9581146746716,3087.5780148529616
2012-10-15,1143.4217529296875,9.716781657245974,5.463292845236203,4.253488812009771,HOLD,5200,57024.55494984146,5945793.115234375,6002817.670184216,0,500.2817670184217,3116.3763079288083
2012-10-16,1162.5013427734375,12.133182107473203,6.7972706976836035,5.3359114097896,HOLD,5200,57024.55494984146,6045006.982421875,6102031.537371716,0,510.20315373717165,3170.0460414118397
2012-10-17,1157.7081298828125,13.505738900764072,8.138964338299697,5.366774562464375,HOLD,5200,57024.55494984146,6020082.275390625,6077106.830340466,0,507.7106830340466,3156.563023146038
2012-10-18,1169.0628662109375,15.332983287486059,9.57776812813697,5.755215159349088,HOLD,5200,57024.55494984146,6079126.904296875,6136151.459246716,0,513.6151459246717,3188.503210408512
2012-10-19,1177.3460693359375,17.2506185031516,11.112338203139897,6.1382803000117026,HOLD,5200,57024.55494984146,6122199.560546875,6179224.115496716,0,517.9224115496717,3211.8033603459685
2012-10-22,1165.8984375,17.643249611097872,12.418520484731493,5.224729126366379,HOLD,5200,57024.55494984146,6062671.875,6119696.429949841,0,511.96964299498416,3179.6018636325643
2012-10-23,1138.7216796875,15.581857410217026,13.0511878698286,2.530669540388425,HOLD,5200,57024.55494984146,5921352.734375,5978377.289324841,0,497.83772893248414,3103.1552858667665
2012-10-24,1146.0743408203125,14.37577258638703,13.316104813140287,1.0596677732467423,HOLD,5200,57024.55494984146,5959586.572265625,6016611.127215466,0,501.66111272154666,3123.8378774015287
2012-10-25,1145.0970458984375,13.189047017408939,13.290693253994018,-0.10164623658507921,SELL,0,6007956.490838513,0.0,6007956.490838513,5200,500.7956490838513,3121.088805832334
2012-10-26,1121.9224853515625,10.260290849741978,12.684612773143611,-2.4243219234016333,HOLD,0,6007956.490838513,0.0,6007956.490838513,0,500.7956490838513,3055.900167170661
2012-10-29,1125.319580078125,8.119748236740179,11.771639865862925,-3.651891629122746,HOLD,0,6007956.490838513,0.0,6007956.490838513,0,500.7956490838513,3065.4559893913856
2012-10-30,1138.163330078125,7.374724842089336,10.892256861108208,-3.517532019018873,HOLD,0,6007956.490838513,0.0,6007956.490838513,0,500.7956490838513,3101.584682149867
2012-10-31,1151.007080078125,7.731547255487385,10.260114939984044,-2.528567684496659,HOLD,0,6007956.490838513,0.0,6007956.490838513,0,500.7956490838513,3137.7133749083478
2012-11-01,1160.5933837890625,8.687719559101879,9.945635863807611,-1.2579163047057325,HOLD,0,6007956.490838513,0.0,6007956.490838513,0,500.7956490838513,3164.6790680635363
2012-11-02,1155.753662109375,8.951777388806477,9.746864168807384,-0.7950867800009078,HOLD,0,6007956.490838513,0.0,6007956.490838513,0,500.7956490838513,3151.0652233840624
2012-11-05,1130.4384765625,7.0372007457897325,9.204931484203854,-2.1677307384141216,HOLD,0,6007956.490838513,0.0,6007956.490838513,0,500.7956490838513,3079.8551359293087
2012-11-06,1097.91015625,2.8621285276622075,7.936370892895526,-5.074242365233318,HOLD,0,6007956.490838513,0.0,6007956.490838513,0,500.7956490838513,2988.354936180811
2012-11-07,1105.07666015625,0.13013062247478047,6.375122838811377,-6.2449922163365965,HOLD,0,6007956.490838513,0.0,6007956.490838513,0,500.7956490838513,3008.513878684469
2012-11-08,1089.3941650390625,-3.262831798316256,4.447531911385851,-7.710363709702107,HOLD,0,6007956.490838513,0.0,6007956.490838513,0,500.7956490838513,2964.3999674221627
2012-11-09,1092.6982421875,-5.62037931503437,2.4339496661018067,-8.054328981136177,HOLD,0,6007956.490838513,0.0,6007956.490838513,0,500.7956490838513,2973.694136815542
2012-11-12,1077.10888671875,-8.64700610410091,0.2177585120612634,-8.864764616162173,HOLD,0,6007956.490838513,0.0,6007956.490838513,0,500.7956490838513,2929.842221756995
2012-11-13,1061.2867431640625,-12.181918816659618,-2.262176953682913,-9.919741862976705,HOLD,0,6007956.490838513,0.0,6007956.490838513,0,500.7956490838513,2885.3354878772566
2012-11-14,1073.3394775390625,-13.85114034995604,-4.579969632937539,-9.271170717018501,HOLD,0,6007956.490838513,0.0,6007956.490838513,0,500.7956490838513,2919.239101474061
2012-11-15,1057.5174560546875,-16.263242805281152,-6.916624267406262,-9.346618537874889,HOLD,0,6007956.490838513,0.0,6007956.490838513,0,500.7956490838513,2874.732710970737
2012-11-16,1044.2548828125,-19.025713616604662,-9.338442137245943,-9.687271479358719,HOLD,0,6007956.490838513,0.0,6007956.490838513,0,500.7956490838513,2837.4258937363743
2012-11-19,996.0906372070312,-24.81538739324492,-12.433831188445739,-12.38155620479918,HOLD,0,6007956.490838513,0.0,6007956.490838513,0,500.7956490838513,2701.9427808274495
2012-11-20,1004.9789428710938,-28.359621525465172,-15.618989255849627,-12.740632269615546,HOLD,0,6007956.490838513,0.0,6007956.490838513,0,500.7956490838513,2726.945047648306
2012-11-21,1017.4969482421875,-29.81466924588699,-18.4581252538571,-11.356543992029888,HOLD,0,6007956.490838513,0.0,6007956.490838513,0,500.7956490838513,2762.157440446458
2012-11-22,1011.1681518554688,-31.119756838367266,-20.990451570759134,-10.129305267608132,HOLD,0,6007956.490838513,0.0,6007956.490838513,0,500.7956490838513,2744.3549185827696
2012-11-23,1034.1566162109375,-29.953782646417267,-22.783117785890763,-7.170664860526504,HOLD,0,6007956.490838513,0.0,6007956.490838513,0,500.7956490838513,2809.020079901545
2012-11-26,1010.05126953125,-30.621850092740033,-24.350864247260617,-6.270985845479416,HOLD,0,6007956.490838513,0.0,6007956.490838513,0,500.7956490838513,2741.21319608435
2012-11-27,1022.6624145507812,-29.79028053952311,-25.438747505713117,-4.351533033809993,HOLD,0,6007956.490838513,0.0,6007956.490838513,0,500.7956490838513,2776.687585086261
2012-11-28,1016.2870483398438,-29.30785177773828,-26.21256836011815,-3.095283417620127,HOLD,0,6007956.490838513,0.0,6007956.490838513,0,500.7956490838513,2758.7540651206928
2012-11-29,1020.4287109375,-28.265498873646948,-26.623154462823912,-1.6423444108230356,HOLD,0,6007956.490838513,0.0,6007956.490838513,0,500.7956490838513,2770.4043117776287
2012-11-30,1005.2116088867188,-28.340626546872272,-26.966648879633585,-1.3739776672386874,HOLD,0,6007956.490838513,0.0,6007956.490838513,0,500.7956490838513,2727.599523093083
2012-12-03,931.5925903320312,-33.9492593773017,-28.363170979167208,-5.586088398134493,HOLD,0,6007956.490838513,0.0,6007956.490838513,0,500.7956490838513,2520.51367180018
2012-12-04,916.5150756835938,-39.1593659329003,-30.522409969913827,-8.636955962986473,HOLD,0,6007956.490838513,0.0,6007956.490838513,0,500.7956490838513,2478.1015340448594
2012-12-05,915.072509765625,-42.91017415159308,-32.999962806249684,-9.910211345343399,HOLD,0,6007956.490838513,0.0,6007956.490838513,0,500.7956490838513,2474.0436832743176
2012-12-06,903.764404296875,-46.261907817288716,-35.652351808457496,-10.60955600883122,HOLD,0,6007956.490838513,0.0,6007956.490838513,0,500.7956490838513,2442.2346658019305
2012-12-07,925.07763671875,-46.6605078713759,-37.85398302104118,-8.806524850334718,HOLD,0,6007956.490838513,0.0,6007956.490838513,0,500.7956490838513,2502.1875009053874
2012-12-10,925.07763671875,-46.441057681599546,-39.571397953152854,-6.869659728446692,HOLD,0,6007956.490838513,0.0,6007956.490838513,0,500.7956490838513,2502.1875009053874
2012-12-11,941.4580688476562,-44.43317981116002,-40.54375432475429,-3.8894254864057274,HOLD,0,6007956.490838513,0.0,6007956.490838513,0,500.7956490838513,2548.2646668138177
2012-12-12,985.8994140625,-38.808516564347656,-40.19670677267297,1.3881902083253124,BUY,6000,89010.76857288834,5915396.484375,6004407.252947888,6000,500.4407252947888,2673.2754858534818
2012-12-13,957.2335815429688,-36.2461999017155,-39.406605398481474,3.160405496765975,HOLD,6000,89010.76857288834,5743401.4892578125,5832412.257830701,0,483.24122578307004,2592.6402309034697
2012-12-14,967.564453125,-33.00150962784767,-38.125586244354714,5.124076616507047,HOLD,6000,89010.76857288834,5805386.71875,5894397.487322888,0,489.4397487322888,2621.700348494868
2012-12-17,982.316162109375,-28.906513287712187,-36.28177165302621,7.375258365314025,HOLD,6000,89010.76857288834,5893896.97265625,5982907.741229138,0,498.29077412291383,2663.1960146016527
2012-12-18,998.3243408203125,-24.09175815781373,-33.84376895398372,9.75201079616999,HOLD,6000,89010.76857288834,5989946.044921875,6078956.813494763,0,507.89568134947626,2708.2260541360815
2012-12-19,1021.2197875976562,-18.218546752916495,-30.718724513770276,12.50017776085378,HOLD,6000,89010.76857288834,6127318.7255859375,6216329.494158826,0,521.6329494158825,2772.6295626275123
2012-12-20,1016.3335571289062,-13.799193846268622,-27.334818380269947,13.535624534001325,HOLD,6000,89010.76857288834,6098001.3427734375,6187012.111346326,0,518.7012111346326,2758.8848915343656
2012-12-21,1007.9572143554688,-10.847680378869768,-24.037390779989913,13.189710401120145,HOLD,6000,89010.76857288834,6047743.2861328125,6136754.054705701,0,513.6754054705701,2735.322745393149
2012-12-24,952.0216064453125,-12.87372053965089,-21.80465673192211,8.930936192271218,HOLD,6000,89010.76857288834,5712129.638671875,5801140.407244763,0,480.11404072447635,2577.979259849994
2012-12-25,952.673095703125,-14.262394222948501,-20.296204230127387,6.033810007178886,HOLD,6000,89010.76857288834,5716038.57421875,5805049.342791638,0,480.5049342791638,2579.8118597706525
2012-12-26,955.1394653320312,-14.991104583078595,-19.23518430071763,4.2440797176390355,HOLD,6000,89010.76857288834,5730836.7919921875,5819847.560565076,0,481.98475605650754,2586.7496085240623
2012-12-27,965.9822387695312,-14.526242117134075,-18.29339586400092,3.767153746866846,HOLD,6000,89010.76857288834,5795893.4326171875,5884904.201190076,0,488.4904201190076,2617.2496751068948
2012-12-28,987.9469604492188,-12.244320881708063,-17.08358086754235,4.8392599858342855,HOLD,6000,89010.76857288834,5927681.7626953125,6016692.531268201,0,501.6692531268201,2679.03511013101
2012-12-31,972.683349609375,-11.534564415174259,-15.973777577068732,4.4392131618944735,HOLD,6000,89010.76857288834,5836100.09765625,5925110.866229138,0,492.5110866229138,2636.0994950327918
2013-01-04,963.0039672851562,-11.619183842868438,-15.102858830228675,3.483674987360237,HOLD,6000,89010.76857288834,5778023.8037109375,5867034.572283826,0,486.7034572283826,2608.8719773620514
2013-01-07,950.672119140625,-12.536805937715371,-14.589648251726015,2.0528423140106433,HOLD,6000,89010.76857288834,5704032.71484375,5793043.483416638,0,479.3043483416638,2574.183233595004
2013-01-08,981.1527709960938,-10.681366052755038,-13.80799181193182,3.1266257591767825,HOLD,6000,89010.76857288834,5886916.6259765625,5975927.394549451,0,497.59273945494505,2659.9234656895605
2013-01-09,1007.2591552734375,-7.023388296798657,-12.45107110890519,5.427682812106532,HOLD,6000,89010.76857288834,6043554.931640625,6132565.700213513,0,513.2565700213513,2733.359147370611
2013-01-10,998.1847534179688,-4.801296604142976,-10.921116207952748,6.119819603809772,HOLD,6000,89010.76857288834,5989108.5205078125,6078119.289080701,0,507.81192890807006,2707.833403206857
2013-01-11,983.1072998046875,-4.208385775866645,-9.578570121535527,5.370184345668882,HOLD,6000,89010.76857288834,5898643.798828125,5987654.567401013,0,498.76545674010134,2665.421437139743
2013-01-14,974.5447387695312,-4.378948989840865,-8.538645895196595,4.15969690535573,HOLD,6000,89010.76857288834,5847268.4326171875,5936279.201190076,0,493.6279201190076,2641.3354702792153
2013-01-15,981.1993408203125,-3.9318271393042323,-7.617282144018123,3.6854550047138908,HOLD,6000,89010.76857288834,5887196.044921875,5976206.813494763,0,497.62068134947634,2660.05446379144
2013-01-16,958.629638671875,-5.337142930476489,-7.161254301309797,1.8241113708333083,HOLD,6000,89010.76857288834,5751777.83203125,5840788.600604138,0,484.0788600604139,2596.567255260339
2013-01-17,954.5810546875,-6.700315643903764,-7.069066569828591,0.36875092592482694,HOLD,6000,89010.76857288834,5727486.328125,5816497.096697888,0,481.6497096697888,2585.1788331189555
2013-01-18,948.2056884765625,-8.200547802089318,-7.295362816280737,-0.9051849858085808,SELL,0,5774831.358953748,0.0,5774831.358953748,6000,477.48313589537486,2567.245313153388
2013-01-21,918.1903686523438,-11.67687431881518,-8.171665116787626,-3.5052092020275545,HOLD,0,5774831.358953748,0.0,5774831.358953748,0,477.48313589537486,2482.8140319483855
2013-01-22,925.2637329101562,-13.703165189486526,-9.277965131327406,-4.42520005815912,HOLD,0,5774831.358953748,0.0,5774831.358953748,0,477.48313589537486,2502.7109782482844
2013-01-23,925.9617919921875,-15.078867965497238,-10.438145698161373,-4.640722267335866,HOLD,0,5774831.358953748,0.0,5774831.358953748,0,477.48313589537486,2504.674576270823
2013-01-24,911.9080810546875,-17.1059525745884,-11.771707073446779,-5.334245501141622,HOLD,0,5774831.358953748,0.0,5774831.358953748,0,477.48313589537486,2465.14233649837
2013-01-25,879.7521362304688,-21.064331242052276,-13.630231907167879,-7.434099334884397,HOLD,0,5774831.358953748,0.0,5774831.358953748,0,477.48313589537486,2374.689606500287
2013-01-28,830.6572265625,-27.841978761389782,-16.47258127801226,-11.369397483377522,HOLD,0,5774831.358953748,0.0,5774831.358953748,0,477.48313589537486,2236.5885918122535
2013-01-29,829.0750122070312,-32.96103048425414,-19.770271119260638,-13.1907593649935,HOLD,0,5774831.358953748,0.0,5774831.358953748,0,477.48313589537486,2232.13791842428
2013-01-30,838.1959838867188,-35.868460384024615,-22.989908972213435,-12.87855141181118,HOLD,0,5774831.358953748,0.0,5774831.358953748,0,477.48313589537486,2257.794660689914
2013-01-31,832.5186767578125,-38.190494516532226,-26.030026081077196,-12.16046843545503,HOLD,0,5774831.358953748,0.0,5774831.358953748,0,477.48313589537486,2241.824738746884
2013-02-01,832.8909301757812,-39.54483728767275,-28.73298832239631,-10.81184896527644,HOLD,0,5774831.358953748,0.0,5774831.358953748,0,477.48313589537486,2242.871865120886
2013-02-04,814.9747924804688,-41.58448620044112,-31.303287898005273,-10.281198302435847,HOLD,0,5774831.358953748,0.0,5774831.358953748,0,477.48313589537486,2192.474852238154
2013-02-05,858.2527465820312,-39.256232044788135,-32.89387672736185,-6.362355317426285,HOLD,0,5774831.358953748,0.0,5774831.358953748,0,477.48313589537486,2314.213122365726
2013-02-06,855.9259643554688,-37.170349085699854,-33.749171199029455,-3.4211778866703995,HOLD,0,5774831.358953748,0.0,5774831.358953748,0,477.48313589537486,2307.6680245415414
2013-02-07,861.6963500976562,-34.652200906573626,-33.92977714053829,-0.7224237660353339,HOLD,0,5774831.358953748,0.0,5774831.358953748,0,477.48313589537486,2323.8997710001236
2013-02-08,874.2144165039062,-31.285803720644708,-33.400982456559575,2.115178735914867,BUY,6500,89028.2154539926,5682393.707275391,5771421.922729383,6500,477.1421922729383,2359.112335486482
2013-02-18,836.1949462890625,-31.324671883045312,-32.98572034185673,1.6610484588114147,HOLD,6500,89028.2154539926,5435267.150878906,5524295.366332899,0,452.42953663328984,2252.165862826059
2013-02-19,827.9581909179688,-31.655210935804917,-32.719618460646366,1.0644075248414495,HOLD,6500,89028.2154539926,5381728.240966797,5470756.4564207895,0,447.075645642079,2228.9963676140674
2013-02-20,827.8651123046875,-31.5608622091313,-32.48786721034335,0.9270050012120521,HOLD,6500,89028.2154539926,5381123.229980469,5470151.445434461,0,447.0151445434461,2228.734543098515
2013-02-21,837.7306518554688,-30.34027971313799,-32.058349710902284,1.718069997764296,HOLD,6500,89028.2154539926,5445249.237060547,5534277.4525145395,0,453.4277452514539,2256.48570980036
2013-02-22,863.65087890625,-26.97051429241833,-31.040782627205495,4.0702683347871655,HOLD,6500,89028.2154539926,5613730.712890625,5702758.928344618,0,470.27589283446173,2329.3977424503064
2013-02-25,842.7098999023438,-25.69353384866281,-29.97133287149696,4.277799022834149,HOLD,6500,89028.2154539926,5477614.349365234,5566642.564819227,0,456.6642564819227,2270.492033720852
2013-02-26,825.3987426757812,-25.781193805689327,-29.133305058335434,3.3521112526461074,HOLD,6500,89028.2154539926,5365091.827392578,5454120.042846571,0,445.41200428465703,2221.7967943451054
2013-02-27,822.6066284179688,-25.778803242094796,-28.462404695087308,2.6836014529925123,HOLD,6500,89028.2154539926,5346943.084716797,5435971.3001707895,0,443.597130017079,2213.942745631367
2013-02-28,814.369873046875,-26.140217864413103,-27.99796732895247,1.857749464539367,HOLD,6500,89028.2154539926,5293404.1748046875,5382432.39025868,0,438.24323902586804,2190.7732504193755
2013-03-01,808.878662109375,-26.563528565068054,-27.71107957617559,1.1475510111075344,HOLD,6500,89028.2154539926,5257711.3037109375,5346739.51916493,0,434.673951916493,2175.326805819243
2013-03-04,813.0668334960938,-26.25836483171122,-27.42053662728272,1.1621717955714992,HOLD,6500,89028.2154539926,5284934.417724609,5373962.633178602,0,437.3962633178602,2187.1078788898512
2013-03-05,814.369873046875,-25.616089636777133,-27.059647229181603,1.4435575924044706,HOLD,6500,89028.2154539926,5293404.1748046875,5382432.39025868,0,438.24323902586804,2190.7732504193755
2013-03-06,824.70068359375,-23.9968510827415,-26.447087999893583,2.4502369171520826,HOLD,6500,89028.2154539926,5360554.443359375,5449582.658813368,0,444.9582658813368,2219.8331963225673
2013-03-07,855.6002197265625,-19.98982823826998,-25.155636047568862,5.165807809298883,HOLD,6500,89028.2154539926,5561401.428222656,5650429.643676649,0,465.04296436766487,2306.7517245812123
2013-03-08,856.856689453125,-16.522387362126096,-23.42898631048031,6.906598948354215,HOLD,6500,89028.2154539926,5569568.4814453125,5658596.696899305,0,465.85966968993046,2310.2860980088567
2013-03-11,861.8359985351562,-13.220232249063656,-21.387235498196983,8.167003249133327,HOLD,6500,89028.2154539926,5601933.990478516,5690962.205932508,0,469.09622059325085,2324.292593617555
2013-03-12,847.7822875976562,-11.603509517330167,-19.43049030202362,7.826980784693454,HOLD,6500,89028.2154539926,5510584.869384766,5599613.084838758,0,459.96130848387577,2284.760353845102
2013-03-13,855.4606323242188,-9.592095153684113,-17.46281127235572,7.870716118671606,HOLD,6500,89028.2154539926,5560494.110107422,5649522.3255614145,0,464.95223255614144,2306.3590736519873
2013-03-14,832.704833984375,-9.722166443992364,-15.91468230668305,6.192515862690685,HOLD,6500,89028.2154539926,5412581.4208984375,5501609.63635243,0,450.16096363524304,2242.3483877779886
2013-03-15,823.537353515625,-10.444589213746895,-14.82066368809582,4.3760744743489255,HOLD,6500,89028.2154539926,5352992.7978515625,5442021.013305555,0,444.20210133055554,2216.560819098682
2013-03-18,788.5426635742188,-13.683162499179502,-14.593163450312558,0.9100009511330551,HOLD,6500,89028.2154539926,5125527.313232422,5214555.5286864145,0,421.45555286864146,2118.122870596774
2013-03-19,768.6720581054688,-17.64969229012604,-15.204469218275255,-2.4452230718507852,SELL,0,5082398.772112928,0.0,5082398.772112928,6500,408.2398772112929,2062.2280579520666
2013-03-20,790.683349609375,-18.800349729557524,-15.92364532053171,-2.8767044090258143,HOLD,0,5082398.772112928,0.0,5082398.772112928,0,408.2398772112929,2124.1444910780615
2013-03-21,776.1177368164062,-20.649542194311266,-16.86882469528762,-3.7807174990236447,HOLD,0,5082398.772112928,0.0,5082398.772112928,0,408.2398772112929,2083.1723023141744
2013-03-22,786.6812744140625,-21.020341927347317,-17.69912814169956,-3.321213785647757,HOLD,0,5082398.772112928,0.0,5082398.772112928,0,408.2398772112929,2112.8868953503506
2013-03-25,786.5881958007812,-21.07873155711195,-18.375048824782038,-2.703682732329913,HOLD,0,5082398.772112928,0.0,5082398.772112928,0,408.2398772112929,2112.6250708347984
2013-03-26,790.543701171875,-20.56872606299862,-18.813784272425355,-1.754941790573266,HOLD,0,5082398.772112928,0.0,5082398.772112928,0,408.2398772112929,2123.7516684606294
2013-03-27,776.1642456054688,-21.081826748828234,-19.267392767705932,-1.8144339811223027,HOLD,0,5082398.772112928,0.0,5082398.772112928,0,408.2398772112929,2083.3031287278473
2013-03-28,776.3038940429688,-21.23243992648588,-19.660402199461924,-1.5720377270239574,HOLD,0,5082398.772112928,0.0,5082398.772112928,0,408.2398772112929,2083.695951345279
2013-03-29,785.797119140625,-20.35118226670113,-19.798558212909764,-0.5526240537913658,HOLD,0,5082398.772112928,0.0,5082398.772112928,0,408.2398772112929,2110.399819984915
2013-04-01,767.6017456054688,-20.880298715352865,-20.014906313398384,-0.8653924019544803,HOLD,0,5082398.772112928,0.0,5082398.772112928,0,408.2398772112929,2059.2173335555267
2013-04-02,761.8313598632812,-21.5172121891394,-20.31536748854659,-1.2018447005928117,HOLD,0,5082398.772112928,0.0,5082398.772112928,0,408.2398772112929,2042.9855870969443
2013-04-03,762.4828491210938,-21.719037423657824,-20.596101475568837,-1.122935948088987,HOLD,0,5082398.772112928,0.0,5082398.772112928,0,408.2398772112929,2044.8181870176033
2013-04-08,764.6700439453125,-21.455175129412282,-20.767916206337528,-0.6872589230747543,HOLD,0,5082398.772112928,0.0,5082398.772112928,0,408.2398772112929,2050.970633912563
2013-04-09,761.3194580078125,-21.271225200109825,-20.86857800509199,-0.40264719501783475,HOLD,0,5082398.772112928,0.0,5082398.772112928,0,408.2398772112929,2041.5456381055108
2013-04-10,790.916015625,-18.523718805124417,-20.399606165098476,1.8758873599740582,BUY,6300,96638.21113636624,4982770.8984375,5079409.109573866,6300,407.9409109573867,2124.7989665228383
2013-04-11,786.0762939453125,-16.546092233015543,-19.62890337868189,3.082811145666348,HOLD,6300,96638.21113636624,4952280.651855469,5048918.862991835,0,404.8918862991835,2111.1851218433644
2013-04-12,801.4795532226562,-13.57936022154081,-18.418994747253674,4.839634525712864,HOLD,6300,96638.21113636624,5049321.185302734,5145959.396439101,0,414.59593964391007,2154.5135595590145
2013-04-15,803.8528442382812,-10.910924630431964,-16.917380723889334,6.00645609345737,HOLD,6300,96638.21113636624,5064272.918701172,5160911.129837538,0,416.0911129837539,2161.189483796872
2013-04-16,805.8073120117188,-8.540016984469275,-15.241907976005324,6.7018909915360485,HOLD,6300,96638.21113636624,5076586.065673828,5173224.276810194,0,417.32242768101946,2166.6872835588474
2013-04-17,830.6107177734375,-4.6065268650796725,-13.114831753820194,8.508304888740522,HOLD,6300,96638.21113636624,5232847.521972656,5329485.7331090225,0,432.94857331090225,2236.457765398581
2013-04-18,833.6820678710938,-1.2272285943479346,-10.737311121925742,9.510082527577808,HOLD,6300,96638.21113636624,5252197.027587891,5348835.238724257,0,434.88352387242566,2245.0972876589767
2013-04-19,834.0543212890625,1.4640507063123778,-8.297038756278118,9.761089462590496,HOLD,6300,96638.21113636624,5254542.224121094,5351180.43525746,0,435.118043525746,2246.1444140329786
2013-04-22,808.3667602539062,1.506768358369186,-6.336277333348658,7.843045691717844,HOLD,6300,96638.21113636624,5092710.589599609,5189348.800735976,0,418.9348800735976,2173.8868568278094
2013-04-23,799.5250244140625,0.8177417981598865,-4.905473507046949,5.7232153052068355,HOLD,6300,96638.21113636624,5037007.653808594,5133645.86494496,0,413.36458649449594,2149.015588108832
2013-04-24,813.764892578125,1.404531078340824,-3.6434725899693947,5.048003668310219,HOLD,6300,96638.21113636624,5126718.8232421875,5223357.034378554,0,422.33570343785533,2189.0714769123892
2013-04-25,822.2808837890625,2.5275985474082745,-2.409258362493861,4.9368569099021355,HOLD,6300,96638.21113636624,5180369.567871094,5277007.77900746,0,427.70077790074595,2213.0264456710374
2013-04-26,809.6697998046875,2.372677773167311,-1.4528711353616268,3.825548908528938,HOLD,6300,96638.21113636624,5100919.738769531,5197557.9499058975,0,419.7557949905898,2177.552228357333
2013-05-02,796.267578125,1.1551389382950674,-0.931269120630288,2.0864080589253553,HOLD,6300,96638.21113636624,5016485.7421875,5113123.953323866,0,411.3123953323866,2139.8525885055387
2013-05-03,802.5032958984375,0.685498944885353,-0.6079155075271598,1.2934144524125128,HOLD,6300,96638.21113636624,5055770.764160156,5152408.9752965225,0,415.2408975296522,2157.393285853675
2013-05-06,827.3997802734375,2.295779766916098,-0.027176452638508212,2.3229562195546065,HOLD,6300,96638.21113636624,5212618.615722656,5309256.8268590225,0,430.92568268590225,2227.425592208961
2013-05-07,873.4232788085938,7.202623259722827,1.418783489833759,5.7838397698890684,HOLD,6300,96638.21113636624,5502566.656494141,5599204.867630507,0,459.92048676305075,2356.886912948392
2013-05-08,879.007568359375,11.41040552440893,3.4171078967487936,7.9932976276601355,HOLD,6300,96638.21113636624,5537747.6806640625,5634385.891800429,0,463.4385891800429,2372.595182064076
2013-05-09,917.5853881835938,17.654500839990646,6.264586485397165,11.389914354593483,HOLD,6300,96638.21113636624,5780787.945556641,5877426.156693007,0,487.7426156693007,2481.1122584413993
2013-05-10,917.2596435546875,22.31942209017768,9.475553606353268,12.843868483824414,HOLD,6300,96638.21113636624,5778735.754394531,5875373.9655308975,0,487.53739655308976,2480.19595848107
2013-05-13,919.9121704101562,25.931520116940646,12.766746908470743,13.164773208469903,HOLD,6300,96638.21113636624,5795446.673583984,5892084.884720351,0,489.20848847203507,2487.657356265584
2013-05-14,889.710693359375,26.056760913151948,15.424749709406985,10.632011203744963,HOLD,6300,96638.21113636624,5605177.3681640625,5701815.579300429,0,470.18155793004286,2402.7024260294775
2013-05-15,905.8584594726562,27.146081786306922,17.769016124786972,9.37706566151995,HOLD,6300,96638.21113636624,5706908.294677734,5803546.505814101,0,480.35465058141006,2448.1251164931314
2013-05-16,906.74267578125,27.76071702736965,19.767356305303508,7.993360722066143,HOLD,6300,96638.21113636624,5712478.857421875,5809117.068558241,0,480.91170685582415,2450.612363546774
2013-05-17,911.6754150390625,28.319402276376877,21.47776549951818,6.841636776858696,HOLD,6300,96638.21113636624,5743555.114746094,5840193.32588246,0,484.019332588246,2464.4878610535925
2013-05-20,907.440673828125,28.096576294796364,22.801527658573818,5.295048636222546,HOLD,6300,96638.21113636624,5716876.2451171875,5813514.456253554,0,481.3514456253554,2452.575789881105
2013-05-21,907.5337524414062,27.609233705218116,23.76306886790268,3.8461648373154382,HOLD,6300,96638.21113636624,5717462.640380859,5814100.851517226,0,481.41008515172257,2452.837614396657
2013-05-22,928.2420043945312,28.564717772832296,24.723398648888605,3.8413191239436912,HOLD,6300,96638.21113636624,5847924.627685547,5944562.838821913,0,494.45628388219126,2511.0886759931277
2013-05-23,942.0630493164062,30.090326050083263,25.796784129127538,4.293541920955725,HOLD,6300,96638.21113636624,5934997.210693359,6031635.421829726,0,503.16354218297255,2549.9664403208035
2013-05-24,935.0361938476562,30.382146616803198,26.713856626662672,3.6682899901405257,HOLD,6300,96638.21113636624,5890728.021240234,5987366.232376601,0,498.73662323766,2530.2003204345774
2013-05-27,938.293701171875,30.524403808993725,27.475966063128883,3.0484377458648417,HOLD,6300,96638.21113636624,5911250.3173828125,6007888.528519179,0,500.7888528519179,2539.363491726077
2013-05-28,940.6669921875,30.47732478065734,28.076237806634577,2.401086974022764,HOLD,6300,96638.21113636624,5926202.05078125,6022840.261917616,0,502.2840261917616,2546.039415963934
2013-05-29,937.6421508789062,29.851821679358864,28.431354581179434,1.4204670981794294,HOLD,6300,96638.21113636624,5907145.550537109,6003783.761673476,0,500.3783761673476,2537.530720117212
2013-05-30,931.8717651367188,28.561247775211427,28.457333219985834,0.10391455522559312,HOLD,6300,96638.21113636624,5870792.120361328,5967430.331497694,0,496.7430331497694,2521.2989736586296
2013-05-31,917.213134765625,26.055280638083104,27.97692270360529,-1.9216420655221853,SELL,0,5871613.894510389,0.0,5871613.894510389,6300,487.16138945103893,2480.0651320673974
2013-06-03,940.3877563476562,25.643677558408626,27.51027367456596,-1.8665961161573321,HOLD,0,5871613.894510389,0.0,5871613.894510389,0,487.16138945103893,2545.253942417278
2013-06-04,938.6194458007812,24.88789906138129,26.985798751929025,-2.0978996905477345,HOLD,0,5871613.894510389,0.0,5871613.894510389,0,487.16138945103893,2540.2797916864065
2013-06-05,936.1530151367188,23.815389826276373,26.351716966798495,-2.536327140522122,HOLD,0,5871613.894510389,0.0,5871613.894510389,0,487.16138945103893,2533.3418712447897
2013-06-06,938.4332885742188,22.885606513715288,25.658494876181855,-2.772888362466567,HOLD,0,5871613.894510389,0.0,5871613.894510389,0,487.16138945103893,2539.756142655302
2013-06-07,943.3358764648438,22.28742880410948,24.984281661767383,-2.696852857657902,HOLD,0,5871613.894510389,0.0,5871613.894510389,0,487.16138945103893,2553.5468261879023
2013-06-13,935.8856811523438,20.97046568699261,24.18151846681243,-3.21105277981982,HOLD,0,5871613.894510389,0.0,5871613.894510389,0,487.16138945103893,2532.5898768984825
2013-06-14,932.5691528320312,19.435110949317732,23.232236963313493,-3.7971260139957614,HOLD,0,5871613.894510389,0.0,5871613.894510389,0,487.16138945103893,2523.260683110892
2013-06-17,910.7473754882812,16.26994638440931,21.839778847532656,-5.569832463123348,HOLD,0,5871613.894510389,0.0,5871613.894510389,0,487.16138945103893,2461.877341867382
2013-06-18,921.1776123046875,14.436745786038614,20.35917223523385,-5.922426449195235,HOLD,0,5871613.894510389,0.0,5871613.894510389,0,487.16138945103893,2491.2169678596456
2013-06-19,936.4624633789062,14.05526055065991,19.098389898319063,-5.043129347659153,HOLD,0,5871613.894510389,0.0,5871613.894510389,0,487.16138945103893,2534.212330453872
2013-06-20,921.6101684570312,12.411403742271546,17.760992667109562,-5.349588924838017,HOLD,0,5871613.894510389,0.0,5871613.894510389,0,487.16138945103893,2492.4337221820842
2013-06-21,918.8704833984375,10.763490867865471,16.361492307260743,-5.598001439395272,HOLD,0,5871613.894510389,0.0,5871613.894510389,0,487.16138945103893,2484.727153638089
2013-06-24,892.1940307617188,7.22169406512694,14.533532658833984,-7.311838593707044,HOLD,0,5871613.894510389,0.0,5871613.894510389,0,487.16138945103893,2409.6879041044103
2013-06-25,912.4777221679688,5.982555781256224,12.823337283318432,-6.8407815020622085,HOLD,0,5871613.894510389,0.0,5871613.894510389,0,487.16138945103893,2466.744702533549
2013-06-26,907.0943603515625,4.514101701344998,11.161490166923747,-6.647388465578748,HOLD,0,5871613.894510389,0.0,5871613.894510389,0,487.16138945103893,2451.6016309950437
2013-06-27,911.22802734375,3.6419119492090886,9.657574523380816,-6.015662574171728,HOLD,0,5871613.894510389,0.0,5871613.894510389,0,487.16138945103893,2463.229386496873
2013-06-28,924.6383056640625,3.9868349216720844,8.52342660303907,-4.5365916813669855,HOLD,0,5871613.894510389,0.0,5871613.894510389,0,487.16138945103893,2500.9516891919807
2013-07-01,933.866943359375,4.947827323978117,7.80830674722688,-2.860479423248763,HOLD,0,5871613.894510389,0.0,5871613.894510389,0,487.16138945103893,2526.9112894546206
2013-07-02,951.4589233398438,7.047704933070349,7.656186384395575,-0.6084814513252255,HOLD,0,5871613.894510389,0.0,5871613.894510389,0,487.16138945103893,2576.396466270403
2013-07-03,951.5550537109375,8.620260981955425,7.849001303907546,0.7712596780478798,BUY,6100,63645.375377088785,5804485.827636719,5868131.203013808,6100,486.81312030138076,2576.6668751963016
2013-07-04,945.0662231445312,9.236456462457454,8.126492335617527,1.1099641268399267,HOLD,6100,63645.375377088785,5764903.961181641,5828549.336558729,0,482.8549336558729,2558.41418685407
2013-07-05,947.469482421875,9.805684926998424,8.462330853893707,1.3433540731047167,HOLD,6100,63645.375377088785,5779563.8427734375,5843209.218150526,0,484.3209218150526,2565.174410001525
2013-07-08,938.0486450195312,9.388396154278098,8.647543913970585,0.7408522403075128,HOLD,6100,63645.375377088785,5722096.734619141,5785742.109996229,0,478.574210999623,2538.674163575295
2013-07-09,923.1002197265625,7.762003261633254,8.47043578350312,-0.7084325218698666,SELL,0,5691178.16890492,0.0,5691178.16890492,6100,469.117816890492,2496.62514637761
2013-07-10,931.7039794921875,7.085647748566657,8.193478176515828,-1.107830427949171,HOLD,0,5691178.16890492,0.0,5691178.16890492,0,469.117816890492,2520.8270027778076
2013-07-11,941.9419555664062,7.291696104665107,8.013121762145685,-0.7214256574805784,HOLD,0,5691178.16890492,0.0,5691178.16890492,0,469.117816890492,2549.6258109182754
2013-07-12,907.5269775390625,4.6246793774364505,7.335433285203838,-2.710753907767388,HOLD,0,5691178.16890492,0.0,5691178.16890492,0,469.117816890492,2452.818557005689
2013-07-15,903.393310546875,2.152682245587812,6.2988830772806335,-4.146200831692822,HOLD,0,5691178.16890492,0.0,5691178.16890492,0,469.117816890492,2441.19080150386
2013-07-16,917.81298828125,1.341688047074399,5.307444071239387,-3.965756024164988,HOLD,0,5691178.16890492,0.0,5691178.16890492,0,469.117816890492,2481.752483765002
2013-07-17,898.4425659179688,-0.8542150382570526,4.0751122493400995,-4.929327287597152,HOLD,0,5691178.16890492,0.0,5691178.16890492,0,469.117816890492,2427.2646559759996
2013-07-18,889.5504150390625,-3.2742626534209194,2.6052372687878957,-5.879499922208815,HOLD,0,5691178.16890492,0.0,5691178.16890492,0,469.117816890492,2402.2515727981067
2013-07-19,846.0029907226562,-8.606866426685087,0.3628165296932991,-8.969682956378387,HOLD,0,5691178.16890492,0.0,5691178.16890492,0,469.117816890492,2279.7552992369856
2013-07-22,840.571533203125,-13.120027060553525,-2.333752188356066,-10.78627487219746,HOLD,0,5691178.16890492,0.0,5691178.16890492,0,469.117816890492,2264.4769373914273
2013-07-23,863.21044921875,-14.70050973187574,-4.807103697060001,-9.89340603481574,HOLD,0,5691178.16890492,0.0,5691178.16890492,0,469.117816890492,2328.158840349175
2013-07-24,839.3218383789062,-17.676896624188316,-7.381062282485664,-10.295834341702651,HOLD,0,5691178.16890492,0.0,5691178.16890492,0,469.117816890492,2260.9616213547506
2013-07-25,859.1248779296875,-18.22764791042016,-9.550379408072564,-8.677268502347596,HOLD,0,5691178.16890492,0.0,5691178.16890492,0,469.117816890492,2316.666375154399
2013-07-26,841.004150390625,-19.896953845365374,-11.619694295531126,-8.277259549834248,HOLD,0,5691178.16890492,0.0,5691178.16890492,0,469.117816890492,2265.6938634020726
2013-07-29,823.460205078125,-22.37758571282552,-13.771272578990006,-8.606313133835515,HOLD,0,5691178.16890492,0.0,5691178.16890492,0,469.117816890492,2216.3438052051356
2013-07-30,809.5692138671875,-25.17419874589234,-16.051857812370475,-9.122340933521865,HOLD,0,5691178.16890492,0.0,5691178.16890492,0,469.117816890492,2177.26928619233
2013-07-31,809.9057006835938,-27.051549624098698,-18.25179617471612,-8.799753449382578,HOLD,0,5691178.16890492,0.0,5691178.16890492,0,469.117816890492,2178.215803277077
2013-08-01,826.199951171875,-26.91430255668695,-19.984297451110287,-6.930005105576662,HOLD,0,5691178.16890492,0.0,5691178.16890492,0,469.117816890492,2224.050545437338
2013-08-02,846.09912109375,-24.91265893395905,-20.96996974768004,-3.9426891862790114,HOLD,0,5691178.16890492,0.0,5691178.16890492,0,469.117816890492,2280.0257081628833
2013-08-05,843.5516357421875,-23.263732887969695,-21.428722375737973,-1.8350105122317224,HOLD,0,5691178.16890492,0.0,5691178.16890492,0,469.117816890492,2272.859785782478
2013-08-06,842.2538452148438,-21.810252946564333,-21.505028489903246,-0.30522445666108666,HOLD,0,5691178.16890492,0.0,5691178.16890492,0,469.117816890492,2269.209179438749
2013-08-07,847.7814331054688,-19.98198953741837,-21.200420699406273,1.2184311619879011,BUY,6600,92463.49593372922,5595357.458496094,5687820.954429823,6600,468.78209544298227,2284.7579502102053
2013-08-08,841.9174194335938,-18.789659016471546,-20.71826836281933,1.928609346347784,HOLD,6600,92463.49593372922,5556654.968261719,5649118.464195448,0,464.9118464195448,2268.262834042209
2013-08-09,830.7181396484375,-18.534759599543122,-20.281566610164088,1.7468070106209659,HOLD,6600,92463.49593372922,5482739.7216796875,5575203.217613417,0,457.5203217613416,2236.7599366427594
2013-08-12,857.0580444335938,-16.02264076182837,-19.429781440496946,3.4071406786685756,HOLD,6600,92463.49593372922,5656583.093261719,5749046.589195448,0,474.9046589195448,2310.8524974034844
2013-08-13,864.9408569335938,-13.243033942971238,-18.192431940991806,4.949397998020569,HOLD,6600,92463.49593372922,5708609.655761719,5801073.151695448,0,480.1073151695448,2333.0263727035494
2013-08-14,858.8845825195312,-11.397483152760742,-16.833442183345596,5.435959030584854,HOLD,6600,92463.49593372922,5668638.244628906,5761101.7405626355,0,476.11017405626353,2315.9904386837566
2013-08-15,852.9724731445312,-10.293274214245344,-15.525408589525547,5.232134375280204,HOLD,6600,92463.49593372922,5629618.322753906,5722081.8186876355,0,472.2081818687635,2299.3600322087077
2013-08-16,838.264404296875,-10.484144222181726,-14.517155716056784,4.033011493875058,HOLD,6600,92463.49593372922,5532545.068359375,5625008.564293104,0,462.5008564293104,2257.9871231698708
2013-08-19,841.9654541015625,-10.2189683838983,-13.657518249625088,3.438549865726788,HOLD,6600,92463.49593372922,5556971.9970703125,5649435.493004042,0,464.94354930040413,2268.3979526610547
2013-08-20,834.4672241210938,-10.492903456233307,-13.024595290946733,2.531691834713426,HOLD,6600,92463.49593372922,5507483.679199219,5599947.175132948,0,459.99471751329486,2247.3058847527886
2013-08-21,839.6583251953125,-10.173842775290495,-12.454444787815486,2.280602012524991,HOLD,6600,92463.49593372922,5541744.9462890625,5634208.442222792,0,463.4208442222792,2261.908138439498
2013-08-22,841.5328979492188,-9.65838666284094,-11.895233162820578,2.236846499979638,HOLD,6600,92463.49593372922,5554117.126464844,5646580.622398573,0,464.65806223985726,2267.181198338616
2013-08-23,831.4871826171875,-9.945839801649754,-11.505354490586413,1.559514688936659,HOLD,6600,92463.49593372922,5487815.4052734375,5580278.901207167,0,458.0278901207167,2238.923208049945
2013-08-26,836.0534057617188,-9.69345235412527,-11.142974063294185,1.4495217091689145,HOLD,6600,92463.49593372922,5517952.478027344,5610415.973961073,0,461.0415973961073,2251.7677178742124
2013-08-27,832.2562255859375,-9.688155167333775,-10.852010284102104,1.1638551167683282,HOLD,6600,92463.49593372922,5492891.0888671875,5585354.584800917,0,458.5354584800917,2241.0864794571303
2013-08-28,816.6348876953125,-10.819745235426353,-10.845557274366953,0.025812038940600246,HOLD,6600,92463.49593372922,5389790.2587890625,5482253.754722792,0,448.2253754722792,2197.144599778157
2013-08-29,809.8095703125,-12.12748647332512,-11.101943114158587,-1.0255433591665337,SELL,0,5433999.814097792,0.0,5433999.814097792,6600,443.3999814097792,2177.945394351179
2013-08-30,811.2515258789062,-12.898837295745352,-11.461321950475941,-1.4375153452694107,HOLD,0,5433999.814097792,0.0,5433999.814097792,0,443.3999814097792,2182.0015282396516
2013-09-02,730.212890625,-19.820797164953206,-13.133216993371395,-6.687580171581811,HOLD,0,5433999.814097792,0.0,5433999.814097792,0,443.3999814097792,1954.0447434489952
2013-09-03,728.9631958007812,-25.117797821507224,-15.530133158998561,-9.587664662508663,HOLD,0,5433999.814097792,0.0,5433999.814097792,0,443.3999814097792,1950.5294274123187
2013-09-04,731.0780639648438,-28.81291941886502,-18.186690410971853,-10.62622900789317,HOLD,0,5433999.814097792,0.0,5433999.814097792,0,443.3999814097792,1956.4784237820788
2013-09-05,722.2820434570312,-32.081282198969575,-20.9656087685714,-11.115673430398175,HOLD,0,5433999.814097792,0.0,5433999.814097792,0,443.3999814097792,1931.735749530084
2013-09-06,722.3301391601562,-34.27252993699051,-23.626993002255222,-10.645536934735286,HOLD,0,5433999.814097792,0.0,5433999.814097792,0,443.3999814097792,1931.8710398371365
2013-09-09,725.550537109375,-35.34185149149096,-25.96996470010237,-9.371886791388587,HOLD,0,5433999.814097792,0.0,5433999.814097792,0,443.3999814097792,1940.9298246988292
2013-09-10,728.7709350585938,-35.519985049734714,-27.87996877002884,-7.6400162797058755,HOLD,0,5433999.814097792,0.0,5433999.814097792,0,443.3999814097792,1949.9886095605223
2013-09-11,733.337158203125,-34.890505107487456,-29.282076037520564,-5.608429069966892,HOLD,0,5433999.814097792,0.0,5433999.814097792,0,443.3999814097792,1962.8331193847896
2013-09-12,729.2996826171875,-34.32178804725481,-30.290018439467417,-4.031769607787396,HOLD,0,5433999.814097792,0.0,5433999.814097792,0,443.3999814097792,1951.4759444970657
2013-09-13,730.6935424804688,-33.37388941499012,-30.906792634571957,-2.46709678041816,HOLD,0,5433999.814097792,0.0,5433999.814097792,0,443.3999814097792,1955.396788078486
2013-09-16,719.302001953125,-33.15963144699265,-31.357360397056098,-1.8022710499365502,HOLD,0,5433999.814097792,0.0,5433999.814097792,0,443.3999814097792,1923.3530728272403
2013-09-17,679.167236328125,-35.81551170486364,-32.24899065861761,-3.566521046246031,HOLD,0,5433999.814097792,0.0,5433999.814097792,0,443.3999814097792,1810.456401979608
2013-09-18,682.0511474609375,-37.25812000223209,-33.250816527340504,-4.007303474891586,HOLD,0,5433999.814097792,0.0,5433999.814097792,0,443.3999814097792,1818.5686697565536
2013-09-23,676.81201171875,-38.38171146248453,-34.27699551436931,-4.104715948115221,HOLD,0,5433999.814097792,0.0,5433999.814097792,0,443.3999814097792,1803.8312974509988
2013-09-24,657.5376586914062,-40.36217496814015,-35.49403140512348,-4.868143563016673,HOLD,0,5433999.814097792,0.0,5433999.814097792,0,443.3999814097792,1749.6137068996877
2013-09-25,649.6549072265625,-42.08267583765121,-36.81176029162903,-5.270915546022181,HOLD,0,5433999.814097792,0.0,5433999.814097792,0,443.3999814097792,1727.440003287829
2013-09-26,650.9046020507812,-42.851381195733325,-38.01968447244989,-4.831696723283436,HOLD,0,5433999.814097792,0.0,5433999.814097792,0,443.3999814097792,1730.9553193245056
2013-09-27,644.36767578125,-43.48677260381453,-39.11310209872282,-4.3736705050917095,HOLD,0,5433999.814097792,0.0,5433999.814097792,0,443.3999814097792,1712.5673406752217
2013-09-30,653.404052734375,-42.76816004575062,-39.84411368812838,-2.924046357622238,HOLD,0,5433999.814097792,0.0,5433999.814097792,0,443.3999814097792,1737.9861230860656
2013-10-08,656.912841796875,-41.437854668541036,-40.16286188421091,-1.2749927843301236,HOLD,0,5433999.814097792,0.0,5433999.814097792,0,443.3999814097792,1747.856134725453
2013-10-09,658.450927734375,-39.80067004273815,-40.09042351591636,0.28975347317821587,BUY,8100,97347.2279405659,5333452.5146484375,5430799.742589003,8100,443.07997425890034,1752.182677539824
2013-10-10,658.6912841796875,-38.045232912437655,-39.68138539522062,1.6361524827829683,HOLD,8100,97347.2279405659,5335399.401855469,5432746.629796035,0,443.2746629796035,1752.8587856986728
2013-10-11,660.9984130859375,-36.05228205244509,-38.95556472666552,2.903282674220428,HOLD,8100,97347.2279405659,5354087.145996094,5451434.37393666,0,445.1434373936659,1759.3485999202294
2013-10-14,671.2363891601562,-33.2632964547646,-37.817111072285336,4.553814617520736,HOLD,8100,97347.2279405659,5437014.752197266,5534361.9801378315,0,453.4361980137832,1788.147408060697
2013-10-15,693.3465576171875,-28.935350751123337,-36.04075900805294,7.1054082569296,HOLD,8100,97347.2279405659,5616107.116699219,5713454.344639785,0,471.34543446397845,1850.3419760819015
2013-10-16,693.2985229492188,-25.21859433857992,-33.876326074158335,8.657731735578416,HOLD,8100,97347.2279405659,5615718.035888672,5713065.263829238,0,471.3065263829238,1850.2068574630557
2013-10-17,693.0581665039062,-22.0383880413292,-31.508738467592508,9.470350426263309,HOLD,8100,97347.2279405659,5613771.148681641,5711118.3766222065,0,471.11183766222064,1849.5307493042067
2013-10-18,687.2422485351562,-19.759571571858373,-29.15890508844568,9.399333516587308,HOLD,8100,97347.2279405659,5566662.213134766,5664009.4410753315,0,466.4009441075332,1833.1709234432626
2013-10-21,697.3840942382812,-16.939957625763213,-26.71511559590919,9.775157970145976,HOLD,8100,97347.2279405659,5648811.163330078,5746158.391270644,0,474.61583912706436,1861.6993226578322
2013-10-22,689.3571166992188,-15.1781391226707,-24.40772030126149,9.229581178590792,HOLD,8100,97347.2279405659,5583792.645263672,5681139.873204238,0,468.1139873204238,1839.119919813023
2013-10-23,690.6549072265625,-13.521299294731193,-22.230436099955433,8.70913680522424,HOLD,8100,97347.2279405659,5594304.748535156,5691651.976475722,0,469.1651976475722,1842.770526156752
2013-10-24,690.7510375976562,-12.061448011959328,-20.196638482356214,8.135190470396886,HOLD,8100,97347.2279405659,5595083.404541016,5692430.6324815815,0,469.24306324815814,1843.04093508265
2013-10-25,657.2012329101562,-13.456575181303833,-18.84862582214574,5.392050640841905,HOLD,8100,97347.2279405659,5323329.986572266,5420677.2145128315,0,442.0677214512832,1748.6673615031475
2013-10-28,643.9351196289062,-15.454537696174384,-18.169808196951468,2.715270500777084,HOLD,8100,97347.2279405659,5215874.468994141,5313221.6969347065,0,431.3221696934707,1711.3505863527835
2013-10-29,638.3114624023438,-17.292383688050222,-17.99432329517122,0.7019396071209982,HOLD,8100,97347.2279405659,5170322.845458984,5267670.07339955,0,426.76700733995506,1695.5315783436358
2013-10-30,637.3020629882812,-18.615749205450243,-18.118608477227024,-0.49714072822321853,SELL,0,5256396.650119521,0.0,5256396.650119521,8100,425.63966501195205,1692.6921987776016
2013-10-31,649.4146118164062,-18.47418553956902,-18.189723889695426,-0.28446164987359523,HOLD,0,5256396.650119521,0.0,5256396.650119521,0,425.63966501195205,1726.764066817187
2013-11-01,649.7510375976562,-18.12590442233079,-18.1769599962225,0.051055573891709116,BUY,8000,55269.54435780272,5198008.30078125,5253277.845139053,8000,425.32778451390527,1727.7104122137275
2013-11-04,655.32666015625,-17.201692580249755,-17.98190651302795,0.7802139327781958,HOLD,8000,55269.54435780272,5242613.28125,5297882.825607803,0,429.7882825607803,1743.3943016040291
2013-11-05,663.8342895507812,-15.602893007770604,-17.506103811976484,1.9032108042058802,HOLD,8000,55269.54435780272,5310674.31640625,5365943.860764053,0,436.59438607640527,1767.3257490783292
2013-11-06,671.2363891601562,-13.581980633054513,-16.72127917619209,3.1392985431375777,HOLD,8000,55269.54435780272,5369891.11328125,5425160.657639053,0,442.51606576390526,1788.147408060697
2013-11-07,667.9678955078125,-12.104598857232531,-15.79794311240018,3.6933442551676485,HOLD,8000,55269.54435780272,5343743.1640625,5399012.708420303,0,439.90127084203027,1778.9533328919515
2013-11-08,654.3653564453125,-11.894264697603035,-15.017207429440752,3.1229427318377176,HOLD,8000,55269.54435780272,5234922.8515625,5290192.395920303,0,429.0192395920303,1740.6902123450475
2013-11-11,670.7557373046875,-10.286431031645748,-14.071052149881751,3.7846211182360037,HOLD,8000,55269.54435780272,5366045.8984375,5421315.442795303,0,442.13154427953026,1786.795363431206
2013-11-12,696.1824340820312,-6.881167521587372,-12.633075224222877,5.7519077026355045,HOLD,8000,55269.54435780272,5569459.47265625,5624729.017014053,0,462.47290170140525,1858.3191252400013
2013-11-13,695.6056518554688,-4.180819279397383,-10.94262403525778,6.761804755860396,HOLD,8000,55269.54435780272,5564845.21484375,5620114.759201553,0,462.01147592015525,1856.696671684612
2013-11-14,692.4813842773438,-2.266746483009115,-9.207448524808047,6.940702041798932,HOLD,8000,55269.54435780272,5539851.07421875,5595120.618576553,0,459.5120618576552,1847.9082957488174
2013-11-15,689.4532470703125,-0.9828457333169354,-7.562527966509825,6.57968223319289,HOLD,8000,55269.54435780272,5515625.9765625,5570895.520920303,0,457.08955209203026,1839.3903287389212
2013-11-18,689.693603515625,0.053433667159879406,-6.039335639775885,6.0927693069357645,HOLD,8000,55269.54435780272,5517548.828125,5572818.372482803,0,457.2818372482803,1840.06643689777
2013-11-19,686.4732055664062,0.6078267095655292,-4.709903169907602,5.317729879473132,HOLD,8000,55269.54435780272,5491785.64453125,5547055.188889053,0,454.7055188889053,1831.0076520360774
2013-11-20,682.8201904296875,0.7438448178138515,-3.6191535723633117,4.362998390177163,HOLD,8000,55269.54435780272,5462561.5234375,5517831.067795303,0,451.78310677953027,1820.7319411637393
2013-11-21,666.4779052734375,-0.4617232274225671,-2.987667503375163,2.525944275952596,HOLD,8000,55269.54435780272,5331823.2421875,5387092.786545303,0,438.7092786545303,1774.762080384633
2013-11-22,665.5646362304688,-1.4738481639850534,-2.6849036354971414,1.211055471512088,HOLD,8000,55269.54435780272,5324517.08984375,5379786.634201553,0,437.97866342015527,1772.193109744497
2013-11-25,677.3887939453125,-1.3067898986948876,-2.4092808881366907,1.1024909894418031,HOLD,8000,55269.54435780272,5419110.3515625,5474379.895920303,0,447.4379895920303,1805.453751006388
2013-11-26,672.8225708007812,-1.5252687177754751,-2.232478454064448,0.7072097362889727,HOLD,8000,55269.54435780272,5382580.56640625,5437850.110764053,0,443.78501107640534,1792.6092411821205
2013-11-27,672.6783447265625,-1.690564815935545,-2.1240957264386675,0.4335309105031224,HOLD,8000,55269.54435780272,5381426.7578125,5436696.302170303,0,443.66963021703026,1792.20354194917
2013-11-28,681.7146606445312,-1.079958895785012,-1.9152683603079366,0.8353094645229246,HOLD,8000,55269.54435780272,5453717.28515625,5508986.829514053,0,450.8986829514053,1817.6221526718066
2013-11-29,679.8401489257812,-0.738790418578219,-1.6799727719619932,0.9411823533837742,HOLD,8000,55269.54435780272,5438721.19140625,5493990.735764053,0,449.39907357640527,1812.3492644608953
2013-12-02,657.4415283203125,-2.249858464296153,-1.7939499104288252,-0.455908553867328,SELL,0,5311646.051584365,0.0,5311646.051584365,8000,431.1646051584365,1749.3432979737893
2013-12-03,661.2868041992188,-3.1013586184438964,-2.0554316520318396,-1.0459269664120567,HOLD,0,5311646.051584365,0.0,5311646.051584365,0,431.1646051584365,1760.1598266979238
2013-12-04,665.6127319335938,-3.3880569983707574,-2.3219567212996233,-1.066100277071134,HOLD,0,5311646.051584365,0.0,5311646.051584365,0,431.1646051584365,1772.3284000515496
2013-12-05,658.450927734375,-4.145379915933518,-2.6866413602264023,-1.4587385557071153,HOLD,0,5311646.051584365,0.0,5311646.051584365,0,431.1646051584365,1752.182677539824
2013-12-06,666.9104614257812,-4.016648688887017,-2.952642825958525,-1.0640058629284916,HOLD,0,5311646.051584365,0.0,5311646.051584365,0,431.1646051584365,1775.9788347070714
2013-12-09,663.0171508789062,-4.1805945952094135,-3.198233179808703,-0.9823614154007103,HOLD,0,5311646.051584365,0.0,5311646.051584365,0,431.1646051584365,1765.0271873640913
2013-12-10,658.2586669921875,-4.640994295169321,-3.4867854028808267,-1.1542088922884943,HOLD,0,5311646.051584365,0.0,5311646.051584365,0,431.1646051584365,1751.6418596880276
2013-12-11,655.5670166015625,-5.163536036610367,-3.8221355296267348,-1.3414005069836321,HOLD,0,5311646.051584365,0.0,5311646.051584365,0,431.1646051584365,1744.0704097628782
2013-12-12,655.6150512695312,-5.5102592960028005,-4.159760282901948,-1.350499013100852,HOLD,0,5311646.051584365,0.0,5311646.051584365,0,431.1646051584365,1744.205528381724
2013-12-13,655.6150512695312,-5.719113595572253,-4.47163094543601,-1.2474826501362433,HOLD,0,5311646.051584365,0.0,5311646.051584365,0,431.1646051584365,1744.205528381724
2013-12-16,639.1285400390625,-7.1327340868898546,-5.003851573726779,-2.1288825131630755,HOLD,0,5311646.051584365,0.0,5311646.051584365,0,431.1646051584365,1697.8299683696669
2013-12-17,640.2821044921875,-8.066964554346441,-5.6164741698507115,-2.4504903844957298,HOLD,0,5311646.051584365,0.0,5311646.051584365,0,431.1646051584365,1701.0748754804454
2013-12-18,636.8214111328125,-8.98304698852212,-6.289788733584993,-2.693258254937126,HOLD,0,5311646.051584365,0.0,5311646.051584365,0,431.1646051584365,1691.3401541481103
2013-12-19,630.380615234375,-10.112200169720154,-7.054271020812026,-3.057929148908128,HOLD,0,5311646.051584365,0.0,5311646.051584365,0,431.1646051584365,1673.222584424725
2013-12-20,608.7510986328125,-12.607057118421835,-8.164828240333987,-4.442228878087848,HOLD,0,5311646.051584365,0.0,5311646.051584365,0,431.1646051584365,1612.3800610330115
2013-12-23,608.0781860351562,-14.471726591794095,-9.42620791062601,-5.045518681168085,HOLD,0,5311646.051584365,0.0,5311646.051584365,0,431.1646051584365,1610.4871985517243
2013-12-24,608.558837890625,-15.729387409050673,-10.686843810310943,-5.04254359873973,HOLD,0,5311646.051584365,0.0,5311646.051584365,0,431.1646051584365,1611.8392431812151
2013-12-25,606.8765258789062,-16.66968345303212,-11.88341173885518,-4.786271714176941,HOLD,0,5311646.051584365,0.0,5311646.051584365,0,431.1646051584365,1607.1070011338932
2013-12-26,599.570556640625,-17.799227091079615,-13.066574809300068,-4.732652281779547,HOLD,0,5311646.051584365,0.0,5311646.051584365,0,431.1646051584365,1586.5557510774242
2013-12-27,606.588134765625,-17.921550181104408,-14.037569883660936,-3.883980297443472,HOLD,0,5311646.051584365,0.0,5311646.051584365,0,431.1646051584365,1606.2957743561988
2013-12-30,598.2247314453125,-18.48031924663485,-14.92611975625572,-3.55419949037913,HOLD,0,5311646.051584365,0.0,5311646.051584365,0,431.1646051584365,1582.7700261148493
2013-12-31,617.06640625,-17.204459763737532,-15.381787757752083,-1.8226720059854493,HOLD,0,5311646.051584365,0.0,5311646.051584365,0,431.1646051584365,1635.7705189673084
2014-01-02,605.5307006835938,-16.929019760910364,-15.69123415838374,-1.2377856025266247,HOLD,0,5311646.051584365,0.0,5311646.051584365,0,431.1646051584365,1603.3212761713187
2014-01-03,595.9175415039062,-17.28715758771989,-16.01041884425097,-1.2767387434689184,HOLD,0,5311646.051584365,0.0,5311646.051584365,0,431.1646051584365,1576.2800402050857
2014-01-06,580.2962036132812,-18.616891869655092,-16.531713449331797,-2.0851784203232953,HOLD,0,5311646.051584365,0.0,5311646.051584365,0,431.1646051584365,1532.3381605261127
2014-01-07,579.4791259765625,-19.51172814852032,-17.127716389169503,-2.384011759350816,HOLD,0,5311646.051584365,0.0,5311646.051584365,0,431.1646051584365,1530.0397705000814
2014-01-08,573.9035034179688,-20.43523383437355,-17.789219878210314,-2.646013956163234,HOLD,0,5311646.051584365,0.0,5311646.051584365,0,431.1646051584365,1514.3558811097798
2014-01-09,573.6151123046875,-20.948903576379166,-18.421156617844087,-2.5277469585350794,HOLD,0,5311646.051584365,0.0,5311646.051584365,0,431.1646051584365,1513.544654332085
2014-01-10,573.2786254882812,-21.139459689215187,-18.964817232118307,-2.17464245709688,HOLD,0,5311646.051584365,0.0,5311646.051584365,0,431.1646051584365,1512.598137247338
2014-01-13,576.2587280273438,-20.810121288016603,-19.333878043297968,-1.4762432447186349,HOLD,0,5311646.051584365,0.0,5311646.051584365,0,431.1646051584365,1520.9809856383888
2014-01-14,583.0840454101562,-19.77047048402676,-19.421196531443726,-0.34927395258303306,HOLD,0,5311646.051584365,0.0,5311646.051584365,0,431.1646051584365,1540.1801910653671
2014-01-15,570.8273315429688,-19.708368305245926,-19.47863088620417,-0.22973741904175782,HOLD,0,5311646.051584365,0.0,5311646.051584365,0,431.1646051584365,1505.7027954810376
2014-01-16,586.3524780273438,-18.196642738441824,-19.222233256651702,1.025590518209878,BUY,8900,89977.87490834016,5218537.054443359,5308514.9293517,8900,430.8514929351699,1549.3740945459056
2014-01-17,578.2294311523438,-17.45286556087808,-18.86835971749698,1.415494156618898,HOLD,8900,89977.87490834016,5146241.937255859,5236219.8121642,0,423.6219812164199,1526.5244544634052
2014-01-20,609.4240112304688,-14.182784568681427,-17.93124468773387,3.7484601190524423,HOLD,8900,89977.87490834016,5423873.699951172,5513851.574859512,0,451.3851574859512,1614.2729235142988
2014-01-21,610.3853149414062,-11.382442930404864,-16.621484336268068,5.239041405863205,HOLD,8900,89977.87490834016,5432429.302978516,5522407.177886856,0,452.2407177886856,1616.9770127732806
2014-01-22,644.8964233398438,-6.305705729823899,-14.558328614979235,8.252622885155336,HOLD,8900,89977.87490834016,5739578.167724609,5829556.04263295,0,482.95560426329496,1714.0546756117653
2014-01-23,644.5119018554688,-2.287019258266696,-12.104066743636729,9.817047485370033,HOLD,8900,89977.87490834016,5736155.926513672,5826133.801422012,0,482.6133801422012,1712.9730399081727
2014-01-24,651.2891235351562,1.4282202395752392,-9.397609346994335,10.825829586569574,HOLD,8900,89977.87490834016,5796473.199462891,5886451.074371231,0,488.6451074371231,1732.0369550280982
2014-01-27,676.5236206054688,6.335752715122226,-6.250936934571023,12.586689649693248,HOLD,8900,89977.87490834016,6021060.223388672,6111038.098297012,0,511.1038098297012,1803.0200706733044
2014-01-28,669.1695556640625,9.521834201035404,-3.0963827074497376,12.618216908485142,HOLD,8900,89977.87490834016,5955609.045410156,6045586.920318496,0,504.5586920318496,1782.3335303097824
2014-01-29,658.5470581054688,11.062162235740175,-0.26467371881175505,11.32683595455193,HOLD,8900,89977.87490834016,5861068.817138672,5951046.692047012,0,495.1046692047012,1752.453086465722
2014-01-30,635.427490234375,10.298611410128274,1.8479833069762506,8.450628103152024,HOLD,8900,89977.87490834016,5655304.6630859375,5745282.537994278,0,474.52825379942783,1687.4191388784834
2014-02-07,643.5505981445312,10.231021948021635,3.5245910351853276,6.706430912836307,HOLD,8900,89977.87490834016,5727600.323486328,5817578.198394668,0,481.7578198394668,1710.2689506491906
2014-02-10,638.599853515625,9.666543203062133,4.752981468760689,4.913561734301444,HOLD,8900,89977.87490834016,5683538.6962890625,5773516.571197403,0,477.3516571197403,1696.3428051213307
2014-02-11,644.2715454101562,9.566570397850683,5.715699254578688,3.850871143271995,HOLD,8900,89977.87490834016,5734016.754150391,5823994.629058731,0,482.3994629058731,1712.2969317493237
2014-02-12,644.80029296875,9.421402673110151,6.456839938284981,2.9645627348251704,HOLD,8900,89977.87490834016,5738722.607421875,5828700.482330215,0,482.8700482330215,1713.7842666858671
2014-02-13,652.1062622070312,9.7831132248931,7.1220945956066055,2.6610186292864944,HOLD,8900,89977.87490834016,5803745.733642578,5893723.608550918,0,489.37236085509187,1734.3355167423365
2014-02-14,686.8577270507812,12.727212838755577,8.2431182442364,4.484094594519176,HOLD,8900,89977.87490834016,6113033.770751953,6203011.645660293,0,520.3011645660293,1832.0892877396702
2014-02-17,720.88818359375,17.603484421833286,10.115191479755778,7.488292942077509,HOLD,8900,89977.87490834016,6415904.833984375,6505882.708892715,0,550.5882708892715,1927.8149059486636
2014-02-18,706.6126708984375,20.084528274227296,12.109058838650082,7.975469435577214,HOLD,8900,89977.87490834016,6288852.770996094,6378830.645904434,0,537.8830645904434,1887.6587512322653
2014-02-19,718.7252197265625,22.765725748583236,14.240392220636714,8.525333527946522,HOLD,8900,89977.87490834016,6396654.455566406,6486632.330474746,0,548.6632330474746,1921.730619271851
2014-02-20,716.1296997070312,24.399890540340152,16.272291884577402,8.12759865576275,HOLD,8900,89977.87490834016,6373554.327392578,6463532.202300918,0,546.3532202300918,1914.4295782725997
2014-02-21,716.562255859375,25.436663554121992,18.10516621848632,7.331497335635671,HOLD,8900,89977.87490834016,6377404.0771484375,6467381.952056778,0,546.7381952056778,1915.6463325950383
2014-02-24,709.544677734375,25.399266793647598,19.563986333518578,5.83528046012902,HOLD,8900,89977.87490834016,6314947.6318359375,6404925.506744278,0,540.4925506744278,1895.9063093162633
2014-02-25,684.3102416992188,23.067513559204826,20.264691778655827,2.8028217805489994,HOLD,8900,89977.87490834016,6090361.151123047,6180339.026031387,0,518.0339026031387,1824.9233653592646
2014-02-26,682.676025390625,20.847398885845337,20.38123320009373,0.466165685751605,HOLD,8900,89977.87490834016,6075816.6259765625,6165794.500884903,0,516.5794500884903,1820.3264136189955
2014-02-27,696.711181640625,19.990029211437104,20.302992402362406,-0.3129631909253021,SELL,0,6286986.953799942,0.0,6286986.953799942,8900,528.6986953799942,1859.8064601765448
2014-02-28,721.0804443359375,21.03448100106891,20.449290122103708,0.5851908789652036,BUY,8600,81974.35741810594,6201291.8212890625,6283266.178707168,8600,528.3266178707169,1928.35572380046
2014-03-03,744.6806640625,23.49571311072191,21.058574719827348,2.4371383908945603,HOLD,8600,81974.35741810594,6404253.7109375,6486228.068355606,0,548.6228068355606,1994.74171601719
2014-03-04,737.3265991210938,24.56962239662596,21.760784255187072,2.808838141438887,HOLD,8600,81974.35741810594,6341008.752441406,6422983.109859512,0,542.2983109859512,1974.055175653668
2014-03-05,768.2808837890625,27.6002962847748,22.92868666110462,4.671609623670179,HOLD,8600,81974.35741810594,6607215.6005859375,6689189.958004043,0,568.9189958004043,2061.1277082339197
2014-03-06,778.6630249023438,30.48842758185083,24.440634845253864,6.047792736596964,HOLD,8600,81974.35741810594,6696502.014160156,6778476.371578262,0,577.8476371578262,2090.332043919131
2014-03-07,795.4379272460938,33.7419308923736,26.300894054677816,7.441036837695787,HOLD,8600,81974.35741810594,6840766.174316406,6922740.531734512,0,592.2740531734513,2137.5188307088824
2014-03-10,754.3418579101562,32.6281295972683,27.566341163195915,5.061788434072383,HOLD,8600,81974.35741810594,6487339.978027344,6569314.33544545,0,556.9314335445449,2021.9180706022685
2014-03-11,779.5281982421875,33.392829468361924,28.73163882422912,4.661190644132805,HOLD,8600,81974.35741810594,6703942.5048828125,6785916.862300918,0,578.5916862300918,2092.765724252215
2014-03-12,761.9842529296875,32.21189122883857,29.42768930515101,2.784201923687558,HOLD,8600,81974.35741810594,6553064.5751953125,6635038.932613418,0,563.5038932613418,2043.4156660552776
2014-03-13,792.4578857421875,33.35051270452436,30.212253985025683,3.1382587194986797,HOLD,8600,81974.35741810594,6815137.8173828125,6897112.174800918,0,589.7112174800918,2129.1361540060384
2014-03-14,787.6513061523438,33.47910138395423,30.865623464811396,2.6134779191428343,HOLD,8600,81974.35741810594,6773801.232910156,6855775.590328262,0,585.5775590328262,2115.6155360229222
2014-03-17,800.1483764648438,34.19523656930289,31.531546085709696,2.6636904835931965,HOLD,8600,81974.35741810594,6881276.037597656,6963250.395015762,0,596.3250395015762,2150.7690397661004
2014-03-18,823.460205078125,36.22625489085715,32.47048784673919,3.7557670441179596,HOLD,8600,81974.35741810594,7081757.763671875,7163732.121089981,0,616.3732121089981,2216.3438052051356
2014-03-19,838.1202392578125,38.57413516406302,33.69121731020396,4.8829178538590625,HOLD,8600,81974.35741810594,7207834.0576171875,7289808.415035293,0,628.9808415035293,2257.5815956251267
2014-03-20,813.1741333007812,37.98404846229232,34.54978354062163,3.434264921670689,HOLD,8600,81974.35741810594,6993297.546386719,7075271.903804825,0,607.5271903804825,2187.4097067576154
2014-03-21,823.8447265625,37.94007858905013,35.22784255030734,2.7122360387427946,HOLD,8600,81974.35741810594,7085064.6484375,7167039.005855606,0,616.7039005855605,2217.4254409087284
2014-03-24,823.3159790039062,37.431084397772565,35.668490919800384,1.7625934779721817,HOLD,8600,81974.35741810594,7080517.419433594,7162491.7768517,0,616.2491776851699,2215.938105972185
2014-03-25,801.7825927734375,34.88797170647479,35.512387077135266,-0.6244153706604791,SELL,0,6973167.457090957,0.0,6973167.457090957,8600,597.3167457090957,2155.36599150637
2014-03-26,761.7919921875,29.307787394967477,34.27146714070171,-4.9636797457342325,HOLD,0,6973167.457090957,0.0,6973167.457090957,0,597.3167457090957,2042.8748482034812
2014-03-27,757.8025512695312,24.28361024127082,32.273895760815535,-7.990285519544713,HOLD,0,6973167.457090957,0.0,6973167.457090957,0,597.3167457090957,2031.6527919346029
2014-03-28,733.6736450195312,18.145739776223422,29.448264563897116,-11.302524787673693,HOLD,0,6973167.457090957,0.0,6973167.457090957,0,597.3167457090957,1963.7796364695369
2014-03-31,743.5751342773438,13.919940238405275,26.34259969879875,-12.422659460393476,HOLD,0,6973167.457090957,0.0,6973167.457090957,0,597.3167457090957,1991.6319275252572
2014-04-01,781.0182495117188,13.437412012504751,23.761562161539953,-10.324150149035201,HOLD,0,6973167.457090957,0.0,6973167.457090957,0,597.3167457090957,2096.95714844774
2014-04-02,796.158935546875,14.114033946441168,21.832056518520197,-7.718022572079029,HOLD,0,6973167.457090957,0.0,6973167.457090957,0,597.3167457090957,2139.5469834972223
2014-04-03,794.57275390625,14.356774146182602,20.33700004405268,-5.980225897870078,HOLD,0,6973167.457090957,0.0,6973167.457090957,0,597.3167457090957,2135.0851503757985
2014-04-04,788.5645751953125,13.904060341162449,19.050412103474635,-5.146351762312186,HOLD,0,6973167.457090957,0.0,6973167.457090957,0,597.3167457090957,2118.184506663058
2014-04-08,790.8717041015625,13.574963679139046,17.95532241860752,-4.380358739468473,HOLD,0,6973167.457090957,0.0,6973167.457090957,0,597.3167457090957,2124.6743208846146
2014-04-09,785.1519165039062,12.70614462071353,16.905486859028724,-4.199342238315193,HOLD,0,6973167.457090957,0.0,6973167.457090957,0,597.3167457090957,2108.5849039495693
2014-04-10,814.7603149414062,14.24257008139773,16.372903503502528,-2.1303334221047976,HOLD,0,6973167.457090957,0.0,6973167.457090957,0,597.3167457090957,2191.871539879039
2014-04-11,846.3394165039062,17.803144340977724,16.658951670997567,1.144192669980157,BUY,8100,113704.97384510748,6855349.273681641,6969054.247526748,8100,596.9054247526748,2280.7016446335256
2014-04-14,838.0721435546875,19.730385655628538,17.27323846792376,2.457147187704777,HOLD,8100,113704.97384510748,6788384.362792969,6902089.336638076,0,590.2089336638077,2257.4463053180743
2014-04-15,838.697021484375,21.065332666847098,18.03165730770843,3.0336753591386696,HOLD,8100,113704.97384510748,6793445.8740234375,6907150.847868545,0,590.7150847868545,2259.204049180516
2014-04-16,822.0182495117188,20.540670222924973,18.53345989075174,2.0072103321732335,HOLD,8100,113704.97384510748,6658347.821044922,6772052.794890029,0,577.205279489003,2212.287671316663
2014-04-17,842.1096801757812,21.498263401339386,19.12642059286927,2.3718428084701166,HOLD,8100,113704.97384510748,6821088.409423828,6934793.383268936,0,593.4793383268935,2268.8036518940053
2014-04-18,842.6383666992188,22.04569443585467,19.71027536146635,2.3354190743883194,HOLD,8100,113704.97384510748,6825370.770263672,6939075.744108779,0,593.9075744108779,2270.2908151423417
2014-04-21,826.968994140625,20.973381971773847,19.962896683527852,1.0104852882459952,HOLD,8100,113704.97384510748,6698448.8525390625,6812153.82638417,0,581.215382638417,2226.2138168445235
2014-04-22,827.353515625,19.924912302409666,19.955299807304215,-0.030387504894548556,SELL,0,6811247.51232167,0.0,6811247.51232167,8100,581.1247512321669,2227.295452548116
2014-04-23,846.2432861328125,20.383273458916733,20.04089453762672,0.34237892129001324,BUY,7900,121914.35869618133,6685321.960449219,6807236.3191454,7900,580.7236319145401,2280.4312357076274
2014-04-24,844.8013305664062,20.39507251402904,20.111730132907184,0.28334238112185517,HOLD,7900,121914.35869618133,6673930.511474609,6795844.870170791,0,579.584487017079,2276.3751018191547
2014-04-25,791.5927124023438,15.927332176439336,19.274850541613617,-3.347518365174281,SELL,0,6371744.637217909,0.0,6371744.637217909,7900,537.174463721791,2126.702473672955
2014-04-28,782.460205078125,11.516938653302418,17.723268163951378,-6.20632951064896,HOLD,0,6371744.637217909,0.0,6371744.637217909,0,537.174463721791,2101.0132823362133
2014-04-29,786.3054809570312,8.237000622343771,15.826014655629857,-7.589014033286086,HOLD,0,6371744.637217909,0.0,6371744.637217909,0,537.174463721791,2111.8298110603478
2014-04-30,787.6994018554688,5.684575619931479,13.797726848490182,-8.113151228558703,HOLD,0,6371744.637217909,0.0,6371744.637217909,0,537.174463721791,2115.7508263299746
2014-05-05,770.2515869140625,2.22818246750262,11.48381797229267,-9.25563550479005,HOLD,0,6371744.637217909,0.0,6371744.637217909,0,537.174463721791,2066.671177058936
2014-05-06,772.8471069335938,-0.298160228340862,9.127422332165963,-9.425582560506825,HOLD,0,6371744.637217909,0.0,6371744.637217909,0,537.174463721791,2073.972218058187
2014-05-07,772.2222290039062,-2.323938525989888,6.837150160534794,-9.161088686524682,HOLD,0,6371744.637217909,0.0,6371744.637217909,0,537.174463721791,2072.2144741957454
2014-05-08,772.2703247070312,-3.8807664406965614,4.693566840288523,-8.574333280985083,HOLD,0,6371744.637217909,0.0,6371744.637217909,0,537.174463721791,2072.349764502798
2014-05-09,772.0299682617188,-5.075451885854136,2.7397630950599914,-7.815214980914128,HOLD,0,6371744.637217909,0.0,6371744.637217909,0,537.174463721791,2071.673656343949
2014-05-12,773.4238891601562,-5.842423124368793,1.0233258511742347,-6.865748975543028,HOLD,0,6371744.637217909,0.0,6371744.637217909,0,537.174463721791,2075.594671613576
2014-05-13,772.6067504882812,-6.441931047179537,-0.4697255284965197,-5.972205518683017,HOLD,0,6371744.637217909,0.0,6371744.637217909,0,537.174463721791,2073.2961098993383
2014-05-14,746.3148803710938,-8.935575827423122,-2.1628955882818404,-6.772680239141282,HOLD,0,6371744.637217909,0.0,6371744.637217909,0,537.174463721791,1999.338667757459
2014-05-15,750.544677734375,-10.450036468692133,-3.8203237643638994,-6.629712704328234,HOLD,0,6371744.637217909,0.0,6371744.637217909,0,537.174463721791,2011.2368321851864
2014-05-16,745.7861328125,-11.897089996574437,-5.435677010806007,-6.46141298576843,HOLD,0,6371744.637217909,0.0,6371744.637217909,0,537.174463721791,1997.8513328209158
2014-05-19,711.2750244140625,-15.64826491206611,-7.4781945910580285,-8.170070321008083,HOLD,0,6371744.637217909,0.0,6371744.637217909,0,537.174463721791,1900.773669982431
2014-05-20,696.8553466796875,-19.559179495184253,-9.894391571883274,-9.66478792330098,HOLD,0,6371744.637217909,0.0,6371744.637217909,0,537.174463721791,1860.2119877212886
2014-05-21,725.7908325195312,-20.092145845215896,-11.9339424265498,-8.158203418666096,HOLD,0,6371744.637217909,0.0,6371744.637217909,0,537.174463721791,1941.6057611694714
2014-05-22,721.224609375,-20.644998867793447,-13.676153714798529,-6.968845152994918,HOLD,0,6371744.637217909,0.0,6371744.637217909,0,537.174463721791,1928.7612513452038
2014-05-23,732.0393676757812,-19.98015941855067,-14.936954855548958,-5.043204563001712,HOLD,0,6371744.637217909,0.0,6371744.637217909,0,537.174463721791,1959.1825130410605
2014-05-26,738.1437377929688,-18.744621385795085,-15.698488161598185,-3.0461332241969004,HOLD,0,6371744.637217909,0.0,6371744.637217909,0,537.174463721791,1976.353737367906
2014-05-27,736.3652954101562,-17.70486338627302,-16.09976320653315,-1.6051001797398676,HOLD,0,6371744.637217909,0.0,6371744.637217909,0,537.174463721791,1971.3510863946863
2014-05-28,739.9221801757812,-16.404733252793903,-16.160757215785303,-0.2439760370086006,HOLD,0,6371744.637217909,0.0,6371744.637217909,0,537.174463721791,1981.356388341126
2014-05-29,741.6044311523438,-15.06496759164952,-15.941599290958147,0.8766316993086267,BUY,8500,64324.789824110456,6303637.664794922,6367962.454619032,8500,536.7962454619033,1986.088458700241
2014-05-30,736.46142578125,-14.25388133298668,-15.604055699363855,1.3501743663771748,HOLD,8500,64324.789824110456,6259922.119140625,6324246.908964735,0,532.4246908964735,1971.6214953205842
2014-06-03,734.2984619140625,-13.628521623063648,-15.208948884103814,1.5804272610401657,HOLD,8500,64324.789824110456,6241536.926269531,6305861.716093642,0,530.5861716093641,1965.5372086437715
2014-06-04,726.5118408203125,-13.604411605695873,-14.888041428422227,1.283629822726354,HOLD,8500,64324.789824110456,6175350.646972656,6239675.436796767,0,523.9675436796767,1943.6339139578113
2014-06-05,743.91162109375,-12.042469301265214,-14.318927002990826,2.2764577017256116,HOLD,8500,64324.789824110456,6323248.779296875,6387573.569120985,0,538.7573569120985,1992.5784446100042
2014-06-06,738.2398681640625,-11.133936740318632,-13.681928950456388,2.547992210137757,HOLD,8500,64324.789824110456,6275038.879394531,6339363.669218642,0,533.9363669218642,1976.6241462938042
2014-06-09,736.509521484375,-10.433274363707937,-13.032198033106699,2.5989236693987614,HOLD,8500,64324.789824110456,6260330.9326171875,6324655.722441298,0,532.4655722441298,1971.7567856276369
2014-06-10,744.0557861328125,-9.163443420177941,-12.258447110520947,3.095003690343006,HOLD,8500,64324.789824110456,6324474.182128906,6388798.971953017,0,538.8798971953016,1992.983972154748
2014-06-11,739.9221801757812,-8.393881265321625,-11.485533941481084,3.091652676159459,HOLD,8500,64324.789824110456,6289338.531494141,6353663.321318251,0,535.3663321318252,1981.356388341126
2014-06-12,733.6255493164062,-8.197586525765246,-10.827944458337916,2.63035793257267,HOLD,8500,64324.789824110456,6235817.169189453,6300141.959013564,0,530.0141959013564,1963.6443461624842
2014-06-13,734.49072265625,-7.881357884749036,-10.23862714362014,2.3572692588711046,HOLD,8500,64324.789824110456,6243171.142578125,6307495.932402235,0,530.7495932402236,1966.0780264955679
2014-06-16,742.2293090820312,-6.926461224520267,-9.576193959800166,2.6497327352798994,HOLD,8500,64324.789824110456,6308949.127197266,6373273.917021376,0,537.3273917021377,1987.8462025626825
2014-06-17,736.3172607421875,-6.57100517624292,-8.975156203088718,2.4041510268457973,HOLD,8500,64324.789824110456,6258696.716308594,6323021.506132704,0,532.3021506132704,1971.2159677758405
2014-06-18,738.1917724609375,-6.06809702209398,-8.39374436688977,2.32564734479579,HOLD,8500,64324.789824110456,6274630.065917969,6338954.855742079,0,533.8954855742079,1976.4888559867516
2014-06-19,734.106201171875,-5.93084307797551,-7.901164109106919,1.9703210311314088,HOLD,8500,64324.789824110456,6239902.7099609375,6304227.499785048,0,530.4227499785048,1964.996390791975
2014-06-20,736.2691650390625,-5.583175855110198,-7.437566458307575,1.854390603197377,HOLD,8500,64324.789824110456,6258287.902832031,6322612.692656142,0,532.2612692656141,1971.0806774687878
2014-06-23,751.313720703125,-4.047025575047087,-6.759458281655478,2.712432706608391,HOLD,8500,64324.789824110456,6386166.6259765625,6450491.415800673,0,545.0491415800673,2013.4001035923716
2014-06-24,786.2093505859375,-0.013672110556171901,-5.410301047435617,5.396628936879445,HOLD,8500,64324.789824110456,6682779.479980469,6747104.269804579,0,574.7104269804579,2111.559402134449
2014-06-25,772.68212890625,2.0674238556716773,-3.9147560668141583,5.982179922485836,HOLD,8500,64324.789824110456,6567798.095703125,6632122.885527235,0,563.2122885527235,2073.5081448348838
2014-06-26,769.4768676757812,3.4186614079134188,-2.448072571868643,5.866733979782062,HOLD,8500,64324.789824110456,6540553.375244141,6604878.165068251,0,560.4878165068251,2064.4919386485067
2014-06-27,762.6317749023438,3.892316916684308,-1.1799946741580527,5.072311590842361,HOLD,8500,64324.789824110456,6482370.086669922,6546694.876494032,0,554.6694876494032,2045.2371062424866
2014-06-30,771.323974609375,4.912452498000903,0.03849476027373843,4.873957737727165,HOLD,8500,64324.789824110456,6556253.7841796875,6620578.574003798,0,562.0578574003798,2069.6877388545113
2014-07-01,770.18310546875,5.564712153079427,1.143738238834876,4.42097391424455,HOLD,8500,64324.789824110456,6546556.396484375,6610881.186308485,0,561.0881186308485,2066.4785428907726
2014-07-02,771.8671875,6.146669000399356,2.144324391147772,4.002344609251584,HOLD,8500,64324.789824110456,6560871.09375,6625195.88357411,0,562.5195883574111,2071.2157638960944
2014-07-03,778.2777099609375,7.043951296460932,3.1242497722104043,3.9197015242505278,HOLD,8500,64324.789824110456,6615360.534667969,6679685.324492079,0,567.9685324492079,2089.2481762688485
2014-07-04,778.6036987304688,7.692682099247122,4.037936237617748,3.654745861629374,HOLD,8500,64324.789824110456,6618131.439208984,6682456.229033095,0,568.2456229033095,2090.1651629820053
2014-07-07,783.1670532226562,8.477309358935031,4.925810861881205,3.551498497053826,HOLD,8500,64324.789824110456,6656919.952392578,6721244.742216689,0,572.1244742216688,2103.0016034605474
2014-07-08,772.4104614257812,8.137362602997541,5.568121210104472,2.569241392893069,HOLD,8500,64324.789824110456,6565488.922119141,6629813.711943251,0,562.9813711943251,2072.743960625885
2014-07-09,767.3038330078125,7.3709227055676365,5.928681509197105,1.4422411963705315,HOLD,8500,64324.789824110456,6522082.580566406,6586407.370390517,0,558.6407370390517,2058.3793234175523
2014-07-10,766.21728515625,6.599760305398718,6.062897268437428,0.5368630369612895,HOLD,8500,64324.789824110456,6512846.923828125,6577171.713652235,0,557.7171713652236,2055.322929957972
2014-07-11,770.7263793945312,6.28006212136404,6.106330239022751,0.173731882341289,HOLD,8500,64324.789824110456,6551174.224853516,6615499.014677626,0,561.5499014677627,2068.0067396205627
2014-07-14,813.6441040039062,9.38165482782415,6.761395156783031,2.6202596710411186,HOLD,8500,64324.789824110456,6915974.884033203,6980299.673857314,0,598.0299673857313,2188.7317059508955
2014-07-15,835.5919189453125,13.45558700253821,8.100233525934067,5.355353476604142,HOLD,8500,64324.789824110456,7102531.311035156,7166856.100859267,0,616.6856100859267,2250.469583341694
2014-07-16,839.720703125,16.823435883072193,9.844873997361693,6.9785618857105,HOLD,8500,64324.789824110456,7137625.9765625,7201950.76638661,0,620.195076638661,2262.08360378697
2014-07-17,835.2659301757812,18.91497735326152,11.65889466854166,7.2560826847198605,HOLD,8500,64324.789824110456,7099760.406494141,7164085.196318251,0,616.4085196318251,2249.5525966285372
2014-07-18,874.5438232421875,23.47137336678975,14.021390408191278,9.44998295859847,HOLD,8500,64324.789824110456,7433622.497558594,7497947.287382704,0,649.7947287382705,2360.0389367392268
2014-07-21,874.5438232421875,26.773719264946635,16.57185617954235,10.201863085404284,HOLD,8500,64324.789824110456,7433622.497558594,7497947.287382704,0,649.7947287382705,2360.0389367392268
2014-07-22,886.604248046875,30.017998864561036,19.26108471654609,10.756914148014946,HOLD,8500,64324.789824110456,7536136.1083984375,7600460.898222548,0,660.0460898222548,2393.964183050103
2014-07-23,890.3527221679688,32.516751485148916,21.912218070266658,10.604533414882258,HOLD,8500,64324.789824110456,7567998.138427734,7632322.928251845,0,663.2322928251845,2404.5084142780634
2014-07-24,888.39697265625,33.94788817572703,24.319352091358734,9.628536084368296,HOLD,8500,64324.789824110456,7551374.267578125,7615699.057402235,0,661.5699057402235,2399.0070090637423
2014-07-25,890.2984008789062,34.83395947897611,26.42227356888221,8.411685910093901,HOLD,8500,64324.789824110456,7567536.407470703,7631861.197294814,0,663.1861197294813,2404.355611773905
2014-07-28,892.3084716796875,35.29155421658152,28.196129698422073,7.095424518159444,HOLD,8500,64324.789824110456,7584622.009277344,7648946.799101454,0,664.8946799101454,2410.0098194923844
2014-07-29,874.9783935546875,33.86542928346228,29.329989615430115,4.535439668032161,HOLD,8500,64324.789824110456,7437316.345214844,7501641.135038954,0,650.1641135038955,2361.2613567724934
2014-07-30,861.125244140625,31.25706957595412,29.71540560753492,1.5416639684192006,HOLD,8500,64324.789824110456,7319564.5751953125,7383889.365019423,0,638.3889365019422,2322.293284447978
2014-07-31,870.6866455078125,29.6200098620302,29.696326458433976,-0.07631659640377464,SELL,0,7460720.774748427,0.0,7460720.774748427,8500,646.0720774748427,2349.188928814743
2014-08-01,885.4090576171875,29.174300683355796,29.591921303418342,-0.4176206200625465,HOLD,0,7460720.774748427,0.0,7460720.774748427,0,646.0720774748427,2390.602184582206
2014-08-04,893.1234130859375,29.10801785217666,29.49514061317001,-0.38712276099334986,HOLD,0,7460720.774748427,0.0,7460720.774748427,0,646.0720774748427,2412.3022004311733
2014-08-05,903.1737670898438,29.52610919726601,29.50133432998921,0.02477486727680045,BUY,8100,140623.83681263588,7315707.513427734,7456331.35024037,8100,645.6331350240371,2440.5732390235707
2014-08-06,887.2561645507812,28.247413505006193,29.250550164992607,-1.0031366599864135,SELL,0,7323086.704714247,0.0,7323086.704714247,8100,632.3086704714246,2395.79798478821
2014-08-07,872.4794311523438,25.74490779404391,28.54942169080287,-2.8045138967589587,HOLD,0,7323086.704714247,0.0,7323086.704714247,0,632.3086704714246,2354.231926516589
2014-08-08,880.8456420898438,24.15825595518129,27.671188543678554,-3.5129325884972644,HOLD,0,7323086.704714247,0.0,7323086.704714247,0,632.3086704714246,2377.7655724154565
2014-08-11,885.8980102539062,23.04288281867366,26.745527398677577,-3.7026445800039163,HOLD,0,7323086.704714247,0.0,7323086.704714247,0,632.3086704714246,2391.9775788078377
2014-08-12,880.3023681640625,21.460042014314922,25.688430321805047,-4.228388307490125,HOLD,0,7323086.704714247,0.0,7323086.704714247,0,632.3086704714246,2376.2373756856664
2014-08-13,882.7470703125,20.170384666452605,24.58482119073456,-4.414436524281953,HOLD,0,7323086.704714247,0.0,7323086.704714247,0,632.3086704714246,2383.1141751256196
2014-08-14,877.1514892578125,18.483736293634365,23.36460421131452,-4.880867917680156,HOLD,0,7323086.704714247,0.0,7323086.704714247,0,632.3086704714246,2367.374143691655
2014-08-15,877.5860595703125,16.986313846484677,22.088946138348554,-5.102632291863877,HOLD,0,7323086.704714247,0.0,7323086.704714247,0,632.3086704714246,2368.5965637249215
2014-08-18,867.8616943359375,14.84381055612971,20.639919021904785,-5.796108465775074,HOLD,0,7323086.704714247,0.0,7323086.704714247,0,632.3086704714246,2341.2425118456817
2014-08-19,862.0487670898438,12.532341581876722,19.018403533899175,-6.486061952022453,HOLD,0,7323086.704714247,0.0,7323086.704714247,0,632.3086704714246,2324.8910987068766
2014-08-20,880.0850830078125,12.01733734101083,17.618190295321508,-5.600852954310678,HOLD,0,7323086.704714247,0.0,7323086.704714247,0,632.3086704714246,2375.626165669033
2014-08-21,869.056884765625,10.597151966699016,16.21398262959701,-5.616830662897993,HOLD,0,7323086.704714247,0.0,7323086.704714247,0,632.3086704714246,2344.604510313579
2014-08-22,865.2540283203125,9.060344085584234,14.783254920794455,-5.722910835210222,HOLD,0,7323086.704714247,0.0,7323086.704714247,0,632.3086704714246,2333.9073048932532
2014-08-25,862.4290771484375,7.52768831218998,13.33214159907356,-5.8044532868835805,HOLD,0,7323086.704714247,0.0,7323086.704714247,0,632.3086704714246,2325.960887924192
2014-08-26,856.8334350585938,5.7947280003728565,11.82465887933342,-6.029930878960563,HOLD,0,7323086.704714247,0.0,7323086.704714247,0,632.3086704714246,2310.2206848020205
2014-08-27,849.4993896484375,3.785906720499497,10.216908447566636,-6.431001727067139,HOLD,0,7323086.704714247,0.0,7323086.704714247,0,632.3086704714246,2289.590458170368
2014-08-28,847.5980224609375,2.0172236432995305,8.576971486713216,-6.559747843413685,HOLD,0,7323086.704714247,0.0,7323086.704714247,0,632.3086704714246,2284.2420271484125
2014-08-29,859.6041259765625,1.5662668274428597,7.174830554859145,-5.608563727416286,HOLD,0,7323086.704714247,0.0,7323086.704714247,0,632.3086704714246,2318.0144709551305
2014-09-01,860.7992553710938,1.2904418456095073,5.997952813009218,-4.707510967399711,HOLD,0,7323086.704714247,0.0,7323086.704714247,0,632.3086704714246,2321.376297734821
2014-09-02,883.1273803710938,2.840794730547941,5.366521196516963,-2.525726465969022,HOLD,0,7323086.704714247,0.0,7323086.704714247,0,632.3086704714246,2384.183964342935
2014-09-03,895.4050903320312,5.002503401038439,5.293717637421259,-0.29121423638282007,HOLD,0,7323086.704714247,0.0,7323086.704714247,0,632.3086704714246,2418.7204206704446
2014-09-04,896.7089233398438,6.743150680239182,5.583604245984844,1.159546434254338,BUY,8000,145111.11516346596,7173671.38671875,7318782.501882216,8000,631.8782501882216,2422.3880241466586
2014-09-05,910.0188598632812,9.091821967177907,6.285247790223457,2.8065741769544497,HOLD,8000,145111.11516346596,7280150.87890625,7425261.994069716,0,642.5261994069716,2459.8280714295906
2014-09-09,891.3849487304688,9.341872691738331,6.896572770526433,2.445299921211898,HOLD,8000,145111.11516346596,7131079.58984375,7276190.705007216,0,627.6190705007216,2407.412005233486
2014-09-10,890.46142578125,9.357649945040407,7.388788205429228,1.968861739611179,HOLD,8000,145111.11516346596,7123691.40625,7268802.521413466,0,626.8802521413467,2404.814190974587
2014-09-11,879.9764404296875,8.426962067644808,7.596422977872344,0.830539089772464,HOLD,8000,145111.11516346596,7039811.5234375,7184922.638600966,0,618.4922638600966,2375.320560660716
2014-09-12,882.52978515625,7.805442517187203,7.638226885735317,0.167215631451886,HOLD,8000,145111.11516346596,7060238.28125,7205349.396413466,0,620.5349396413466,2382.502965108986
2014-09-15,866.0145874023438,5.9120944158938755,7.293000391767029,-1.3809059758731532,SELL,0,7069070.944362684,0.0,7069070.944362684,8000,606.9070944362684,2336.046711639677
2014-09-16,855.4209594726562,3.5162520012200957,6.5376507136576425,-3.0213987124375468,HOLD,0,7069070.944362684,0.0,7069070.944362684,0,606.9070944362684,2306.2474763174896
2014-09-17,859.6041259765625,1.9327961324714806,5.61667979742041,-3.6838836649489295,HOLD,0,7069070.944362684,0.0,7069070.944362684,0,606.9070944362684,2318.0144709551305
2014-09-18,865.1453857421875,1.1122084544138033,4.715785528819089,-3.603577074405286,HOLD,0,7069070.944362684,0.0,7069070.944362684,0,606.9070944362684,2333.601699884937
2014-09-19,873.8375854492188,1.1500179886398882,4.002632020783249,-2.852614032143361,HOLD,0,7069070.944362684,0.0,7069070.944362684,0,606.9070944362684,2358.0523324969613
2014-09-22,852.5960083007812,-0.5279495617836574,3.096515704269868,-3.6244652660535253,HOLD,0,7069070.944362684,0.0,7069070.944362684,0,606.9070944362684,2298.301059348428
2014-09-23,855.5296020507812,-1.6025611091321252,2.1567003415894694,-3.7592614507215947,HOLD,0,7069070.944362684,0.0,7069070.944362684,0,606.9070944362684,2306.5530813258065
2014-09-24,870.2520141601562,-1.2517929952341547,1.4750016742247447,-2.7267946694588994,HOLD,0,7069070.944362684,0.0,7069070.944362684,0,606.9070944362684,2347.9663370932694
2014-09-25,881.1173095703125,-0.0959620129343648,1.1608089367929229,-1.2567709497272876,HOLD,0,7069070.944362684,0.0,7069070.944362684,0,606.9070944362684,2378.5297566244553
2014-09-26,881.7692260742188,0.8627018910359538,1.101187527641529,-0.2384856366055752,HOLD,0,7069070.944362684,0.0,7069070.944362684,0,606.9070944362684,2380.3635583625623
2014-09-29,882.638427734375,1.6732985078793945,1.2156097236891021,0.45768878419029235,BUY,7900,92043.65911366139,6972843.5791015625,7064887.238215224,7900,606.4887238215224,2382.8085701173027
2014-09-30,880.7913208007812,2.141964836824741,1.40088074631623,0.7410840905085108,HOLD,7900,92043.65911366139,6958251.434326172,7050295.093439833,0,605.0295093439832,2377.6127699112985
2014-10-08,873.1856689453125,1.8780250338604674,1.4963096038250776,0.38171543003538977,HOLD,7900,92043.65911366139,6898166.784667969,6990210.44378163,0,599.0210443781631,2356.2185307588543
2014-10-09,869.274169921875,1.3378041831286964,1.4646085196858014,-0.126804336557105,SELL,0,6955189.241931044,0.0,6955189.241931044,7900,595.5189241931043,2345.215720330212
2014-10-10,863.8958740234375,0.47027074768709554,1.2657409652860603,-0.7954702175989647,HOLD,0,6955189.241931044,0.0,6955189.241931044,0,595.5189241931043,2330.0868989128808
2014-10-13,848.0325927734375,-1.4802268384587478,0.7165474045370988,-2.1967742429958466,HOLD,0,6955189.241931044,0.0,6955189.241931044,0,595.5189241931043,2285.464447181679
2014-10-14,841.5678100585938,-3.50723494344993,-0.12820906506030708,-3.379025878389623,HOLD,0,6955189.241931044,0.0,6955189.241931044,0,595.5189241931043,2267.279403992974
2014-10-15,854.660400390625,-4.01095505684566,-0.9047582634173776,-3.106196793428282,HOLD,0,6955189.241931044,0.0,6955189.241931044,0,595.5189241931043,2304.108069571066
2014-10-16,854.660400390625,-4.3598986778041535,-1.5957863462947328,-2.7641123315094207,HOLD,0,6955189.241931044,0.0,6955189.241931044,0,595.5189241931043,2304.108069571066
2014-10-17,860.4190063476562,-4.124226125825658,-2.101474302200918,-2.0227518236247395,HOLD,0,6955189.241931044,0.0,6955189.241931044,0,595.5189241931043,2320.306680205713
2014-10-20,852.4873657226562,-4.525306129251703,-2.5862406676110754,-1.9390654616406278,HOLD,0,6955189.241931044,0.0,6955189.241931044,0,595.5189241931043,2297.995454340112
2014-10-21,860.8535766601562,-4.120582112656734,-2.8931089566202073,-1.227473156036527,HOLD,0,6955189.241931044,0.0,6955189.241931044,0,595.5189241931043,2321.5291002389795
2014-10-22,864.2218017578125,-3.487842124769031,-3.012055590249972,-0.47578653451905906,HOLD,0,6955189.241931044,0.0,6955189.241931044,0,595.5189241931043,2331.003713937831
2014-10-23,864.058837890625,-2.965358145034088,-3.0027161012067953,0.03735795617270732,BUY,7900,125028.78370350506,6826064.8193359375,6951093.603039443,7900,595.1093603039443,2330.545306425356
2014-10-24,863.1353149414062,-2.5958826908200763,-2.921349419129452,0.3254667283093755,HOLD,7900,125028.78370350506,6818768.988037109,6943797.771740614,0,594.3797771740615,2327.9474921664573
2014-10-27,855.6383056640625,-2.874876933251585,-2.9120549219538785,0.03717798870229361,HOLD,7900,125028.78370350506,6759542.614746094,6884571.398449599,0,588.4571398449599,2306.85885802233
2014-10-28,862.374755859375,-2.523319393271322,-2.8343078162173674,0.31098842294604534,HOLD,7900,125028.78370350506,6812760.5712890625,6937789.354992568,0,593.7789354992567,2325.808085420034
2014-10-29,859.984375,-2.4098124502367,-2.749408743021234,0.3395962927845342,HOLD,7900,125028.78370350506,6793876.5625,6918905.346203505,0,591.8905346203505,2319.0840884842387
2014-10-30,844.3384399414062,-3.541529038570502,-2.9078328021310877,-0.6336962364394143,SELL,0,6791300.295035291,0.0,6791300.295035291,7900,579.1300295035292,2275.073018457877
2014-10-31,851.1835327148438,-3.841794987235062,-3.094625239151883,-0.7471697480831789,HOLD,0,6791300.295035291,0.0,6791300.295035291,0,579.1300295035292,2294.3278508638978
2014-11-03,845.2076416015625,-4.509974209758411,-3.3776950332731888,-1.1322791764852225,HOLD,0,6791300.295035291,0.0,6791300.295035291,0,579.1300295035292,2277.5180302126178
2014-11-04,822.4449462890625,-6.797908278433283,-4.061737682305208,-2.7361705961280753,HOLD,0,6791300.295035291,0.0,6791300.295035291,0,579.1300295035292,2213.487943571237
2014-11-05,793.97802734375,-10.783845504190026,-5.406159246682171,-5.377686257507855,HOLD,0,6791300.295035291,0.0,6791300.295035291,0,579.1300295035292,2133.4122204875753
2014-11-06,799.41064453125,-13.350466797114109,-6.995020756768559,-6.35544604034555,HOLD,0,6791300.295035291,0.0,6791300.295035291,0,579.1300295035292,2148.6938444090647
2014-11-07,804.2456665039062,-14.823510595208973,-8.560718724456642,-6.262791870752331,HOLD,0,6791300.295035291,0.0,6791300.295035291,0,579.1300295035292,2162.2944690966056
2014-11-10,835.3745727539062,-13.325458250751012,-9.513666629715516,-3.8117916210354963,HOLD,0,6791300.295035291,0.0,6791300.295035291,0,579.1300295035292,2249.8582016368537
2014-11-11,833.0928955078125,-12.181927581695959,-10.047318820111604,-2.1346087615843548,HOLD,0,6791300.295035291,0.0,6791300.295035291,0,579.1300295035292,2243.4399813975824
2014-11-12,830.5938720703125,-11.346525906291618,-10.307160237347608,-1.0393656689440096,HOLD,0,6791300.295035291,0.0,6791300.295035291,0,579.1300295035292,2236.4103794534713
2014-11-13,823.4771728515625,-11.13041768339599,-10.471811726557284,-0.6586059568387057,HOLD,0,6791300.295035291,0.0,6791300.295035291,0,579.1300295035292,2216.3915345266596
2014-11-14,854.4974365234375,-8.359708809201152,-10.049391143086059,1.6896823338849067,BUY,7800,122221.24214954954,6665080.0048828125,6787301.247032362,7800,578.7301247032362,2303.6496620585913
2014-11-17,869.491455078125,-4.897554122102406,-9.019023738889329,4.121469616786923,HOLD,7800,122221.24214954954,6782033.349609375,6904254.591758925,0,590.4254591758925,2345.8269303468455
2014-11-18,845.5879516601562,-4.036059365015717,-8.022430864114607,3.9863714990988903,HOLD,7800,122221.24214954954,6595586.022949219,6717807.265098768,0,571.7807265098768,2278.587819429933
2014-11-19,831.57177734375,-4.433203482395925,-7.304585387770871,2.871381905374946,HOLD,7800,122221.24214954954,6486259.86328125,6608481.1054308,0,560.84811054308,2239.1611679047355
2014-11-20,818.5877685546875,-5.729596828389504,-6.989587675894597,1.2599908475050938,HOLD,7800,122221.24214954954,6384984.5947265625,6507205.836876112,0,550.7205836876112,2202.6379356467532
2014-11-21,831.897705078125,-5.618233751974799,-6.715316891110638,1.0970831391358393,HOLD,7800,122221.24214954954,6488802.099609375,6611023.341758925,0,561.1023341758925,2240.0779829296857
2014-11-24,836.3524780273438,-5.11159151949596,-6.394571816787703,1.2829802972917435,HOLD,7800,122221.24214954954,6523549.328613281,6645770.570762831,0,564.577057076283,2252.608990088118
2014-11-25,840.1009521484375,-4.3573742676433085,-5.9871323069588245,1.629758039315516,HOLD,7800,122221.24214954954,6552787.4267578125,6675008.668907362,0,567.5008668907362,2263.153221316078
2014-11-26,847.2177124023438,-3.1490878618329816,-5.419523417933656,2.270435556100675,HOLD,7800,122221.24214954954,6608298.156738281,6730519.398887831,0,573.0519398887831,2283.1722379310972
2014-11-27,851.1835327148438,-1.8501759478865552,-4.7056539239242365,2.8554779760376814,HOLD,7800,122221.24214954954,6639231.555175781,6761452.797325331,0,576.145279732533,2294.3278508638978
2014-11-28,846.6201171875,-1.1754584397350527,-3.9996148270864,2.8241563873513473,HOLD,7800,122221.24214954954,6603636.9140625,6725858.15621205,0,572.5858156212049,2281.491238697148
2014-12-01,869.5457763671875,1.1953894392730717,-2.960613973814506,4.156003413087578,HOLD,7800,122221.24214954954,6782457.0556640625,6904678.297813612,0,590.4678297813612,2345.979732851004
2014-12-02,875.4130249023438,3.5073112852973054,-1.6670289219921437,5.174340207289449,HOLD,7800,122221.24214954954,6828221.594238281,6950442.836387831,0,595.0442836387831,2362.483948493967
2014-12-03,895.4594116210938,6.877818666039502,0.04194059561418546,6.835878070425316,HOLD,7800,122221.24214954954,6984583.410644531,7106804.652794081,0,610.680465279408,2418.873223174603
2014-12-04,945.9827880859375,13.470504694687747,2.727653415428898,10.742851279258849,HOLD,7800,122221.24214954954,7378665.7470703125,7500886.989219862,0,650.0886989219862,2560.99242865738
2014-12-05,928.5440673828125,17.09108150212944,5.600339032769007,11.490742469360434,HOLD,7800,122221.24214954954,7242643.7255859375,7364864.967735487,0,636.4864967735488,2511.938360929172
2014-12-08,939.6809692382812,20.621359416633936,8.604543109541993,12.016816307091943,HOLD,7800,122221.24214954954,7329511.560058594,7451732.802208143,0,645.1732802208144,2543.2657929811503
2014-12-09,939.0833740234375,23.10457401152439,11.504549289938474,11.600024721585918,HOLD,7800,122221.24214954954,7324850.3173828125,7447071.559532362,0,644.7071559532362,2541.5847937472013
2014-12-10,977.4376831054688,27.846415526754186,14.772922537301618,13.073492989452568,HOLD,7800,122221.24214954954,7624013.928222656,7746235.170372206,0,674.6235170372206,2649.473147910785
2014-12-11,955.5442504882812,29.49771080111293,17.71788019006388,11.77983061104905,HOLD,7800,122221.24214954954,7453245.153808594,7575466.395958143,0,657.5466395958143,2587.888244712352
2014-12-12,959.3470458984375,30.758661310311254,20.326036414113357,10.432624896197897,HOLD,7800,122221.24214954954,7482906.9580078125,7605128.200157362,0,660.5128200157362,2598.5852784444705
2014-12-15,999.8201293945312,34.62468148888354,23.185765429067395,11.438916059816144,HOLD,7800,122221.24214954954,7798597.009277344,7920818.251426893,0,692.0818251426894,2712.433617023057
2014-12-16,981.2948608398438,35.78123221144949,25.704858785543816,10.076373425905675,HOLD,7800,122221.24214954954,7654099.914550781,7776321.156700331,0,677.6321156700332,2660.323155835269
2014-12-17,972.8200073242188,35.60354167419109,27.684595363273274,7.918946310917818,HOLD,7800,122221.24214954954,7587996.057128906,7710217.299278456,0,671.0217299278455,2636.4839049280845
2014-12-18,974.2868041992188,35.17559651196086,29.182795593010795,5.992800918950067,HOLD,7800,122221.24214954954,7599437.072753906,7721658.314903456,0,672.1658314903456,2640.609915916774
2014-12-19,982.3270874023438,35.08084045505586,30.362404565419812,4.718435889636051,HOLD,7800,122221.24214954954,7662151.281738281,7784372.523887831,0,678.4372523887831,2663.2267467906913
2014-12-22,1000.1460571289062,36.028275996009256,31.4955788515377,4.532697144471555,HOLD,7800,122221.24214954954,7801139.245605469,7923360.487755018,0,692.3360487755018,2713.3504320480074
2014-12-23,1026.00537109375,38.42284141137611,32.881031363505386,5.541810047870726,HOLD,7800,122221.24214954954,8002841.89453125,8125063.1366808,0,712.5063136680799,2786.0911198674485
2014-12-24,994.4961547851562,37.3475025707487,33.77432560495405,3.5731769657946515,HOLD,7800,122221.24214954954,7757070.007324219,7879291.249473768,0,687.9291249473769,2697.4575981098847
2014-12-25,1009.5444946289062,37.27982543163034,34.47542557028931,2.8043998613410324,HOLD,7800,122221.24214954954,7874447.058105469,7996668.300255018,0,699.6668300255018,2739.7876689022974
2014-12-26,1018.9972534179688,37.55602694476329,35.09154584518411,2.4644810995791815,HOLD,7800,122221.24214954954,7948178.576660156,8070399.818809706,0,707.0399818809707,2766.377708260746
2014-12-29,996.77783203125,35.57194577526013,35.18762583119931,0.38431994406082026,HOLD,7800,122221.24214954954,7774867.08984375,7897088.3319933,0,689.70883319933,2703.8758183491555
2014-12-30,1015.031494140625,35.0682205169926,35.16374476835797,-0.09552425136537579,SELL,0,8034716.549053846,0.0,8034716.549053846,7800,703.4716549053845,2755.2222670161523
2014-12-31,1030.1341552734375,35.47869682362273,35.22673517941092,0.25196164421180356,BUY,7700,97924.3336510146,7932032.995605469,8029957.329256483,7700,702.9957329256483,2797.705140312724
2015-01-05,1100.2149658203125,40.98647144567781,36.3786824326643,4.607789013013509,HOLD,7700,97924.3336510146,8471655.236816406,8569579.57046742,0,756.957957046742,2994.8382262505047
2015-01-06,1074.7359619140625,42.802084055100636,37.66336275715157,5.138721297949068,HOLD,7700,97924.3336510146,8275466.906738281,8373391.240389296,0,737.3391240389296,2923.167327648379
2015-01-07,1048.1705322265625,41.61761995288089,38.454214196297436,3.163405756583451,HOLD,7700,97924.3336510146,8070913.098144531,8168837.431795546,0,716.8837431795545,2848.440378963087
2015-01-08,1041.760009765625,39.70396543200286,38.70416444343852,0.9998009885643384,HOLD,7700,97924.3336510146,8021552.0751953125,8119476.408846327,0,711.9476408846326,2830.407966590333
2015-01-09,1033.8826904296875,37.123806467969416,38.388092848344705,-1.2642863803752888,SELL,0,8054044.511929823,0.0,8054044.511929823,7700,705.4044511929823,2808.2495432288906
2015-01-12,1012.8040771484375,32.997766260402386,37.310027530756244,-4.312261270353858,HOLD,0,8054044.511929823,0.0,8054044.511929823,0,705.4044511929823,2748.956677592833
2015-01-13,1004.383544921875,28.717347387278892,35.59149150206078,-6.874144114781885,HOLD,0,8054044.511929823,0.0,8054044.511929823,0,705.4044511929823,2725.2702291898063
2015-01-14,995.1480712890625,24.29974669959563,33.333142541567746,-9.033395841972116,HOLD,0,8054044.511929823,0.0,8054044.511929823,0,705.4044511929823,2699.2913998479917
2015-01-15,1010.8483276367188,21.814185451228468,31.029351123499893,-9.215165672271425,HOLD,0,8054044.511929823,0.0,8054044.511929823,0,705.4044511929823,2743.455272378512
2015-01-16,1011.065673828125,19.635551856509096,28.750591270101737,-9.11503941359264,HOLD,0,8054044.511929823,0.0,8054044.511929823,0,705.4044511929823,2744.0666540833518
2015-01-19,953.3168334960938,13.098133123544017,25.620099640790194,-12.521966517246177,HOLD,0,8054044.511929823,0.0,8054044.511929823,0,705.4044511929823,2581.6226552890325
2015-01-20,967.4417114257812,8.953728274460445,22.286825367524244,-13.333097093063799,HOLD,0,8054044.511929823,0.0,8054044.511929823,0,705.4044511929823,2621.3550835107535
2015-01-21,990.6932983398438,7.4594780949673805,19.321355913012873,-11.861877818045492,HOLD,0,8054044.511929823,0.0,8054044.511929823,0,705.4044511929823,2686.760392689559
2015-01-22,984.554443359375,5.714051738290436,16.599895078068386,-10.88584333977795,HOLD,0,8054044.511929823,0.0,8054044.511929823,0,705.4044511929823,2669.492164525804
2015-01-23,983.41357421875,4.190425553171394,14.118001173088988,-9.927575619917594,HOLD,0,8054044.511929823,0.0,8054044.511929823,0,705.4044511929823,2666.282968562065
2015-01-26,993.0836791992188,3.7203515826092826,12.038471254993048,-8.318119672383766,HOLD,0,8054044.511929823,0.0,8054044.511929823,0,705.4044511929823,2693.484389625354
2015-01-27,978.4699096679688,2.1438920523812612,10.059555414470692,-7.915663362089431,HOLD,0,8054044.511929823,0.0,8054044.511929823,0,705.4044511929823,2652.3767388662077
2015-01-28,964.1278076171875,-0.2597569403369562,7.995692943509162,-8.255449883846119,HOLD,0,8054044.511929823,0.0,8054044.511929823,0,705.4044511929823,2612.03327231606
2015-01-29,956.9567260742188,-2.7120496139532406,5.854144432016682,-8.566194045969922,HOLD,0,8054044.511929823,0.0,8054044.511929823,0,705.4044511929823,2591.861453196883
2015-01-30,962.5523071289062,-4.1560838511538805,3.8520987753825695,-8.008182626536449,HOLD,0,8054044.511929823,0.0,8054044.511929823,0,705.4044511929823,2607.601484630847
2015-02-02,949.7313232421875,-6.262843476947751,1.8291103249165055,-8.091953801864257,HOLD,0,8054044.511929823,0.0,8054044.511929823,0,705.4044511929823,2571.5368315735473
2015-02-03,969.0171508789062,-6.303596609020133,0.20256893812917778,-6.506165547149311,HOLD,0,8054044.511929823,0.0,8054044.511929823,0,705.4044511929823,2625.7866995077593
2015-02-04,962.9326171875,-6.749065749314241,-1.187757999359506,-5.561307749954735,HOLD,0,8054044.511929823,0.0,8054044.511929823,0,705.4044511929823,2608.671273848163
2015-02-05,945.5482177734375,-8.407957299677037,-2.631797859423012,-5.776159440254025,HOLD,0,8054044.511929823,0.0,8054044.511929823,0,705.4044511929823,2559.7700086241134
2015-02-06,948.5361328125,-9.373489282746391,-3.980136144087688,-5.3933531386587035,HOLD,0,8054044.511929823,0.0,8054044.511929823,0,705.4044511929823,2568.1748331056497
2015-02-09,1001.2326049804688,-5.819432637475529,-4.3479954427652565,-1.4714371947102727,HOLD,0,8054044.511929823,0.0,8054044.511929823,0,705.4044511929823,2716.406825507588
2015-02-10,993.5182495117188,-3.583987181993052,-4.195193790610816,0.6112066086177634,BUY,8000,101129.62823841721,7948145.99609375,8049275.624332167,8000,704.9275624332167,2694.7068096586204
2015-02-11,994.985107421875,-1.6747123373489785,-3.6910974999584485,2.01638516260947,HOLD,8000,101129.62823841721,7959880.859375,8061010.487613417,0,706.1010487613418,2698.832992335517
2015-02-12,997.2667846679688,0.022257447600054547,-2.948426510446748,2.9706839580468025,HOLD,8000,101129.62823841721,7978134.27734375,8079263.905582167,0,707.9263905582167,2705.2512125747876
2015-02-13,991.3995361328125,0.8834959150821078,-2.182042025340977,3.0655379404230847,HOLD,8000,101129.62823841721,7931196.2890625,8032325.917300917,0,703.2325917300918,2688.7469969318245
2015-02-16,995.8543090820312,1.903553571707107,-1.3649229059313601,3.268476477638467,HOLD,8000,101129.62823841721,7966834.47265625,8067964.100894667,0,706.7964100894667,2701.278004090257
2015-02-17,989.9327392578125,2.208675184832259,-0.6502032877786362,2.8588784726108956,HOLD,8000,101129.62823841721,7919461.9140625,8020591.542300917,0,702.0591542300916,2684.6209859431356
2015-02-25,999.385498046875,3.176626720341801,0.11516271384545126,3.0614640064963496,HOLD,8000,101129.62823841721,7995083.984375,8096213.612613417,0,709.6213612613417,2711.211025301584
2015-02-26,1013.9449462890625,5.060229900299078,1.1041761511361767,3.956053749162901,HOLD,8000,101129.62823841721,8111559.5703125,8212689.198550917,0,721.2689198550917,2752.1658735565716
2015-02-27,1037.90283203125,8.389491312459427,2.561239183400827,5.828252129058599,HOLD,8000,101129.62823841721,8303222.65625,8404352.284488417,0,740.4352284488418,2819.5579586658496
2015-03-02,1036.1644287109375,10.76360421879997,4.201712190480656,6.561892028319313,HOLD,8000,101129.62823841721,8289315.4296875,8390445.057925917,0,739.0445057925918,2814.667935156369
2015-03-03,1010.1964111328125,10.429479262050563,5.447265604794637,4.982213657255926,HOLD,8000,101129.62823841721,8081571.2890625,8182700.917300917,0,718.2700917300916,2741.6214706404044
2015-03-04,1016.932861328125,10.586226627618885,6.475057809359487,4.111168818259398,HOLD,8000,101129.62823841721,8135462.890625,8236592.518863417,0,723.6592518863417,2760.5706980381083
2015-03-05,1007.8604125976562,9.864665529521062,7.152979353391802,2.71168617612926,HOLD,8000,101129.62823841721,8062883.30078125,8164012.929019667,0,716.4012929019668,2735.050447896975
2015-03-06,997.5383911132812,8.363512920810194,7.395086066875481,0.9684268539347132,HOLD,8000,101129.62823841721,7980307.12890625,8081436.757144667,0,708.1436757144667,2706.0152250955794
2015-03-09,1040.6734619140625,10.533059824921793,8.022680818484744,2.5103790064370486,HOLD,8000,101129.62823841721,8325387.6953125,8426517.323550917,0,742.6517323550918,2827.3515731307525
2015-03-10,1020.4097900390625,10.4963371663207,8.517412088051936,1.9789250782687642,HOLD,8000,101129.62823841721,8163278.3203125,8264407.948550917,0,726.4407948550918,2770.3510884334837
2015-03-11,1042.9552001953125,12.146443732116722,9.243218416864893,2.903225315251829,HOLD,8000,101129.62823841721,8343641.6015625,8444771.229800917,0,744.4771229800917,2833.769965058231
2015-03-12,1047.1383056640625,13.63453627852823,10.12148198919756,3.51305428933067,HOLD,8000,101129.62823841721,8377106.4453125,8478236.073550917,0,747.8236073550918,2845.5367880076647
2015-03-13,1031.7095947265625,13.414261061716388,10.780037803701326,2.634223258015062,HOLD,8000,101129.62823841721,8253676.7578125,8354806.386050917,0,735.4806386050917,2802.136756309729
2015-03-16,1052.625244140625,14.757296545259464,11.575489552012954,3.1818069932465107,HOLD,8000,101129.62823841721,8421001.953125,8522131.581363417,0,752.2131581363418,2860.9712144333125
2015-03-17,1068.9774169921875,16.94580484052176,12.649552609714716,4.296252230807044,HOLD,8000,101129.62823841721,8551819.3359375,8652948.964175917,0,765.2948964175918,2906.9688887019397
2015-03-18,1083.536865234375,19.628770973331598,14.045396282438093,5.583374690893505,HOLD,8000,101129.62823841721,8668294.921875,8769424.550113417,0,776.9424550113417,2947.9237369569273
2015-03-19,1060.8828125,19.699959366684652,15.176308899287406,4.523650467397246,HOLD,8000,101129.62823841721,8487062.5,8588192.128238417,0,758.8192128238417,2884.199255323864
2015-03-20,1049.311279296875,18.608147517732732,15.862676622976473,2.7454708947562594,HOLD,8000,101129.62823841721,8394490.234375,8495619.862613417,0,749.5619862613416,2851.649231550412
2015-03-23,1059.7962646484375,18.377089800670092,16.365559258515198,2.011530542154894,HOLD,8000,101129.62823841721,8478370.1171875,8579499.745425917,0,757.9499745425917,2881.142861864283
2015-03-24,1063.1102294921875,18.250998017849952,16.74264701038215,1.5083510074678017,HOLD,8000,101129.62823841721,8504881.8359375,8606011.464175917,0,760.6011464175917,2890.464844747183
2015-03-25,1047.30126953125,16.683105962997615,16.730738800905243,-0.047632837907627845,SELL,0,8474512.738394666,0.0,8474512.738394666,8000,747.4512738394667,2845.9951955201395
2015-03-26,1078.7017822265625,17.76946384485609,16.938483809695413,0.8309800351606782,BUY,7700,163525.41301624943,8306003.723144531,8469529.13616078,7700,746.952913616078,2934.32294058118
2015-03-27,1056.9169921875,16.680279916188965,16.886843030994125,-0.2065631148051601,SELL,0,8296903.296356093,0.0,8296903.296356093,7700,729.6903296356094,2873.0436423910633
2015-03-30,1068.9774169921875,16.5989271939186,16.829259863579022,-0.23033266966042376,HOLD,0,8296903.296356093,0.0,8296903.296356093,0,729.6903296356094,2906.9688887019397
2015-03-31,1064.5770263671875,15.99499943067076,16.66240777699737,-0.6674083463266101,HOLD,0,8296903.296356093,0.0,8296903.296356093,0,729.6903296356094,2894.5908557358725
2015-04-01,1061.208740234375,15.070862267324173,16.34409867506273,-1.2732364077385583,HOLD,0,8296903.296356093,0.0,8296903.296356093,0,729.6903296356094,2885.1160703488135
2015-04-02,1057.0799560546875,13.84571376014219,15.844421692078624,-1.9987079319364351,HOLD,0,8296903.296356093,0.0,8296903.296356093,0,729.6903296356094,2873.5020499035377
2015-04-03,1069.1947021484375,13.694472153616289,15.414431784386158,-1.7199596307698695,HOLD,0,8296903.296356093,0.0,8296903.296356093,0,729.6903296356094,2907.580098718573
2015-04-07,1090.1646728515625,15.092733832472277,15.350092194003382,-0.2573583615311055,HOLD,0,8296903.296356093,0.0,8296903.296356093,0,729.6903296356094,2966.5673593463143
2015-04-08,1110.9715576171875,17.67604950139821,15.815283655482348,1.8607658459158625,BUY,7300,181944.87032826152,8110092.370605469,8292037.24093373,7300,729.203724093373,3025.0958690851667
2015-04-09,1086.5247802734375,17.548408035084776,16.161908531402833,1.386499503681943,HOLD,7300,181944.87032826152,7931630.895996094,8113575.766324355,0,711.3575766324356,2956.328561438464
2015-04-10,1087.719970703125,17.343765005611203,16.398279826244508,0.9454851793666954,HOLD,7300,181944.87032826152,7940355.7861328125,8122300.656461074,0,712.2300656461073,2959.6905599063616
2015-04-13,1107.7120361328125,18.58059104237327,16.834742069470263,1.7458489729030084,HOLD,7300,181944.87032826152,8086297.863769531,8268242.734097793,0,726.8242734097793,3015.9270320828387
2015-04-14,1119.1204833984375,20.247945228634308,17.517382701303074,2.7305625273312337,HOLD,7300,181944.87032826152,8169579.528808594,8351524.399136855,0,735.1524399136855,3048.018304967401
2015-04-15,1117.49072265625,21.19352163754047,18.252610488550555,2.9409111489899153,HOLD,7300,181944.87032826152,8157682.275390625,8339627.1457188865,0,733.9627145718886,3043.4338864662373
2015-04-16,1229.2398681640625,30.607297991152336,20.723547989070912,9.883750002081424,HOLD,7300,181944.87032826152,8973451.037597656,9155395.907925919,0,815.5395907925918,3357.7774811387094
2015-04-17,1263.4110107421875,40.359865790201184,24.650811549296968,15.709054240904216,HOLD,7300,181944.87032826152,9222900.378417969,9404845.248746231,0,840.484524874623,3453.898840664652
2015-04-20,1271.39697265625,48.177881787840306,29.35622559700564,18.821656190834666,HOLD,7300,181944.87032826152,9281197.900390625,9463142.770718887,0,846.3142770718887,3476.3628690344112
2015-04-21,1398.5203857421875,63.89497135651732,36.26397474890798,27.63099660760934,HOLD,7300,181944.87032826152,10209198.815917969,10391143.686246231,0,939.1143686246231,3833.9533495242463
2015-04-22,1433.6151123046875,78.28036192549212,44.66725218422481,33.61310974126731,HOLD,7300,181944.87032826152,10465390.319824219,10647335.190152481,0,964.733519015248,3932.672694997295
2015-04-23,1390.968994140625,85.25691363538476,52.7851844744568,32.471729160927964,HOLD,7300,181944.87032826152,10154073.657226562,10336018.527554825,0,933.6018527554826,3812.7117411877543
2015-04-24,1404.2789306640625,90.81304551098356,60.390756681762156,30.4222888292214,HOLD,7300,181944.87032826152,10251236.193847656,10433181.064175919,0,943.3181064175919,3850.1517884706864
2015-04-27,1389.61083984375,92.96112967274144,66.90483127995802,26.056298392783418,HOLD,7300,181944.87032826152,10144159.130859375,10326104.001187637,0,932.6104001187638,3808.891335207382
2015-04-28,1346.693115234375,90.16107935003492,71.5560808939734,18.604998456061523,HOLD,7300,181944.87032826152,9830859.741210938,10012804.6115392,0,901.2804611539201,3688.1663688770486
2015-04-29,1356.9608154296875,87.75890684098727,74.79664608337617,12.96226075761109,HOLD,7300,181944.87032826152,9905813.952636719,10087758.822964981,0,908.775882296498,3717.048789174286
2015-04-30,1370.270751953125,85.9385226680647,77.02502140031389,8.913501267750817,HOLD,7300,181944.87032826152,10002976.489257812,10184921.359586075,0,918.4921359586076,3754.488836457218
2015-05-04,1385.1561279296875,84.72037676811556,78.56409247387423,6.156284294241331,HOLD,7300,181944.87032826152,10111639.733886719,10293584.604214981,0,929.3584604214981,3796.3604997371563
2015-05-05,1308.99072265625,76.72464179029566,78.19620233715852,-1.471560546862861,SELL,0,9731843.766353652,0.0,9731843.766353652,7300,873.1843766353652,3582.1118164515715
2015-05-06,1318.38916015625,70.33555507786946,76.62407288530072,-6.288517807431262,HOLD,0,9731843.766353652,0.0,9731843.766353652,0,873.1843766353652,3608.549053305862
2015-05-07,1330.612548828125,65.50340070916218,74.39993845007301,-8.89653774091083,HOLD,0,9731843.766353652,0.0,9731843.766353652,0,873.1843766353652,3642.9327071292137
2015-05-08,1380.81005859375,64.97540703168761,72.51503216639593,-7.5396251347083165,HOLD,0,9731843.766353652,0.0,9731843.766353652,0,873.1843766353652,3784.135269275247
2015-05-11,1398.57470703125,65.23839924484355,71.05970558208546,-5.821306337241907,HOLD,0,9731843.766353652,0.0,9731843.766353652,0,873.1843766353652,3834.106152028405
2015-05-12,1382.168212890625,63.392209574476055,69.52620638056358,-6.133996806087524,HOLD,0,9731843.766353652,0.0,9731843.766353652,0,873.1843766353652,3787.95567525562
2015-05-13,1392.9248046875,62.081422032206774,68.03724951089222,-5.95582747868545,HOLD,0,9731843.766353652,0.0,9731843.766353652,0,873.1843766353652,3818.2133180902824
2015-05-14,1365.8160400390625,58.184448606539945,66.06668933002177,-7.882240723481829,HOLD,0,9731843.766353652,0.0,9731843.766353652,0,873.1843766353652,3741.9580009869924
2015-05-15,1331.9163818359375,51.7639474208645,63.206140948190324,-11.442193527325827,HOLD,0,9731843.766353652,0.0,9731843.766353652,0,873.1843766353652,3646.6003106054272
2015-05-18,1310.02294921875,44.39725303617661,59.44436336578758,-15.047110329610973,HOLD,0,9731843.766353652,0.0,9731843.766353652,0,873.1843766353652,3585.015407406994
2015-05-19,1358.373291015625,41.97668210278243,55.950827113186556,-13.974145010404122,HOLD,0,9731843.766353652,0.0,9731843.766353652,0,873.1843766353652,3721.0219976588164
2015-05-20,1379.6148681640625,41.29634143344242,53.01992997723773,-11.723588543795309,HOLD,0,9731843.766353652,0.0,9731843.766353652,0,873.1843766353652,3780.77327080735
2015-05-21,1404.822265625,42.30354393801235,50.876652769392656,-8.573108831380303,HOLD,0,9731843.766353652,0.0,9731843.766353652,0,873.1843766353652,3851.6801568886835
2015-05-22,1498.6436767578125,50.094900133805595,50.720302242275245,-0.6254021084696504,HOLD,0,9731843.766353652,0.0,9731843.766353652,0,873.1843766353652,4115.594117919109
2015-05-25,1558.239501953125,60.38243990239994,52.65272977430019,7.729710128099747,BUY,6100,220879.64786244184,9505260.961914062,9726140.609776504,6100,872.6140609776504,4283.233573543019
2015-05-26,1551.2314453125,67.1953119560078,55.56124621064171,11.634065745366087,HOLD,6100,220879.64786244184,9462511.81640625,9683391.464268692,0,868.3391464268691,4263.520333624524
2015-05-27,1504.2935791015625,68.02294247740906,58.053585463995184,9.969357013413877,HOLD,6100,220879.64786244184,9176190.832519531,9397070.480381973,0,839.7070480381974,4131.486951857231
2015-05-28,1418.512451171875,61.05324174078373,58.65351671935289,2.3997250214308394,HOLD,6100,220879.64786244184,8652925.952148438,8873805.60001088,0,787.3805600010879,3890.189821700724
2015-05-29,1433.2891845703125,56.075657312354,58.13794483795312,-2.0622875255991246,SELL,0,8958697.83532582,0.0,8958697.83532582,6100,795.869783532582,3931.755879972345
2015-06-01,1474.7401123046875,54.84342833655592,57.47904153767369,-2.6356132011177706,HOLD,0,8958697.83532582,0.0,8958697.83532582,0,795.869783532582,4048.3548353139895
2015-06-02,1448.4461669921875,51.15548773700971,56.214330777540894,-5.058843040531187,HOLD,0,8958697.83532582,0.0,8958697.83532582,0,795.869783532582,3974.391555773075
2015-06-03,1427.6392822265625,46.02329859381666,54.17612434079605,-8.152825746979389,HOLD,0,8958697.83532582,0.0,8958697.83532582,0,795.869783532582,3915.8630460342224
2015-06-04,1402.7578125,39.493024060776634,51.23950428479217,-11.746480224015535,HOLD,0,8958697.83532582,0.0,8958697.83532582,0,795.869783532582,3845.8729749778386
2015-06-05,1379.017333984375,32.032821806455786,47.3981677891249,-15.365345982669112,HOLD,0,8958697.83532582,0.0,8958697.83532582,0,795.869783532582,3779.092443261608
2015-06-08,1437.6895751953125,30.503294304296787,44.01919309215928,-13.51589878786249,HOLD,0,8958697.83532582,0.0,8958697.83532582,0,795.869783532582,3944.133912938413
2015-06-09,1407.212646484375,26.526122668350354,40.520579007397494,-13.99445633904714,HOLD,0,8958697.83532582,0.0,8958697.83532582,0,795.869783532582,3858.4041538244783
2015-06-10,1418.1865234375,23.983221996352768,37.213107605188554,-13.229885608835787,HOLD,0,8958697.83532582,0.0,8958697.83532582,0,795.869783532582,3889.2730066757745
2015-06-11,1412.8082275390625,21.28856997942694,34.028200080036235,-12.739630100609297,HOLD,0,8958697.83532582,0.0,8958697.83532582,0,795.869783532582,3874.144185258443
2015-06-12,1445.0780029296875,21.50899768986892,31.524359602002775,-10.015361912133855,HOLD,0,8958697.83532582,0.0,8958697.83532582,0,795.869783532582,3964.91711376243
2015-06-15,1417.3172607421875,19.222048539903426,29.063897389582905,-9.84184884967948,HOLD,0,8958697.83532582,0.0,8958697.83532582,0,795.869783532582,3886.8278232328266
2015-06-16,1379.6148681640625,14.203626310308891,26.091843173728105,-11.888216863419213,HOLD,0,8958697.83532582,0.0,8958697.83532582,0,795.869783532582,3780.77327080735
2015-06-17,1385.80810546875,10.603996755185108,22.994273890019507,-12.390277134834399,HOLD,0,8958697.83532582,0.0,8958697.83532582,0,795.869783532582,3798.19447316347
2015-06-18,1325.397216796875,2.8438286711614182,18.96418484624789,-16.12035617508647,HOLD,0,8958697.83532582,0.0,8958697.83532582,0,795.869783532582,3628.262293224357
2015-06-19,1278.3507080078125,-7.021481254436594,13.767051626110993,-20.788532880547585,HOLD,0,8958697.83532582,0.0,8958697.83532582,0,795.869783532582,3495.9233064487485
2015-06-23,1370.37939453125,-7.329376074565971,9.547766085975601,-16.877142160541574,HOLD,0,8958697.83532582,0.0,8958697.83532582,0,795.869783532582,3754.794441465535
2015-06-24,1419.0556640625,-3.604071300669375,6.917398608646606,-10.521469909315982,HOLD,0,8958697.83532582,0.0,8958697.83532582,0,795.869783532582,3891.7178467423078
2015-06-25,1367.88037109375,-4.726672739702963,4.588584338976693,-9.315257078679656,HOLD,0,8958697.83532582,0.0,8958697.83532582,0,795.869783532582,3747.7648395214233
2015-06-26,1317.1396484375,-9.600031540701366,1.7508611630410813,-11.350892703742447,HOLD,0,8958697.83532582,0.0,8958697.83532582,0,795.869783532582,3605.034252333806
2015-06-29,1339.90234375,-11.49296053033595,-0.8979031756343248,-10.595057354701625,HOLD,0,8958697.83532582,0.0,8958697.83532582,0,795.869783532582,3669.0643389751867
2015-06-30,1399.715576171875,-8.07362469619261,-2.333047479745982,-5.740577216446628,HOLD,0,8958697.83532582,0.0,8958697.83532582,0,795.869783532582,3837.3153479921443
2015-07-01,1398.8463134765625,-5.371993648598618,-2.9408367135165094,-2.4311569350821087,HOLD,0,8958697.83532582,0.0,8958697.83532582,0,795.869783532582,3834.8701645491965
2015-07-02,1414.112060546875,-1.9763314530105163,-2.747935661415311,0.7716042084047947,BUY,6200,185942.56306996197,8767494.775390625,8953437.338460587,6200,795.3437338460586,3877.8117887346566
2015-07-03,1357.123779296875,-3.8394637760907244,-2.966241284350394,-0.8732224917403304,SELL,0,8595061.494251601,0.0,8595061.494251601,6200,759.5061494251601,3717.5071966867613
2015-07-06,1380.103759765625,-3.422267424574329,-3.057446512395181,-0.36482091217914814,HOLD,0,8595061.494251601,0.0,8595061.494251601,0,759.5061494251601,3782.148493344775
2015-07-07,1326.5380859375,-7.329449193298387,-3.9118470485758223,-3.417602144722565,HOLD,0,8595061.494251601,0.0,8595061.494251601,0,759.5061494251601,3631.4714891880963
2015-07-08,1286.7713623046875,-13.479379254109517,-5.825353489682562,-7.654025764426955,HOLD,0,8595061.494251601,0.0,8595061.494251601,0,759.5061494251601,3519.6100982281882
2015-07-09,1401.291015625,-9.008618447094705,-6.462006481164991,-2.5466119659297135,HOLD,0,8595061.494251601,0.0,8595061.494251601,0,759.5061494251601,3841.74696398915
2015-07-10,1442.8505859375,-2.0879299443386117,-5.587191173799716,3.499261229461104,BUY,5800,221506.97577503975,8368533.3984375,8590040.37421254,5800,759.004037421254,3958.6515243391104
2015-07-13,1400.2587890625,-0.03958024195890175,-4.477668987431553,4.438088745472651,HOLD,5800,221506.97577503975,8121500.9765625,8343007.95233754,0,734.300795233754,3838.8433730337274
2015-07-14,1352.9949951171875,-2.2046279381027034,-4.023060777565783,1.81843283946308,HOLD,5800,221506.97577503975,7847370.9716796875,8068877.947454727,0,706.8877947454727,3705.893176241486
2015-07-15,1365.0010986328125,-2.9180145655946035,-3.8020515351715476,0.8840369695769441,HOLD,5800,221506.97577503975,7917006.3720703125,8138513.347845352,0,713.8513347845352,3739.6656200482034
2015-07-16,1366.7938232421875,-3.3006726146982146,-3.701775751076881,0.40110313637866657,HOLD,5800,221506.97577503975,7927404.1748046875,8148911.150579727,0,714.8911150579727,3744.7084460618426
2015-07-17,1388.3837890625,-1.8405849510968437,-3.3295375910808738,1.48895263998403,HOLD,5800,221506.97577503975,8052625.9765625,8274132.95233754,0,727.4132952337541,3805.4397154954722
2015-07-20,1369.0440673828125,-2.2184361184374666,-3.1073172965521927,0.8888811781147261,HOLD,5800,221506.97577503975,7940455.5908203125,8161962.566595352,0,716.1962566595353,3751.0382468745506
2015-07-21,1348.062255859375,-4.162954777130153,-3.318444792667785,-0.844509984462368,SELL,0,8035576.803109024,0.0,8035576.803109024,5800,703.5576803109024,3692.0176787346663
2015-07-22,1320.5123291015625,-7.836711931690843,-4.222098220472397,-3.614613711218446,HOLD,0,8035576.803109024,0.0,8035576.803109024,0,703.5576803109024,3614.5213992717627
2015-07-23,1335.169189453125,-9.456496205006033,-5.268977817379124,-4.187518387626909,HOLD,0,8035576.803109024,0.0,8035576.803109024,0,703.5576803109024,3655.750261904994
2015-07-24,1333.1622314453125,-10.777890833383026,-6.370760420579905,-4.407130412803121,HOLD,0,8035576.803109024,0.0,8035576.803109024,0,703.5576803109024,3650.104810285068
2015-07-27,1225.5775146484375,-20.27260316894649,-9.151128970253222,-11.121474198693267,HOLD,0,8035576.803109024,0.0,8035576.803109024,0,703.5576803109024,3347.4755019707127
2015-07-28,1251.78955078125,-25.389464900813664,-12.39879615636531,-12.990668744448353,HOLD,0,8035576.803109024,0.0,8035576.803109024,0,703.5576803109024,3421.208375937941
2015-07-29,1263.405517578125,-28.18243369382708,-15.555523663857667,-12.626910029969412,HOLD,0,8035576.803109024,0.0,8035576.803109024,0,703.5576803109024,3453.88338872603
2015-07-30,1252.580078125,-30.91305759123702,-18.62703044933354,-12.286027141903482,HOLD,0,8035576.803109024,0.0,8035576.803109024,0,703.5576803109024,3423.432081593962
2015-07-31,1257.8712158203125,-32.27806467372716,-21.357237294212265,-10.920827379514893,HOLD,0,8035576.803109024,0.0,8035576.803109024,0,703.5576803109024,3438.3157322518123
2015-08-03,1274.47412109375,-31.655225190346982,-23.41683487343921,-8.238390316907772,HOLD,0,8035576.803109024,0.0,8035576.803109024,0,703.5576803109024,3485.018701674464
2015-08-04,1289.1309814453125,-29.63729399794056,-24.66092669833948,-4.97636729960108,HOLD,0,8035576.803109024,0.0,8035576.803109024,0,703.5576803109024,3526.247564307696
2015-08-05,1260.060546875,-30.03755586137413,-25.736252530946413,-4.301303330427718,HOLD,0,8035576.803109024,0.0,8035576.803109024,0,703.5576803109024,3444.474188234014
2015-08-06,1246.4984130859375,-31.09072262801942,-26.807146550361015,-4.283576077658406,HOLD,0,8035576.803109024,0.0,8035576.803109024,0,703.5576803109024,3406.3247252800907
2015-08-07,1258.4793701171875,-30.605797196225694,-27.56687667953395,-3.038920516691743,HOLD,0,8035576.803109024,0.0,8035576.803109024,0,703.5576803109024,3440.026433545558
2015-08-10,1291.137939453125,-27.271843851683343,-27.507870113963833,0.23602626228048962,BUY,6100,154909.80758656375,7875941.4306640625,8030851.238250626,6100,703.0851238250626,3531.893015927622
2015-08-11,1281.7113037109375,-25.100964238080223,-27.02648893878711,1.9255247007068874,HOLD,6100,154909.80758656375,7818438.952636719,7973348.7602232825,0,697.3348760223282,3505.376459121735
2015-08-12,1273.9267578125,-23.735071173872484,-26.36820538580419,2.6331342119317043,HOLD,6100,154909.80758656375,7770953.22265625,7925863.030242814,0,692.5863030242814,3483.4790018348103
2015-08-13,1274.1700439453125,-22.375034452871432,-25.569571199217638,3.1945367463462055,HOLD,6100,154909.80758656375,7772437.268066406,7927347.07565297,0,692.7347075652971,3484.163351027591
2015-08-14,1277.0284423828125,-20.826472081541624,-24.620951375682438,3.794479294140814,HOLD,6100,154909.80758656375,7789873.498535156,7944783.30612172,0,694.478330612172,3492.203853134045
2015-08-17,1254.161376953125,-21.20002561883348,-23.936766224312645,2.7367406054791665,HOLD,6100,154909.80758656375,7650384.3994140625,7805294.207000626,0,680.5294207000626,3427.880179658832
2015-08-18,1222.7799072265625,-23.75446514197779,-23.900306007845675,0.14584086586788558,HOLD,6100,154909.80758656375,7458957.434082031,7613867.241668595,0,661.3867241668595,3339.606001318351
2015-08-19,1226.1856689453125,-25.213415797737753,-24.162927965824093,-1.0504878319136601,SELL,0,7630154.54860463,0.0,7630154.54860463,6100,663.015454860463,3349.1862032644585
2015-08-20,1186.350830078125,-29.246843875869672,-25.17971114783321,-4.067132728036462,HOLD,0,7630154.54860463,0.0,7630154.54860463,0,663.015454860463,3237.133208265628
2015-08-21,1133.197021484375,-36.31382959270104,-27.406534836806777,-8.907294755894263,HOLD,0,7630154.54860463,0.0,7630154.54860463,0,663.015454860463,3087.614756129242
2015-08-24,1031.6939697265625,-49.53391849006994,-31.83201156745941,-17.701906922610526,HOLD,0,7630154.54860463,0.0,7630154.54860463,0,663.015454860463,2802.092804128758
2015-08-25,1073.9615478515625,-55.95527628299374,-36.65666451056628,-19.298611772427456,HOLD,0,7630154.54860463,0.0,7630154.54860463,0,663.015454860463,2920.988947678985
2015-08-26,1118.296875,-56.81186639058865,-40.68770488657076,-16.12416150401789,HOLD,0,7630154.54860463,0.0,7630154.54860463,0,663.015454860463,3045.7015443032296
2015-08-27,1198.51416015625,-50.436455648854235,-42.63745503902745,-7.799000609826784,HOLD,0,7630154.54860463,0.0,7630154.54860463,0,663.015454860463,3271.3479208933713
2015-08-28,1171.6331787109375,-47.0110530958525,-43.51217465039247,-3.4988784454600363,HOLD,0,7630154.54860463,0.0,7630154.54860463,0,663.015454860463,3195.733344178305
2015-08-31,1188.17529296875,-42.47199579192761,-43.3041388786995,0.832143086771886,BUY,6300,140158.90029408317,7485504.345703125,7625663.245997208,6300,662.5663245997208,3242.2653121468657
2015-09-01,1182.0936279296875,-38.91689003508054,-42.426689109975705,3.509799074895163,HOLD,6300,140158.90029408317,7447189.855957031,7587348.756251114,0,658.7348756251115,3225.1579558329945
2015-09-02,1183.55322265625,-35.57161853759612,-41.05567499549979,5.4840564579036695,HOLD,6300,140158.90029408317,7456385.302734375,7596544.203028458,0,659.6544203028458,3229.263707613267
2015-09-07,1147.67138671875,-35.40767343871107,-39.92607468414205,4.518401245430979,HOLD,6300,140158.90029408317,7230329.736328125,7370488.636622208,0,637.0488636622208,3128.330271023784
2015-09-08,1151.3812255859375,-34.57977861184668,-38.85681546968298,4.2770368578363005,HOLD,6300,140158.90029408317,7253701.721191406,7393860.621485489,0,639.386062148549,3138.7658236167645
2015-09-09,1166.82861328125,-32.30480126910061,-37.546412629566504,5.241611360465896,HOLD,6300,140158.90029408317,7351020.263671875,7491179.163965958,0,649.1179163965958,3182.218391906017
2015-09-10,1175.0389404296875,-29.499310857454248,-35.93699227514406,6.437681417689809,HOLD,6300,140158.90029408317,7402745.324707031,7542904.225001114,0,654.2904225001115,3205.3135461244124
2015-09-11,1173.21435546875,-27.110653513504758,-34.1717245228162,7.061071009311441,HOLD,6300,140158.90029408317,7391250.439453125,7531409.339747208,0,653.1409339747208,3200.181098866761
2015-09-14,1231.719970703125,-20.26313040751438,-31.390005699755836,11.126875292241454,HOLD,6300,140158.90029408317,7759835.8154296875,7899994.715723771,0,689.999471572377,3364.7538597386756
2015-09-15,1228.4967041015625,-14.92446969260368,-28.096898498325405,13.172428805721726,HOLD,6300,140158.90029408317,7739529.235839844,7879688.136133927,0,687.9688136133927,3355.6870055312575
2015-09-16,1244.0050048828125,-9.334549472529943,-24.344428693166314,15.009879220636371,HOLD,6300,140158.90029408317,7837231.530761719,7977390.431055802,0,697.7390431055801,3399.310918651016
2015-09-17,1204.1700439453125,-8.026323397999022,-21.080807634132857,13.054484236133835,HOLD,6300,140158.90029408317,7586271.276855469,7726430.177149552,0,672.6430177149551,3287.2575802757724
2015-09-18,1212.8668212890625,-6.216131860355063,-18.1078724793773,11.891740619022237,HOLD,6300,140158.90029408317,7641060.974121094,7781219.874415177,0,678.1219874415177,3311.7210895033154
2015-09-21,1212.0762939453125,-4.790113527966241,-15.444320689095088,10.654207161128847,HOLD,6300,140158.90029408317,7636080.651855469,7776239.552149552,0,677.6239552149552,3309.4973838472947
2015-09-22,1211.893798828125,-3.6328325244405733,-13.082023056164186,9.449190531723612,HOLD,6300,140158.90029408317,7634930.9326171875,7775089.832911271,0,677.5089832911272,3308.9840361086053
2015-09-23,1184.22216796875,-4.892154626990987,-11.444049370329546,6.5518947433385595,HOLD,6300,140158.90029408317,7460599.658203125,7600758.558497208,0,660.0758558497208,3231.145410361104
2015-09-24,1179.8433837890625,-6.172356668941347,-10.389710830051907,4.21735416111056,HOLD,6300,140158.90029408317,7433013.317871094,7573172.218165177,0,657.3172218165178,3218.8281550202864
2015-09-25,1176.559326171875,-7.3669998260404554,-9.785168629249617,2.418168803209161,HOLD,6300,140158.90029408317,7412323.7548828125,7552482.655176896,0,655.2482655176896,3209.590299358777
2015-09-28,1163.909423828125,-9.228128414425555,-9.673760586284805,0.4456321718592502,HOLD,6300,140158.90029408317,7332629.3701171875,7472788.270411271,0,647.2788270411271,3174.006888345472
2015-09-29,1156.5506591796875,-11.168137697344036,-9.972636008496652,-1.1955016888473846,SELL,0,7422056.291634415,0.0,7422056.291634415,6300,642.2056291634416,3153.307127990017
2015-09-30,1157.402099609375,-12.492894591879576,-10.476687725173237,-2.016206866706339,HOLD,0,7422056.291634415,0.0,7422056.291634415,0,642.2056291634416,3155.702178476544
2015-10-08,1201.2508544921875,-9.890533996184331,-10.359456979375457,0.4689229831911259,BUY,6100,90029.50110463053,7327630.212402344,7417659.713506974,6100,641.7659713506974,3279.0460767152267
2015-10-09,1197.7843017578125,-8.015468972713052,-9.890659378042976,1.8751904053299242,HOLD,6100,90029.50110463053,7306484.240722656,7396513.741827287,0,639.6513741827287,3269.2948733150283
2015-10-12,1204.7174072265625,-5.9019883161022335,-9.092925165654828,3.1909368495525943,HOLD,6100,90029.50110463053,7348776.184082031,7438805.685186662,0,643.8805685186661,3288.7972801154265
2015-10-13,1208.6705322265625,-3.8635192738447586,-8.047043987292815,4.183524713448056,HOLD,6100,90029.50110463053,7372890.246582031,7462919.747686662,0,646.2919747686663,3299.917181901187
2015-10-14,1203.13623046875,-2.663882195504584,-6.970411628935169,4.306529433430585,HOLD,6100,90029.50110463053,7339131.005859375,7429160.5069640055,0,642.9160506964006,3284.3495254269696
2015-10-15,1216.2725830078125,-0.6457238011473692,-5.7054740633776095,5.05975026223024,HOLD,6100,90029.50110463053,7419262.756347656,7509292.257452287,0,650.9292257452287,3321.301291449423
2015-10-16,1220.8338623046875,1.3066758397792455,-4.303044082746239,5.609719922525485,HOLD,6100,90029.50110463053,7447086.560058594,7537116.061163224,0,653.7116061163224,3334.1318945289304
2015-10-19,1232.87548828125,3.7820283333392126,-2.686029599529149,6.468057932868362,HOLD,6100,90029.50110463053,7520540.478515625,7610569.9796202555,0,661.0569979620255,3368.0042608720755
2015-10-20,1228.3143310546875,5.314454031492687,-1.085932873324782,6.400386904817469,HOLD,6100,90029.50110463053,7492717.419433594,7582746.920538224,0,658.2746920538225,3355.174001168982
2015-10-21,1218.21875,5.649163380025357,0.2610863773452458,5.388077002680111,HOLD,6100,90029.50110463053,7431134.375,7521163.8761046305,0,652.116387610463,3326.7757416152576
2015-10-22,1231.719970703125,6.924042573797124,1.5936776166356215,5.330364957161502,HOLD,6100,90029.50110463053,7513491.8212890625,7603521.322393693,0,660.3521322393693,3364.7538597386756
2015-10-23,1283.110107421875,11.943471166723157,3.6636363266531284,8.279834840070029,HOLD,6100,90029.50110463053,7826971.6552734375,7917001.156378068,0,691.7001156378068,3509.311209447916
2015-10-26,1324.161376953125,19.014709130434767,6.7338508874094565,12.28085824302531,HOLD,6100,90029.50110463053,8077384.3994140625,8167413.900518693,0,716.7413900518692,3624.7859504106514
2015-10-27,1309.078857421875,23.134997041044244,10.014080118136414,13.12091692290783,HOLD,6100,90029.50110463053,7985381.0302734375,8075410.531378068,0,707.5410531378068,3582.3597342223634
2015-10-28,1291.9893798828125,24.73623298451912,12.958510691412956,11.777722293106164,HOLD,6100,90029.50110463053,7881135.217285156,7971164.718389787,0,697.1164718389787,3534.288066414149
2015-10-29,1295.39501953125,25.980543134586696,15.562917180047705,10.417625954538991,HOLD,6100,90029.50110463053,7901909.619140625,7991939.1202452555,0,699.1939120245256,3543.8679249838424
2015-10-30,1300.625244140625,27.076581333426475,17.86565001072346,9.210931322703015,HOLD,6100,90029.50110463053,7933813.9892578125,8023843.490362443,0,702.3843490362443,3558.5802308111874
2015-11-02,1292.7191162109375,26.996047422645916,19.691729493107953,7.304317929537962,HOLD,6100,90029.50110463053,7885586.608886719,7975616.109991349,0,697.5616109991349,3536.3407706160788
2015-11-03,1275.3863525390625,25.242633183421503,20.801910231170663,4.440722952250841,HOLD,6100,90029.50110463053,7779856.750488281,7869886.251592912,0,686.9886251592912,3487.5847536150827
2015-11-04,1307.436767578125,26.137938518388182,21.869115888614168,4.268822629774014,HOLD,6100,90029.50110463053,7975364.2822265625,8065393.783331193,0,706.5393783331192,3577.7406347034016
2015-11-05,1317.0457763671875,27.30805093757931,22.956902898407197,4.351148039172113,HOLD,6100,90029.50110463053,8033979.235839844,8124008.736944474,0,712.4008736944475,3604.7701958715643
2015-11-06,1328.357666015625,28.815975785680394,24.128717475861837,4.6872583098185565,HOLD,6100,90029.50110463053,8102981.7626953125,8193011.263799943,0,719.3011263799942,3636.5898580127796
2015-11-09,1343.0145263671875,30.838219432201186,25.470617867129707,5.367601565071478,HOLD,6100,90029.50110463053,8192388.610839844,8282418.111944474,0,728.2418111944475,3677.818720646011
2015-11-10,1352.441162109375,32.82314799586402,26.941123892876572,5.882024102987447,HOLD,6100,90029.50110463053,8249891.0888671875,8339920.589971818,0,733.9920589971819,3704.335277451898
2015-11-11,1338.8790283203125,32.922358870308926,28.137370888363044,4.784987981945882,HOLD,6100,90029.50110463053,8167162.072753906,8257191.573858537,0,725.7191573858537,3666.1858144979747
2015-11-12,1338.027587890625,32.55698343714607,29.021293398119653,3.53569003902642,HOLD,6100,90029.50110463053,8161968.2861328125,8251997.787237443,0,725.1997787237442,3663.7907640114477
2015-11-13,1308.2274169921875,29.522479268984853,29.121530572292695,0.4009486966921578,HOLD,6100,90029.50110463053,7980187.243652344,8070216.744756974,0,707.0216744756974,3579.964683735837
2015-11-16,1300.1387939453125,26.16333394524463,28.529891246883086,-2.366557301638455,SELL,0,8016117.636185196,0.0,8016117.636185196,6100,701.6117636185196,3557.211875802039
2015-11-17,1303.6661376953125,23.514750826129102,27.52686316273229,-4.012112336603188,HOLD,0,8016117.636185196,0.0,8016117.636185196,0,701.6117636185196,3567.1340806563294
2015-11-18,1305.4906005859375,21.31721692264273,26.28493391471438,-4.967716992071651,HOLD,0,8016117.636185196,0.0,8016117.636185196,0,701.6117636185196,3572.266184537567
2015-11-19,1307.7408447265625,19.532077734004815,24.93436267857247,-5.402284944567654,HOLD,0,8016117.636185196,0.0,8016117.636185196,0,701.6117636185196,3578.5959853502745
2015-11-20,1299.77392578125,17.275338935485706,23.40255792995512,-6.127218994469413,HOLD,0,8016117.636185196,0.0,8016117.636185196,0,701.6117636185196,3556.185523701074
2015-11-23,1293.083984375,14.776698238307063,21.67738599162551,-6.900687753318447,HOLD,0,8016117.636185196,0.0,8016117.636185196,0,701.6117636185196,3537.3671227170435
2015-11-24,1287.4281005859375,12.199496726138932,19.781808138528195,-7.582311412389263,HOLD,0,8016117.636185196,0.0,8016117.636185196,0,701.6117636185196,3521.4574633346424
2015-11-25,1295.2734375,10.667134990648492,17.958873508952255,-7.291738518303763,HOLD,0,8016117.636185196,0.0,8016117.636185196,0,701.6117636185196,3543.5259220756593
2015-11-26,1294.4219970703125,9.277082713572554,16.222515349876314,-6.94543263630376,HOLD,0,8016117.636185196,0.0,8016117.636185196,0,701.6117636185196,3541.1308715891323
2015-11-27,1263.405517578125,5.608039600092752,14.099620199919602,-8.49158059982685,HOLD,0,8016117.636185196,0.0,8016117.636185196,0,701.6117636185196,3453.88338872603
2015-11-30,1303.362060546875,5.85694042208047,12.451084244351776,-6.594143822271306,HOLD,0,8016117.636185196,0.0,8016117.636185196,0,701.6117636185196,3566.278730009457
2015-12-01,1300.2603759765625,5.737774599828299,11.108422315447081,-5.370647715618782,HOLD,0,8016117.636185196,0.0,8016117.636185196,0,701.6117636185196,3557.5538787102223
2015-12-02,1347.5758056640625,9.353473550629815,10.75743256248363,-1.4039590118538143,HOLD,0,8016117.636185196,0.0,8016117.636185196,0,701.6117636185196,3690.6493237255186
2015-12-03,1339.18310546875,11.410190678263007,10.887984185639505,0.5222064926235017,BUY,5900,110196.60572621226,7901180.322265625,8011376.927991837,5900,701.1376927991837,3667.0411651448476
2015-12-04,1309.4437255859375,10.519175893839247,10.814222527279455,-0.295046633440208,SELL,0,7831279.155894669,0.0,7831279.155894669,5900,683.1279155894669,3583.3860863233285
2015-12-07,1304.578369140625,9.313091136686353,10.513996249160835,-1.2009051124744818,HOLD,0,7831279.155894669,0.0,7831279.155894669,0,683.1279155894669,3569.700132596948
2015-12-08,1288.948486328125,7.015192585364957,9.81423551640166,-2.799042931036702,HOLD,0,7831279.155894669,0.0,7831279.155894669,0,683.1279155894669,3525.734216569006
2015-12-09,1304.3350830078125,6.362320320625486,9.123852477246425,-2.761532156620939,HOLD,0,7831279.155894669,0.0,7831279.155894669,0,683.1279155894669,3569.015783404167
2015-12-10,1295.15185546875,5.045740476808987,8.308230077158937,-3.2624896003499497,HOLD,0,7831279.155894669,0.0,7831279.155894669,0,683.1279155894669,3543.1839191674753
2015-12-11,1285.7252197265625,3.204748397783078,7.287533741283766,-4.082785343500688,HOLD,0,7831279.155894669,0.0,7831279.155894669,0,683.1279155894669,3516.6673623615884
2015-12-14,1302.0849609375,3.0309049179627436,6.436207976619562,-3.405303058656818,HOLD,0,7831279.155894669,0.0,7831279.155894669,0,683.1279155894669,3562.6863259678735
2015-12-15,1304.578369140625,3.0590668925071896,5.760779759797088,-2.7017128672898982,HOLD,0,7831279.155894669,0.0,7831279.155894669,0,683.1279155894669,3569.700132596948
2015-12-16,1300.929443359375,2.755187557905174,5.1596613194187055,-2.4044737615135316,HOLD,0,7831279.155894669,0.0,7831279.155894669,0,683.1279155894669,3559.4359248344736
2015-12-17,1312.7886962890625,3.4317445800818405,4.814077971551333,-1.3823333914694924,HOLD,0,7831279.155894669,0.0,7831279.155894669,0,683.1279155894669,3592.7952868153434
2015-12-18,1318.991943359375,4.417548342893724,4.7347720458198115,-0.31722370292608737,HOLD,0,7831279.155894669,0.0,7831279.155894669,0,683.1279155894669,3610.2446460373985
2015-12-21,1380.7208251953125,10.063800573115941,5.800577751279038,4.263222821836903,BUY,5600,94603.31282826327,7732036.62109375,7826639.933922013,5600,682.6639933922014,3783.884261116731
2015-12-22,1368.5574951171875,13.40252113958627,7.320966428940484,6.0815547106457855,HOLD,5600,94603.31282826327,7663921.97265625,7758525.285484513,0,675.8525285484513,3749.6695484889883
2015-12-23,1356.2117919921875,14.880750153036615,8.832923173759712,6.047826979276904,HOLD,5600,94603.31282826327,7594786.03515625,7689389.347984513,0,668.9389347984513,3714.9418314989703
2015-12-24,1367.037109375,16.732883671000764,10.412915273207922,6.319968397792842,HOLD,5600,94603.31282826327,7655407.8125,7750011.125328263,0,675.0011125328263,3745.3927952546237
2015-12-25,1365.334228515625,17.857454949330076,11.901823208432354,5.955631740897722,HOLD,5600,94603.31282826327,7645871.6796875,7740474.992515763,0,674.0474992515764,3740.60269428157
2015-12-28,1332.6148681640625,15.92493412853105,12.706445392452094,3.218488736078955,HOLD,5600,94603.31282826327,7462643.26171875,7557246.574547013,0,655.7246574547014,3648.565110445414
2015-12-29,1336.932861328125,14.573825428701639,13.079921399702004,1.4939040289996353,HOLD,5600,94603.31282826327,7486824.0234375,7581427.336265763,0,658.1427336265764,3660.71136433214
2015-12-30,1331.03369140625,12.878591947275936,13.039655509216791,-0.16106356194085514,SELL,0,7543919.711500138,0.0,7543919.711500138,5600,654.3919711500138,3644.1173557569577
2015-12-31,1326.9588623046875,11.078595394498507,12.647443486273135,-1.568848091774628,HOLD,0,7543919.711500138,0.0,7543919.711500138,0,654.3919711500138,3632.655107686599
2016-01-04,1277.271728515625,5.578443885422985,11.233643566103105,-5.65519968068012,HOLD,0,7543919.711500138,0.0,7543919.711500138,0,654.3919711500138,3492.8882023268256
2016-01-05,1294.3004150390625,2.5640501022855915,9.499724873339602,-6.9356747710540105,HOLD,0,7543919.711500138,0.0,7543919.711500138,0,654.3919711500138,3540.7888686809483
2016-01-06,1290.4080810546875,-0.13737394994927854,7.572305108681826,-7.709679058631105,HOLD,0,7543919.711500138,0.0,7543919.711500138,0,654.3919711500138,3529.839968349279
2016-01-07,1229.8955078125,-7.079522580564799,4.641939570832502,-11.7214621513973,HOLD,0,7543919.711500138,0.0,7543919.711500138,0,654.3919711500138,3359.621755857438
2016-01-08,1244.4915771484375,-11.273490790509868,1.4588534985640282,-12.732344289073897,HOLD,0,7543919.711500138,0.0,7543919.711500138,0,654.3919711500138,3400.6796170365783
2016-01-11,1215.48193359375,-16.745050089951746,-2.181927219139127,-14.56312287081262,HOLD,0,7543919.711500138,0.0,7543919.711500138,0,654.3919711500138,3319.0772424169877
2016-01-12,1196.811279296875,-22.330454441231723,-6.211632663557646,-16.11882177767408,HOLD,0,7543919.711500138,0.0,7543919.711500138,0,654.3919711500138,3266.5578199203173
2016-01-13,1214.9954833984375,-25.001413597907685,-9.969588850427655,-15.03182474748003,HOLD,0,7543919.711500138,0.0,7543919.711500138,0,654.3919711500138,3317.7088874078395
2016-01-14,1245.6470947265625,-24.363986237528252,-12.848468327847776,-11.515517909680476,HOLD,0,7543919.711500138,0.0,7543919.711500138,0,654.3919711500138,3403.9300181699773
2016-01-15,1210.251708984375,-26.410488607120215,-15.560872383702264,-10.84961622341795,HOLD,0,7543919.711500138,0.0,7543919.711500138,0,654.3919711500138,3304.3649365896435
2016-01-18,1212.8668212890625,-27.504286477997766,-17.949555202561367,-9.5547312754364,HOLD,0,7543919.711500138,0.0,7543919.711500138,0,654.3919711500138,3311.7210895033154
2016-01-19,1278.609619140625,-22.803371745050754,-18.920318511059246,-3.8830532339915074,HOLD,0,7543919.711500138,0.0,7543919.711500138,0,654.3919711500138,3496.6516078225013
2016-01-20,1230.44287109375,-22.70281307488517,-19.67681742382443,-3.0259956510607395,HOLD,0,7543919.711500138,0.0,7543919.711500138,0,654.3919711500138,3361.161455697092
2016-01-21,1217.9146728515625,-23.364706705045364,-20.414395280068618,-2.9503114249767464,HOLD,0,7543919.711500138,0.0,7543919.711500138,0,654.3919711500138,3325.9203909683847
2016-01-22,1232.9971923828125,-22.413855920426613,-20.814287408140217,-1.599568512286396,HOLD,0,7543919.711500138,0.0,7543919.711500138,0,654.3919711500138,3368.3466071566727
2016-01-25,1233.1795654296875,-21.398910522237657,-20.931212030959706,-0.46769849127795027,HOLD,0,7543919.711500138,0.0,7543919.711500138,0,654.3919711500138,3368.8596115189484
2016-01-26,1210.3125,-22.184016520643127,-21.181772928896393,-1.0022435917467334,HOLD,0,7543919.711500138,0.0,7543919.711500138,0,654.3919711500138,3304.5359380437353
2016-01-27,1215.90771484375,-22.099976827919136,-21.36541370870094,-0.7345631192181941,HOLD,0,7543919.711500138,0.0,7543919.711500138,0,654.3919711500138,3320.2749393484582
2016-01-28,1195.8990478515625,-23.37841515547052,-21.768013998054858,-1.6104011574156623,HOLD,0,7543919.711500138,0.0,7543919.711500138,0,654.3919711500138,3263.9917679796986
2016-01-29,1220.2864990234375,-22.168182239921407,-21.84804764642817,-0.32013459349323625,HOLD,0,7543919.711500138,0.0,7543919.711500138,0,654.3919711500138,3332.5921946892763
2016-02-01,1224.1787109375,-20.656875361489938,-21.609813189440526,0.9529378279505885,BUY,6100,71949.0806993572,7467490.13671875,7539439.217418107,6100,653.9439217418108,3343.5407516445316
2016-02-02,1244.0050048828125,-17.655812331622656,-20.81901301787695,3.163200686254296,HOLD,6100,71949.0806993572,7588430.529785156,7660379.610484513,0,666.0379610484514,3399.310918651016
2016-02-03,1238.59228515625,-15.535130194311478,-19.762236453163858,4.2271062588523804,HOLD,6100,71949.0806993572,7555412.939453125,7627362.020152482,0,662.7362020152482,3384.085265084982
2016-02-04,1246.680908203125,-13.051342291603987,-18.420057620851885,5.368715329247898,HOLD,6100,71949.0806993572,7604753.5400390625,7676702.62073842,0,667.670262073842,3406.8380730187796
2016-02-05,1239.8695068359375,-11.499981026277283,-17.036042301936966,5.536061275659684,HOLD,6100,71949.0806993572,7563203.991699219,7635153.072398576,0,663.5153072398576,3387.678012502979
2016-02-15,1218.826904296875,-11.832085297000276,-15.995250900949628,4.163165603949352,HOLD,6100,71949.0806993572,7434844.1162109375,7506793.196910295,0,650.6793196910294,3328.4864429090035
2016-02-16,1240.173583984375,-10.254573336917247,-14.847115388143152,4.592542051225905,HOLD,6100,71949.0806993572,7565058.8623046875,7637007.943004045,0,663.7007943004045,3388.533363149852
2016-02-17,1230.3212890625,-9.68770773988581,-13.815233858491684,4.127526118605875,HOLD,6100,71949.0806993572,7504959.86328125,7576908.943980607,0,657.6908943980607,3360.819452788908
2016-02-18,1226.7330322265625,-9.4194237548802,-12.936071837769388,3.516648082889189,HOLD,6100,71949.0806993572,7483071.496582031,7555020.577281388,0,655.5020577281389,3350.725903104112
2016-02-19,1235.2474365234375,-8.422674150297553,-12.033392300275022,3.610718149977469,HOLD,6100,71949.0806993572,7535009.362792969,7606958.443492326,0,660.6958443492326,3374.6764079693803
2016-02-22,1263.7703857421875,-5.270425101903129,-10.680798860600644,5.410373758697515,HOLD,6100,71949.0806993572,7708999.353027344,7780948.433726701,0,678.0948433726701,3454.9097408269945
2016-02-23,1291.806884765625,-0.5041226478508634,-8.64546361805069,8.141340970199826,HOLD,6100,71949.0806993572,7880021.9970703125,7951971.07776967,0,695.197107776967,3533.7747186754596
2016-02-24,1324.22216796875,5.821739446574384,-5.752023005125674,11.573762451700059,HOLD,6100,71949.0806993572,8077755.224609375,8149704.305308732,0,714.9704305308733,3624.956951864743
2016-02-25,1291.806884765625,8.125720040571878,-2.9764743959861644,11.102194436558042,HOLD,6100,71949.0806993572,7880021.9970703125,7951971.07776967,0,695.197107776967,3533.7747186754596
2016-02-26,1318.7486572265625,11.987433465339109,0.016307176278890403,11.97112628906022,HOLD,6100,71949.0806993572,8044366.809082031,8116315.889781388,0,711.6315889781388,3609.5602968446174
2016-02-29,1307.0111083984375,13.940054806541639,2.80105670233144,11.138998104210199,HOLD,6100,71949.0806993572,7972767.761230469,8044716.841929826,0,704.4716841929826,3576.543281148345
2016-03-01,1328.357666015625,17.013884615333154,5.643622284931783,11.37026233040137,HOLD,6100,71949.0806993572,8102981.7626953125,8174930.84339467,0,717.4930843394669,3636.5898580127796
2016-03-02,1363.63134765625,22.04212035577143,8.923321899099713,13.118798456671717,HOLD,6100,71949.0806993572,8318151.220703125,8390100.301402483,0,739.0100301402483,3735.812593308516
2016-03-03,1385.464599609375,27.472112953734268,12.633080110026626,14.839032843707642,HOLD,6100,71949.0806993572,8451334.057617188,8523283.138316546,0,752.3283138316546,3797.2282119349275
2016-03-04,1452.180419921875,36.73536788642605,17.45353766530651,19.281830221119538,HOLD,6100,71949.0806993572,8858300.561523438,8930249.642222796,0,793.0249642222796,3984.895783648823
2016-03-07,1420.920654296875,41.080610614188345,22.178952255082876,18.90165835910547,HOLD,6100,71949.0806993572,8667615.991210938,8739565.071910296,0,773.9565071910296,3896.9639515929393
2016-03-08,1393.9788818359375,41.86764673604489,26.11669115127528,15.75095558476961,HOLD,6100,71949.0806993572,8503271.179199219,8575220.259898577,0,757.5220259898578,3821.178373423781
2016-03-09,1383.21435546875,41.14843764284001,29.123040449588228,12.02539719325178,HOLD,6100,71949.0806993572,8437607.568359375,8509556.649058733,0,750.9556649058734,3790.89841112222
2016-03-10,1386.9849853515625,40.416817658555374,31.38179589138166,9.035021767173713,HOLD,6100,71949.0806993572,8460608.410644531,8532557.49134389,0,753.2557491343889,3801.504965169291
2016-03-11,1386.9241943359375,39.378171177786044,32.98107094866254,6.397100229123502,HOLD,6100,71949.0806993572,8460237.585449219,8532186.666148577,0,753.2186666148577,3801.3339637152003
2016-03-14,1365.760009765625,36.42735170516062,33.67032709996216,2.7570246051984597,HOLD,6100,71949.0806993572,8331136.0595703125,8403085.14026967,0,740.308514026967,3741.8003912130403
2016-03-15,1410.460205078125,37.26615713808792,34.38949310758731,2.8766640305006064,HOLD,6100,71949.0806993572,8603807.250976562,8675756.33167592,0,767.5756331675921,3867.53933993825
2016-03-16,1390.329833984375,35.89281376167082,34.69015723840402,1.2026565232668034,HOLD,6100,71949.0806993572,8481011.987304688,8552961.068004046,0,755.2961068004045,3810.9138222848933
2016-03-17,1396.107421875,34.86868777128939,34.72586334498109,0.1428244263082945,HOLD,6100,71949.0806993572,8516255.2734375,8588204.354136858,0,758.8204354136858,3827.1658279518915
2016-03-18,1374.456787109375,31.94182973175225,34.169056622335326,-2.2272268905830757,SELL,0,8451104.970225725,0.0,8451104.970225725,6100,745.1104970225724,3766.263900440584
2016-03-21,1410.8250732421875,32.18587170303158,33.77241963847458,-1.5865479354430008,HOLD,0,8451104.970225725,0.0,8451104.970225725,0,745.1104970225724,3868.565692039215
2016-03-22,1426.090087890625,33.228004083219275,33.663536527423524,-0.43553244420424875,HOLD,0,8451104.970225725,0.0,8451104.970225725,0,745.1104970225724,3911.5052559661917
2016-03-23,1429.00927734375,33.89869266699793,33.71056775533841,0.1881249116595214,BUY,5800,157878.20934681967,8288253.80859375,8446132.01794057,5800,744.613201794057,3919.7167595267374
2016-03-24,1475.77734375,37.7686369668445,34.52218159763963,3.2464553692048668,HOLD,5800,157878.20934681967,8559508.59375,8717386.80309682,0,771.7386803096821,4051.272504702379
2016-03-25,1489.8868408203125,41.49577671772545,35.916900621656794,5.5788760960686545,HOLD,5800,157878.20934681967,8641343.676757812,8799221.886104632,0,779.9221886104633,4090.9616674959566
2016-03-28,1517.8624267578125,46.174684782885834,37.9684574539026,8.206227328983232,HOLD,5800,157878.20934681967,8803602.075195312,8961480.284542132,0,796.1480284542132,4169.655300513917
2016-03-29,1508.92236328125,48.60112125423575,40.09499021396923,8.506131040266517,HOLD,5800,157878.20934681967,8751749.70703125,8909627.91637807,0,790.9627916378068,4144.507442093592
2016-03-30,1512.267333984375,50.21515180777351,42.11902253273009,8.096129275043417,HOLD,5800,157878.20934681967,8771150.537109375,8929028.746456195,0,792.9028746456195,4153.916642585607
2016-03-31,1506.06396484375,50.412597560064796,43.77773753819704,6.634860021867759,HOLD,5800,157878.20934681967,8735170.99609375,8893049.20544057,0,789.3049205440569,4136.466939987138
2016-04-01,1490.5557861328125,48.75566931998969,44.773323894555574,3.9823454254341186,HOLD,5800,157878.20934681967,8645223.559570312,8803101.768917132,0,780.3101768917132,4092.843370243794
2016-04-05,1493.1708984375,47.11049895312544,45.24075890626955,1.8697400468558953,HOLD,5800,157878.20934681967,8660391.2109375,8818269.42028432,0,781.826942028432,4100.1995231574665
2016-04-06,1564.265625,50.956050226771595,46.38381717036996,4.572233056401636,HOLD,5800,157878.20934681967,9072740.625,9230618.83434682,0,823.0618834346819,4300.184693588593
2016-04-07,1545.412353515625,51.884286117891634,47.483910959874294,4.40037515801734,HOLD,5800,157878.20934681967,8963391.650390625,9121269.859737445,0,812.1269859737446,4247.151579976819
2016-04-08,1519.5653076171875,49.95838993678103,47.97880675525565,1.9795831815253848,HOLD,5800,157878.20934681967,8813478.784179688,8971356.993526507,0,797.1356993526507,4174.445401486971
2016-04-11,1482.223876953125,44.901366950609145,47.36331879432635,-2.461951843717202,SELL,0,8749618.556583147,0.0,8749618.556583147,5800,774.9618556583148,4069.4062131172154
2016-04-12,1489.5218505859375,41.00978994980892,46.092613025422864,-5.082823075613945,HOLD,0,8749618.556583147,0.0,8749618.556583147,0,774.9618556583148,4089.9349720185783
2016-04-13,1473.2230224609375,36.193294159155585,44.11274925216941,-7.919455093013823,HOLD,0,8749618.556583147,0.0,8749618.556583147,0,774.9618556583148,4044.0873532427986
2016-04-14,1476.385498046875,32.25950440798738,41.742100283333,-9.482595875345623,HOLD,0,8749618.556583147,0.0,8749618.556583147,0,774.9618556583148,4052.983205996125
2016-04-15,1489.4002685546875,29.848061031963198,39.363292433059044,-9.515231401095846,HOLD,0,8749618.556583147,0.0,8749618.556583147,0,774.9618556583148,4089.5929691103943
2016-04-18,1481.9805908203125,27.026721575846523,36.89597826161654,-9.869256685770019,HOLD,0,8749618.556583147,0.0,8749618.556583147,0,774.9618556583148,4068.7218639244343
2016-04-19,1478.9398193359375,24.265704942518823,34.369923597797,-10.104218655278174,HOLD,0,8749618.556583147,0.0,8749618.556583147,0,774.9618556583148,4060.168357455705
2016-04-20,1450.1126708984375,19.526381437717873,31.401215165781174,-11.874833728063301,HOLD,0,8749618.556583147,0.0,8749618.556583147,0,774.9618556583148,3979.0793305748048
2016-04-21,1461.850341796875,16.527051795510033,28.426382491726947,-11.899330696216914,HOLD,0,8749618.556583147,0.0,8749618.556583147,0,774.9618556583148,4012.096689647491
2016-04-22,1504.6043701171875,17.399384941320704,26.2209829816457,-8.821598040324997,HOLD,0,8749618.556583147,0.0,8749618.556583147,0,774.9618556583148,4132.361188206866
2016-04-25,1487.0892333984375,16.48733436356497,24.274253258029557,-7.786918894464588,HOLD,0,8749618.556583147,0.0,8749618.556583147,0,774.9618556583148,4083.092166843595
2016-04-26,1483.0753173828125,15.26467654369435,22.472337915162516,-7.207661371468166,HOLD,0,8749618.556583147,0.0,8749618.556583147,0,774.9618556583148,4071.801263603742
2016-04-27,1489.278564453125,14.627643242638669,20.903398980657748,-6.275755738019079,HOLD,0,8749618.556583147,0.0,8749618.556583147,0,774.9618556583148,4089.250622825797
2016-04-28,1498.7659912109375,14.718678053060103,19.666454795138222,-4.947776742078119,HOLD,0,8749618.556583147,0.0,8749618.556583147,0,774.9618556583148,4115.938181085775
2016-04-29,1527.7147216796875,16.931567835905298,19.119477403291636,-2.1879095673863382,HOLD,0,8749618.556583147,0.0,8749618.556583147,0,774.9618556583148,4197.36921087486
2016-05-03,1581.2333984375,22.741657203875548,19.84391336340842,2.897743840467129,BUY,5400,205835.00880970992,8538660.3515625,8744495.36037221,5400,774.4495360372209,4347.91401511221
2016-05-04,1558.1839599609375,25.19585569399692,20.91430182952612,4.281553864470798,HOLD,5400,205835.00880970992,8414193.383789062,8620028.392598772,0,762.0028392598773,4283.077337274723
2016-05-05,1567.6712646484375,27.588350546582205,22.249111572937338,5.339238973644868,HOLD,5400,205835.00880970992,8465424.829101562,8671259.837911272,0,767.1259837911272,4309.764552158287
2016-05-06,1533.9180908203125,26.455854293268885,23.090460117003648,3.3653941762652373,HOLD,5400,205835.00880970992,8283157.6904296875,8488992.699239397,0,748.8992699239396,4214.818913473328
2016-05-09,1525.4036865234375,24.587867948121357,23.389941683227192,1.1979262648941642,HOLD,5400,205835.00880970992,8237179.9072265625,8443014.916036272,0,744.3014916036273,4190.86840860806
2016-05-10,1533.066650390625,23.455432824398258,23.403039911461406,0.052392912936852554,HOLD,5400,205835.00880970992,8278559.912109375,8484394.920919085,0,748.4394920919085,4212.423862986801
2016-05-11,1562.19775390625,24.62474766233572,23.64738146163627,0.9773662006994499,HOLD,5400,205835.00880970992,8435867.87109375,8641702.87990346,0,764.1702879903461,4294.367897138161
2016-05-12,1556.6634521484375,24.818770854828017,23.881659340274624,0.9371115145533935,HOLD,5400,205835.00880970992,8405982.641601562,8611817.650411272,0,761.1817650411272,4278.800240663944
2016-05-13,1526.255126953125,22.26221298886594,23.557770069992888,-1.2955570811269475,SELL,0,8442667.627745256,0.0,8442667.627745256,5400,744.2667627745255,4193.263459094587
2016-05-16,1530.329833984375,20.330559233253325,22.912327902644975,-2.58176866939165,HOLD,0,8442667.627745256,0.0,8442667.627745256,0,744.2667627745255,4204.7253637885315
2016-05-17,1520.5992431640625,17.809238541813784,21.891710030478738,-4.082471488664954,HOLD,0,8442667.627745256,0.0,8442667.627745256,0,744.2667627745255,4177.353799712187
2016-05-18,1486.6026611328125,12.918912498542795,20.09715052409155,-7.178238025548755,HOLD,0,8442667.627745256,0.0,8442667.627745256,0,744.2667627745255,4081.7234684580326
2016-05-19,1494.6912841796875,9.585482679223333,17.99481695511791,-8.409334275894576,HOLD,0,8442667.627745256,0.0,8442667.627745256,0,744.2667627745255,4104.476276391831
2016-05-20,1528.07958984375,9.528039452909752,16.30146145467628,-6.7734220017665265,HOLD,0,8442667.627745256,0.0,8442667.627745256,0,744.2667627745255,4198.395562975824
2016-05-23,1545.959716796875,10.800787343621096,15.201326632465243,-4.400539288844147,HOLD,0,8442667.627745256,0.0,8442667.627745256,0,744.2667627745255,4248.691279816474
2016-05-24,1532.2152099609375,10.578440703065098,14.276749446585216,-3.6983087435201174,HOLD,0,8442667.627745256,0.0,8442667.627745256,0,744.2667627745255,4210.028812500275
2016-05-25,1531.7286376953125,10.244870582259864,13.470373673720147,-3.2255030914602827,HOLD,0,8442667.627745256,0.0,8442667.627745256,0,744.2667627745255,4208.660114114713
2016-05-26,1536.8980712890625,10.279152277628782,12.832129394501875,-2.552977116873093,HOLD,0,8442667.627745256,0.0,8442667.627745256,0,744.2667627745255,4223.201418487965
2016-05-27,1535.2559814453125,10.057876897261167,12.277278895053733,-2.2194019977925663,HOLD,0,8442667.627745256,0.0,8442667.627745256,0,744.2667627745255,4218.582318969004
2016-05-30,1557.6973876953125,11.560090965095469,12.133841309062081,-0.5737503439666121,HOLD,0,8442667.627745256,0.0,8442667.627745256,0,744.2667627745255,4281.70863888916
2016-05-31,1608.41845703125,16.651425569654748,13.037358161180615,3.614067408474133,BUY,5100,234811.73640736565,8202934.130859375,8437745.86726674,5100,743.774586726674,4424.383942474149
2016-06-01,1604.282958984375,20.120705822255104,14.454027693395513,5.666678128859591,HOLD,5100,234811.73640736565,8181843.0908203125,8416654.827227678,0,741.6654827227678,4412.751036326113
2016-06-02,1628.3055419921875,24.525838501442422,16.468389855004897,8.057448646437525,HOLD,5100,234811.73640736565,8304358.264160156,8539170.000567522,0,753.9170000567522,4480.325110934725
2016-06-03,1726.5244140625,35.53278024144129,20.281267932292177,15.25151230914911,HOLD,5100,234811.73640736565,8805274.51171875,9040086.248126116,0,804.0086248126115,4756.608863897286
2016-06-06,1678.8441162109375,39.947964052524185,24.21460715633858,15.733356896185605,HOLD,5100,234811.73640736565,8562104.992675781,8796916.729083147,0,779.6916729083147,4622.487066781025
2016-06-07,1689.7911376953125,43.82517286563029,28.136720298196924,15.68845256743337,HOLD,5100,234811.73640736565,8617934.802246094,8852746.53865346,0,785.274653865346,4653.280376821276
2016-06-08,1668.07958984375,44.631464581578484,31.43566915487324,13.195795426705246,HOLD,5100,234811.73640736565,8507205.908203125,8742017.64461049,0,774.201764461049,4592.207104479464
2016-06-13,1624.1700439453125,41.251798138282766,33.39889495155514,7.852903186727623,HOLD,5100,234811.73640736565,8283267.224121094,8518078.96052846,0,751.807896052846,4468.692204786688
2016-06-14,1658.774658203125,40.89428741110123,34.89797344346436,5.996313967636873,HOLD,5100,234811.73640736565,8459750.756835938,8694562.493243303,0,769.4562493243303,4566.032893958174
2016-06-15,1681.5201416015625,41.962609164767855,36.31090058772506,5.651708577042797,HOLD,5100,234811.73640736565,8575752.722167969,8810564.458575334,0,781.0564458575334,4630.014564525203
2016-06-16,1666.4984130859375,41.1230924900151,37.27333896818307,3.849753521832028,HOLD,5100,234811.73640736565,8499141.906738281,8733953.643145647,0,773.3953643145646,4587.759349791007
2016-06-17,1692.28466796875,42.053735456401455,38.229418265826745,3.8243171905747104,HOLD,5100,234811.73640736565,8630651.806640625,8865463.54304799,0,786.546354304799,4660.294526826765
2016-06-20,1679.2091064453125,41.26056209820899,38.83564703230319,2.4249150659058003,HOLD,5100,234811.73640736565,8563966.442871094,8798778.17927846,0,779.877817927846,4623.513762258404
2016-06-21,1665.22119140625,39.05307906974872,38.8791334397923,0.17394562995642104,HOLD,5100,234811.73640736565,8492628.076171875,8727439.81257924,0,772.743981257924,4584.1666023730095
2016-06-22,1693.37939453125,39.124758666314165,38.92825848509667,0.19650018121749468,HOLD,5100,234811.73640736565,8636234.912109375,8871046.64851674,0,787.1046648516741,4663.373926506073
2016-06-23,1681.216064453125,37.76475756147852,38.695558300373044,-0.9308007388945256,SELL,0,8803869.143961076,0.0,8803869.143961076,5100,780.3869143961076,4629.15921387833
2016-06-24,1664.97802734375,34.97352003117044,37.951150646532525,-2.977630615362088,HOLD,0,8803869.143961076,0.0,8803869.143961076,0,780.3869143961076,4583.482596556643
2016-06-27,1749.573974609375,39.13648904107936,38.188218325441895,0.948270715637463,BUY,4900,225812.92088978738,8572912.475585938,8798725.396475725,4900,779.8725396475725,4821.445885111188
2016-06-28,1752.7972412109375,42.2092012530577,38.99241491096506,3.2167863420926395,HOLD,4900,225812.92088978738,8588706.481933594,8814519.402823381,0,781.4519402823381,4830.512739318606
2016-06-29,1752.61474609375,44.12102230719029,40.01813639021011,4.102885916980178,HOLD,4900,225812.92088978738,8587812.255859375,8813625.176749162,0,781.3625176749163,4829.999391579917
2016-06-30,1775.3602294921875,46.93053864854073,41.400616841876236,5.529921806664497,HOLD,4900,225812.92088978738,8699265.124511719,8925078.045401506,0,792.5078045401506,4893.981062146946
2016-07-01,1777.969970703125,48.80509019607189,42.88151151271537,5.923578683356517,HOLD,4900,225812.92088978738,8712052.856445312,8937865.7773351,0,793.78657773351,4901.322106498409
2016-07-04,1825.996337890625,53.54873576882642,45.014956363937586,8.533779404888833,HOLD,4900,225812.92088978738,8947382.055664062,9173194.97655385,0,817.319497655385,5036.417375747904
2016-07-05,1867.4990234375,59.96578073960882,48.00512123907183,11.960659500536984,HOLD,4900,225812.92088978738,9150745.21484375,9376558.135733537,0,837.6558135733537,5153.161922689015
2016-07-06,1970.6966552734375,72.54229907411855,52.91255680608118,19.62974226803737,HOLD,4900,225812.92088978738,9656413.610839844,9882226.531729631,0,888.2226531729631,5443.450626066411
2016-07-07,1968.95703125,81.4302303363338,58.61609151213171,22.814138824202097,HOLD,4900,225812.92088978738,9647889.453125,9873702.374014787,0,887.3702374014787,5438.557168792793
2016-07-08,1925.4661865234375,83.99637427770176,63.692148065245725,20.304226212456037,HOLD,4900,225812.92088978738,9434784.313964844,9660597.234854631,0,866.0597234854631,5316.220050199486
2016-07-11,1957.9600830078125,87.6417679766414,68.48207204752487,19.159695929116538,HOLD,4900,225812.92088978738,9594004.406738281,9819817.327628069,0,881.9817327628069,5407.623417799281
2016-07-12,2017.5426025390625,94.25210057543563,73.63607775310703,20.616022822328603,HOLD,4900,225812.92088978738,9885958.752441406,10111771.673331194,0,911.1771673331194,5575.225445394083
2016-07-13,1970.6966552734375,94.62003943278387,77.8328700890424,16.787169343741468,HOLD,4900,225812.92088978738,9656413.610839844,9882226.531729631,0,888.2226531729631,5443.450626066411
2016-07-14,1970.075439453125,93.78046389167525,81.02238884956898,12.75807504210627,HOLD,4900,225812.92088978738,9653369.653320312,9879182.5742101,0,887.91825742101,5441.7031834963855
2016-07-15,1972.7469482421875,92.26706536381835,83.27132415241886,8.99574121139949,HOLD,4900,225812.92088978738,9666460.046386719,9892272.967276506,0,889.2272967276506,5449.217976313251
2016-07-18,1964.6080322265625,89.38061948047516,84.49318321803013,4.887436262445036,HOLD,4900,225812.92088978738,9626579.357910156,9852392.278799944,0,885.2392278799944,5426.323697296952
2016-07-19,1914.2828369140625,82.08603097736614,84.01175276989733,-1.925721792531192,SELL,0,9600170.830228167,0.0,9600170.830228167,4900,860.0170830228168,5284.761963422042
2016-07-20,1917.07861328125,75.65846908567619,82.3410960330531,-6.682626947376917,HOLD,0,9600170.830228167,0.0,9600170.830228167,0,860.0170830228168,5292.626313428196
2016-07-21,1953.23828125,72.64495713857514,80.40186825415752,-7.756911115582383,HOLD,0,9600170.830228167,0.0,9600170.830228167,0,860.0170830228168,5394.341274735576
2016-07-22,1913.102294921875,66.25434964229407,77.57236453178484,-11.318014889490769,HOLD,0,9600170.830228167,0.0,9600170.830228167,0,860.0170830228168,5281.441170123806
2016-07-25,1933.853759765625,62.14781561260361,74.4874547479486,-12.339639135344996,HOLD,0,9600170.830228167,0.0,9600170.830228167,0,860.0170830228168,5339.813786970775
2016-07-26,1982.190673828125,62.078144595893264,72.00559271753754,-9.927448121644275,HOLD,0,9600170.830228167,0.0,9600170.830228167,0,860.0170830228168,5475.782605817076
2016-07-27,1950.939453125,58.82314092732781,69.3691023594956,-10.545961432167786,HOLD,0,9600170.830228167,0.0,9600170.830228167,0,860.0170830228168,5387.874810110161
2016-07-28,1963.6138916015625,56.61364151074372,66.81801018974522,-10.204368679001504,HOLD,0,9600170.830228167,0.0,9600170.830228167,0,860.0170830228168,5423.5272397826475
2016-07-29,1945.5963134765625,52.80008284093287,64.01442471998276,-11.214341879049883,HOLD,0,9600170.830228167,0.0,9600170.830228167,0,860.0170830228168,5372.844881100015
2016-08-01,1907.1378173828125,46.14262741020161,60.44006525802653,-14.297437847824916,HOLD,0,9600170.830228167,0.0,9600170.830228167,0,860.0170830228168,5264.66345516722
2016-08-02,1902.4781494140625,40.02911898793127,56.35787600400748,-16.32875701607621,HOLD,0,9600170.830228167,0.0,9600170.830228167,0,860.0170830228168,5251.556090698158
2016-08-03,1906.26806640625,35.08549045147856,52.1033988935017,-17.017908442023135,HOLD,0,9600170.830228167,0.0,9600170.830228167,0,860.0170830228168,5262.216898218617
2016-08-04,1903.037353515625,30.554721875216956,47.793663489844754,-17.238941614627798,HOLD,0,9600170.830228167,0.0,9600170.830228167,0,860.0170830228168,5253.129098049955
2016-08-05,1900.738525390625,26.47339015592115,43.52960882306004,-17.056218667138886,HOLD,0,9600170.830228167,0.0,9600170.830228167,0,860.0170830228168,5246.662633424539
2016-08-08,1914.220703125,24.049575891341192,39.63360223671627,-15.58402634537508,HOLD,0,9600170.830228167,0.0,9600170.830228167,0,860.0170830228168,5284.587184827398
2016-08-09,1961.75,25.668017732295993,36.84048533583222,-11.172467603536226,HOLD,0,9600170.830228167,0.0,9600170.830228167,0,860.0170830228168,5418.28422531974
2016-08-10,1949.69677734375,25.682004059812925,34.60878908062836,-8.926785020815437,HOLD,0,9600170.830228167,0.0,9600170.830228167,0,860.0170830228168,5384.37923821728
2016-08-11,1968.0872802734375,26.86733826453974,33.06049891741064,-6.193160652870901,HOLD,0,9600170.830228167,0.0,9600170.830228167,0,860.0170830228168,5436.11061184419
2016-08-12,1969.329833984375,27.58895950997544,31.966191035923604,-4.377231525948165,HOLD,0,9600170.830228167,0.0,9600170.830228167,0,860.0170830228168,5439.605840360657
2016-08-15,1980.5753173828125,28.737003782372085,31.3203535852133,-2.583349802841216,HOLD,0,9600170.830228167,0.0,9600170.830228167,0,860.0170830228168,5471.238705732744
2016-08-16,1923.0430908203125,24.719516078752577,30.000186083921157,-5.280670005168581,HOLD,0,9600170.830228167,0.0,9600170.830228167,0,860.0170830228168,5309.404028384782
2016-08-17,1914.593505859375,20.616166900072812,28.12338224715149,-7.507215347078677,HOLD,0,9600170.830228167,0.0,9600170.830228167,0,860.0170830228168,5285.635856395263
2016-08-18,1903.844970703125,16.308917110579387,25.76048921983707,-9.451572109257683,HOLD,0,9600170.830228167,0.0,9600170.830228167,0,860.0170830228168,5255.400876403914
2016-08-19,1904.1556396484375,12.773217309769507,23.16303483782356,-10.389817528054053,HOLD,0,9600170.830228167,0.0,9600170.830228167,0,860.0170830228168,5256.274769377133
2016-08-22,1909.37451171875,10.27383868728225,20.5851956077153,-10.311356920433049,HOLD,0,9600170.830228167,0.0,9600170.830228167,0,860.0170830228168,5270.955141197991
2016-08-23,1906.640869140625,7.980486926254571,18.064253871423155,-10.083766945168584,HOLD,0,9600170.830228167,0.0,9600170.830228167,0,860.0170830228168,5263.265569786481
2016-08-24,1896.7000732421875,5.299757675132469,15.511354632165018,-10.21159695703255,HOLD,0,9600170.830228167,0.0,9600170.830228167,0,860.0170830228168,5235.3027115255045
2016-08-25,1882.5965576171875,2.01400835245704,12.811885376223422,-10.797877023766382,HOLD,0,9600170.830228167,0.0,9600170.830228167,0,860.0170830228168,5195.630374176205
2016-08-26,1872.904296875,-1.3564201316648905,9.978224274645761,-11.334644406310652,HOLD,0,9600170.830228167,0.0,9600170.830228167,0,860.0170830228168,5168.3666302938045
2016-08-29,1910.6793212890625,-0.9682191886822693,7.788935581980155,-8.757154770662424,HOLD,0,9600170.830228167,0.0,9600170.830228167,0,860.0170830228168,5274.625491685516
2016-08-30,1900.3035888671875,-1.4807330682765496,5.935001851928814,-7.415734920205364,HOLD,0,9600170.830228167,0.0,9600170.830228167,0,860.0170830228168,5245.439183262031
2016-08-31,1927.205810546875,0.2806453431646787,4.804130550175987,-4.5234852070113085,HOLD,0,9600170.830228167,0.0,9600170.830228167,0,860.0170830228168,5321.113507473105
2016-09-01,1918.0106201171875,0.923924972060604,4.028089434552911,-3.1041644624923066,HOLD,0,9600170.830228167,0.0,9600170.830228167,0,860.0170830228168,5295.247992347857
2016-09-02,1899.8065185546875,-0.03478911822958253,3.215513723996412,-3.2503028422259947,HOLD,0,9600170.830228167,0.0,9600170.830228167,0,860.0170830228168,5244.040954504879
2016-09-05,1916.7059326171875,0.56257947263407,2.684926873723944,-2.1223474010898737,HOLD,0,9600170.830228167,0.0,9600170.830228167,0,860.0170830228168,5291.577985236746
2016-09-06,1925.652587890625,1.7378854334692733,2.4955185856730098,-0.7576331522037365,HOLD,0,9600170.830228167,0.0,9600170.830228167,0,860.0170830228168,5316.744385983418
2016-09-07,1904.9012451171875,0.9835264586531594,2.1931201602690398,-1.2095937016158804,HOLD,0,9600170.830228167,0.0,9600170.830228167,0,860.0170830228168,5258.372112512862
2016-09-08,1900.0550537109375,-0.005294576344113011,1.7534372129464093,-1.7587317892905223,HOLD,0,9600170.830228167,0.0,9600170.830228167,0,860.0170830228168,5244.740068883455
2016-09-09,1892.66162109375,-1.3697410709312408,1.1288015561708793,-2.49854262710212,HOLD,0,9600170.830228167,0.0,9600170.830228167,0,860.0170830228168,5223.94278962647
2016-09-12,1851.84228515625,-5.679385595084568,-0.2328358740802102,-5.446549721004358,HOLD,0,9600170.830228167,0.0,9600170.830228167,0,860.0170830228168,5109.1204638500285
2016-09-13,1866.567138671875,-7.816533182902958,-1.7495753358447599,-6.066957847058198,HOLD,0,9600170.830228167,0.0,9600170.830228167,0,860.0170830228168,5150.540587145768
2016-09-14,1861.223876953125,-9.828102362513846,-3.3652807411785775,-6.4628216213352685,HOLD,0,9600170.830228167,0.0,9600170.830228167,0,860.0170830228168,5135.510314759209
2016-09-19,1864.7032470703125,-11.014560344455958,-4.895136661834054,-6.119423682621904,HOLD,0,9600170.830228167,0.0,9600170.830228167,0,860.0170830228168,5145.297572682861
2016-09-20,1832.58203125,-14.380975577005984,-6.79230444486844,-7.588671132137543,HOLD,0,9600170.830228167,0.0,9600170.830228167,0,860.0170830228168,5054.942533274516
2016-09-21,1826.92822265625,-17.305610697428165,-8.894965695380385,-8.41064500204778,HOLD,0,9600170.830228167,0.0,9600170.830228167,0,860.0170830228168,5039.038711291149
2016-09-22,1845.13232421875,-17.947597511036292,-10.705492058511567,-7.242105452524726,HOLD,0,9600170.830228167,0.0,9600170.830228167,0,860.0170830228168,5090.245749134128
2016-09-23,1849.4813232421875,-17.899118910015886,-12.144217428812432,-5.754901481203454,HOLD,0,9600170.830228167,0.0,9600170.830228167,0,860.0170830228168,5102.479220629969
2016-09-26,1793.8751220703125,-22.092980852727578,-14.133970113595462,-7.9590107391321165,HOLD,0,9600170.830228167,0.0,9600170.830228167,0,860.0170830228168,4946.062336339558
2016-09-27,1809.0347900390625,-23.91768001999185,-16.09071209487474,-7.82696792511711,HOLD,0,9600170.830228167,0.0,9600170.830228167,0,860.0170830228168,4988.705566421392
2016-09-28,1791.886962890625,-26.44263931080104,-18.16109753806,-8.28154177274104,HOLD,0,9600170.830228167,0.0,9600170.830228167,0,860.0170830228168,4940.469764687363
2016-09-29,1807.8543701171875,-26.845789867455096,-19.898036003939023,-6.947753863516073,HOLD,0,9600170.830228167,0.0,9600170.830228167,0,860.0170830228168,4985.385116499569
2016-09-30,1850.910400390625,-23.421044556781908,-20.6026377145076,-2.8184068422743067,HOLD,0,9600170.830228167,0.0,9600170.830228167,0,860.0170830228168,5106.499128306782
2016-10-10,1882.285888671875,-17.96804509656181,-20.075719190918445,2.1076740943566357,BUY,5000,183094.52920277603,9411429.443359375,9594523.972562151,5000,859.452397256215,5194.756481202985
2016-10-11,1919.3153076171875,-10.537074263469094,-18.167990205428577,7.630915941959483,HOLD,5000,183094.52920277603,9596576.538085938,9779671.067288714,0,877.9671067288714,5298.917999458968
2016-10-12,1900.0550537109375,-6.1314384606789645,-15.760679856478655,9.62924139579969,HOLD,5000,183094.52920277603,9500275.268554688,9683369.797757464,0,868.3369797757463,5244.740068883455
2016-10-13,1888.06396484375,-3.566409653474693,-13.321825815877864,9.75541616240317,HOLD,5000,183094.52920277603,9440319.82421875,9623414.353421526,0,862.3414353421525,5211.009860375639
2016-10-14,1898.688232421875,-0.6686089332963547,-10.791182439361563,10.122573506065208,HOLD,5000,183094.52920277603,9493441.162109375,9676535.691312151,0,867.6535691312151,5240.8952831777
2016-10-17,1879.1173095703125,0.048154012397390034,-8.623315149009773,8.671469161407163,HOLD,5000,183094.52920277603,9395586.547851562,9578681.077054339,0,857.8681077054339,5185.843459628967
2016-10-18,1908.3804931640625,2.943556675192667,-6.309940784169285,9.253497459361952,HOLD,5000,183094.52920277603,9541902.465820312,9724996.995023089,0,872.4996995023089,5268.1590270601
2016-10-19,1903.96923828125,4.826594763082085,-4.082633674719012,8.909228437801097,HOLD,5000,183094.52920277603,9519846.19140625,9702940.720609026,0,870.2940720609026,5255.750433593202
2016-10-20,1897.942626953125,5.766150255759385,-2.1128768886233327,7.879027144382718,HOLD,5000,183094.52920277603,9489713.134765625,9672807.663968401,0,867.2807663968401,5238.797940041972
2016-10-21,1889.9278564453125,5.797203205174128,-0.5308608698638405,6.328064075037968,HOLD,5000,183094.52920277603,9449639.282226562,9632733.811429339,0,863.2733811429338,5216.252874838547
2016-10-24,1906.9515380859375,7.113481935105256,0.9980076911299788,6.115474243975277,HOLD,5000,183094.52920277603,9534757.690429688,9717852.219632464,0,871.7852219632464,5264.139462759701
2016-10-25,1944.29150390625,11.042375855217415,3.006881323947466,8.035494531269949,HOLD,5000,183094.52920277603,9721457.51953125,9904552.048734026,0,890.4552048734025,5369.17453061249
2016-10-26,1948.88916015625,14.3614946575251,5.277803990662993,9.083690666862108,HOLD,5000,183094.52920277603,9744445.80078125,9927540.329984026,0,892.7540329984026,5382.107459863321
2016-10-27,1968.70849609375,18.37930975226709,7.898105142983813,10.481204609283278,HOLD,5000,183094.52920277603,9843542.48046875,10026637.009671526,0,902.6637009671526,5437.858054414217
2016-10-28,1969.826904296875,21.40693750649075,10.5998716156852,10.807065890805548,HOLD,5000,183094.52920277603,9849134.521484375,10032229.050687151,0,903.2229050687151,5441.004069117809
2016-10-31,1975.4185791015625,23.98111635810551,13.276120564169263,10.704995793936247,HOLD,5000,183094.52920277603,9877092.895507812,10060187.424710589,0,906.0187424710589,5456.733112506531
2016-11-01,1967.528076171875,25.09519224622636,15.639934900580684,9.455257345645677,HOLD,5000,183094.52920277603,9837640.380859375,10020734.910062151,0,902.0734910062151,5434.537604492394
2016-11-02,1958.2086181640625,24.938626081068605,17.49967313667827,7.438952944390337,HOLD,5000,183094.52920277603,9791043.090820312,9974137.620023089,0,897.4137620023088,5408.322532177857
2016-11-03,1962.4334716796875,24.86878476680863,18.973495462704342,5.895289304104288,HOLD,5000,183094.52920277603,9812167.358398438,9995261.887601214,0,899.5261887601213,5420.206789860824
2016-11-04,1955.971923828125,24.015209723126418,19.98183831478876,4.033371408337658,HOLD,5000,183094.52920277603,9779859.619140625,9962954.148343401,0,896.2954148343401,5402.030846147086
2016-11-07,1959.1405029296875,23.325540888193927,20.650578829469794,2.674962058724134,HOLD,5000,183094.52920277603,9795702.514648438,9978797.043851214,0,897.8797043851214,5410.943867721104
2016-11-08,1988.1551513671875,24.833942777341463,21.48725161904413,3.3466911582973324,HOLD,5000,183094.52920277603,9940775.756835938,10123870.286038714,0,912.3870286038713,5492.560320773661
2016-11-09,1968.3358154296875,24.1517015869033,22.020141612615966,2.1315599742873346,HOLD,5000,183094.52920277603,9841679.077148438,10024773.606351214,0,902.4773606351214,5436.809726222767
2016-11-10,1982.7498779296875,24.491788812777486,22.514471052648272,1.977317760129214,HOLD,5000,183094.52920277603,9913749.389648438,10096843.918851214,0,909.6843918851214,5477.355613168871
2016-11-11,1957.5872802734375,22.471857466593292,22.505948335437278,-0.034090868843986044,SELL,0,9965158.168729143,0.0,9965158.168729143,5000,896.5158168729143,5406.5747462314175
2016-11-14,1932.1761474609375,18.60610171497774,21.725979011345373,-3.1198772963676333,HOLD,0,9965158.168729143,0.0,9965158.168729143,0,896.5158168729143,5335.094764915386
2016-11-15,1950.939453125,16.862128267796834,20.753208862635667,-3.891080594838833,HOLD,0,9965158.168729143,0.0,9965158.168729143,0,896.5158168729143,5387.874810110161
2016-11-16,1945.5963134765625,14.87737293673672,19.57804167745588,-4.700668740719159,HOLD,0,9965158.168729143,0.0,9965158.168729143,0,896.5158168729143,5372.844881100015
2016-11-17,1932.48681640625,12.107050641131991,18.083843470191102,-5.976792829059111,HOLD,0,9965158.168729143,0.0,9965158.168729143,0,896.5158168729143,5335.968657888607
2016-11-18,1926.025390625,9.28315675016097,16.323706126185076,-7.0405493760241065,HOLD,0,9965158.168729143,0.0,9965158.168729143,0,896.5158168729143,5317.793057551282
2016-11-21,1922.9188232421875,6.717095970285072,14.402384095005075,-7.685288124720003,HOLD,0,9965158.168729143,0.0,9965158.168729143,0,896.5158168729143,5309.054471195494
2016-11-22,1919.004638671875,4.317858744314208,12.385479024866903,-8.067620280552696,HOLD,0,9965158.168729143,0.0,9965158.168729143,0,896.5158168729143,5298.044106485748
2016-11-23,1944.3536376953125,4.411050483736062,10.790593316640736,-6.379542832904674,HOLD,0,9965158.168729143,0.0,9965158.168729143,0,896.5158168729143,5369.349309207134
2016-11-24,1969.081298828125,6.406372529675764,9.913749159247743,-3.5073766295719793,HOLD,0,9965158.168729143,0.0,9965158.168729143,0,896.5158168729143,5438.90672598208
2016-11-25,1968.832763671875,7.8768257722390445,9.506364481846004,-1.62953870960696,HOLD,0,9965158.168729143,0.0,9965158.168729143,0,896.5158168729143,5438.207611603504
2016-11-28,1985.0487060546875,10.23270533159689,9.651632651796183,0.5810726798007071,BUY,4900,232583.4658653736,9726738.659667969,9959322.125533342,4900,895.9322125533342,5483.822077794287
2016-11-29,2012.7586669921875,14.172349102956105,10.555775942028168,3.6165731609279366,HOLD,4900,232583.4658653736,9862517.468261719,10095100.934127092,0,909.5100934127092,5561.768523735734
2016-11-30,1982.439208984375,14.67881011860618,11.38038277734377,3.2984273412624088,HOLD,4900,232583.4658653736,9713952.124023438,9946535.589888811,0,894.6535589888811,5476.481720195652
2016-12-01,1994.492431640625,15.86984081149626,12.278274384174269,3.5915664273219914,HOLD,4900,232583.4658653736,9773012.915039062,10005596.380904436,0,900.5596380904435,5510.386707298112
2016-12-02,1999.1522216796875,16.99385277272836,13.221390061885089,3.7724627108432713,HOLD,4900,232583.4658653736,9795845.886230469,10028429.352095842,0,902.8429352095843,5523.494415143587
2016-12-05,1962.868408203125,14.786391521743099,13.534390353856692,1.252001167886407,HOLD,4900,232583.4658653736,9618055.200195312,9850638.666060686,0,885.0638666060686,5421.430240023332
2016-12-06,2028.0426025390625,18.087474231994747,14.445007129484305,3.6424671025104427,HOLD,4900,232583.4658653736,9937408.752441406,10169992.21830678,0,916.9992218306779,5604.761311006856
2016-12-07,2034.44189453125,20.978152363540403,15.751636176295525,5.2265161872448775,HOLD,4900,232583.4658653736,9968765.283203125,10201348.749068499,0,920.1348749068499,5622.762132749536
2016-12-08,2098.187255859375,28.088961462994348,18.219101233635293,9.869860229359055,HOLD,4900,232583.4658653736,10281117.553710938,10513701.019576311,0,951.3701019576312,5802.073982809075
2016-12-09,2098.497802734375,33.36477903848686,21.248236794605607,12.116542243881252,HOLD,4900,232583.4658653736,10282639.233398438,10515222.699263811,0,951.5222699263811,5802.94753240588
2016-12-12,2030.7762451171875,31.71573944824536,23.341737325333558,8.3740021229118,HOLD,4900,232583.4658653736,9950803.601074219,10183387.066939592,0,918.3387066939594,5612.450882418366
2016-12-13,2068.986083984375,33.1104022493048,25.295470310127808,7.81493193917699,HOLD,4900,232583.4658653736,10138031.811523438,10370615.277388811,0,937.0615277388812,5719.932850596171
2016-12-14,2064.388427734375,33.458995657550304,26.92817537961231,6.530820277937995,HOLD,4900,232583.4658653736,10115503.295898438,10348086.761763811,0,934.8086761763811,5706.99992134534
2016-12-15,2038.169677734375,31.259286838853086,27.794397671460466,3.46488916739262,HOLD,4900,232583.4658653736,9987031.420898438,10219614.886763811,0,921.9614886763811,5633.24816167535
2016-12-16,2035.2496337890625,28.946699081115412,28.024857953391457,0.9218411277239547,HOLD,4900,232583.4658653736,9972723.205566406,10205306.67143178,0,920.530667143178,5625.034254479909
2016-12-19,2025.1845703125,26.00205461659675,27.620297286032518,-1.618242669435766,SELL,0,10150033.817759905,0.0,10150033.817759905,4900,915.0033817759904,5596.721839029644
2016-12-20,2028.415283203125,23.65639796340156,26.827517421506325,-3.1711194581047657,HOLD,0,10150033.817759905,0.0,10150033.817759905,0,915.0033817759904,5605.809639198306
2016-12-21,2041.9595947265625,22.62950209780047,25.987914356765156,-3.3584122589646874,HOLD,0,10150033.817759905,0.0,10150033.817759905,0,915.0033817759904,5643.90896919581
2016-12-22,2020.4627685546875,19.852221458928398,24.760775777197807,-4.90855431826941,HOLD,0,10150033.817759905,0.0,10150033.817759905,0,915.0033817759904,5583.439695965939
2016-12-23,1988.341552734375,14.887677001679776,22.786156022094204,-7.8984790204144275,HOLD,0,10150033.817759905,0.0,10150033.817759905,0,915.0033817759904,5493.084656557593
2016-12-26,2015.9893798828125,13.033941179475278,20.83571305357042,-7.801771874095142,HOLD,0,10150033.817759905,0.0,10150033.817759905,0,915.0033817759904,5570.856323904396
2016-12-27,2026.42724609375,12.2656994076292,19.121710324382178,-6.856010916752979,HOLD,0,10150033.817759905,0.0,10150033.817759905,0,915.0033817759904,5600.217410922524
2016-12-28,2011.2674560546875,10.314692552979977,17.36030677010174,-7.045614217121763,HOLD,0,10150033.817759905,0.0,10150033.817759905,0,915.0033817759904,5557.573837464277
2016-12-29,2033.5721435546875,10.447870885628163,15.977819593207025,-5.529948707578862,HOLD,0,10150033.817759905,0.0,10150033.817759905,0,915.0033817759904,5620.315575800933
2016-12-30,2076.06884765625,13.823199298105465,15.546895534186714,-1.7236962360812491,HOLD,0,10150033.817759905,0.0,10150033.817759905,0,915.0033817759904,5739.856236879936
2017-01-03,2078.6162109375,16.513366500709026,15.740189727491178,0.7731767732178483,BUY,4800,166689.5905724056,9977357.8125,10144047.403072406,4800,914.4047403072407,5747.021815883927
2017-01-04,2186.41162109375,27.03192490266929,17.9985367625268,9.033388140142488,HOLD,4800,166689.5905724056,10494775.78125,10661465.371822406,0,966.1465371822405,6050.243791888569
2017-01-05,2154.29052734375,32.40253811044272,20.879337032109987,11.523201078332733,HOLD,4800,166689.5905724056,10340594.53125,10507284.121822406,0,950.7284121822405,5959.889095856638
2017-01-06,2179.2666015625,38.23341719255359,24.350153064198707,13.883264128354881,HOLD,4800,166689.5905724056,10460479.6875,10627169.278072406,0,962.7169278072406,6030.145283633747
2017-01-09,2165.287353515625,41.25090760137891,27.73030397163475,13.520603629744162,HOLD,4800,166689.5905724056,10393379.296875,10560068.887447406,0,956.0068887447405,5990.822503473735
2017-01-10,2168.331787109375,43.38780324994423,30.861803827296647,12.52599942264758,HOLD,4800,166689.5905724056,10407992.578125,10574682.168697406,0,957.4682168697406,5999.386311234879
2017-01-11,2146.275634765625,42.80809619789534,33.25106230141639,9.557033896478949,HOLD,4800,166689.5905724056,10302123.046875,10468812.637447406,0,946.8812637447405,5937.343687276799
2017-01-12,2156.216552734375,42.65907591020277,35.132665023173665,7.526410887029108,HOLD,4800,166689.5905724056,10349839.453125,10516529.043697406,0,951.6529043697406,5965.30688891419
2017-01-13,2142.672119140625,40.9757111712247,36.30127425278388,4.674436918440826,HOLD,4800,166689.5905724056,10284826.171875,10451515.762447406,0,945.1515762447406,5927.207215540273
2017-01-16,2121.548095703125,37.504768709247855,36.54197314407667,0.9627955651711844,HOLD,4800,166689.5905724056,10183430.859375,10350120.449947406,0,935.0120449947406,5867.7866138782665
2017-01-17,2169.139404296875,38.15442223843411,36.86446296294816,1.2899592754859484,HOLD,4800,166689.5905724056,10411869.140625,10578558.731197406,0,957.8558731197406,6001.658089588838
2017-01-18,2206.106689453125,41.17755903600528,37.72708217755959,3.4504768584456897,HOLD,4800,166689.5905724056,10589312.109375,10756001.699947406,0,975.6001699947407,6105.644829250176
2017-01-19,2203.8701171875,42.89843755381298,38.76135325281027,4.137084301002716,HOLD,4800,166689.5905724056,10578576.5625,10745266.153072406,0,974.5266153072405,6099.353486595819
2017-01-20,2205.547607421875,43.89165000037838,39.78741260232389,4.104237398054487,HOLD,4800,166689.5905724056,10586628.515625,10753318.106197406,0,975.3318106197405,6104.072165274794
2017-01-23,2182.12451171875,42.301109097576045,40.29015190137432,2.0109571962017228,HOLD,4800,166689.5905724056,10474197.65625,10640887.246822406,0,964.0887246822406,6038.184412234545
2017-01-24,2176.470703125,40.121878826106695,40.2564972863208,-0.1346184602141065,SELL,0,10607480.729947405,0.0,10607480.729947405,4800,960.7480729947405,6022.280590251179
2017-01-25,2159.820068359375,36.62901952868151,39.531001734792945,-2.901982206111434,HOLD,0,10607480.729947405,0.0,10607480.729947405,0,960.7480729947405,5975.4433606507155
2017-01-26,2139.876220703125,31.88406192389084,38.00161377261253,-6.117551848721689,HOLD,0,10607480.729947405,0.0,10607480.729947405,0,960.7480729947405,5919.3425221577045
2017-02-03,2154.973876953125,29.00752285262888,36.2027955886158,-7.195272735986919,HOLD,0,10607480.729947405,0.0,10607480.729947405,0,960.7480729947405,5961.811317021308
2017-02-06,2154.973876953125,26.423254089074362,34.24688728870751,-7.82363319963315,HOLD,0,10607480.729947405,0.0,10607480.729947405,0,960.7480729947405,5961.811317021308
2017-02-07,2134.657470703125,22.476740410060756,31.89285791297816,-9.416117502917405,HOLD,0,10607480.729947405,0.0,10607480.729947405,0,960.7480729947405,5904.66249371326
2017-02-08,2138.571533203125,19.440830229522362,29.402452376287002,-9.96162214676464,HOLD,0,10607480.729947405,0.0,10607480.729947405,0,960.7480729947405,5915.672515046594
2017-02-09,2159.69580078125,18.525846957788417,27.227131292587288,-8.70128433479887,HOLD,0,10607480.729947405,0.0,10607480.729947405,0,960.7480729947405,5975.093803461427
2017-02-10,2143.976806640625,16.343922104525063,25.050489454974844,-8.706567350449781,HOLD,0,10607480.729947405,0.0,10607480.729947405,0,960.7480729947405,5930.877222651383
2017-02-13,2172.991455078125,16.76274014778528,23.392939593536934,-6.6301994457516535,HOLD,0,10607480.729947405,0.0,10607480.729947405,0,960.7480729947405,6012.49367570394
2017-02-14,2175.849365234375,17.12782700157595,22.139917075144737,-5.012090073568785,HOLD,0,10607480.729947405,0.0,10607480.729947405,0,960.7480729947405,6020.532804304738
2017-02-15,2165.41162109375,16.38603424046096,20.98914050820798,-4.603106267747023,HOLD,0,10607480.729947405,0.0,10607480.729947405,0,960.7480729947405,5991.172060663023
2017-02-16,2162.677978515625,15.400053789019694,19.871323164370324,-4.47126937535063,HOLD,0,10607480.729947405,0.0,10607480.729947405,0,960.7480729947405,5983.4824892515135
2017-02-17,2178.02392578125,15.676240923307432,19.03230671615775,-3.356065792850316,HOLD,0,10607480.729947405,0.0,10607480.729947405,0,960.7480729947405,6026.649711740866
2017-02-20,2244.689453125,21.0320279998341,19.43225097289302,1.59977702694108,BUY,4600,275713.902681781,10325571.484375,10601285.387056781,4600,960.128538705678,6214.175812372259
2017-02-21,2228.84619140625,23.724626307299786,20.290726039774373,3.433900267525413,HOLD,4600,275713.902681781,10252692.48046875,10528406.383150531,0,952.8406383150531,6169.609674372928
2017-02-22,2248.417236328125,27.125068720793934,21.657594575978287,5.467474144815647,HOLD,4600,275713.902681781,10342719.287109375,10618433.189791156,0,961.8433189791157,6224.661841298074
2017-02-23,2247.236572265625,29.38593138483293,23.203261937749218,6.182669447083711,HOLD,4600,275713.902681781,10337288.232421875,10613002.135103656,0,961.3002135103657,6221.340704623424
2017-02-24,2252.95263671875,31.278362472465233,24.818282044692424,6.460080427772809,HOLD,4600,275713.902681781,10363582.12890625,10639296.031588031,0,963.9296031588032,6237.4196485778475
2017-02-27,2219.2783203125,29.718317571707303,25.7982891500954,3.920028421611903,HOLD,4600,275713.902681781,10208680.2734375,10484394.176119281,0,948.4394176119281,6142.6958310562295
2017-02-28,2203.497314453125,26.898506226813424,26.018332565439007,0.8801736613744175,HOLD,4600,275713.902681781,10136087.646484375,10411801.549166156,0,941.1801549166157,6098.304815027955
2017-03-01,2215.612548828125,25.349174083642083,25.884500869079623,-0.5353267854375403,SELL,0,10461416.536656389,0.0,10461416.536656389,4600,946.1416536656388,6132.384237348645
2017-03-02,2216.917236328125,23.950508027497563,25.497702300763212,-1.5471942732656494,HOLD,0,10461416.536656389,0.0,10461416.536656389,0,946.1416536656388,6136.054244459756
2017-03-03,2215.177734375,22.44298309234864,24.886758459080298,-2.443775366731657,HOLD,0,10461416.536656389,0.0,10461416.536656389,0,946.1416536656388,6131.16113056255
2017-03-06,2230.213134765625,22.2055184809592,24.35051046345608,-2.1449919824968795,HOLD,0,10461416.536656389,0.0,10461416.536656389,0,946.1416536656388,6173.454803455096
2017-03-07,2281.408203125,25.85035344394055,24.650479059552975,1.1998743843875737,BUY,4500,188919.8204454519,10266336.9140625,10455256.734507952,4500,945.5256734507951,6317.463437655023
2017-03-08,2281.905029296875,28.45103530678034,25.41059030899845,3.04044499778189,HOLD,4500,188919.8204454519,10268572.631835938,10457492.45228139,0,945.749245228139,6318.860979659346
2017-03-09,2298.18310546875,31.46291423517414,26.62105509423359,4.841859140940549,HOLD,4500,188919.8204454519,10341823.974609375,10530743.795054827,0,953.0743795054826,6364.650224444773
2017-03-10,2297.87255859375,33.43932373907046,27.984708823200965,5.454614915869495,HOLD,4500,188919.8204454519,10340426.513671875,10529346.334117327,0,952.9346334117326,6363.776674847968
2017-03-13,2308.4345703125,35.449271450581364,29.477621348677047,5.971650101904316,HOLD,4500,188919.8204454519,10387955.56640625,10576875.386851702,0,957.6875386851702,6393.486975678971
2017-03-14,2295.697998046875,35.60401364837526,30.702899808616692,4.901113839758565,HOLD,4500,188919.8204454519,10330640.991210938,10519560.81165639,0,951.9560811656388,6357.65976741184
2017-03-15,2327.881103515625,37.886819924514384,32.13968383179623,5.747136092718151,HOLD,4500,188919.8204454519,10475464.965820312,10664384.786265764,0,966.4384786265764,6448.188898662002
2017-03-16,2328.4404296875,39.288203340618566,33.5693877335607,5.718815607057863,HOLD,4500,188919.8204454519,10477981.93359375,10666901.754039202,0,966.6901754039202,6449.762249390212
2017-03-17,2351.490478515625,41.7771748313703,35.21094515312262,6.56622967824768,HOLD,4500,188919.8204454519,10581707.153320312,10770626.973765764,0,977.0626973765765,6514.60064410977
2017-03-20,2400.759521484375,47.181424585661716,37.60504103963044,9.576383546031273,HOLD,4500,188919.8204454519,10803417.846679688,10992337.66712514,0,999.233766712514,6653.191485252144
2017-03-21,2447.978271484375,54.6445812354832,41.012949078801,13.631632156682201,HOLD,4500,188919.8204454519,11015902.221679688,11204822.04212514,0,1020.4822042125139,6786.014976147679
2017-03-22,2450.8984375,60.10200118476132,44.830759499993064,15.271241684768256,HOLD,4500,188919.8204454519,11029042.96875,11217962.789195452,0,1021.7962789195452,6794.229226719535
2017-03-23,2421.759521484375,61.368362531983166,48.138280106391086,13.23008242559208,HOLD,4500,188919.8204454519,10897917.846679688,11086837.66712514,0,1008.6837667125141,6712.263216477691
2017-03-24,2403.306884765625,60.189166213558565,50.548457327824586,9.640708885733979,HOLD,4500,188919.8204454519,10814880.981445312,11003800.801890764,0,1000.3800801890764,6660.357064256135
2017-03-27,2353.60302734375,54.61439795078513,51.361645452416695,3.2527524983684373,HOLD,4500,188919.8204454519,10591213.623046875,10780133.443492327,0,978.0133443492326,6520.543116327667
2017-03-28,2362.549560546875,50.33799927734253,51.156916217401864,-0.8189169400593315,SELL,0,10814013.959092913,0.0,10814013.959092913,4500,981.4013959092913,6545.7091736979255
2017-03-29,2383.61181640625,48.09407201738941,50.544347377399376,-2.450275360009968,HOLD,0,10814013.959092913,0.0,10814013.959092913,0,981.4013959092913,6604.956026894529
2017-03-30,2399.08203125,47.02201996915119,49.83988189574974,-2.817861926598553,HOLD,0,10814013.959092913,0.0,10814013.959092913,0,981.4013959092913,6648.472806573169
2017-03-31,2400.448974609375,45.75527359000671,49.022960234601136,-3.267686644594427,HOLD,0,10814013.959092913,0.0,10814013.959092913,0,981.4013959092913,6652.317935655337
2017-04-05,2420.95166015625,45.87692272586946,48.39375273285481,-2.5168300069853444,HOLD,0,10814013.959092913,0.0,10814013.959092913,0,981.4013959092913,6709.990751370904
2017-04-06,2434.930908203125,46.56457163404957,48.027916513093764,-1.4633448790441932,HOLD,0,10814013.959092913,0.0,10814013.959092913,0,981.4013959092913,6749.313531530915
2017-04-07,2440.8955078125,47.048486027998024,47.832030416074616,-0.7835443880765922,HOLD,0,10814013.959092913,0.0,10814013.959092913,0,981.4013959092913,6766.091589863915
2017-04-10,2418.09375,45.072512510829256,47.28012683502555,-2.2076143241962924,HOLD,0,10814013.959092913,0.0,10814013.959092913,0,981.4013959092913,6701.951622770106
2017-04-11,2393.801025390625,41.07285707969777,46.03867288396,-4.965815804262228,HOLD,0,10814013.959092913,0.0,10814013.959092913,0,981.4013959092913,6633.617656157668
2017-04-12,2424.4931640625,39.91953289432013,44.81484488603203,-4.8953119917119,HOLD,0,10814013.959092913,0.0,10814013.959092913,0,981.4013959092913,6719.9527878891995
2017-04-13,2475.191162109375,42.60529261727288,44.372934432280196,-1.767641815007316,HOLD,0,10814013.959092913,0.0,10814013.959092913,0,981.4013959092913,6862.563193331974
2017-04-14,2456.9248046875,42.76684459884109,44.05171646559238,-1.2848718667512884,HOLD,0,10814013.959092913,0.0,10814013.959092913,0,981.4013959092913,6811.181033517937
2017-04-17,2459.037353515625,42.57456762939182,43.75628669835227,-1.1817190689604473,HOLD,0,10814013.959092913,0.0,10814013.959092913,0,981.4013959092913,6817.123505735834
2017-04-18,2514.08447265625,46.32996620153244,44.27102259898831,2.058943602544133,BUY,4200,248523.68106557056,10559154.78515625,10807678.46622182,4200,980.7678466221821,6971.967726050863
2017-04-19,2520.8564453125,49.284467560243684,45.27371159123939,4.010755969004293,HOLD,4200,248523.68106557056,10587597.0703125,10836120.75137807,0,983.612075137807,6991.016875984994
2017-04-20,2580.314697265625,55.78070989099024,47.375111251189566,8.405598639800672,HOLD,4200,248523.68106557056,10837321.728515625,11085845.409581196,0,1008.5845409581194,7158.269346390507
2017-04-21,2488.48681640625,52.90937979791033,48.48196496053372,4.42741483737661,HOLD,4200,248523.68106557056,10451644.62890625,10700168.30997182,0,970.0168309971821,6899.963065574487
2017-04-24,2476.18505859375,49.07546950292817,48.600665869012616,0.47480363391555613,HOLD,4200,248523.68106557056,10399977.24609375,10648500.92715932,0,964.8500927159321,6865.35896409345
2017-04-25,2602.557373046875,55.593411370608464,49.99921496933179,5.594196401276676,HOLD,4200,248523.68106557056,10930740.966796875,11179264.647862446,0,1017.9264647862447,7220.836649508934
2017-04-26,2596.779296875,59.60558867920463,51.92048971130636,7.68509896789827,HOLD,4200,248523.68106557056,10906473.046875,11154996.72794057,0,1015.499672794057,7204.58327033628
2017-04-27,2618.400390625,63.79452608703059,54.295296986451206,9.499229100579385,HOLD,4200,248523.68106557056,10997281.640625,11245805.32169057,0,1024.580532169057,7265.402100755439
2017-04-28,2568.945068359375,62.404300045339824,55.917097598228935,6.487202447110889,HOLD,4200,248523.68106557056,10789569.287109375,11038092.968174946,0,1003.8092968174946,7126.287267205546
2017-05-02,2560.246826171875,59.91005462398289,56.71568900337973,3.1943656206031577,HOLD,4200,248523.68106557056,10753036.669921875,11001560.350987446,0,1000.1560350987445,7101.819637461035
2017-05-03,2594.604736328125,60.01394002285997,57.37533920727578,2.6386008155841907,HOLD,4200,248523.68106557056,10897339.892578125,11145863.573643696,0,1014.5863573643696,7198.466362900153
2017-05-04,2584.601806640625,58.61345766773138,57.622962899366904,0.9904947683644778,HOLD,4200,248523.68106557056,10855327.587890625,11103851.268956196,0,1010.3851268956195,7170.328726044532
2017-05-05,2585.7822265625,56.94241857793395,57.48685403508031,-0.5444354571463634,SELL,0,11102292.861417133,0.0,11102292.861417133,4200,1010.2292861417134,7173.649175966355
2017-05-08,2519.2412109375,49.676168260253235,55.9247168801149,-6.2485486198616655,HOLD,0,11102292.861417133,0.0,11102292.861417133,0,1010.2292861417134,6986.473319277077
2017-05-09,2539.61962890625,45.042755703905186,53.74832464487296,-8.705568940967773,HOLD,0,11102292.861417133,0.0,11102292.861417133,0,1010.2292861417134,7043.796577803354
2017-05-10,2547.883056640625,41.558472230261486,51.31035416195067,-9.751881931689184,HOLD,0,11102292.861417133,0.0,11102292.861417133,0,1010.2292861417134,7067.04110076177
2017-05-11,2560.743896484375,39.38095562471153,48.92447445450284,-9.54351882979131,HOLD,0,11102292.861417133,0.0,11102292.861417133,0,1010.2292861417134,7103.21786621819
2017-05-12,2568.8828125,37.87539653471822,46.71465887054592,-8.839262335827698,HOLD,0,11102292.861417133,0.0,11102292.861417133,0,1010.2292861417134,7126.112145234488
2017-05-15,2606.657958984375,39.27760099533225,45.22724729550319,-5.94964630017094,HOLD,0,11102292.861417133,0.0,11102292.861417133,0,1010.2292861417134,7232.371350002613
2017-05-16,2672.3291015625,45.16730986962011,45.21525981032658,-0.04794994070646652,HOLD,0,11102292.861417133,0.0,11102292.861417133,0,1010.2292861417134,7417.100306366875
2017-05-17,2650.45947265625,47.52244118465069,45.6766960851914,1.845745099459286,BUY,4100,228888.89322377555,10866883.837890625,11095772.7311144,4100,1009.5772731114401,7355.58236156914
2017-05-18,2668.7255859375,50.283189101373864,46.597994688427896,3.685194412945968,HOLD,4100,228888.89322377555,10941774.90234375,11170663.795567526,0,1017.0663795567526,7406.963834630348
2017-05-19,2738.80810546875,57.46376878105548,48.771149506953414,8.692619274102064,HOLD,4100,228888.89322377555,11229113.232421875,11458002.12564565,0,1045.800212564565,7604.101727837923
2017-05-22,2744.7724609375,62.91051034776001,51.599021675114734,11.311488672645275,HOLD,4100,228888.89322377555,11253567.08984375,11482455.983067526,0,1048.2455983067525,7620.8790994180945
2017-05-23,2821.937744140625,72.61660669858702,55.802538679809196,16.814068018777824,HOLD,4100,228888.89322377555,11569944.750976562,11798833.644200338,0,1079.8833644200338,7837.940378909434
2017-05-24,2797.831298828125,77.47053718557572,60.13613838096251,17.334398804613215,HOLD,4100,228888.89322377555,11471108.325195312,11699997.218419088,0,1069.999721841909,7770.130404704514
2017-05-25,2799.571044921875,80.529402216358,64.21479114804161,16.31461106831638,HOLD,4100,228888.89322377555,11478241.284179688,11707130.177403463,0,1070.7130177403465,7775.024205354548
2017-05-26,2807.772216796875,82.66245944456205,67.9043248073457,14.758134637216344,HOLD,4100,228888.89322377555,11511866.088867188,11740754.982090963,0,1074.0754982090962,7798.093606341905
2017-05-31,2751.9794921875,78.94093411953509,70.11164666978358,8.829287449751504,HOLD,4100,228888.89322377555,11283115.91796875,11512004.811192526,0,1051.2004811192526,7641.152042891147
2017-06-01,2791.369873046875,78.26784996911283,71.74288732964943,6.524962639463396,HOLD,4100,228888.89322377555,11444616.479492188,11673505.372715963,0,1067.3505372715963,7751.95480436719
2017-06-02,2779.13037109375,75.87219300065135,72.56874846384981,3.3034445368015355,HOLD,4100,228888.89322377555,11394434.521484375,11623323.41470815,0,1062.332341470815,7717.525824857212
2017-06-05,2761.112548828125,71.69329424917805,72.39365762091546,-0.70036337173741,SELL,0,11542658.006548971,0.0,11542658.006548971,4100,1054.265800654897,7666.842779421752
2017-06-06,2788.511962890625,69.78791892182244,71.87250988109686,-2.084590959274422,HOLD,0,11542658.006548971,0.0,11542658.006548971,0,1054.265800654897,7743.915675766392
2017-06-07,2854.058837890625,72.72861011638042,72.04372992815358,0.6848801882268418,BUY,4000,119572.91377553344,11416235.3515625,11535808.265338033,4000,1053.5808265338032,7928.295074941366
2017-06-08,2884.7509765625,76.6521301188036,72.96540996628359,3.68672015252001,HOLD,4000,119572.91377553344,11539003.90625,11658576.820025533,0,1065.8576820025535,8014.630206672898
2017-06-09,2893.6357421875,79.5613407105161,74.2845961151301,5.276744595386006,HOLD,4000,119572.91377553344,11574542.96875,11694115.882525533,0,1069.4115882525534,8039.622515577755
2017-06-12,2937.996337890625,84.47269179190152,76.32221525048439,8.150476541417135,HOLD,4000,119572.91377553344,11751985.3515625,11871558.265338033,0,1087.1558265338033,8164.406191119663
2017-06-13,2938.990478515625,87.43726933524476,78.54522606743647,8.89204326780829,HOLD,4000,119572.91377553344,11755961.9140625,11875534.827838033,0,1087.5534827838032,8167.202648633967
2017-06-14,2947.3779296875,89.43259235487722,80.72269932492462,8.709893029952596,HOLD,4000,119572.91377553344,11789511.71875,11909084.632525533,0,1090.9084632525535,8190.796042028844
2017-06-15,2884.68896484375,84.97587567497521,81.57333459493475,3.4025410800404643,HOLD,4000,119572.91377553344,11538755.859375,11658328.773150533,0,1065.8328773150533,8014.455771454668
2017-06-16,2874.313232421875,79.68806628042967,81.19628093203373,-1.5082146516040638,SELL,0,11609927.49170522,0.0,11609927.49170522,4000,1060.9927491705218,7985.2694630311835
2017-06-19,2921.1591796875,78.37406820298202,80.6318383862234,-2.2577701832413766,HOLD,0,11609927.49170522,0.0,11609927.49170522,0,1060.9927491705218,8117.044282358855
2017-06-20,2897.114990234375,74.53337575626529,79.41214586023177,-4.878770103966488,HOLD,0,11609927.49170522,0.0,11609927.49170522,0,1060.9927491705218,8049.409430124992
2017-06-21,2936.940185546875,73.85184169038985,78.30008502626339,-4.448243335873542,HOLD,0,11609927.49170522,0.0,11609927.49170522,0,1060.9927491705218,8161.435298387129
2017-06-22,2937.188720703125,72.4960859909529,77.1392852192013,-4.643199228248392,HOLD,0,11609927.49170522,0.0,11609927.49170522,0,1060.9927491705218,8162.134412765706
2017-06-23,2937.064453125,70.59780492686059,75.83098916073315,-5.233184233872564,HOLD,0,11609927.49170522,0.0,11609927.49170522,0,1060.9927491705218,8161.784855576417
2017-06-26,3011.3095703125,74.22870170440228,75.51053166946699,-1.281829965064702,HOLD,0,11609927.49170522,0.0,11609927.49170522,0,1060.9927491705218,8370.6318844959
2017-06-27,3007.7060546875,75.94005033547455,75.5964354026685,0.34361493280604805,BUY,3800,173786.91408803314,11429283.0078125,11603069.921900533,3800,1060.3069921900533,8360.495412759374
2017-06-28,2953.03173828125,72.05395293612446,74.8879389093597,-2.8339859732352437,SELL,0,11388574.607193502,0.0,11388574.607193502,3800,1038.85746071935,8206.69986401221
2017-06-29,2938.803955078125,67.05318220605795,73.32098756869937,-6.267805362641411,HOLD,0,11388574.607193502,0.0,11388574.607193502,0,1038.85746071935,8166.677969473622
2017-06-30,2931.596923828125,61.79614073998255,71.016018202956,-9.219877462973457,HOLD,0,11388574.607193502,0.0,11388574.607193502,0,1038.85746071935,8146.405026000569
2017-07-03,2860.27197265625,51.28340683985971,67.06949593033676,-15.786089090477049,HOLD,0,11388574.607193502,0.0,11388574.607193502,0,1038.85746071935,7945.772247652942
2017-07-04,2807.772216796875,38.27449340978637,61.31049542622668,-23.036002016440307,HOLD,0,11388574.607193502,0.0,11388574.607193502,0,1038.85746071935,7798.093606341905
2017-07-05,2858.78076171875,31.715205919482287,55.3914375248778,-23.676231605395515,HOLD,0,11388574.607193502,0.0,11388574.607193502,0,1038.85746071935,7941.577561381484
2017-07-06,2832.996826171875,24.15789800260427,49.1447296204231,-24.98683161781883,HOLD,0,11388574.607193502,0.0,11388574.607193502,0,1038.85746071935,7869.04890849759
2017-07-07,2812.688720703125,16.341606771046372,42.584105050547755,-26.242498279501383,HOLD,0,11388574.607193502,0.0,11388574.607193502,0,1038.85746071935,7811.923434785684
2017-07-10,2866.29736328125,14.307975649749551,36.928879170388115,-22.620903520638564,HOLD,0,11388574.607193502,0.0,11388574.607193502,0,1038.85746071935,7962.721307440033
2017-07-11,2920.9150390625,16.908586649519748,32.924820666214444,-16.016234016694696,HOLD,0,11388574.607193502,0.0,11388574.607193502,0,1038.85746071935,8116.357529531176
2017-07-12,2885.218017578125,15.905786298455041,29.521013792662565,-13.615227494207524,HOLD,0,11388574.607193502,0.0,11388574.607193502,0,1038.85746071935,8015.943964832246
2017-07-13,2876.9560546875,14.27978002303007,26.472767038736066,-12.192987015705995,HOLD,0,11388574.607193502,0.0,11388574.607193502,0,1038.85746071935,7992.703562390797
2017-07-14,2878.53271484375,12.96888440633802,23.77199051225646,-10.803106105918438,HOLD,0,11388574.607193502,0.0,11388574.607193502,0,1038.85746071935,7997.138612151942
2017-07-17,2838.546875,8.604282275738115,20.73844886495279,-12.134166589214676,HOLD,0,11388574.607193502,0.0,11388574.607193502,0,1038.85746071935,7884.660860529192
2017-07-18,2854.18798828125,6.334391839433465,17.857637459848927,-11.523245620415462,HOLD,0,11388574.607193502,0.0,11388574.607193502,0,1038.85746071935,7928.658367187208
2017-07-19,2881.370849609375,6.652234232156843,15.616556814310512,-8.964322582153669,HOLD,0,11388574.607193502,0.0,11388574.607193502,0,1038.85746071935,8005.1221137736975
2017-07-20,2941.980224609375,11.660383010134865,14.825322053475382,-3.1649390433405173,HOLD,0,11388574.607193502,0.0,11388574.607193502,0,1038.85746071935,8175.612623761713
2017-07-21,2984.425537109375,18.83721529475997,15.627700701732302,3.20951459302767,BUY,3700,339574.695196433,11042374.487304688,11381949.18250112,3700,1038.194918250112,8295.008723370487
2017-07-24,3013.437255859375,26.559745614113126,17.814109684208468,8.745635929904658,HOLD,3700,339574.695196433,11149717.846679688,11489292.54187612,0,1048.929254187612,8376.616935389113
2017-07-25,3014.4462890625,32.38797861996227,20.72888347135923,11.65909514860304,HOLD,3700,339574.695196433,11153451.26953125,11493025.964727683,0,1049.3025964727683,8379.455284825906
2017-07-26,2974.523681640625,33.4004548430853,23.263197745704446,10.137257097380854,HOLD,3700,339574.695196433,11005737.622070312,11345312.317266745,0,1034.5312317266746,8267.155402185526
2017-07-27,2988.651123046875,34.9400488640581,25.59856796937518,9.34148089468292,HOLD,3700,339574.695196433,11058009.155273438,11397583.85046987,0,1039.7583850469869,8306.895041311938
2017-07-28,3052.03564453125,40.80442140500918,28.63973865650198,12.1646827485072,HOLD,3700,339574.695196433,11292531.884765625,11632106.579962058,0,1063.2106579962058,8485.191870692168
2017-07-31,3035.0068359375,43.575584147221434,31.626907754645874,11.94867639257556,HOLD,3700,339574.695196433,11229525.29296875,11569099.988165183,0,1056.9099988165183,8437.290860961632
2017-08-01,3028.826171875,44.75709076764724,34.25294435724615,10.504146410401091,HOLD,3700,339574.695196433,11206656.8359375,11546231.531133933,0,1054.6231531133933,8419.905026376138
2017-08-02,3045.22412109375,46.4808187895037,36.69851924369766,9.78229954580604,HOLD,3700,339574.695196433,11267329.248046875,11606903.943243308,0,1060.6903943243308,8466.031466799954
2017-08-03,3009.779296875,44.474114666219975,38.25363832820212,6.220476338017853,HOLD,3700,339574.695196433,11136183.3984375,11475758.093633933,0,1047.5758093633933,8366.327317772015
2017-08-04,2987.20068359375,40.593940123647826,38.721698687291266,1.8722414363565605,HOLD,3700,339574.695196433,11052642.529296875,11392217.224493308,0,1039.2217224493309,8302.815042762704
2017-08-07,3037.1513671875,41.07597824593586,39.192554599020184,1.8834236469156735,HOLD,3700,339574.695196433,11237460.05859375,11577034.753790183,0,1057.7034753790183,8443.323297799956
2017-08-08,3043.584228515625,41.498703852297695,39.65378444967569,1.8449194026220042,HOLD,3700,339574.695196433,11261261.645507812,11600836.340704245,0,1060.0836340704245,8461.418548056441
2017-08-09,3095.742431640625,45.517747766372395,40.826577113015034,4.691170653357361,HOLD,3700,339574.695196433,11454246.997070312,11793821.692266745,0,1079.3821692266745,8608.136422161557
2017-08-10,3100.66162109375,48.540264546977596,42.369314599807545,6.170949947170051,HOLD,3700,339574.695196433,11472447.998046875,11812022.693243308,0,1081.202269324331,8621.97380488644
2017-08-11,3052.91845703125,46.54659634962309,43.204770949770655,3.341825399852432,HOLD,3700,339574.695196433,11295798.291015625,11635372.986212058,0,1063.5372986212058,8487.675168917052
2017-08-14,3152.37841796875,52.3882879922985,45.041474358276226,7.346813634022276,HOLD,3700,339574.695196433,11663800.146484375,12003374.841680808,0,1100.3374841680807,8767.450029879114
2017-08-15,3128.03369140625,54.42606493251651,46.918392473124285,7.507672459392225,HOLD,3700,339574.695196433,11573724.658203125,11913299.353399558,0,1091.329935339956,8698.96978491438
2017-08-16,3131.313232421875,55.66398956860621,48.66751189222067,6.996477676385538,HOLD,3700,339574.695196433,11585858.959960938,11925433.65515737,0,1092.543365515737,8708.194935648578
2017-08-17,3107.34716796875,54.087703277901255,49.7515501693568,4.336153108544458,HOLD,3700,339574.695196433,11497184.521484375,11836759.216680808,0,1083.6759216680807,8640.779844319572
2017-08-18,3088.174072265625,50.706859338462436,49.94261200317793,0.7642473352845087,HOLD,3700,339574.695196433,11426244.067382812,11765818.762579245,0,1076.5818762579245,8586.84708450354
2017-08-21,3088.6787109375,47.520450113713196,49.458179625284984,-1.9377295115717885,SELL,0,11760829.0589269,0.0,11760829.0589269,3700,1076.08290589269,8588.26660259835
2017-08-22,3072.848388671875,43.219614328247644,48.21046656587752,-4.990852237629873,HOLD,0,11760829.0589269,0.0,11760829.0589269,0,1076.08290589269,8543.736862498885
2017-08-23,3115.672119140625,42.77362046730468,47.12309734616295,-4.349476878858269,HOLD,0,11760829.0589269,0.0,11760829.0589269,0,1076.08290589269,8664.197428990561
2017-08-24,3108.103759765625,41.33300264357695,45.965078405645755,-4.6320757620688084,HOLD,0,11760829.0589269,0.0,11760829.0589269,0,1076.08290589269,8642.908091332547
2017-08-25,3109.239013671875,39.82384366145561,44.73683145680773,-4.912987795352116,HOLD,0,11760829.0589269,0.0,11760829.0589269,0,1076.08290589269,8646.101491981248
2017-08-28,3103.24755859375,37.70967033690658,43.3313992328275,-5.621728895920917,HOLD,0,11760829.0589269,0.0,11760829.0589269,0,1076.08290589269,8629.247890837205
2017-08-29,3086.849609375,34.315428388976216,41.528205064057246,-7.212776675081031,HOLD,0,11760829.0589269,0.0,11760829.0589269,0,1076.08290589269,8583.121450413388
2017-08-30,3109.113037109375,33.04106293976156,39.83077663919811,-6.789713699436554,HOLD,0,11760829.0589269,0.0,11760829.0589269,0,1076.08290589269,8645.747127522167
2017-08-31,3097.634521484375,30.750427077103268,38.014706726779146,-7.264279649675878,HOLD,0,11760829.0589269,0.0,11760829.0589269,0,1076.08290589269,8613.458756576061
2017-09-01,3123.05126953125,30.632883985288572,36.53834217848103,-5.905458193192459,HOLD,0,11760829.0589269,0.0,11760829.0589269,0,1076.08290589269,8684.954533207128
2017-09-04,3105.644287109375,28.803107933998945,34.99129532958462,-6.188187395585672,HOLD,0,11760829.0589269,0.0,11760829.0589269,0,1076.08290589269,8635.98974334652
2017-09-05,3090.318359375,25.818701032565514,33.156776470180795,-7.338075437615281,HOLD,0,11760829.0589269,0.0,11760829.0589269,0,1076.08290589269,8592.878834589035
2017-09-06,3058.720947265625,20.665669006677035,30.658554977480044,-9.992885970803009,HOLD,0,11760829.0589269,0.0,11760829.0589269,0,1076.08290589269,8503.997223372475
2017-09-07,3035.322265625,14.526325505014483,27.432109082986933,-12.90578357797245,HOLD,0,11760829.0589269,0.0,11760829.0589269,0,1076.08290589269,8438.178145614993
2017-09-08,2991.8046875,6.0792686603494985,23.161540998459447,-17.08227233810995,HOLD,0,11760829.0589269,0.0,11760829.0589269,0,1076.08290589269,8315.765827587054
2017-09-11,3016.716796875,1.3792155423320764,18.805075907233974,-17.425860364901897,HOLD,0,11760829.0589269,0.0,11760829.0589269,0,1076.08290589269,8385.842086123312
2017-09-12,3058.279296875,0.9966472528044505,15.24339017634807,-14.24674292354362,HOLD,0,11760829.0589269,0.0,11760829.0589269,0,1076.08290589269,8502.754887507204
2017-09-13,3100.66162109375,4.066482607487615,13.00800866257598,-8.941526055088366,HOLD,0,11760829.0589269,0.0,11760829.0589269,0,1076.08290589269,8621.97380488644
2017-09-14,3094.859375,5.962425346755026,11.59889199941179,-5.636466652656765,HOLD,0,11760829.0589269,0.0,11760829.0589269,0,1076.08290589269,8605.652437183844
2017-09-15,3089.372314453125,6.942188470968631,10.66755129372316,-3.725362822754528,HOLD,0,11760829.0589269,0.0,11760829.0589269,0,1076.08290589269,8590.217667381783
2017-09-18,3146.954345703125,12.22413428371783,10.978867891722095,1.2452663919957363,BUY,3600,424995.9930089321,11329035.64453125,11754031.637540182,3600,1075.4031637540181,8752.192442306592
2017-09-19,3134.21435546875,15.206809026762585,11.824456118730193,3.3823529080323915,HOLD,3600,424995.9930089321,11283171.6796875,11708167.672696432,0,1070.8167672696432,8716.355619499875
2017-09-20,3129.484375,16.993045109683408,12.858173916920837,4.134871192762571,HOLD,3600,424995.9930089321,11266143.75,11691139.743008932,0,1069.1139743008932,8703.050470216442
2017-09-21,3145.693115234375,19.491869807480725,14.184913095032815,5.30695671244791,HOLD,3600,424995.9930089321,11324495.21484375,11749491.207852682,0,1074.9491207852682,8748.644677198808
2017-09-22,3153.009033203125,21.811114866709886,15.71015344936823,6.100961417341656,HOLD,3600,424995.9930089321,11350832.51953125,11775828.512540182,0,1077.5828512540181,8769.223912433006
2017-09-25,3199.112548828125,27.057400819192026,17.97960292333299,9.077797895859035,HOLD,3600,424995.9930089321,11516805.17578125,11941801.168790182,0,1094.1801168790182,8898.910316411708
2017-09-26,3212.04150390625,31.89076200393083,20.76183473945256,11.128927264478271,HOLD,3600,424995.9930089321,11563349.4140625,11988345.407071432,0,1098.834540707143,8935.27868590705
2017-09-27,3205.230224609375,34.770806042321055,23.56362900002626,11.207177042294795,HOLD,3600,424995.9930089321,11538828.80859375,11963824.801602682,0,1096.3824801602682,8916.118968767661
2017-09-28,3269.8759765625,41.787928381567326,27.208488876334474,14.579439505232852,HOLD,3600,424995.9930089321,11771553.515625,12196549.508633932,0,1119.6549508633932,9097.963563255676
2017-09-29,3264.704345703125,46.39690634653607,31.046172370374794,15.350733976161276,HOLD,3600,424995.9930089321,11752935.64453125,12177931.637540182,0,1117.7931637540182,9083.416078106975
2017-10-09,3328.59326171875,54.575741000147445,35.75208609632933,18.823654903818117,HOLD,3600,424995.9930089321,11982935.7421875,12407931.735196432,0,1140.7931735196432,9263.131738829188
2017-10-10,3406.10498046875,66.54498513331737,41.91066590372694,24.63431922959043,HOLD,3600,424995.9930089321,12261977.9296875,12686973.922696432,0,1168.6973922696432,9481.167520583002
2017-10-11,3440.666748046875,77.92131472954497,49.11279566889055,28.808519060654426,HOLD,3600,424995.9930089321,12386400.29296875,12811396.285977682,0,1181.1396285977683,9578.38768463323
2017-10-12,3431.521728515625,85.21688405481427,56.333613346075296,28.883270708738976,HOLD,3600,424995.9930089321,12353478.22265625,12778474.215665182,0,1177.8474215665183,9552.663297214069
2017-10-13,3507.5830078125,96.02921980564724,64.27273463798969,31.75648516765756,HOLD,3600,424995.9930089321,12627298.828125,13052294.821133932,0,1205.2294821133933,9766.619080418648
2017-10-16,3536.21630859375,105.69021090003889,72.55622989039954,33.133981009639356,HOLD,3600,424995.9930089321,12730378.7109375,13155374.703946432,0,1215.5374703946432,9847.162825554373
2017-10-17,3511.240966796875,110.06258166085036,80.0575002444897,30.005081416360653,HOLD,3600,424995.9930089321,12640467.48046875,13065463.473477682,0,1206.5463473477682,9776.908698035748
2017-10-18,3536.405517578125,114.24138238579326,86.89427667275042,27.347105713042836,HOLD,3600,424995.9930089321,12731059.86328125,13156055.856290182,0,1215.6055856290182,9847.695058995823
2017-10-19,3674.400634765625,127.22163295863083,94.95974792992651,32.26188502870433,HOLD,3600,424995.9930089321,13227842.28515625,13652838.278165182,0,1265.2838278165182,10235.866986278572
2017-10-20,3622.242431640625,131.78075742642523,102.32394982922625,29.456807597198974,HOLD,3600,424995.9930089321,13040072.75390625,13465068.746915182,0,1246.5068746915183,10089.149112173456
2017-10-23,3616.440185546875,133.38808878914006,108.53677762120901,24.851311167931044,HOLD,3600,424995.9930089321,13019184.66796875,13444180.660977682,0,1244.4180660977684,10072.827744470862
2017-10-24,3578.09423828125,130.06836584370512,112.84309526570824,17.22527057799688,HOLD,3600,424995.9930089321,12881139.2578125,13306135.250821432,0,1230.6135250821433,9964.962911591625
2017-10-25,3567.624755859375,125.15001034176248,115.3044782809191,9.845532060843382,HOLD,3600,424995.9930089321,12843449.12109375,13268445.114102682,0,1226.8445114102683,9935.512890082313
2017-10-26,3816.24267578125,139.70315550817622,120.18421372637053,19.518941781805694,HOLD,3600,424995.9930089321,13738473.6328125,14163469.625821432,0,1316.3469625821433,10634.86007786704
2017-10-27,4097.15185546875,171.9218430579799,130.53173959269242,41.390103465287496,HOLD,3600,424995.9930089321,14749746.6796875,15174742.672696432,0,1417.4742672696432,11425.040628404591
2017-10-30,3923.39697265625,181.34439287340456,140.69427024883484,40.65012262456972,HOLD,3600,424995.9930089321,14124229.1015625,14549225.094571432,0,1354.9225094571432,10936.278640946199
2017-10-31,3897.85400390625,184.622513963855,149.47991899183887,35.14259497201613,HOLD,3600,424995.9930089321,14032274.4140625,14457270.407071432,0,1345.7270407071433,10864.427813103222
2017-11-01,3929.262451171875,187.59239934122252,157.10241506171562,30.4899842795069,HOLD,3600,424995.9930089321,14145344.82421875,14570340.817227682,0,1357.0340817227682,10952.777877631162
2017-11-02,3953.92236328125,189.74859996935265,163.63165204324304,26.116947926109617,HOLD,3600,424995.9930089321,14234120.5078125,14659116.500821432,0,1365.911650082143,11022.144720496428
2017-11-03,4031.181884765625,195.43870644918434,169.9930629244313,25.445643524753024,HOLD,3600,424995.9930089321,14512254.78515625,14937250.778165182,0,1393.7250778165183,11239.471086579251
2017-11-06,4118.78466796875,204.65780156555002,176.92601065265507,27.73179091289495,HOLD,3600,424995.9930089321,14827624.8046875,15252620.797696432,0,1425.2620797696432,11485.892422959478
2017-11-07,4049.471923828125,204.0192349410513,182.34465551033432,21.67457943071699,HOLD,3600,424995.9930089321,14578098.92578125,15003094.918790182,0,1400.3094918790182,11290.919861417573
2017-11-08,4101.88232421875,205.37481456907426,186.95068732208233,18.42412724699193,HOLD,3600,424995.9930089321,14766776.3671875,15191772.360196432,0,1419.1772360196433,11438.347151193679
2017-11-09,4099.92724609375,203.94046400477237,190.34864265862035,13.591821346152017,HOLD,3600,424995.9930089321,14759738.0859375,15184734.078946432,0,1418.4734078946433,11432.847634549633
2017-11-10,4275.763671875,214.51941460498028,195.18279704789234,19.336617557087948,HOLD,3600,424995.9930089321,15392749.21875,15817745.211758932,0,1481.7745211758934,11927.464876616807
2017-11-13,4338.39111328125,225.35902177310663,201.2180419929352,24.14097978017142,HOLD,3600,424995.9930089321,15618208.0078125,16043204.000821432,0,1504.3204000821434,12103.632085478408
2017-11-14,4280.80908203125,226.68995912108994,206.31242541856616,20.377533702523777,HOLD,3600,424995.9930089321,15410912.6953125,15835908.688321432,0,1483.590868832143,11941.657310553599
2017-11-15,4339.65234375,229.84340431293094,211.01862119743913,18.82478311549181,HOLD,3600,424995.9930089321,15622748.4375,16047744.430508932,0,1504.774443050893,12107.179850586192
2017-11-16,4535.35546875,245.30639949955366,217.87617685786205,27.430222641691614,HOLD,3600,424995.9930089321,16327279.6875,16752275.680508932,0,1575.2275680508933,12657.68091725283
2017-11-17,4353.33837890625,240.1058854331659,222.32211857292282,17.783766860243077,HOLD,3600,424995.9930089321,15672018.1640625,16097014.157071432,0,1509.701415707143,12145.677840600161
2017-11-20,4283.33203125,227.7106072440938,223.39981630715704,4.310790936936769,HOLD,3600,424995.9930089321,15419995.3125,15844991.305508932,0,1484.4991305508931,11948.754214274823
2017-11-21,4271.3486328125,214.44827366226764,221.60950777817916,-7.161234115911526,SELL,0,15792624.958087057,0.0,15792624.958087057,3600,1479.2624958087056,11915.045638481079
2017-11-22,4102.76513671875,188.1654453993715,214.92069530241764,-26.75524990304615,HOLD,0,15792624.958087057,0.0,15792624.958087057,0,1479.2624958087056,11440.830449418561
2017-11-23,3996.872314453125,156.9818597089693,203.33292818372797,-46.35106847475868,HOLD,0,15792624.958087057,0.0,15792624.958087057,0,1479.2624958087056,11142.960338200013
2017-11-24,3973.599853515625,128.9048158059877,188.44730570817993,-59.542489902192216,HOLD,0,15792624.958087057,0.0,15792624.958087057,0,1479.2624958087056,11077.496311654442
2017-11-27,3918.41455078125,101.03588471451667,170.9650215094473,-69.92913679493063,HOLD,0,15792624.958087057,0.0,15792624.958087057,0,1479.2624958087056,10922.263389238948
2017-11-28,4088.322509765625,91.60375725739368,155.09276865903658,-63.4890114016429,HOLD,0,15792624.958087057,0.0,15792624.958087057,0,1479.2624958087056,11400.204212391618
2017-11-29,4024.5595703125,78.08349405390072,139.6909137380094,-61.60741968410869,HOLD,0,15792624.958087057,0.0,15792624.958087057,0,1479.2624958087056,11220.842916128488
2017-11-30,3979.654541015625,63.018687280429276,124.3564684464934,-61.33778116606412,HOLD,0,15792624.958087057,0.0,15792624.958087057,0,1479.2624958087056,11094.527781780856
2017-12-01,3925.099853515625,46.14567342907185,108.71430944300909,-62.56863601393724,HOLD,0,15792624.958087057,0.0,15792624.958087057,0,1479.2624958087056,10941.068741919253
2017-12-04,4022.478271484375,40.16827798828945,95.00510315206516,-54.836825163775714,HOLD,0,15792624.958087057,0.0,15792624.958087057,0,1479.2624958087056,11214.988348272533
2017-12-05,3992.01611328125,32.597345544256314,82.52355163050339,-49.92620608624708,HOLD,0,15792624.958087057,0.0,15792624.958087057,0,1479.2624958087056,11129.300137704671
2017-12-06,3941.876220703125,22.294460084217008,70.47773332124612,-48.18327323702911,HOLD,0,15792624.958087057,0.0,15792624.958087057,0,1479.2624958087056,10988.25964922597
2017-12-07,3889.40283203125,9.782419558119727,58.33867056862084,-48.556251010501114,HOLD,0,15792624.958087057,0.0,15792624.958087057,0,1479.2624958087056,10840.655177220324
2017-12-08,3956.19287109375,5.1960385633638,47.71014416756944,-42.51410560420564,HOLD,0,15792624.958087057,0.0,15792624.958087057,0,1479.2624958087056,11028.531521793833
2017-12-11,4105.7294921875,13.472353272235068,40.862585988502566,-27.390232716267498,HOLD,0,15792624.958087057,0.0,15792624.958087057,0,1479.2624958087056,11449.169002252227
2017-12-12,4107.810546875,19.969124392179765,36.68389366923801,-16.714769277058245,HOLD,0,15792624.958087057,0.0,15792624.958087057,0,1479.2624958087056,11455.022883355356
2017-12-13,4214.33447265625,33.32925397135659,36.01296572966173,-2.6837117583051366,HOLD,0,15792624.958087057,0.0,15792624.958087057,0,1479.2624958087056,11754.66825063345
2017-12-14,4191.2509765625,41.57535291085287,37.12544316589996,4.449909744952912,BUY,3700,275691.76763783954,15507628.61328125,15783320.38091909,3700,1478.332038091909,11689.7357707765
2017-12-15,4123.388671875,42.148661359479775,38.13008680461593,4.0185745548638465,HOLD,3700,275691.76763783954,15256538.0859375,15532229.85357534,0,1453.2229853575338,11498.843207783828
2017-12-18,4198.9453125,48.14481838351003,40.13303312039475,8.011785263115279,HOLD,3700,275691.76763783954,15536097.65625,15811789.42388784,0,1481.178942388784,11711.379472893597
2017-12-19,4207.2705078125,52.95812145138552,42.69805078659291,10.260070664792615,HOLD,3700,275691.76763783954,15566900.87890625,15842592.64654409,0,1484.259264654409,11734.797744317417
2017-12-20,4319.65966796875,65.09123353752557,47.176687336779445,17.914546200746123,HOLD,3700,275691.76763783954,15982740.771484375,16258432.539122215,0,1525.8432539122214,12050.941661527646
2017-12-21,4299.66650390625,72.26055631755025,52.19346113293361,20.067095184616647,HOLD,3700,275691.76763783954,15908766.064453125,16184457.832090965,0,1518.4457832090964,11994.702098963444
2017-12-22,4307.10888671875,77.64775933175679,57.284320772698244,20.363438559058544,HOLD,3700,275691.76763783954,15936302.880859375,16211994.648497215,0,1521.1994648497214,12015.637072162377
2017-12-25,4339.90478515625,83.59982471018884,62.54742156019637,21.05240314999247,HOLD,3700,275691.76763783954,16057647.705078125,16333339.472715965,0,1533.3339472715963,12107.88995301001
2017-12-26,4293.80126953125,83.63264591454208,66.76446643106551,16.868179483476567,HOLD,3700,275691.76763783954,15887064.697265625,16162756.464903465,0,1516.2756464903464,11978.203549031308
2017-12-27,4188.91748046875,74.33848395952464,68.27926993675734,6.059214022767293,HOLD,3700,275691.76763783954,15498994.677734375,15774686.445372215,0,1477.4686445372215,11683.171787249554
2017-12-28,4532.70654296875,93.63433944822009,73.3502838390499,20.284055609170196,HOLD,3700,275691.76763783954,16771014.208984375,17046705.976622216,0,1604.6705976622218,12650.229649072524
2017-12-29,4399.00048828125,97.01910688510998,78.08404844826191,18.935058436848067,HOLD,3700,275691.76763783954,16276301.806640625,16551993.574278465,0,1555.1993574278465,12274.122595466422
2018-01-02,4439.1123046875,101.76516237507985,82.8202712336255,18.94489114145435,HOLD,3700,275691.76763783954,16424715.52734375,16700407.29498159,0,1570.0407294981587,12386.954711548253
2018-01-03,4514.85791015625,110.36624945019776,88.32946687693996,22.036782573257796,HOLD,3700,275691.76763783954,16704974.267578125,16980666.035215966,0,1598.0666035215968,12600.022523346644
2018-01-04,4648.62744140625,126.51833156659814,95.9672398148716,30.55109175172653,HOLD,3700,275691.76763783954,17199921.533203125,17475613.300840966,0,1647.5613300840967,12976.308132687944
2018-01-05,4656.76318359375,138.3802974839591,104.44985134868911,33.93044613527,HOLD,3700,275691.76763783954,17230023.779296875,17505715.546934716,0,1650.5715546934716,12999.193483917483
2018-01-08,4743.609375,153.02477838627692,114.16483675620668,38.85994163007024,HOLD,3700,275691.76763783954,17551354.6875,17827046.45513784,0,1682.7046455137843,13243.486573284736
2018-01-09,4935.2763671875,178.0441770069101,126.94070480634737,51.103472200562734,HOLD,3700,275691.76763783954,18260522.55859375,18536214.32623159,0,1753.621432623159,13782.634242204202
2018-01-10,4955.39501953125,197.22218321281161,140.99700048764024,56.22518272517138,HOLD,3700,275691.76763783954,18334961.572265625,18610653.339903466,0,1761.0653339903467,13839.22679572183
2018-01-11,4886.64990234375,204.51619943082187,153.70084027627658,50.81535915454529,HOLD,3700,275691.76763783954,18080604.638671875,18356296.406309716,0,1735.6296406309716,13645.850934504275
2018-01-12,4972.48681640625,214.74760471851368,165.910193164724,48.83741155378968,HOLD,3700,275691.76763783954,18398201.220703125,18673892.988340966,0,1767.3892988340967,13887.304987681906
2018-01-15,4953.2509765625,218.78191389120911,176.48453731002104,42.297376581188075,HOLD,3700,275691.76763783954,18327028.61328125,18602720.38091909,0,1760.272038091909,13833.195732389162
2018-01-16,4874.85595703125,213.19572249534394,183.82677434708563,29.368948148258312,HOLD,3700,275691.76763783954,18036967.041015625,18312658.808653466,0,1731.2658808653466,13612.675278904808
2018-01-17,4717.12060546875,193.8066188839639,185.8227432544613,7.983875629502592,HOLD,3700,275691.76763783954,17453346.240234375,17729038.007872216,0,1672.9038007872216,13168.975264987335
2018-01-18,4734.8427734375,177.82083750065794,184.22236210370065,-6.401524603042702,SELL,0,17784098.678399555,0.0,17784098.678399555,3700,1678.4098678399555,13218.826652748476
2018-01-19,4731.31103515625,162.9881825083885,179.97552618463823,-16.987343676249736,HOLD,0,17784098.678399555,0.0,17784098.678399555,0,1678.4098678399555,13208.892086343287
2018-01-22,4879.27099609375,161.31281513899376,176.24298397550933,-14.930168836515577,HOLD,0,17784098.678399555,0.0,17784098.678399555,0,1678.4098678399555,13625.094517040538
2018-01-23,4880.15380859375,158.2323064861739,172.64084847764227,-14.408541991468354,HOLD,0,17784098.678399555,0.0,17784098.678399555,0,1678.4098678399555,13627.57781526542
2018-01-24,4821.37353515625,149.32656072628743,167.9779909273713,-18.651430201083883,HOLD,0,17784098.678399555,0.0,17784098.678399555,0,1678.4098678399555,13462.232457462369
2018-01-25,4851.01611328125,143.01204750869783,162.98480224363664,-19.972754734938803,HOLD,0,17784098.678399555,0.0,17784098.678399555,0,1678.4098678399555,13545.615238787712
2018-01-26,4901.849609375,140.49010610058758,158.48586301502684,-17.995756914439255,HOLD,0,17784098.678399555,0.0,17784098.678399555,0,1678.4098678399555,13688.606792049848
2018-01-29,4643.8974609375,116.33581986730314,150.0558543854821,-33.72003451817895,HOLD,0,17784098.678399555,0.0,17784098.678399555,0,1678.4098678399555,12963.00298340451
2018-01-30,4680.22509765625,98.98368834166922,139.84142117671954,-40.857732835050314,HOLD,0,17784098.678399555,0.0,17784098.678399555,0,1678.4098678399555,13065.190430657332
2018-01-31,4821.8779296875,95.5606352760251,130.98526399658064,-35.424628720555546,HOLD,0,17784098.678399555,0.0,17784098.678399555,0,1678.4098678399555,13463.65128880435
2018-02-01,4778.92822265625,88.36355854944122,122.46092290715276,-34.09736435771154,HOLD,0,17784098.678399555,0.0,17784098.678399555,0,1678.4098678399555,13342.836357853594
2018-02-02,4669.62939453125,72.99883626594146,112.5685055789105,-39.56966931296904,HOLD,0,17784098.678399555,0.0,17784098.678399555,0,1678.4098678399555,13035.38535793611
2018-02-05,4529.8056640625,48.97502308602361,99.84980908033313,-50.87478599430952,HOLD,0,17784098.678399555,0.0,17784098.678399555,0,1678.4098678399555,12642.069651974054
2018-02-06,4470.7099609375,24.880640167728416,84.8559752978122,-59.97533513008378,HOLD,0,17784098.678399555,0.0,17784098.678399555,0,1678.4098678399555,12475.837009517643
2018-02-07,4310.3251953125,-7.074491743103863,66.46988188962898,-73.54437363273284,HOLD,0,17784098.678399555,0.0,17784098.678399555,0,1678.4098678399555,12024.684353914206
2018-02-08,4421.07470703125,-23.19522388094265,48.53686073551466,-71.73208461645731,HOLD,0,17784098.678399555,0.0,17784098.678399555,0,1678.4098678399555,12336.216039133751
2018-02-09,4310.3251953125,-44.395812970705265,29.950325994270674,-74.34613896497594,HOLD,0,17784098.678399555,0.0,17784098.678399555,0,1678.4098678399555,12024.684353914206
2018-02-12,4398.9375,-53.431238089086946,13.274013177599151,-66.7052512666861,HOLD,0,17784098.678399555,0.0,17784098.678399555,0,1678.4098678399555,12273.945413236883
2018-02-13,4490.38720703125,-52.606238540151935,0.09796283404893474,-52.70420137420087,HOLD,0,17784098.678399555,0.0,17784098.678399555,0,1678.4098678399555,12531.18791392283
2018-02-14,4531.19287109375,-48.10521738953139,-9.54267321066713,-38.56254417886426,HOLD,0,17784098.678399555,0.0,17784098.678399555,0,1678.4098678399555,12645.97178154092
2018-02-22,4682.55859375,-31.955810209035917,-14.025300610340889,-17.93050959869503,HOLD,0,17784098.678399555,0.0,17784098.678399555,0,1678.4098678399555,13071.754414184277
2018-02-23,4682.748046875,-18.92385891851609,-15.005012271975929,-3.9188466465401604,HOLD,0,17784098.678399555,0.0,17784098.678399555,0,1678.4098678399555,13072.287334378558
2018-02-26,4689.244140625,-7.979777250234292,-13.599965267627603,5.6201880173933105,BUY,3700,423485.2360948697,17350203.3203125,17773688.55640737,3700,1677.368855640737,13090.56045361741
2018-02-27,4654.36669921875,-2.096662696378189,-11.29930475337772,9.202642056999531,HOLD,3700,423485.2360948697,17221156.787109375,17644642.023204245,0,1664.4642023204244,12992.452318160997
2018-02-28,4576.41357421875,-3.68197422601952,-9.775838647906081,6.093864421886561,HOLD,3700,423485.2360948697,16932730.224609375,17356215.460704245,0,1635.6215460704245,12773.174887294741
2018-03-01,4679.53125,3.3438438598141147,-7.151902146362042,10.495746006176157,HOLD,3700,423485.2360948697,17314265.625,17737750.86109487,0,1673.7750861094871,13063.238679121074
2018-03-02,4644.46484375,6.0129755497437145,-4.518926607140891,10.531902156884605,HOLD,3700,423485.2360948697,17184519.921875,17608005.15796987,0,1660.800515796987,12964.598996976034
2018-03-05,4541.66259765625,-0.16509732231770613,-3.6481607501762543,3.483063427858548,HOLD,3700,423485.2360948697,16804151.611328125,17227636.847422995,0,1622.7636847422996,12675.42248980306
2018-03-06,4529.99462890625,-5.934364489063228,-4.1054014979536495,-1.8289629911095782,SELL,0,17174408.77497182,0.0,17174408.77497182,3700,1617.4408774971819,12642.601198662678
2018-03-07,4478.15185546875,-14.52242337552616,-6.188805873468152,-8.333617502058008,HOLD,0,17174408.77497182,0.0,17174408.77497182,0,1617.4408774971819,12496.770609210922
2018-03-08,4558.3759765625,-14.68581685031404,-7.88820806883733,-6.79760878147671,HOLD,0,17174408.77497182,0.0,17174408.77497182,0,1617.4408774971819,12722.43621488024
2018-03-09,4592.685546875,-11.90952616488812,-8.692471688047489,-3.217054476840632,HOLD,0,17174408.77497182,0.0,17174408.77497182,0,1617.4408774971819,12818.946963259476
2018-03-12,4565.880859375,-11.736914218586207,-9.301360194155233,-2.4355540244309744,HOLD,0,17174408.77497182,0.0,17174408.77497182,0,1617.4408774971819,12743.54699680306
2018-03-13,4480.10693359375,-18.310287380317277,-11.103145631387642,-7.207141748929635,HOLD,0,17174408.77497182,0.0,17174408.77497182,0,1617.4408774971819,12502.270125854968
2018-03-14,4584.3603515625,-14.93518984991806,-11.869554475093727,-3.0656353748243337,HOLD,0,17174408.77497182,0.0,17174408.77497182,0,1617.4408774971819,12795.528691835656
2018-03-15,4707.91259765625,-2.264661442839497,-9.948575868642882,7.683914425803385,BUY,3600,215754.33219838515,16948485.3515625,17164239.683760885,3600,1616.4239683760886,13143.073695338635
2018-03-16,4666.16064453125,4.357558700231493,-7.087348954868007,11.4449076550995,HOLD,3600,215754.33219838515,16798178.3203125,17013932.652510885,0,1601.3932652510885,13025.627973760462
2018-03-19,4752.12353515625,16.35368759494304,-2.3991416449057983,18.752829239848836,HOLD,3600,215754.33219838515,17107644.7265625,17323399.058760885,0,1632.3399058760883,13267.436391397177
2018-03-20,4715.85888671875,22.673090841141857,2.615304852303733,20.057785988838123,HOLD,3600,215754.33219838515,16977091.9921875,17192846.324385885,0,1619.2846324385887,13165.426126373895
2018-03-21,4679.720703125,24.482989384489883,6.988841758740964,17.49414762574892,HOLD,3600,215754.33219838515,16846994.53125,17062748.863448385,0,1606.2748863448385,13063.77159931535
2018-03-22,4579.314453125,17.61237725310093,9.113548857612958,8.498828395487973,HOLD,3600,215754.33219838515,16485532.03125,16701286.363448385,0,1570.1286363448385,12781.334884393209
2018-03-23,4484.5849609375,4.471939571066287,8.185227000303625,-3.7132874292373383,SELL,0,16350573.488057759,0.0,16350573.488057759,3600,1535.0573488057757,12514.866546220235
2018-03-26,4499.91064453125,-4.651675757192606,5.617846448804379,-10.269522205996985,HOLD,0,16350573.488057759,0.0,16350573.488057759,0,1535.0573488057757,12557.976768224891
2018-03-27,4507.79443359375,-11.117890624693246,2.270699034104854,-13.3885896587981,HOLD,0,16350573.488057759,0.0,16350573.488057759,0,1535.0573488057757,12580.153390536267
2018-03-28,4301.6220703125,-32.50411198634174,-4.684263169984465,-27.819848816357275,HOLD,0,16350573.488057759,0.0,16350573.488057759,0,1535.0573488057757,12000.202989113142
2018-03-29,4346.08544921875,-45.342345083587134,-12.815879552705,-32.526465530882135,HOLD,0,16350573.488057759,0.0,16350573.488057759,0,1535.0573488057757,12125.275787595505
2018-03-30,4311.5234375,-57.64115149251302,-21.780933940666607,-35.86021755184641,HOLD,0,16350573.488057759,0.0,16350573.488057759,0,1535.0573488057757,12028.05493679245
2018-04-02,4289.0712890625,-68.41114383648619,-31.106975919830525,-37.304167916655665,HOLD,0,16350573.488057759,0.0,16350573.488057759,0,1535.0573488057757,11964.898399747877
2018-04-03,4275.51123046875,-77.15127192728778,-40.31583512132198,-36.8354368059658,HOLD,0,16350573.488057759,0.0,16350573.488057759,0,1535.0573488057757,11926.754774192987
2018-04-04,4377.05224609375,-75.0195958582326,-47.25658726870411,-27.763008589528496,HOLD,0,16350573.488057759,0.0,16350573.488057759,0,1535.0573488057757,12212.383516258176
2018-04-09,4404.10888671875,-70.33619061628633,-51.87250793822056,-18.463682678065773,HOLD,0,16350573.488057759,0.0,16350573.488057759,0,1535.0573488057757,12288.492211632756
2018-04-10,4465.412109375,-60.975018427182476,-53.69301003601294,-7.2820083911695335,HOLD,0,16350573.488057759,0.0,16350573.488057759,0,1535.0573488057757,12460.93447315703
2018-04-11,4448.6357421875,-54.284180408772045,-53.811244110564765,-0.47293629820728,HOLD,0,16350573.488057759,0.0,16350573.488057759,0,1535.0573488057757,12413.743565850313
2018-04-12,4378.25048828125,-54.03822580101405,-53.85664044865462,-0.18158535235942708,HOLD,0,16350573.488057759,0.0,16350573.488057759,0,1535.0573488057757,12215.754099136419
2018-04-13,4331.9580078125,-56.92255352975371,-54.46982306487445,-2.4527304648792665,HOLD,0,16350573.488057759,0.0,16350573.488057759,0,1535.0573488057757,12085.536148469093
2018-04-16,4297.39599609375,-61.2907479440255,-55.83400804070466,-5.4567399033208375,HOLD,0,16350573.488057759,0.0,16350573.488057759,0,1535.0573488057757,11988.315297666039
2018-04-17,4201.6572265625,-71.6519331834088,-58.99759306924549,-12.654340114163311,HOLD,0,16350573.488057759,0.0,16350573.488057759,0,1535.0573488057757,11719.007923303443
2018-04-18,4135.056640625,-84.26599191374135,-64.05127283814467,-20.214719075596676,HOLD,0,16350573.488057759,0.0,16350573.488057759,0,1535.0573488057757,11531.664498924212
2018-04-19,4288.4404296875,-80.95276139931502,-67.43157055037875,-13.521190848936271,HOLD,0,16350573.488057759,0.0,16350573.488057759,0,1535.0573488057757,11963.123830441156
2018-04-20,4227.263671875,-82.31458413916062,-70.40817326813513,-11.906410871025486,HOLD,0,16350573.488057759,0.0,16350573.488057759,0,1535.0573488057757,11791.037306881617
2018-04-23,4250.91455078125,-80.55680153951835,-72.43789892241178,-8.11890261710657,HOLD,0,16350573.488057759,0.0,16350573.488057759,0,1535.0573488057757,11857.56580031009
2018-04-24,4351.0048828125,-70.2771812605024,-72.0057553900299,1.7285741295275017,BUY,3700,242196.19081166573,16098718.06640625,16340914.257217916,3700,1534.0914257217914,12139.113857073216
2018-04-25,4357.87939453125,-60.874074052820106,-69.77941912258795,8.905345069767847,HOLD,3700,242196.19081166573,16124153.759765625,16366349.95057729,0,1536.6349950577292,12158.451443194972
2018-04-26,4277.529296875,-59.222940024475065,-67.66812330296538,8.445183278490319,HOLD,3700,242196.19081166573,15826858.3984375,16069054.589249166,0,1506.9054589249167,11932.431473066574
2018-04-27,4178.51123046875,-65.15328829080681,-67.16515630053367,2.0118680097268538,HOLD,3700,242196.19081166573,15460491.552734375,15702687.74354604,0,1470.268774354604,11653.89963472261
2018-05-02,4211.9375,-66.39060188967596,-67.01024541836213,0.6196435286861686,HOLD,3700,242196.19081166573,15584168.75,15826364.940811666,0,1482.6364940811666,11747.925711371308
2018-05-03,4231.173828125,-65.06889717352351,-66.62197576939441,1.5530785958709004,HOLD,3700,242196.19081166573,15655343.1640625,15897539.354874166,0,1489.7539354874166,11802.036340169707
2018-05-04,4180.6552734375,-67.32181781629788,-66.76194417877511,-0.5598736375227702,SELL,0,15701339.647823384,0.0,15701339.647823384,3700,1470.1339647823384,11659.930698055277
2018-05-07,4403.2890625,-50.55976599791575,-63.52150854260324,12.961742544687496,BUY,3500,280581.0220421348,15411511.71875,15692092.740792135,3500,1469.2092740792134,12286.186095637413
2018-05-08,4470.5205078125,-31.48773242869447,-57.11475331982149,25.627020891127017,HOLD,3500,280581.0220421348,15646821.77734375,15927402.799385885,0,1492.7402799385884,12475.304089323365
2018-05-09,4427.12939453125,-19.647820778051027,-49.6213668114674,29.97354603341637,HOLD,3500,280581.0220421348,15494952.880859375,15775533.90290151,0,1477.553390290151,12353.247509260163
2018-05-10,4504.32568359375,-3.9895214025827954,-40.49499772969048,36.50547632710769,HOLD,3500,280581.0220421348,15765139.892578125,16045720.91462026,0,1504.572091462026,12570.39600636062
2018-05-11,4528.48095703125,10.250757999450798,-30.345846583862226,40.596604583313024,HOLD,3500,280581.0220421348,15849683.349609375,16130264.37165151,0,1513.026437165151,12638.343331131075
2018-05-14,4682.30615234375,33.561810057318326,-17.564315255626116,51.12612531294444,HOLD,3500,280581.0220421348,16388071.533203125,16668652.55524526,0,1566.865255524526,13071.04431176046
2018-05-15,4686.40576171875,51.770018428213916,-3.69744851885811,55.467466947072026,HOLD,3500,280581.0220421348,16402420.166015625,16683001.18805776,0,1568.3001188057758,13082.576265242828
2018-05-16,4632.544921875,61.14914581470475,9.271870347854463,51.87727546685029,HOLD,3500,280581.0220421348,16213907.2265625,16494488.248604635,0,1549.4488248604637,12931.068976917488
2018-05-17,4587.513671875,64.20837216235759,20.25917071075509,43.949201451602505,HOLD,3500,280581.0220421348,16056297.8515625,16336878.873604635,0,1533.6878873604637,12804.398791357946
2018-05-18,4662.81787109375,71.88065516828374,30.58346760226082,41.29718756602291,HOLD,3500,280581.0220421348,16319862.548828125,16600443.57087026,0,1560.044357087026,13016.224954043895
2018-05-21,4634.43701171875,74.80855016388614,39.428484114585885,35.380066049300254,HOLD,3500,280581.0220421348,16220529.541015625,16501110.56305776,0,1550.1110563057762,12936.39131133199
2018-05-22,4664.39453125,78.63973953713412,47.27073519909553,31.369004338038586,HOLD,3500,280581.0220421348,16325380.859375,16605961.881417135,0,1560.5961881417134,13020.66000380504
2018-05-23,4564.80859375,72.80102691461252,52.37679354219893,20.42423337241359,HOLD,3500,280581.0220421348,15976830.078125,16257411.100167135,0,1525.7411100167137,12740.530778383896
2018-05-24,4511.95703125,63.18081657600305,54.53759814895976,8.643218427043294,HOLD,3500,280581.0220421348,15791849.609375,16072430.631417135,0,1507.2430631417135,12591.862526248175
2018-05-25,4521.1650390625,55.65814737180972,54.761707993529754,0.8964393782799647,HOLD,3500,280581.0220421348,15824077.63671875,16104658.658760885,0,1510.4658658760886,12617.764095896877
2018-05-28,4669.62939453125,60.97334774925912,56.00403594467563,4.969311804583491,HOLD,3500,280581.0220421348,16343702.880859375,16624283.90290151,0,1562.4283902901511,13035.38535793611
2018-05-29,4613.056640625,59.929899325973565,56.78920862093522,3.1406907050383452,HOLD,3500,280581.0220421348,16145698.2421875,16426279.264229635,0,1542.6279264229634,12876.249619200922
2018-05-30,4577.990234375,55.632100782647285,56.557787053277636,-0.9256862706303508,SELL,0,16293933.062862447,0.0,16293933.062862447,3500,1529.3933062862448,12777.609937055886
2018-05-31,4737.302734375,64.33958510588036,58.11414666379818,6.225438442082179,BUY,3400,177439.66840932332,16106829.296875,16284268.965284323,3400,1528.4268965284323,13225.74637424016
2018-06-01,4699.3349609375,67.39970531162271,59.97125839336309,7.428446918259624,HOLD,3400,177439.66840932332,15977738.8671875,16155178.535596823,0,1515.5178535596824,13118.945321490997
2018-06-04,4931.8076171875,87.57397485672936,65.49180168603635,22.08217317069301,HOLD,3400,177439.66840932332,16768145.8984375,16945585.566846825,0,1594.5585566846826,13772.876858028554
2018-06-05,4970.1533203125,105.44094896777642,73.48163114238437,31.95931782539205,HOLD,3400,177439.66840932332,16898521.2890625,17075960.957471825,0,1607.5960957471825,13880.741004154961
2018-06-06,4955.6474609375,117.08052168050199,82.2014092500079,34.87911243049409,HOLD,3400,177439.66840932332,16849201.3671875,17026641.035596825,0,1602.6641035596824,13839.936898145648
2018-06-07,4925.50048828125,122.46070736398542,90.2532688728034,32.20743849118202,HOLD,3400,177439.66840932332,16746701.66015625,16924141.328565575,0,1592.4141328565574,13755.13528547832
2018-06-08,4906.45361328125,123.76098010900569,96.95481112004387,26.806168988961815,HOLD,3400,177439.66840932332,16681942.28515625,16859381.953565575,0,1585.9381953565573,13701.5575768742
2018-06-11,4892.4521484375,122.252404806497,102.0143298573345,20.238074949162495,HOLD,3400,177439.66840932332,16634337.3046875,16811776.973096825,0,1581.1776973096826,13662.172302206869
2018-06-12,5040.412109375,131.48035659804646,107.9075352054769,23.57282139256955,HOLD,3400,177439.66840932332,17137401.171875,17314840.840284325,0,1631.4840840284326,14078.37473290412
2018-06-13,4984.533203125,132.75430514871368,112.87688919412426,19.877415954589424,HOLD,3400,177439.66840932332,16947412.890625,17124852.559034325,0,1612.4852559034323,13921.190745705193
2018-06-14,4958.0439453125,130.12644022588938,116.32679940047728,13.799640825412098,HOLD,3400,177439.66840932332,16857349.4140625,17034789.082471825,0,1603.4789082471825,13846.678063902134
2018-06-15,4946.5302734375,125.66617974959172,118.19467547030018,7.471504279291537,HOLD,3400,177439.66840932332,16818202.9296875,16995642.598096825,0,1599.5642598096827,13814.290800548844
2018-06-19,4720.54541015625,102.71229792094528,115.09819996042921,-12.385902039483938,SELL,0,16217664.150303854,0.0,16217664.150303854,3400,1521.7664150303854,13178.609033654002
2018-06-20,4884.2294921875,96.61539650303439,111.40163926895025,-14.786242765915858,HOLD,0,16217664.150303854,0.0,16217664.150303854,0,1521.7664150303854,13639.042466970675
2018-06-21,4856.91650390625,88.55877784829772,106.83306698481975,-18.27428913652203,HOLD,0,16217664.150303854,0.0,16217664.150303854,0,1521.7664150303854,13562.212681127034
2018-06-22,4903.03466796875,84.91633725657175,102.44972103917016,-17.533383782598406,HOLD,0,16217664.150303854,0.0,16217664.150303854,0,1521.7664150303854,13691.940290275397
2018-06-25,4896.830078125,80.59991267715304,98.07975936676674,-17.479846689613694,HOLD,0,16217664.150303854,0.0,16217664.150303854,0,1521.7664150303854,13674.48715391279
2018-06-26,4828.0048828125,70.80925205379481,92.62565790417236,-21.81640585037755,HOLD,0,16217664.150303854,0.0,16217664.150303854,0,1521.7664150303854,13480.886037767757
2018-06-27,4621.017578125,45.819755726476615,83.26447746863322,-37.4447217421566,HOLD,0,16217664.150303854,0.0,16217664.150303854,0,1521.7664150303854,12898.643255405845
2018-06-28,4547.39501953125,19.845903437179004,70.58076266234238,-50.734859225163376,HOLD,0,16217664.150303854,0.0,16217664.150303854,0,1521.7664150303854,12691.547446196939
2018-06-29,4678.712890625,9.74535471159379,58.41368107219267,-48.668326360598876,HOLD,0,16217664.150303854,0.0,16217664.150303854,0,1521.7664150303854,13060.936683642698
2018-07-02,4551.3603515625,-8.438415693341994,45.043261719085734,-53.48167741242773,HOLD,0,16217664.150303854,0.0,16217664.150303854,0,1521.7664150303854,12702.701685624086
2018-07-03,4444.98828125,-31.074316454977634,29.819746084273064,-60.8940625392507,HOLD,0,16217664.150303854,0.0,16217664.150303854,0,1521.7664150303854,12403.483478604805
2018-07-04,4419.3388671875,-50.50098037913631,13.755600791591188,-64.2565811707275,HOLD,0,16217664.150303854,0.0,16217664.150303854,0,1521.7664150303854,12331.333226528961
2018-07-05,4492.76953125,-59.288074578215856,-0.8531342823702205,-58.434940295845635,HOLD,0,16217664.150303854,0.0,16217664.150303854,0,1521.7664150303854,12537.889248015312
2018-07-06,4567.79931640625,-59.51162051000847,-12.58483152789787,-46.9267889821106,HOLD,0,16217664.150303854,0.0,16217664.150303854,0,1521.7664150303854,12748.943500522952
2018-07-09,4651.72021484375,-52.314023623835055,-20.530669947085308,-31.783353676749748,HOLD,0,16217664.150303854,0.0,16217664.150303854,0,1521.7664150303854,12985.007917508967
2018-07-10,4642.25341796875,-46.833895630406914,-25.79131508374963,-21.042580546657284,HOLD,0,16217664.150303854,0.0,16217664.150303854,0,1521.7664150303854,12958.378389862926
2018-07-11,4602.7236328125,-45.16000162374257,-29.66505239174822,-15.494949231994354,HOLD,0,16217664.150303854,0.0,16217664.150303854,0,1521.7664150303854,12847.183492522283
2018-07-12,4717.60302734375,-34.16973408755257,-30.56598873090909,-3.603745356643479,HOLD,0,16217664.150303854,0.0,16217664.150303854,0,1521.7664150303854,13170.332288574826
2018-07-13,4778.04931640625,-20.34780074694754,-28.522351134116782,8.17455038716924,BUY,3300,440640.86851674505,15767562.744140625,16208203.61265737,3300,1520.8203612657371,13340.364047673953
2018-07-16,4827.2373046875,-5.362938799570657,-23.890468667207557,18.5275298676369,HOLD,3300,440640.86851674505,15929883.10546875,16370523.973985495,0,1537.0523973985496,13478.726886877539
2018-07-17,4748.88134765625,0.18783611168873904,-19.0748077114283,19.26264382311704,HOLD,3300,440640.86851674505,15671308.447265625,16111949.31578237,0,1511.1949315782367,13258.316313845615
2018-07-18,4716.96337890625,1.9884305024279456,-14.862160068657051,16.850590571084997,HOLD,3300,440640.86851674505,15565979.150390625,16006620.01890737,0,1500.662001890737,13168.532996166308
2018-07-19,4739.4150390625,5.167508051768891,-10.856226444571863,16.023734496340754,HOLD,3300,440640.86851674505,15640069.62890625,16080710.497422995,0,1508.0710497422995,13231.688159705229
2018-07-20,4740.56591796875,7.69115734873958,-7.146749685909575,14.837907034649156,HOLD,3300,440640.86851674505,15643867.529296875,16084508.39781362,0,1508.4508397813622,13234.925512534903
2018-07-23,4682.61474609375,4.957841436408671,-4.725831461445926,9.683672897854597,HOLD,3300,440640.86851674505,15452628.662109375,15893269.53062612,0,1489.3269530626121,13071.912367334644
2018-07-24,4767.87890625,9.561554378683468,-1.8683542934200477,11.429908672103515,HOLD,3300,440640.86851674505,15734000.390625,16174641.259141745,0,1517.4641259141745,13311.755298378543
2018-07-25,4757.70849609375,12.248173630067868,0.9549512912775355,11.293222338790333,HOLD,3300,440640.86851674505,15700438.037109375,16141078.90562612,0,1514.107890562612,13283.146549083136
2018-07-26,4705.32177734375,10.03449691955575,2.7708604169331785,7.263636502622571,HOLD,3300,440640.86851674505,15527561.865234375,15968202.73375112,0,1496.820273375112,13135.785874331315
2018-07-27,4724.12744140625,9.68594851693797,4.153878036934137,5.532070480003832,HOLD,3300,440640.86851674505,15589620.556640625,16030261.42515737,0,1503.026142515737,13188.685071141692
2018-07-30,4600.35693359375,-0.5709427182127911,3.2089138859047517,-3.7798566041175428,SELL,0,15612710.042647604,0.0,15612710.042647604,3300,1461.2710042647604,12840.52611061077
2018-07-31,4646.60302734375,-4.911315065202871,1.5848680956832273,-6.496183160886098,HOLD,0,15612710.042647604,0.0,15612710.042647604,0,1461.2710042647604,12970.613578240838
2018-08-01,4573.04443359375,-14.123844296431344,-1.5568743827396871,-12.566969913691656,HOLD,0,15612710.042647604,0.0,15612710.042647604,0,1461.2710042647604,12763.697698272785
2018-08-02,4450.873046875,-30.92654797029809,-7.430809100251367,-23.495738870046722,HOLD,0,15612710.042647604,0.0,15612710.042647604,0,1461.2710042647604,12420.036968763156
2018-08-03,4343.09375,-52.33639877067435,-16.411927034335964,-35.92447173633839,HOLD,0,15612710.042647604,0.0,15612710.042647604,0,1461.2710042647604,12116.86031844514
2018-08-06,4283.54296875,-73.26456187614713,-27.7824540026982,-45.482107873448925,HOLD,0,15612710.042647604,0.0,15612710.042647604,0,1461.2710042647604,11949.347568717936
2018-08-07,4389.7236328125,-80.35609467600625,-38.29718213735981,-42.05891253864644,HOLD,0,15612710.042647604,0.0,15612710.042647604,0,1461.2710042647604,12248.027361520317
2018-08-08,4325.37548828125,-90.12958524048463,-48.663662757984774,-41.465922482499856,HOLD,0,15612710.042647604,0.0,15612710.042647604,0,1461.2710042647604,12067.019918729242
2018-08-09,4425.54345703125,-88.76915344353256,-56.684760895094335,-32.084392548438224,HOLD,0,15612710.042647604,0.0,15612710.042647604,0,1461.2710042647604,12348.78636289157
2018-08-10,4395.47998046875,-89.08989984186337,-63.165788684448145,-25.924111157415226,HOLD,0,15612710.042647604,0.0,15612710.042647604,0,1461.2710042647604,12264.219619691306
2018-08-13,4344.56494140625,-92.38752592141736,-69.01013613184199,-23.377389789575375,HOLD,0,15612710.042647604,0.0,15612710.042647604,0,1461.2710042647604,12120.998690984727
2018-08-14,4350.3857421875,-93.4539494151968,-73.89889878851295,-19.55505062668385,HOLD,0,15612710.042647604,0.0,15612710.042647604,0,1461.2710042647604,12137.372251902225
2018-08-15,4239.5361328125,-102.06716800673166,-79.5325526321567,-22.53461537457497,HOLD,0,15612710.042647604,0.0,15612710.042647604,0,1461.2710042647604,11825.558998023333
2018-08-16,4147.68359375,-114.97952565458036,-86.62194723664143,-28.357578417938925,HOLD,0,15612710.042647604,0.0,15612710.042647604,0,1461.2710042647604,11567.183355171715
2018-08-17,4060.8203125,-130.71500179572013,-95.44055814845717,-35.274443647262956,HOLD,0,15612710.042647604,0.0,15612710.042647604,0,1461.2710042647604,11322.842193106526
2018-08-20,4124.3369140625,-136.48688523697638,-103.64982356616102,-32.83706167081536,HOLD,0,15612710.042647604,0.0,15612710.042647604,0,1461.2710042647604,11501.51055576653
2018-08-21,4295.12060546875,-125.82983978404809,-108.08582680973844,-17.744012974309655,HOLD,0,15612710.042647604,0.0,15612710.042647604,0,1461.2710042647604,11981.91476131208
2018-08-22,4270.87841796875,-117.9801941752412,-110.064700282839,-7.915493892402196,HOLD,0,15612710.042647604,0.0,15612710.042647604,0,1461.2710042647604,11913.72295253497
2018-08-23,4286.93310546875,-109.20496748258302,-109.8927537227878,0.6877862402047867,BUY,3600,170491.08745229244,15432959.1796875,15603450.267139792,3600,1460.3450267139792,11958.883818483073
2018-08-24,4223.544921875,-106.14189605869069,-109.14258218996838,3.000686131277689,HOLD,3600,170491.08745229244,15204761.71875,15375252.806202292,0,1437.5252806202293,11780.576687810426
2018-08-27,4396.24755859375,-88.75561100475807,-105.06518795292632,16.309576948168257,HOLD,3600,170491.08745229244,15826491.2109375,15996982.298389792,0,1499.6982298389792,12266.378770581527
2018-08-28,4355.95068359375,-77.33698327299044,-99.51954701693916,22.18256374394872,HOLD,3600,170491.08745229244,15681422.4609375,15851913.548389792,0,1485.1913548389791,12153.026095856316
2018-08-29,4386.97314453125,-65.0347055932807,-92.62257873220747,27.587873138926767,HOLD,3600,170491.08745229244,15793103.3203125,15963594.407764792,0,1496.3594407764792,12240.290404163698
2018-08-30,4352.11279296875,-57.43591544928313,-85.5852460756226,28.149330626339477,HOLD,3600,170491.08745229244,15667606.0546875,15838097.142139792,0,1483.8097142139793,12142.230341405218
2018-08-31,4216.44482421875,-61.65042306638679,-80.79828147377545,19.147858407388654,HOLD,3600,170491.08745229244,15179201.3671875,15349692.454639792,0,1434.9692454639792,11760.604542075898
2018-09-03,4261.34765625,-60.6678265010396,-76.77219047922829,16.104363978188687,HOLD,3600,170491.08745229244,15340851.5625,15511342.649952292,0,1451.1342649952292,11886.91349564808
2018-09-04,4317.828125,-54.701050186296925,-72.35796242064201,17.656912234345086,HOLD,3600,170491.08745229244,15544181.25,15714672.337452292,0,1471.4672337452291,12045.789641814406
2018-09-05,4207.48974609375,-58.20477361101348,-69.52732465871631,11.32255104770283,HOLD,3600,170491.08745229244,15146963.0859375,15317454.173389792,0,1431.7454173389792,11735.41444835667
2018-09-06,4119.28369140625,-67.32293423381452,-69.08644657373596,1.7635123399214336,HOLD,3600,170491.08745229244,14829421.2890625,14999912.376514792,0,1399.9912376514792,11487.29614573925
2018-09-07,4163.86669921875,-70.14310009018209,-69.29777727702519,-0.8453228131568977,SELL,0,15151417.25256948,0.0,15151417.25256948,3600,1415.1417252569481,11612.705453107175
2018-09-10,4124.40087890625,-74.70155074229115,-70.37853197007838,-4.323018772212762,HOLD,0,15151417.25256948,0.0,15151417.25256948,0,1415.1417252569481,11501.69048500738
2018-09-11,4132.076171875,-76.80941263185196,-71.6647081024331,-5.14470452941886,HOLD,0,15151417.25256948,0.0,15151417.25256948,0,1415.1417252569481,11523.28062040392
2018-09-12,4029.73388671875,-85.74960737110268,-74.48168795616702,-11.267919414935662,HOLD,0,15151417.25256948,0.0,15151417.25256948,0,1415.1417252569481,11235.397955558292
2018-09-13,4042.398681640625,-90.76653291525326,-77.73865694798427,-13.027875967268997,HOLD,0,15151417.25256948,0.0,15151417.25256948,0,1415.1417252569481,11271.023258494088
2018-09-14,4112.24755859375,-88.09080595882278,-79.80908675015198,-8.281719208670808,HOLD,0,15151417.25256948,0.0,15151417.25256948,0,1415.1417252569481,11467.503929245573
2018-09-17,4130.86083984375,-83.50573469998017,-80.54841634011761,-2.9573183598625548,HOLD,0,15151417.25256948,0.0,15151417.25256948,0,1415.1417252569481,11519.861964827738
2018-09-18,4264.48193359375,-68.30257754903505,-78.09924858190111,9.796671032866058,BUY,3500,216775.0729308091,14925686.767578125,15142461.840508934,3500,1414.2461840508934,11895.730028449809
2018-09-19,4358.63671875,-48.10197210435945,-72.09979328639278,23.997821182033334,HOLD,3500,216775.0729308091,15255228.515625,15472003.58855581,0,1447.200358855581,12160.581750466428
2018-09-20,4340.279296875,-33.1915260268579,-64.3181398344858,31.126613807627905,HOLD,3500,216775.0729308091,15190977.5390625,15407752.61199331,0,1440.775261199331,12108.943431847669
2018-09-21,4477.5458984375,-10.181259305575622,-53.49076372870377,43.309504423128146,HOLD,3500,216775.0729308091,15671410.64453125,15888185.71746206,0,1488.8185717462059,12495.066088692625
2018-09-25,4458.4208984375,6.437112163299389,-41.50518855030314,47.94230071360253,HOLD,3500,216775.0729308091,15604473.14453125,15821248.21746206,0,1482.124821746206,12441.268619183646
2018-09-26,4636.9443359375,33.62503226383342,-26.479144387475827,60.104176651309245,HOLD,3500,216775.0729308091,16229305.17578125,16446080.24871206,0,1544.6080248712058,12943.444262872243
2018-09-27,4630.99560546875,54.068375413310605,-10.36964042731854,64.43801584062915,HOLD,3500,216775.0729308091,16208484.619140625,16425259.692071434,0,1542.5259692071436,12926.710843473043
2018-09-28,4669.3740234375,72.53060210156673,6.210408078458514,66.32019402310821,HOLD,3500,216775.0729308091,16342809.08203125,16559584.15496206,0,1555.958415496206,13034.667014478358
2018-10-08,4388.89208984375,63.794122871479885,17.72715103706279,46.066971834417096,HOLD,3500,216775.0729308091,15361122.314453125,15577897.387383934,0,1457.7897387383935,12245.688281389244
2018-10-09,4445.5,60.7380351353404,26.32932785671831,34.40870727862209,HOLD,3500,216775.0729308091,15559250.0,15776025.07293081,0,1477.6025072930809,12404.92291253162
2018-10-10,4291.474609375,45.36456731346061,30.136375748066772,15.22819156539384,HOLD,3500,216775.0729308091,15020161.1328125,15236936.20574331,0,1423.693620574331,11971.658794583536
2018-10-11,4125.6162109375,19.57198304986923,28.023497208427266,-8.451514158558034,SELL,0,14647768.01716909,0.0,14647768.01716909,3500,1364.776801716909,11505.109140583561
2018-10-12,4272.79736328125,10.88202196992006,24.595202160725826,-13.713180190805765,HOLD,0,14647768.01716909,0.0,14647768.01716909,0,1364.776801716909,11919.12082976052
2018-10-15,4265.76123046875,3.3883493100465785,20.353831590589976,-16.965482280543398,HOLD,0,14647768.01716909,0.0,14647768.01716909,0,1364.776801716909,11899.328613266842
2018-10-16,4267.29638671875,-2.398912808773275,15.803282710717326,-18.2021955194906,HOLD,0,14647768.01716909,0.0,14647768.01716909,0,1364.776801716909,11903.64691504728
2018-10-17,4258.21337890625,-7.630324917577127,11.116561185058437,-18.746886102635564,HOLD,0,14647768.01716909,0.0,14647768.01716909,0,1364.776801716909,11878.09696284635
2018-10-18,4131.6923828125,-21.734897341724718,4.546269479701807,-26.281166821426524,HOLD,0,14647768.01716909,0.0,14647768.01716909,0,1364.776801716909,11522.20104495881
2018-10-19,4285.58984375,-20.26107660390062,-0.415199737018678,-19.84587686688194,HOLD,0,14647768.01716909,0.0,14647768.01716909,0,1364.776801716909,11955.10530442519
2018-10-22,4432.70751953125,-7.1395953184519385,-1.7600788533053302,-5.379516465146608,HOLD,0,14647768.01716909,0.0,14647768.01716909,0,1364.776801716909,12368.93843786695
2018-10-23,4104.82763671875,-22.93352974574009,-5.994769031792282,-16.938760713947808,HOLD,0,14647768.01716909,0.0,14647768.01716909,0,1364.776801716909,11446.632137306786
2018-10-24,4074.44482421875,-37.47004427144111,-12.289824079722049,-25.180220191719062,HOLD,0,14647768.01716909,0.0,14647768.01716909,0,1364.776801716909,11361.167121407922
2018-10-25,3959.37353515625,-57.611518377515495,-21.35416293928074,-36.257355438234754,HOLD,0,14647768.01716909,0.0,14647768.01716909,0,1364.776801716909,11037.47853763282
2018-10-26,3902.445556640625,-77.27659730656978,-32.53864981273855,-44.737947493831236,HOLD,0,14647768.01716909,0.0,14647768.01716909,0,1364.776801716909,10877.343573533362
2018-10-29,3512.200927734375,-122.93369111180755,-50.61765807255235,-72.31603303925519,HOLD,0,14647768.01716909,0.0,14647768.01716909,0,1364.776801716909,9779.609010154176
2018-10-30,3351.715087890625,-170.10625392553447,-74.51537724314878,-95.5908766823857,HOLD,0,14647768.01716909,0.0,14647768.01716909,0,1364.776801716909,9328.172038880082
2018-10-31,3510.985595703125,-192.42094207175296,-98.09649020886962,-94.32445186288334,HOLD,0,14647768.01716909,0.0,14647768.01716909,0,1364.776801716909,9776.190354577995
2018-11-01,3601.1748046875,-200.51654782776632,-118.58050173264897,-81.93604609511735,HOLD,0,14647768.01716909,0.0,14647768.01716909,0,1364.776801716909,10029.887150414643
2018-11-02,3837.2021484375,-185.74577793201843,-132.01355697252288,-53.73222095949555,HOLD,0,14647768.01716909,0.0,14647768.01716909,0,1364.776801716909,10693.81780812319
2018-11-05,3683.048828125,-184.35360737843257,-142.48156705370482,-41.87204032472775,HOLD,0,14647768.01716909,0.0,14647768.01716909,0,1364.776801716909,10260.193831693407
2018-11-06,3620.364013671875,-186.1624776717017,-151.2177491773042,-34.94472849439751,HOLD,0,14647768.01716909,0.0,14647768.01716909,0,1364.776801716909,10083.865235917301
2018-11-07,3622.922607421875,-185.25406968014113,-158.02501327787158,-27.22905640226955,HOLD,0,14647768.01716909,0.0,14647768.01716909,0,1364.776801716909,10091.062405551367
2018-11-08,3648.12451171875,-180.4207882080268,-162.50416826390264,-17.916619944124164,HOLD,0,14647768.01716909,0.0,14647768.01716909,0,1364.776801716909,10161.953839694077
2018-11-09,3594.778564453125,-178.83346902219773,-165.77002841556168,-13.06344060663605,HOLD,0,14647768.01716909,0.0,14647768.01716909,0,1364.776801716909,10011.894913082308
2018-11-12,3530.814453125,-180.65440481990618,-168.7469036964306,-11.907501123475583,HOLD,0,14647768.01716909,0.0,14647768.01716909,0,1364.776801716909,9831.96773248917
2018-11-13,3645.94970703125,-170.8377456054195,-169.16507207822838,-1.6726735271911366,HOLD,0,14647768.01716909,0.0,14647768.01716909,0,1364.776801716909,10155.836245505123
2018-11-14,3550.643310546875,-168.80255140358804,-169.0925679433003,0.29001653971226915,BUY,4000,436673.23103627935,14202573.2421875,14639246.47322378,4000,1363.924647322378,9887.745110400345
2018-11-15,3580.066650390625,-162.93718921913478,-167.8614921984672,4.924302979332424,HOLD,4000,436673.23103627935,14320266.6015625,14756939.83259878,0,1375.693983259878,9970.511187686436
2018-11-16,3581.985595703125,-156.33190766257894,-165.55557529128956,9.223667628710615,HOLD,4000,436673.23103627935,14327942.3828125,14764615.61384878,0,1376.461561384878,9975.909064911984
2018-11-19,3639.68115234375,-144.77277477186408,-161.39901518740447,16.626240415540394,HOLD,4000,436673.23103627935,14558724.609375,14995397.84041128,0,1399.5397840411279,10138.203179901662
2018-11-20,3592.219970703125,-137.85271905079162,-156.68975596008192,18.837036909290305,HOLD,4000,436673.23103627935,14368879.8828125,14805553.11384878,0,1380.555311384878,10004.697743448245
2018-11-21,3612.048828125,-129.27826261970722,-151.20745729200698,21.929194672299758,HOLD,4000,436673.23103627935,14448195.3125,14884868.54353628,0,1388.486854353628,10060.475121359419
2018-11-22,3610.76953125,-121.1891792677784,-145.20380168716127,24.014622419382874,HOLD,4000,436673.23103627935,14443078.125,14879751.35603628,0,1387.9751356036281,10056.876536542386
2018-11-23,3562.15673828125,-117.34844868166283,-139.6327310860616,22.284282404398766,HOLD,4000,436673.23103627935,14248626.953125,14685300.18416128,0,1368.530018416128,9920.13168700081
2018-11-26,3531.51806640625,-115.44613559502932,-134.79541198785515,19.34927639282583,HOLD,4000,436673.23103627935,14126072.265625,14562745.49666128,0,1356.2745496661278,9833.946954138539
2018-11-27,3505.868408203125,-114.68622046250266,-130.77357368278467,16.08735322028201,HOLD,4000,436673.23103627935,14023473.6328125,14460146.86384878,0,1346.014686384878,9761.796015309867
2018-11-28,3562.79638671875,-108.24261663990319,-126.26738227420839,18.024765634305197,HOLD,4000,436673.23103627935,14251185.546875,14687858.77791128,0,1368.7858777911279,9921.930979409326
2018-11-29,3528.255859375,-104.71604469645763,-121.95711475865824,17.241070062200606,HOLD,4000,436673.23103627935,14113023.4375,14549696.66853628,0,1354.969666853628,9824.770562855107
2018-11-30,3613.9677734375,-93.92229809536548,-116.35015142599968,22.427853330634207,HOLD,4000,436673.23103627935,14455871.09375,14892544.32478628,0,1389.254432478628,10065.872998584968
2018-12-03,3845.517578125,-65.92410995026057,-106.26494313085186,40.34083318059129,HOLD,4000,436673.23103627935,15382070.3125,15818743.54353628,0,1481.874354353628,10717.208609433903
2018-12-04,3852.105712890625,-42.711386437034434,-93.55423179208839,50.84284535505395,HOLD,4000,436673.23103627935,15408422.8515625,15845096.08259878,0,1484.509608259878,10735.740634488791
2018-12-05,3902.445556640625,-20.02232621798794,-78.8478506772683,58.82552445928036,HOLD,4000,436673.23103627935,15609782.2265625,16046455.45759878,0,1504.645545759878,10877.343573533362
2018-12-06,3785.391357421875,-11.355479246521554,-65.34937639111895,53.9938971445974,HOLD,4000,436673.23103627935,15141565.4296875,15578238.66072378,0,1457.8238660723778,10548.077183291862
2018-12-07,3754.6884765625,-6.885040015533377,-53.65650911600184,46.771469100468465,HOLD,4000,436673.23103627935,15018753.90625,15455427.13728628,0,1445.5427137286279,10461.711834435911
2018-12-10,3692.19580078125,-8.289267859667234,-44.583060864734925,36.29379300506769,HOLD,4000,436673.23103627935,14768783.203125,15205456.43416128,0,1420.5456434161279,10285.92371313519
2018-12-11,3729.0390625,-6.355918166143965,-36.937632325016736,30.58171415887277,HOLD,4000,436673.23103627935,14916156.25,15352829.48103628,0,1435.2829481036279,10389.561582360066
2018-12-12,3767.4814453125,-1.7021245560767966,-29.89053077122875,28.188406215151954,HOLD,4000,436673.23103627935,15069925.78125,15506599.01228628,0,1450.659901228628,10497.697682606235
2018-12-13,3849.035400390625,8.469136079764212,-22.21859740103016,30.68773348079437,HOLD,4000,436673.23103627935,15396141.6015625,15832814.83259878,0,1483.281483259878,10727.104030927912
2018-12-14,3792.81103515625,11.856423555475885,-15.403593209728951,27.26001676520484,HOLD,4000,436673.23103627935,15171244.140625,15607917.37166128,0,1460.791737166128,10568.94828847782
2018-12-17,3777.203857421875,13.130148299168923,-9.696844907949377,22.8269932071183,HOLD,4000,436673.23103627935,15108815.4296875,15545488.66072378,0,1454.548866072378,10525.046240462854
2018-12-18,3779.890380859375,14.192759032983304,-4.918924119762841,19.111683152746146,HOLD,4000,436673.23103627935,15119561.5234375,15556234.75447378,0,1455.623475447378,10532.603268578621
2018-12-19,3695.841552734375,8.158798144570483,-2.3033796668961766,10.46217781146666,HOLD,4000,436673.23103627935,14783366.2109375,15220039.44197378,0,1422.003944197378,10296.178993110903
2018-12-20,3674.733642578125,1.654536260619352,-1.5117964813930709,3.1663327420124228,HOLD,4000,436673.23103627935,14698934.5703125,15135607.80134878,0,1413.5607801348779,10236.803717135524
2018-12-21,3629.383056640625,-7.077961088038592,-2.625029402722175,-4.4529316853164165,SELL,0,14945494.93826284,0.0,14945494.93826284,4000,1394.549493826284,10109.235258877381
2018-12-24,3633.156982421875,-13.53794685628327,-4.807612893434395,-8.730333962848874,HOLD,0,14945494.93826284,0.0,14945494.93826284,0,1394.549493826284,10119.851084087626
2018-12-25,3619.020751953125,-19.57258717527793,-7.7606077498031025,-11.811979425474828,HOLD,0,14945494.93826284,0.0,14945494.93826284,0,1394.549493826284,10080.086721859418
2018-12-26,3582.497314453125,-26.991082870498303,-11.606702773942143,-15.38438009655616,HOLD,0,14945494.93826284,0.0,14945494.93826284,0,1394.549493826284,9977.348498838797
2018-12-27,3601.1748046875,-31.00576166862129,-15.486514552877972,-15.519247115743317,HOLD,0,14945494.93826284,0.0,14945494.93826284,0,1394.549493826284,10029.887150414643
2018-12-28,3773.941650390625,-20.01585267466635,-16.39238217723565,-3.6234704974306986,HOLD,0,14945494.93826284,0.0,14945494.93826284,0,1394.549493826284,10515.86984917942
2019-01-02,3831.3173828125,-6.6004427263787875,-14.433994287064278,7.833551560685491,BUY,3800,377753.47994252853,14559006.0546875,14936759.534630029,3800,1393.6759534630028,10677.264317964842
2019-01-03,3773.877685546875,-0.5966592983249939,-11.666527289316422,11.069867990991428,HOLD,3800,377753.47994252853,14340735.205078125,14718488.685020654,0,1371.8488685020654,10515.68991993857
2019-01-04,3850.634521484375,10.237011602410348,-7.285819510971068,17.522831113381415,HOLD,3800,377753.47994252853,14632411.181640625,15010164.661583154,0,1401.0164661583153,10731.602261949205
2019-01-07,3872.9580078125,20.389060230559153,-1.7508435626650243,22.13990379322418,HOLD,3800,377753.47994252853,14717240.4296875,15094993.909630029,0,1409.499390963003,10794.396880253593
2019-01-08,3868.48046875,27.753407917364257,4.150006733340832,23.603401184023426,HOLD,3800,377753.47994252853,14700225.78125,15077979.261192529,0,1407.797926119253,10781.80183339398
2019-01-09,3940.951904296875,38.98811497580982,11.117628381834631,27.87048659397519,HOLD,3800,377753.47994252853,14975617.236328125,15353370.716270654,0,1435.3370716270654,10985.659603020382
2019-01-10,3957.90234375,48.698098696199395,18.633722444707583,30.06437625149181,HOLD,3800,377753.47994252853,15040028.90625,15417782.386192529,0,1441.778238619253,11033.340165093234
2019-01-11,4067.3447265625,64.48111820352824,27.803201596471716,36.677916607056524,HOLD,3800,377753.47994252853,15455909.9609375,15833663.440880029,0,1483.366344088003,11341.19497567339
2019-01-14,3995.193359375,70.35623960082557,36.313809197342486,34.04243040348309,HOLD,3800,377753.47994252853,15181734.765625,15559488.245567529,0,1455.948824556753,11138.237539004074
2019-01-15,4221.498046875,92.2102700163623,47.49310136114645,44.71716865521585,HOLD,3800,377753.47994252853,16041692.578125,16419446.058067529,0,1541.9446058067529,11774.818952103175
2019-01-16,4228.662109375,108.853036495585,59.765088388034165,49.08794810755084,HOLD,3800,377753.47994252853,16068916.015625,16446669.495567529,0,1544.666949556753,11794.971027078558
2019-01-17,4216.82861328125,119.70776796333121,71.75362430309357,47.954143660237634,HOLD,3800,377753.47994252853,16023948.73046875,16401702.210411279,0,1540.170221041128,11761.684117521007
2019-01-18,4372.64501953125,139.27779490571584,85.25845842361804,54.0193364820978,HOLD,3800,377753.47994252853,16616051.07421875,16993804.55416128,0,1599.380455416128,12199.986254212934
2019-01-21,4394.201171875,154.7428048634306,99.15532771158055,55.58747715185004,HOLD,3800,377753.47994252853,16697964.453125,17075717.93306753,0,1607.571793306753,12260.62240837993
2019-01-22,4291.986328125,156.94192421932166,110.71264701312879,46.229277206192876,HOLD,3800,377753.47994252853,16309548.046875,16687301.526817529,0,1568.7301526817528,11973.098228510351
2019-01-23,4257.82958984375,154.15161497179406,119.40044060486184,34.75117436693222,HOLD,3800,377753.47994252853,16179752.44140625,16557505.921348779,0,1555.7505921348777,11877.01738740124
2019-01-24,4301.5810546875,153.69890703067585,126.26013389002465,27.438773140651207,HOLD,3800,377753.47994252853,16346008.0078125,16723761.487755029,0,1572.3761487755028,12000.087614638092
2019-01-25,4347.63525390625,155.26650607966485,132.0614083279527,23.205097751712145,HOLD,3800,377753.47994252853,16521013.96484375,16898767.44478628,0,1589.876744478628,12129.635294545606
2019-01-28,4330.36474609375,153.34755877312136,136.31863841698643,17.028920356134932,HOLD,3800,377753.47994252853,16455386.03515625,16833139.51509878,0,1583.3139515098778,12081.054399515668
2019-01-29,4381.5361328125,154.17860744472546,139.89063222253424,14.287975222191221,HOLD,3800,377753.47994252853,16649837.3046875,17027590.78463003,0,1602.759078463003,12224.99641869131
2019-01-30,4323.96826171875,148.4803839811566,141.60858257425872,6.871801406897873,HOLD,3800,377753.47994252853,16431079.39453125,16808832.87447378,0,1580.8832874473778,12063.061475430506
2019-01-31,4410.95947265625,149.26334955905895,143.13953597121878,6.123813587840175,HOLD,3800,377753.47994252853,16761645.99609375,17139399.47603628,0,1613.939947603628,12307.762495977398
2019-02-01,4430.5966796875,149.74227814185633,144.4600844053463,5.282193736510038,HOLD,3800,377753.47994252853,16836267.3828125,17214020.86275503,0,1621.402086275503,12363.000772918846
2019-02-11,4639.31103515625,165.06062059435408,148.58019164314786,16.48042895120622,HOLD,3800,377753.47994252853,17629381.93359375,18007135.41353628,0,1700.713541353628,12950.101644783752
2019-02-12,4592.10546875,171.41545202650377,153.14724371981904,18.268208306684727,HOLD,3800,377753.47994252853,17450000.78125,17827754.26119253,0,1682.775426119253,12817.31523854091
2019-02-13,4702.955078125,183.2835599986838,159.174506975592,24.109053023091803,HOLD,3800,377753.47994252853,17871229.296875,18248982.77681753,0,1724.8982776817531,13129.128492419804
2019-02-14,4715.17236328125,191.4678318981987,165.63317196011334,25.834659938085366,HOLD,3800,377753.47994252853,17917654.98046875,18295408.46041128,0,1729.5408460411281,13163.494977422466
2019-02-15,4635.98486328125,189.3810895756178,170.38275548321425,18.998334092403553,HOLD,3800,377753.47994252853,17616742.48046875,17994495.96041128,0,1699.4495960411282,12940.74532425947
2019-02-18,4733.33837890625,193.35408085905874,174.97702055838317,18.377060300675566,HOLD,3800,377753.47994252853,17986685.83984375,18364439.31978628,0,1736.4439319786281,13214.594881824325
2019-02-19,4674.2353515625,189.54858659662204,177.89133376603095,11.65725283059109,HOLD,3800,377753.47994252853,17762094.3359375,18139847.81588003,0,1713.9847815880032,13048.341636783081
2019-02-20,4618.203125,179.9371688977435,178.30050079237347,1.6366681053700347,HOLD,3800,377753.47994252853,17549171.875,17926925.35494253,0,1692.692535494253,12890.726368808373
2019-02-21,4607.00927734375,169.46333335028612,176.53306730395602,-7.069733953669896,SELL,0,17873884.752696432,0.0,17873884.752696432,3800,1687.3884752696433,12859.238751659339
2019-02-22,4643.8525390625,162.26519437357092,173.67949271787901,-11.414298344308094,HOLD,0,17873884.752696432,0.0,17873884.752696432,0,1687.3884752696433,12962.876620884217
2019-02-25,4748.24169921875,163.1037912062884,171.5643524155609,-8.460561209272498,HOLD,0,17873884.752696432,0.0,17873884.752696432,0,1687.3884752696433,13256.517021437097
2019-02-26,4652.423828125,154.2584879970218,168.1031795318531,-13.844691534831298,HOLD,0,17873884.752696432,0.0,17873884.752696432,0,1687.3884752696433,12986.987139158337
2019-02-27,4737.81591796875,152.38238025083592,164.95901967564967,-12.576639424813749,HOLD,0,17873884.752696432,0.0,17873884.752696432,0,1687.3884752696433,13227.189928683938
2019-02-28,4829.34814453125,156.47766000167667,163.26274774085508,-6.785087739178408,HOLD,0,17873884.752696432,0.0,17873884.752696432,0,1687.3884752696433,13484.664551825643
2019-03-01,5048.6806640625,175.3996025610768,165.69011870489942,9.709483856177371,BUY,3500,192900.19908315316,17670382.32421875,17863282.523301903,3500,1686.3282523301905,14101.633677671916
2019-03-04,5001.091796875,184.42936755350092,169.43796847461974,14.991399078881187,HOLD,3500,192900.19908315316,17503821.2890625,17696721.488145653,0,1669.6721488145652,13967.769069489623
2019-03-05,4987.787109375,188.3408679885515,173.2185483774061,15.1223196111454,HOLD,3500,192900.19908315316,17457254.8828125,17650155.081895653,0,1665.0155081895655,13930.343787392485
2019-03-06,4912.4375,183.24830412867868,175.22449952766064,8.023804601018043,HOLD,3500,192900.19908315316,17193531.25,17386431.449083153,0,1638.6431449083154,13718.389888680585
2019-03-07,4788.34716796875,167.27116004077288,173.63383163028308,-6.3626715895101995,SELL,0,16942059.757921044,0.0,16942059.757921044,3500,1594.2059757921043,13369.331281945406
2019-03-08,4717.34716796875,147.18341284892904,168.34374787401228,-21.160335025083242,HOLD,0,16942059.757921044,0.0,16942059.757921044,0,1594.2059757921043,13169.612571611418
2019-03-11,4851.927734375,140.50361720853653,162.77572174091713,-22.27210453238061,HOLD,0,16942059.757921044,0.0,16942059.757921044,0,1594.2059757921043,13548.179573846264
2019-03-12,4765.38427734375,126.76522670478516,155.57362273369074,-28.808396028905577,HOLD,0,16942059.757921044,0.0,16942059.757921044,0,1594.2059757921043,13304.738057985332
2019-03-13,4822.8876953125,119.14407971838591,148.28771413062978,-29.14363441224387,HOLD,0,16942059.757921044,0.0,16942059.757921044,0,1594.2059757921043,13466.491698499627
2019-03-14,4976.4013671875,124.06143320091269,143.44245794468637,-19.38102474377368,HOLD,0,16942059.757921044,0.0,16942059.757921044,0,1594.2059757921043,13898.316382520894
2019-03-15,4971.923828125,126.14307246342287,139.98258084843368,-13.839508385010816,HOLD,0,16942059.757921044,0.0,16942059.757921044,0,1594.2059757921043,13885.721335661281
2019-03-18,5181.662109375,143.0677174273451,140.59960816421597,2.468109263129122,BUY,3200,350792.216671044,16581318.75,16932110.966671042,3200,1593.2110966671044,14475.702448885471
2019-03-19,5069.85302734375,145.7781225512599,141.63531104162476,4.142811509635152,HOLD,3200,350792.216671044,16223529.6875,16574321.904171044,0,1557.4321904171043,14161.190256393804
2019-03-20,5071.068359375,146.33731974711918,142.57571278272366,3.7616069643955257,HOLD,3200,350792.216671044,16227418.75,16578210.966671044,0,1557.8210966671045,14164.608911969985
2019-03-21,5025.9736328125,141.51047532011853,142.36266529020264,-0.8521899700841118,SELL,0,16424257.972296042,0.0,16424257.972296042,3200,1542.4257972296043,14037.760170675247
2019-03-22,5078.744140625,140.3257177703872,141.95527578623955,-1.6295580158523535,HOLD,0,16424257.972296042,0.0,16424257.972296042,0,1542.4257972296043,14186.200420872177
2019-03-25,4961.05029296875,128.40965243810024,139.2461511166117,-10.836498678511475,HOLD,0,16424257.972296042,0.0,16424257.972296042,0,1542.4257972296043,13855.134738222163
2019-03-26,4944.41943359375,116.28366771265519,134.6536544358204,-18.369986723165226,HOLD,0,16424257.972296042,0.0,16424257.972296042,0,1542.4257972296043,13808.35313560074
2019-03-27,5043.56396484375,113.36704778288913,130.39633310523416,-17.029285322345032,HOLD,0,16424257.972296042,0.0,16424257.972296042,0,1542.4257972296043,14087.240711909442
2019-03-28,5160.6181640625,119.12767144758345,128.14260077370403,-9.01492932612058,HOLD,0,16424257.972296042,0.0,16424257.972296042,0,1542.4257972296043,14416.507102150941
2019-03-29,5462.46435546875,146.36229874494984,131.7865403679532,14.575758376996646,BUY,2900,573606.653458152,15841146.630859375,16414753.284317527,2900,1541.4753284317526,15265.582201684498
2019-04-01,5494.51025390625,168.58839124650513,139.14691054366358,29.441480702841545,HOLD,2900,573606.653458152,15934079.736328125,16507686.389786277,0,1550.7686389786277,15355.725377845505
2019-04-02,5436.9423828125,179.48845244968652,147.21521892486817,32.27323352481835,HOLD,2900,573606.653458152,15767132.91015625,16340739.563614402,0,1534.0739563614402,15193.790434584702
2019-04-03,5401.76220703125,183.17653820239684,154.4074827803739,28.769055422022944,HOLD,2900,573606.653458152,15665110.400390625,16238717.053848777,0,1523.8717053848777,15094.830725621963
2019-04-04,5532.888671875,194.43881297393727,162.41374881908658,32.025064154850696,HOLD,2900,573606.653458152,16045377.1484375,16618983.801895652,0,1561.8983801895652,15463.68154885082
2019-04-08,5758.0419921875,219.00765422472796,173.73252990021487,45.27512432451309,HOLD,2900,573606.653458152,16698321.77734375,17271928.430801902,0,1627.1928430801904,16097.024235614594
2019-04-09,5788.74462890625,238.21014583496708,186.6280530871653,51.58209274780177,HOLD,2900,573606.653458152,16787359.423828125,17360966.077286277,0,1636.0966077286278,16183.388897717718
2019-04-10,6063.72607421875,272.47602924871626,203.7976483194755,68.67838092924075,HOLD,2900,573606.653458152,17584805.615234375,18158412.268692527,0,1715.8412268692525,16956.895089599246
2019-04-11,5917.9521484375,284.58868993222313,219.95585664202505,64.63283329019808,HOLD,2900,573606.653458152,17162061.23046875,17735667.883926902,0,1673.5667883926901,16546.841843721024
2019-04-12,5846.3125,285.12064654756705,232.98881462313346,52.131831924433584,HOLD,2900,573606.653458152,16954306.25,17527912.903458152,0,1652.7912903458152,16345.32384097852
2019-04-15,5801.53759765625,278.7163964547017,242.1343309894471,36.58206546525457,HOLD,2900,573606.653458152,16824459.033203125,17398065.686661277,0,1639.8065686661275,16219.37474588804
2019-04-16,6011.97900390625,287.30991501208973,251.16944779397565,36.14046721811408,HOLD,2900,573606.653458152,17434739.111328125,18008345.764786277,0,1700.8345764786277,16811.33370725594
2019-04-17,6089.37548828125,296.94262015662935,260.3240822665064,36.61853789012292,HOLD,2900,573606.653458152,17659188.916015625,18232795.569473777,0,1723.2795569473776,17029.045341675093
2019-04-18,6047.798828125,297.78899323283076,267.8170644597713,29.97192877305946,HOLD,2900,573606.653458152,17538616.6015625,18112223.255020652,0,1711.2223255020651,16912.092708627195
2019-04-19,6092.95751953125,298.6609020145943,273.9858319707359,24.675070043858398,HOLD,2900,573606.653458152,17669576.806640625,18243183.460098777,0,1724.3183460098776,17039.12137916278
2019-04-22,6071.4658203125,294.2260408430893,278.03387374520656,16.19216709788276,HOLD,2900,573606.653458152,17607250.87890625,18180857.532364402,0,1718.0857532364403,16978.66652774229
2019-04-23,6236.17333984375,300.53749258479456,282.5345975131242,18.002895071670366,HOLD,2900,573606.653458152,18084902.685546875,18658509.339005027,0,1765.8509339005025,17441.978828912594
2019-04-24,6204.5107421875,299.53164222654686,285.93400645580874,13.597635770738123,HOLD,2900,573606.653458152,17993081.15234375,18566687.805801902,0,1756.66878058019,17352.91385469104
2019-04-25,6091.7421875,286.3343346804659,286.0140721007402,0.32026257972569283,HOLD,2900,573606.653458152,17666052.34375,18239658.997208152,0,1723.9658997208153,17035.7027235866
2019-04-26,6044.60107421875,268.97094982072485,282.6054476447371,-13.634497824012271,SELL,0,18092432.162823386,0.0,18092432.162823386,2900,1709.2432162823386,16903.097620090266
2019-04-29,6217.11181640625,266.06350294191725,279.2970587041732,-13.233555762255946,HOLD,0,18092432.162823386,0.0,18092432.162823386,0,1709.2432162823386,17388.35991513881
2019-04-30,6230.0966796875,261.7893555585415,275.79551807504686,-14.006162516505356,HOLD,0,18092432.162823386,0.0,18092432.162823386,0,1709.2432162823386,17424.88555103169
2019-05-06,5795.14111328125,220.75999996869086,264.78841445377566,-44.028414485084795,HOLD,0,18092432.162823386,0.0,18092432.162823386,0,1709.2432162823386,16201.381821802877
2019-05-07,5692.798828125,177.93465304145866,247.41766217131226,-69.4830091298536,HOLD,0,18092432.162823386,0.0,18092432.162823386,0,1709.2432162823386,15913.499156957252
2019-05-08,5656.97900390625,139.49686359621683,225.8335024562932,-86.33663886007636,HOLD,0,18092432.162823386,0.0,18092432.162823386,0,1709.2432162823386,15812.740155586
2019-05-09,5493.294921875,94.7346588990622,199.613733744847,-104.8790748457848,HOLD,0,18092432.162823386,0.0,18092432.162823386,0,1709.2432162823386,15352.306722269324
2019-05-10,5802.30517578125,83.23534887644473,176.33805677116655,-93.10270789472182,HOLD,0,18092432.162823386,0.0,18092432.162823386,0,1709.2432162823386,16221.533896778259
2019-05-13,5705.59130859375,65.5623006343485,154.18290554380295,-88.62060490945444,HOLD,0,18092432.162823386,0.0,18092432.162823386,0,1709.2432162823386,15949.483631621919
2019-05-14,5670.85888671875,48.19806906279882,132.98593824760212,-84.7878691848033,HOLD,0,18092432.162823386,0.0,18092432.162823386,0,1709.2432162823386,15851.783427345146
2019-05-15,5929.4658203125,54.67396131977239,117.32354286203618,-62.64958154226379,HOLD,0,18092432.162823386,0.0,18092432.162823386,0,1709.2432162823386,16579.229107074316
2019-05-16,5948.0791015625,60.60942114993941,105.98071851961683,-45.37129736967742,HOLD,0,18092432.162823386,0.0,18092432.162823386,0,1709.2432162823386,16631.58714265648
2019-05-17,5800.1943359375,52.771929216025455,95.33896065889856,-42.5670314428731,HOLD,0,18092432.162823386,0.0,18092432.162823386,0,1709.2432162823386,16215.596231830155
2019-05-20,5660.56103515625,34.89121576712114,83.24941168054308,-48.35819591342194,HOLD,0,18092432.162823386,0.0,18092432.162823386,0,1709.2432162823386,15822.81619307369
2019-05-21,5724.78076171875,25.607430246416698,71.7210153937178,-46.11358514730111,HOLD,0,18092432.162823386,0.0,18092432.162823386,0,1709.2432162823386,16003.462403877407
2019-05-22,5680.005859375,14.47019946349792,60.27085220767383,-45.80065274417591,HOLD,0,18092432.162823386,0.0,18092432.162823386,0,1709.2432162823386,15877.513308786927
2019-05-23,5507.30322265625,-8.197302221064092,46.57722132192625,-54.774523542990345,HOLD,0,18092432.162823386,0.0,18092432.162823386,0,1709.2432162823386,15391.711226015828
2019-05-24,5619.240234375,-16.933876085011434,33.875001840538715,-50.80887792555015,HOLD,0,18092432.162823386,0.0,18092432.162823386,0,1709.2432162823386,15706.583276989199
2019-05-27,5622.4384765625,-23.330661062206673,22.43386925998964,-45.76453032219631,HOLD,0,18092432.162823386,0.0,18092432.162823386,0,1709.2432162823386,15715.579739031778
2019-05-28,5680.005859375,-23.48424085061015,13.250247237869681,-36.73448808847983,HOLD,0,18092432.162823386,0.0,18092432.162823386,0,1709.2432162823386,15877.513308786927
2019-05-29,5832.94384765625,-11.136758817942791,8.372846026707187,-19.509604844649978,HOLD,0,18092432.162823386,0.0,18092432.162823386,0,1709.2432162823386,16307.71862964053
2019-05-30,5790.66357421875,-4.708676373483286,5.756541546669093,-10.465217920152378,HOLD,0,18092432.162823386,0.0,18092432.162823386,0,1709.2432162823386,16188.786774943264
2019-05-31,5692.798828125,-7.425643646715798,3.1201045079921146,-10.545748154707912,HOLD,0,18092432.162823386,0.0,18092432.162823386,0,1709.2432162823386,15913.499156957252
2019-06-03,5705.59130859375,-8.44921621773301,0.8062403628470896,-9.2554565805801,HOLD,0,18092432.162823386,0.0,18092432.162823386,0,1709.2432162823386,15949.483631621919
2019-06-04,5598.771484375,-17.67611271426813,-2.8902302525759547,-14.785882461692175,HOLD,0,18092432.162823386,0.0,18092432.162823386,0,1709.2432162823386,15649.00591991668
2019-06-05,5575.10498046875,-26.591651731548154,-7.630514548370395,-18.961137183177758,HOLD,0,18092432.162823386,0.0,18092432.162823386,0,1709.2432162823386,15582.433474307234
2019-06-06,5514.53076171875,-38.105853292305255,-13.725582297157368,-24.38027099514789,HOLD,0,18092432.162823386,0.0,18092432.162823386,0,1709.2432162823386,15412.041856726406
2019-06-10,5571.77880859375,-42.12590088073466,-19.40564601387283,-22.720254866861833,HOLD,0,18092432.162823386,0.0,18092432.162823386,0,1709.2432162823386,15573.07715378295
2019-06-11,5826.41943359375,-24.482231317473634,-20.42096307459299,-4.061268242880644,HOLD,0,18092432.162823386,0.0,18092432.162823386,0,1709.2432162823386,16289.365847073665
2019-06-12,5799.61865234375,-12.51779775574505,-18.840330010823404,6.322532255078354,BUY,3000,683136.8922179192,17398855.95703125,18081992.84924917,3000,1708.1992849249168,16213.976868662494
2019-06-13,5820.7265625,-1.3174789384420365,-15.335759796347132,14.018280857905095,HOLD,3000,683136.8922179192,17462179.6875,18145316.57971792,0,1714.5316579717921,16273.35214463787
2019-06-14,5839.916015625,9.003496212589198,-10.467908594559866,19.471404807149064,HOLD,3000,683136.8922179192,17519748.046875,18202884.93909292,0,1720.288493909292,16327.330916893356
2019-06-17,5830.9609375,16.272761153282772,-5.119774644991338,21.39253579827411,HOLD,3000,683136.8922179192,17492882.8125,18176019.70471792,0,1717.601970471792,16302.14082317413
2019-06-18,5865.50146484375,24.537979329073096,0.811776149821549,23.72620317925155,HOLD,3000,683136.8922179192,17596504.39453125,18279641.28674917,0,1727.9641286749168,16399.30123972835
2019-06-19,5961.51171875,38.392880156427054,8.32799695114265,30.064883205284403,HOLD,3000,683136.8922179192,17884535.15625,18567672.04846792,0,1756.7672048467919,16669.372283235323
2019-06-20,6236.4931640625,70.74617552863947,20.811632666642016,49.93454286199746,HOLD,3000,683136.8922179192,18709479.4921875,19392616.38440542,0,1839.261638440542,17442.878475116853
2019-06-21,6244.80810546875,95.95127491501808,35.83956111631723,60.11171379870085,HOLD,3000,683136.8922179192,18734424.31640625,19417561.20862417,0,1841.7561208624168,17466.267902921907
2019-06-24,6313.88916015625,120.11613748722266,52.694876390498315,67.42126109672435,HOLD,3000,683136.8922179192,18941667.48046875,19624804.37268667,0,1862.4804372686667,17660.58873603035
2019-06-25,6287.5361328125,135.57764145241526,69.27142940288171,66.30621204953356,HOLD,3000,683136.8922179192,18862608.3984375,19545745.29065542,0,1854.5745290655418,17586.459262305136
2019-06-26,6267.57958984375,144.5543361005448,84.32801074241432,60.22632535813047,HOLD,3000,683136.8922179192,18802738.76953125,19485875.66174917,0,1848.587566174917,17530.322712665085
2019-06-27,6373.05615234375,158.35410086930005,99.13322876779148,59.220872101508576,HOLD,3000,683136.8922179192,19119168.45703125,19802305.34924917,0,1880.230534924917,17827.02191031244
2019-06-28,6387.27197265625,168.4953027971651,113.0056435736662,55.48965922349889,HOLD,3000,683136.8922179192,19161815.91796875,19844952.81018667,0,1884.495281018667,17867.010153962474
2019-07-01,6697.9375,199.3029497618354,130.26510481130006,69.03784495053534,HOLD,3000,683136.8922179192,20093812.5,20776949.39221792,0,1977.6949392217919,18740.893512643066
2019-07-02,6653.408203125,217.61654179527432,147.73539220809494,69.88114958717938,HOLD,3000,683136.8922179192,19960224.609375,20643361.50159292,0,1964.3361501592922,18615.63529089723
2019-07-03,6412.58740234375,210.27406094097114,160.24312595467018,50.03093498630096,HOLD,3000,683136.8922179192,19237762.20703125,19920899.09924917,0,1892.0899099249168,17938.220928170053
2019-07-04,6369.0966796875,198.65577400914117,167.9256555655644,30.73011844357677,HOLD,3000,683136.8922179192,19107290.0390625,19790426.93128042,0,1879.0426931280417,17815.88415295316
2019-07-05,6489.96142578125,196.93087625510998,173.7266997034735,23.204176551636465,HOLD,3000,683136.8922179192,19469884.27734375,20153021.16956167,0,1915.3021169561669,18155.86938132906
2019-07-08,6392.8544921875,185.58881207276227,176.09912217733128,9.489689895430985,HOLD,3000,683136.8922179192,19178563.4765625,19861700.36878042,0,1886.1700368780419,17882.713444120156
2019-07-09,6335.732421875,170.03086088419604,174.88546991870425,-4.854609034508201,SELL,0,19678929.839483544,0.0,19678929.839483544,3000,1867.8929839483544,17722.03251152269
2019-07-10,6377.6650390625,159.24896134247956,171.75816820345932,-12.50920686097976,HOLD,0,19678929.839483544,0.0,19678929.839483544,0,1867.8929839483544,17839.986430193345
2019-07-11,6371.0439453125,148.4586227546115,167.09825911368978,-18.63963635907828,HOLD,0,19678929.839483544,0.0,19678929.839483544,0,1867.8929839483544,17821.36169350672
2019-07-12,6400.83837890625,140.68958155216933,161.81652360138568,-21.126942049216353,HOLD,0,19678929.839483544,0.0,19678929.839483544,0,1867.8929839483544,17905.17163509088
2019-07-15,6334.888671875,127.73848054431892,155.00091498997233,-27.262434445653412,HOLD,0,19678929.839483544,0.0,19678929.839483544,0,1867.8929839483544,17719.659093750237
2019-07-16,6283.4140625,112.02966071002811,146.4066641339835,-34.37700342395539,HOLD,0,19678929.839483544,0.0,19678929.839483544,0,1867.8929839483544,17574.86412756262
2019-07-17,6254.20361328125,96.11531120747804,136.34839354868242,-40.23308234120438,HOLD,0,19678929.839483544,0.0,19678929.839483544,0,1867.8929839483544,17492.696898742266
2019-07-18,6150.345703125,74.26651108666283,123.93201705627851,-49.66550596961568,HOLD,0,19678929.839483544,0.0,19678929.839483544,0,1867.8929839483544,17200.550872342414
2019-07-19,6204.67626953125,60.63622556473729,111.27285875797027,-50.63663319323298,HOLD,0,19678929.839483544,0.0,19678929.839483544,0,1867.8929839483544,17353.37947310821
2019-07-22,6212.14111328125,49.861701930012714,98.99062739237877,-49.128925462366055,HOLD,0,19678929.839483544,0.0,19678929.839483544,0,1867.8929839483544,17374.37762756729
2019-07-23,6192.408203125,39.27776377717964,87.04805466933895,-47.77029089215931,HOLD,0,19678929.839483544,0.0,19678929.839483544,0,1867.8929839483544,17318.870143517393
2019-07-24,6142.94580078125,26.592175991530894,74.95687893377735,-48.36470294224645,HOLD,0,19678929.839483544,0.0,19678929.839483544,0,1867.8929839483544,17179.735394135496
2019-07-25,6250.9580078125,24.966638817330022,64.95883091048789,-39.99219209315787,HOLD,0,19678929.839483544,0.0,19678929.839483544,0,1867.8929839483544,17483.567206651118
2019-07-26,6264.13525390625,24.459726032288017,56.85900993484792,-32.3992839025599,HOLD,0,19678929.839483544,0.0,19678929.839483544,0,1867.8929839483544,17520.634003772204
2019-07-29,6338.00439453125,29.676523802899283,51.42251270845819,-21.74598890555891,HOLD,0,19678929.839483544,0.0,19678929.839483544,0,1867.8929839483544,17728.423433337066
2019-07-30,6354.36181640625,34.73043008268996,48.08409618330455,-13.35366610061459,HOLD,0,19678929.839483544,0.0,19678929.839483544,0,1867.8929839483544,17774.435872791484
2019-07-31,6313.27294921875,35.016510496825504,45.470579046008744,-10.45406854918324,HOLD,0,19678929.839483544,0.0,19678929.839483544,0,1867.8929839483544,17658.85537189329
2019-08-01,6226.94091796875,27.954713336996065,41.96740590420621,-14.012692567210145,HOLD,0,19678929.839483544,0.0,19678929.839483544,0,1867.8929839483544,17416.008583981125
2019-08-02,6195.458984375,19.59201472467157,37.49232766829928,-17.90031294362771,HOLD,0,19678929.839483544,0.0,19678929.839483544,0,1867.8929839483544,17327.451806852052
2019-08-05,6117.435546875,6.592680173993358,31.312398169438097,-24.71971799544474,HOLD,0,19678929.839483544,0.0,19678929.839483544,0,1867.8929839483544,17107.976591171428
2019-08-06,6142.55615234375,-1.6631909627803907,24.7172803429944,-26.38047130577479,HOLD,0,19678929.839483544,0.0,19678929.839483544,0,1867.8929839483544,17178.63933662252
2019-08-07,6134.11767578125,-8.785667152272254,18.01669084394107,-26.802357996213324,HOLD,0,19678929.839483544,0.0,19678929.839483544,0,1867.8929839483544,17154.902411886662
2019-08-08,6307.30126953125,-0.4506177462926644,14.323229125894324,-14.773846872186988,HOLD,0,19678929.839483544,0.0,19678929.839483544,0,1867.8929839483544,17642.057397728284
2019-08-09,6244.66162109375,1.0879318302877437,11.676169666773008,-10.588237836485265,HOLD,0,19678929.839483544,0.0,19678929.839483544,0,1867.8929839483544,17465.855851225304
2019-08-12,6612.0595703125,31.58904859485574,15.658745452389555,15.930303142466185,BUY,2900,492452.1019249521,19174972.75390625,19667424.855831202,2900,1866.7424855831205,18499.32408499038
2019-08-13,6607.64599609375,54.773865796428254,23.481769521197297,31.292096275230957,HOLD,2900,492452.1019249521,19162173.388671875,19654625.490596827,0,1865.4625490596827,18486.908967371623
2019-08-14,6772.390625,85.45642669848348,35.87670095665454,49.579725741828945,HOLD,2900,492452.1019249521,19639932.8125,20132384.914424952,0,1913.2384914424954,18950.325654971733
2019-08-15,6782.58154296875,109.33455844890068,50.568272455103774,58.766285993796906,HOLD,2900,492452.1019249521,19669486.474609375,20161938.576534327,0,1916.1938576534328,18978.992091504664
2019-08-16,6845.5458984375,131.81931614318637,66.8184811927203,65.00083495046607,HOLD,2900,492452.1019249521,19852083.10546875,20344535.207393702,0,1934.45352073937,19156.10701926846
2019-08-19,6853.8544921875,148.59615866841614,83.17401668785948,65.42214198055666,HOLD,2900,492452.1019249521,19876178.02734375,20368630.129268702,0,1936.8630129268702,19179.478591499996
2019-08-20,6945.50927734375,167.3584978255085,100.01091291538928,67.34758491011921,HOLD,2900,492452.1019249521,20141976.904296875,20634429.006221827,0,1963.4429006221826,19437.297964561192
2019-08-21,6919.54443359375,178.0798472611168,115.6246997845348,62.45514747658201,HOLD,2900,492452.1019249521,20066678.857421875,20559130.959346827,0,1955.9130959346828,19364.26042783199
2019-08-22,7166.20751953125,204.1271923095428,133.32519828953642,70.80199402000639,HOLD,2900,492452.1019249521,20782001.806640625,21274453.908565577,0,2027.4453908565577,20058.1087857255
2019-08-23,7335.6259765625,235.72328323818692,153.80481527926653,81.91846795892039,HOLD,2900,492452.1019249521,21273315.33203125,21765767.433956202,0,2076.5767433956203,20534.672669458676
2019-08-26,7159.3916015625,243.73316749010883,171.790485721435,71.94268176867382,HOLD,2900,492452.1019249521,20762235.64453125,21254687.746456202,0,2025.4687746456202,20038.93602028239
2019-08-27,7198.6630859375,250.36389985996084,187.5051685491402,62.858731310820644,HOLD,2900,492452.1019249521,20876122.94921875,21368575.051143702,0,2036.85750511437,20149.404333131348
2019-08-28,7140.95703125,248.10243624463237,199.62462208823865,48.47781415639372,HOLD,2900,492452.1019249521,20708775.390625,21201227.492549952,0,2020.1227492549951,19987.08068777008
2019-08-29,7225.27685546875,250.2296238199342,209.74562243457777,40.484001385356436,HOLD,2900,492452.1019249521,20953302.880859375,21445754.982784327,0,2044.5754982784326,20224.267258876524
2019-08-30,7412.87060546875,264.00934771716584,220.5983674910954,43.41098022607045,HOLD,2900,492452.1019249521,21497324.755859375,21989776.857784327,0,2098.9776857784327,20751.95714361901
2019-09-02,7391.83935546875,270.119067605684,230.50250751401313,39.61656009167086,HOLD,2900,492452.1019249521,21436334.130859375,21928786.232784327,0,2092.8786232784328,20692.79750803152
2019-09-03,7399.88818359375,272.4696769687034,238.8959414049512,33.57373556375222,HOLD,2900,492452.1019249521,21459675.732421875,21952127.834346827,0,2095.2127834346825,20715.43837525441
2019-09-04,7302.5859375,263.4442523998441,243.8056036039298,19.63864879591432,HOLD,2900,492452.1019249521,21177499.21875,21669951.320674952,0,2066.995132067495,20441.733035783363
2019-09-05,7425.8525390625,263.2040702850709,247.68529694015803,15.518773344912859,HOLD,2900,492452.1019249521,21534972.36328125,22027424.465206202,0,2102.7424465206204,20788.474538477956
2019-09-06,7416.05126953125,259.2345491751612,249.99514738715868,9.23940178800251,HOLD,2900,492452.1019249521,21506548.681640625,21999000.783565577,0,2099.900078356558,20760.904159457998
2019-09-09,7377.298828125,250.0789227896894,250.01190246766484,0.06702032202454689,HOLD,2900,492452.1019249521,21394166.6015625,21886618.703487452,0,2088.661870348745,20651.89588312068
2019-09-10,7295.056640625,233.4951786382262,246.70855770177712,-13.213379063550917,SELL,0,21635422.961182762,0.0,21635422.961182762,2900,2063.542296118276,20420.553578577776
2019-09-11,6942.3935546875,189.70863515544806,235.30857319251132,-45.599938037063254,HOLD,0,21635422.961182762,0.0,21635422.961182762,0,2063.542296118276,19428.533624974367
2019-09-12,7133.751953125,168.50607435164238,221.94807342433754,-53.441999072695154,HOLD,0,21635422.961182762,0.0,21635422.961182762,0,2063.542296118276,19966.813238319646
2019-09-16,7133.751953125,149.97408427057962,207.55327559358597,-57.57919132300634,HOLD,0,21635422.961182762,0.0,21635422.961182762,0,2063.542296118276,19966.813238319646
2019-09-17,7101.361328125,131.16174492763093,192.27496946039497,-61.113224532764036,HOLD,0,21635422.961182762,0.0,21635422.961182762,0,2063.542296118276,19875.700367165962
2019-09-18,7457.6591796875,143.3506325194512,182.49010207220624,-39.13946955275503,HOLD,0,21635422.961182762,0.0,21635422.961182762,0,2063.542296118276,20877.94469686784
2019-09-19,7432.34375,149.24724085683738,175.84152982913247,-26.59428897229509,HOLD,0,21635422.961182762,0.0,21635422.961182762,0,2063.542296118276,20806.733922660256
2019-09-20,7512.9638671875,158.5975018557092,172.39272423444783,-13.795222378738629,HOLD,0,21635422.961182762,0.0,21635422.961182762,0,2063.542296118276,21033.513441416068
2019-09-23,7458.30859375,159.75586114635553,169.86535161682937,-10.109490470473844,HOLD,0,21635422.961182762,0.0,21635422.961182762,0,2063.542296118276,20879.771459389463
2019-09-24,7685.498046875,176.9662031629996,171.28552192606344,5.680681236936152,BUY,2700,872127.7277843244,20750844.7265625,21622972.454346824,2700,2062.2972454346827,21518.84166473607
2019-09-25,7620.58642578125,183.25524547439636,173.67946663573002,9.575778838666338,HOLD,2700,872127.7277843244,20575583.349609375,21447711.0773937,0,2044.7711077393699,21336.24919641871
2019-09-26,7575.14892578125,182.46953508618117,175.43748032582025,7.032054760360921,HOLD,2700,872127.7277843244,20452902.099609375,21325029.8273937,0,2032.5029827393698,21208.436254153916
2019-09-27,7625.455078125,183.78755152071426,177.10749456479905,6.680056955915205,HOLD,2700,872127.7277843244,20588728.7109375,21460856.438721824,0,2046.0856438721823,21349.944421308264
2019-09-30,7464.79931640625,169.90989620814707,175.66797489346868,-5.758078685321607,SELL,0,21014992.90718862,0.0,21014992.90718862,2700,2001.499290718862,20898.029470066107
2019-10-08,7575.7978515625,165.9553782269113,173.72545556015723,-7.770077333245922,HOLD,0,21014992.90718862,0.0,21014992.90718862,0,2001.499290718862,21210.261643169884
2019-10-09,7444.0927734375,150.45949177321472,169.07226280276873,-18.61277102955401,HOLD,0,21014992.90718862,0.0,21014992.90718862,0,2001.499290718862,20839.78321573943
2019-10-10,7497.25537109375,140.84509289149264,163.42682882051352,-22.58173592902088,HOLD,0,21014992.90718862,0.0,21014992.90718862,0,2001.499290718862,20989.326390977614
2019-10-11,7624.4814453125,141.85646045299018,159.11275514700887,-17.256294694018692,HOLD,0,21014992.90718862,0.0,21014992.90718862,0,2001.499290718862,21347.205651031487
2019-10-14,7659.533203125,143.82839622606662,156.05588336282042,-12.227487136753808,HOLD,0,21014992.90718862,0.0,21014992.90718862,0,2001.499290718862,21445.804128006865
2019-10-15,7860.75830078125,159.78643465075857,156.80199362040807,2.984441030350496,BUY,2600,564758.5422081538,20437971.58203125,21002730.124239404,2600,2000.2730124239401,22011.838170129922
2019-10-16,7594.6220703125,149.2380026708779,155.28919543050205,-6.0511927596241435,SELL,0,20298928.314590964,0.0,20298928.314590964,2600,1929.8928314590962,21263.213033195163
2019-10-17,7681.14892578125,146.1752708987251,153.46641052414665,-7.29113962542155,HOLD,0,20298928.314590964,0.0,20298928.314590964,0,1929.8928314590962,21506.607849863816
2019-10-18,7632.20556640625,138.20556610260883,150.4142416398391,-12.208675537230278,HOLD,0,20298928.314590964,0.0,20298928.314590964,0,1929.8928314590962,21368.93313699356
2019-10-21,7584.88525390625,126.61166344351386,145.65372600057407,-19.042062557060206,HOLD,0,20298928.314590964,0.0,20298928.314590964,0,1929.8928314590962,21235.82395692171
2019-10-22,7599.81494140625,117.2762257368895,139.97822594783716,-22.70200021094766,HOLD,0,20298928.314590964,0.0,20298928.314590964,0,1929.8928314590962,21277.820265839873
2019-10-23,7522.63525390625,102.46887097258968,132.4763549527877,-30.007483980198003,HOLD,0,20298928.314590964,0.0,20298928.314590964,0,1929.8928314590962,21060.7184679317
2019-10-24,7466.55224609375,85.22607250300916,123.02629846283199,-37.800225959822825,HOLD,0,20298928.314590964,0.0,20298928.314590964,0,1929.8928314590962,20902.960355368836
2019-10-25,7603.38525390625,81.66097378393079,114.75323352705175,-33.09225974312096,HOLD,0,20298928.314590964,0.0,20298928.314590964,0,1929.8928314590962,21287.863339191834
2019-10-28,7648.43359375,81.53079564359632,108.10874595036067,-26.57795030676435,HOLD,0,20298928.314590964,0.0,20298928.314590964,0,1929.8928314590962,21414.581597449313
2019-10-29,7743.91796875,88.11666552631232,104.11032986555101,-15.993664339238691,HOLD,0,20298928.314590964,0.0,20298928.314590964,0,1929.8928314590962,21683.173375365466
2019-10-30,7684.19970703125,87.50850663034817,100.78996521851045,-13.28145858816228,HOLD,0,20298928.314590964,0.0,20298928.314590964,0,1929.8928314590962,21515.189513198475
2019-10-31,7659.59814453125,84.0722631177805,97.44642479836446,-13.374161680583967,HOLD,0,20298928.314590964,0.0,20298928.314590964,0,1929.8928314590962,21445.986804259028
2019-11-01,7691.9892578125,83.00586754355754,94.55831334740309,-11.552445803845544,HOLD,0,20298928.314590964,0.0,20298928.314590964,0,1929.8928314590962,21537.10104891837
2019-11-04,7786.69482421875,88.77929662130555,93.40251000218358,-4.623213380878028,HOLD,0,20298928.314590964,0.0,20298928.314590964,0,1929.8928314590962,21803.50208531423
2019-11-05,7782.86474609375,91.98537531758848,93.11908306526456,-1.133707747676084,HOLD,0,20298928.314590964,0.0,20298928.314590964,0,1929.8928314590962,21792.72830695362
2019-11-06,7743.91796875,90.34212852152723,92.5636921565171,-2.2215636349898773,HOLD,0,20298928.314590964,0.0,20298928.314590964,0,1929.8928314590962,21683.173375365466
2019-11-07,7798.2490234375,92.35924575300032,92.52280287581375,-0.1635571228134296,HOLD,0,20298928.314590964,0.0,20298928.314590964,0,1929.8928314590962,21836.003349636918
2019-11-08,7821.8115234375,94.76671086879287,92.97158447440958,1.7951263943832885,BUY,2500,732666.7887120582,19554528.80859375,20287195.59730581,2500,1928.7195597305806,21902.28323854177
2019-11-11,7782.86474609375,92.46607354042499,92.87048228761267,-0.4044087471876878,SELL,0,20178154.356827293,0.0,20178154.356827293,2500,1917.8154356827292,21792.72830695362
2019-11-12,7799.74169921875,90.95614513027431,92.487614856145,-1.5314697258706929,HOLD,0,20178154.356827293,0.0,20178154.356827293,0,1917.8154356827292,21840.20215642534
2019-11-13,7945.14306640625,100.33558498194816,94.05720888130564,6.278376100642518,BUY,2500,303378.9762120582,19862857.666015625,20166236.642227683,2500,1916.6236642227684,22249.207417488527
2019-11-14,7984.08984375,109.64758892755344,97.1752848905552,12.472304036998239,HOLD,2500,303378.9762120582,19960224.609375,20263603.58558706,0,1926.360358558706,22358.762349076675
2019-11-15,7950.9853515625,113.05295915000715,100.3508197424456,12.70213940756156,HOLD,2500,303378.9762120582,19877463.37890625,20180842.35511831,0,1918.084235511831,22265.64141265486
2019-11-18,7966.43408203125,115.6650088015731,103.4136575542711,12.251351247301997,HOLD,2500,303378.9762120582,19916085.205078125,20219464.181290183,0,1921.9464181290184,22309.097758084663
2019-11-19,7999.1494140625,119.00313676695623,106.53155339680814,12.471583370148096,HOLD,2500,303378.9762120582,19997873.53515625,20301252.51136831,0,1930.1252511368307,22401.124010499163
2019-11-20,8008.431640625,121.00278060502569,109.42579883845166,11.576981766574036,HOLD,2500,303378.9762120582,20021079.1015625,20324458.07777456,0,1932.445807777456,22427.23435300748
2019-11-21,7992.5283203125,119.92186312439571,111.52501169564047,8.396851428755241,HOLD,2500,303378.9762120582,19981320.80078125,20284699.77699331,0,1928.4699776993307,22382.499273812537
2019-11-22,7750.4091796875,98.39401213530618,108.89881178357362,-10.504799648267436,SELL,0,19667776.311661277,0.0,19667776.311661277,2500,1866.7776311661278,21701.43275954777
2019-11-25,7672.9052734375,74.2235151394625,101.9637524547514,-27.740237315288894,HOLD,0,19667776.311661277,0.0,19667776.311661277,0,1866.7776311661278,21483.41895388444
2019-11-26,7691.9892578125,55.96303316819558,92.76360859744024,-36.80057542924466,HOLD,0,19667776.311661277,0.0,19667776.311661277,0,1866.7776311661278,21537.10104891837
2019-11-27,7724.1201171875,43.58177786257875,82.92724245046794,-39.3454645878892,HOLD,0,19667776.311661277,0.0,19667776.311661277,0,1866.7776311661278,21627.483215063407
2019-11-28,7632.2705078125,26.057671358319567,71.55332823203827,-45.4956568737187,HOLD,0,19667776.311661277,0.0,19667776.311661277,0,1866.7776311661278,21369.115813245724
2019-11-29,7328.48583984375,-12.202530001308332,54.80215658536895,-67.00468658667728,HOLD,0,19667776.311661277,0.0,19667776.311661277,0,1866.7776311661278,20514.587896260407
2019-12-02,7354.4501953125,-39.96818043084477,35.84808918212621,-75.81626961297098,HOLD,0,19667776.311661277,0.0,19667776.311661277,0,1866.7776311661278,20587.624059483955
2019-12-03,7257.08349609375,-69.0335614123951,14.871759063221948,-83.90532047561705,HOLD,0,19667776.311661277,0.0,19667776.311661277,0,1866.7776311661278,20313.737417266402
2019-12-04,7285.18994140625,-88.77676669879656,-5.8579460891817545,-82.91882060961481,HOLD,0,19667776.311661277,0.0,19667776.311661277,0,1866.7776311661278,20392.799149799997
2019-12-05,7333.6787109375,-99.36533889278599,-24.559424649902603,-74.80591424288338,HOLD,0,19667776.311661277,0.0,19667776.311661277,0,1866.7776311661278,20529.195128905114
2019-12-06,7594.6220703125,-85.71286577391311,-36.790112874704704,-48.922752899208405,HOLD,0,19667776.311661277,0.0,19667776.311661277,0,1866.7776311661278,21263.213033195163
2019-12-09,7521.2724609375,-79.89094979589208,-45.41028025894218,-34.480669536949904,HOLD,0,19667776.311661277,0.0,19667776.311661277,0,1866.7776311661278,21056.885013647603
2019-12-10,7558.27197265625,-71.46765343901279,-50.621754894956304,-20.84589854405649,HOLD,0,19667776.311661277,0.0,19667776.311661277,0,1866.7776311661278,21160.962404682195
2019-12-11,7523.08984375,-66.86031012698186,-53.86946594136142,-12.990844185620439,HOLD,0,19667776.311661277,0.0,19667776.311661277,0,1866.7776311661278,21061.99720169684
2019-12-12,7380.4150390625,-73.8700932606962,-57.86959140522838,-16.000501855467817,HOLD,0,19667776.311661277,0.0,19667776.311661277,0,1866.7776311661278,20660.66159621316
2019-12-13,7549.18408203125,-65.05720660999486,-59.30711444618168,-5.750092163813186,HOLD,0,19667776.311661277,0.0,19667776.311661277,0,1866.7776311661278,21135.398717424712
2019-12-16,7451.2978515625,-65.2197188542741,-60.489635327800165,-4.7300835264739405,HOLD,0,19667776.311661277,0.0,19667776.311661277,0,1866.7776311661278,20860.05066518986
2019-12-17,7594.4921875,-53.180888613560455,-59.02788598495223,5.8469973713917724,BUY,2500,670154.104630027,18986230.46875,19656384.573380027,2500,1865.6384573380028,21262.84768069084
2019-12-18,7581.6396484375,-44.16798041726361,-56.055904871414505,11.887924454150898,HOLD,2500,670154.104630027,18954099.12109375,19624253.225723777,0,1862.4253225723778,21226.694264830563
2019-12-19,7512.833984375,-42.09201722096441,-53.26312734132449,11.171110120360083,HOLD,2500,670154.104630027,18782084.9609375,19452239.065567527,0,1845.2239065567526,21033.14808891174
2019-12-20,7440.7822265625,-45.73358779328282,-51.75721943171616,6.023631638433336,HOLD,2500,670154.104630027,18601955.56640625,19272109.671036277,0,1827.2109671036276,20830.47084739612
2019-12-23,7460.255859375,-46.51203747266936,-50.7081830399068,4.196145567237437,HOLD,2500,670154.104630027,18650639.6484375,19320793.753067527,0,1832.0793753067526,20885.24899994302
2019-12-24,7451.8173828125,-47.265037061531075,-50.01955384423166,2.754516782700584,HOLD,2500,670154.104630027,18629543.45703125,19299697.561661277,0,1829.9697561661276,20861.512075207163
2019-12-25,7358.994140625,-54.72106418387011,-50.959855912159355,-3.761208271710757,SELL,0,19056600.96498159,0.0,19056600.96498159,2500,1805.6600964981592,20600.405903112696
2019-12-26,7368.08154296875,-59.21415801943294,-52.61071633361408,-6.603441685818865,HOLD,0,19056600.96498159,0.0,19056600.96498159,0,1805.6600964981592,20625.968216864523
2019-12-27,7549.18408203125,-47.61265681986697,-51.61110443086466,3.9984476109976868,BUY,2400,927688.3430284671,18118041.796875,19045730.139903467,2400,1804.5730139903465,21135.398717424712
2019-12-30,7697.18212890625,-26.17445519690409,-46.52377458407255,20.349319387168457,HOLD,2400,927688.3430284671,18473237.109375,19400925.452403467,0,1840.0925452403467,21551.70828156308
2019-12-31,7679.0068359375,-10.529739914916718,-39.32496765024138,28.795227735324666,HOLD,2400,927688.3430284671,18429616.40625,19357304.749278467,0,1835.7304749278467,21500.582280553765
2020-01-02,7334.97705078125,-25.59645878149422,-36.57926587649195,10.982807094997732,HOLD,2400,927688.3430284671,17603944.921875,18531633.264903467,0,1753.1633264903467,20532.847280442707
2020-01-03,7001.0732421875,-63.74537186926591,-42.01248707504675,-21.73288479421916,SELL,0,17720182.578809716,0.0,17720182.578809716,2400,1672.0182578809715,19593.596040612418
2020-01-06,6997.373046875,-93.20285073083323,-52.25055980620405,-40.95229092462918,HOLD,0,17720182.578809716,0.0,17720182.578809716,0,1672.0182578809715,19583.18761475613
2020-01-07,7104.736328125,-106.65533907558438,-63.13151566008012,-43.52382341550426,HOLD,0,17720182.578809716,0.0,17720182.578809716,0,1672.0182578809715,19885.19403825578
2020-01-08,7063.25830078125,-119.28838096769141,-74.36288872160237,-44.925492246089036,HOLD,0,17720182.578809716,0.0,17720182.578809716,0,1672.0182578809715,19768.518853350262
2020-01-09,7157.76904296875,-120.28733314777219,-83.54777760683635,-36.73955554093584,HOLD,0,17720182.578809716,0.0,17720182.578809716,0,1672.0182578809715,20034.37186098964
2020-01-10,7221.38232421875,-114.62462842392961,-89.763147770255,-24.861480653674604,HOLD,0,17720182.578809716,0.0,17720182.578809716,0,1672.0182578809715,20213.312177769403
2020-01-13,7297.78271484375,-102.78715477648711,-92.36794917150144,-10.419205604985677,HOLD,0,17720182.578809716,0.0,17720182.578809716,0,1672.0182578809715,20428.221860651625
2020-01-14,7188.27734375,-101.07688844734821,-94.1097370266708,-6.967151420677411,HOLD,0,17720182.578809716,0.0,17720182.578809716,0,1672.0182578809715,20120.18986784193
2020-01-15,7218.98046875,-96.13581068580243,-94.51495175849713,-1.6208589273052922,HOLD,0,17720182.578809716,0.0,17720182.578809716,0,1672.0182578809715,20206.55590345071
2020-01-16,7185.68115234375,-93.8253868459351,-94.37703877598473,0.5516519300496299,BUY,2400,464200.4323253408,17245634.765625,17709835.19795034,2400,1670.983519795034,20112.8869382724
2020-01-17,7188.92626953125,-90.68712079295165,-93.63905517937812,2.9519343864264727,HOLD,2400,464200.4323253408,17253423.046875,17717623.47920034,0,1671.7623479200342,20122.0152568579
2020-01-20,7081.82275390625,-95.73876406861473,-94.05899695722545,-1.6797671113892818,SELL,0,17450377.216934714,0.0,17450377.216934714,2400,1645.0377216934714,19820.739538366895
2020-01-21,6979.912109375,-106.73518826065992,-96.59423521791234,-10.140953042747583,HOLD,0,17450377.216934714,0.0,17450377.216934714,0,1645.0377216934714,19534.0710525206
2020-01-22,6981.275390625,-114.0255131175536,-100.0804907978406,-13.945022319713004,HOLD,0,17450377.216934714,0.0,17450377.216934714,0,1645.0377216934714,19537.905880310354
2020-01-23,6833.86181640625,-130.1973574517442,-106.10386412862132,-24.093493323122885,HOLD,0,17450377.216934714,0.0,17450377.216934714,0,1645.0377216934714,19123.240402441446
2020-02-03,6516.5751953125,-166.69448894097513,-118.2219890910921,-48.472499849883036,HOLD,0,17450377.216934714,0.0,17450377.216934714,0,1645.0377216934714,18230.73230707423
2020-02-04,6737.85791015625,-175.73727295279787,-129.72504586343325,-46.012227089364615,HOLD,0,17450377.216934714,0.0,17450377.216934714,0,1645.0377216934714,18853.187214507998
2020-02-05,6815.62158203125,-174.6160014398065,-138.7032369787079,-35.91276446109859,HOLD,0,17450377.216934714,0.0,17450377.216934714,0,1645.0377216934714,19071.931725179973
2020-02-06,6952.0,-160.86839638294896,-143.13626885955614,-17.73212752339282,HOLD,0,17450377.216934714,0.0,17450377.216934714,0,1645.0377216934714,19455.55597523784
2020-02-07,6984.4560546875,-145.675135678056,-143.64404222325612,-2.0310934547998727,HOLD,0,17450377.216934714,0.0,17450377.216934714,0,1645.0377216934714,19546.852896149343
2020-02-10,6922.72509765625,-137.0358751661397,-142.32240881183284,5.28653364569314,BUY,2400,825868.2584190909,16614540.234375,17440408.49279409,2400,1644.0408492794088,19373.207443670977
2020-02-11,7127.2607421875,-112.38932762107834,-136.33579257368194,23.946464952603606,HOLD,2400,825868.2584190909,17105425.78125,17931294.03966909,0,1693.129403966909,19948.553854137346
2020-02-12,7122.52197265625,-92.17658591594682,-127.50395124213493,35.327365326188115,HOLD,2400,825868.2584190909,17094052.734375,17919920.99279409,0,1691.992099279409,19935.22398175212
2020-02-13,7081.82275390625,-78.5366081735674,-117.71048262842143,39.17387445485403,HOLD,2400,825868.2584190909,16996374.609375,17822242.86779409,0,1682.2242867794089,19820.739538366895
2020-02-14,7062.349609375,-68.50842508247479,-107.87007111923211,39.36164603675732,HOLD,2400,825868.2584190909,16949639.0625,17775507.32091909,0,1677.550732091909,19765.962759325645
2020-02-17,7100.1279296875,-56.85720850375583,-97.66749859613685,40.810290092381024,HOLD,2400,825868.2584190909,17040307.03125,17866175.28966909,0,1686.617528966909,19872.230891880532
2020-02-18,7036.384765625,-52.16574183876219,-88.56714724466192,36.40140540589974,HOLD,2400,825868.2584190909,16887323.4375,17713191.69591909,0,1671.319169591909,19692.925222596445
2020-02-19,7117.52392578125,-41.42297037265598,-79.13831187026074,37.715341497604754,HOLD,2400,825868.2584190909,17082057.421875,17907925.68029409,0,1690.7925680294088,19921.164777863894
2020-02-20,7257.08349609375,-21.401255263198436,-67.59090054884828,46.189645285649846,HOLD,2400,825868.2584190909,17417000.390625,18242868.64904409,0,1724.2868649044087,20313.737417266402
2020-02-21,7223.8486328125,-8.122051547304181,-55.697130748539465,47.57507920123528,HOLD,2400,825868.2584190909,17337236.71875,18163104.97716909,0,1716.3104977169087,20220.249754834607
2020-02-24,7057.02685546875,-10.933278150053411,-46.744360228842254,35.81108207878884,HOLD,2400,825868.2584190909,16936864.453125,17762732.71154409,0,1676.273271154409,19750.99017417661
2020-02-25,6976.7314453125,-19.416542217092683,-41.278796626492344,21.86225440939966,HOLD,2400,825868.2584190909,16744155.46875,17570023.72716909,0,1657.0023727169091,19525.124036681616
2020-02-26,6969.5263671875,-26.41646710902296,-38.30633072299847,11.889863613975507,HOLD,2400,825868.2584190909,16726863.28125,17552731.53966909,0,1655.273153966909,19504.85658723118
2020-02-27,7058.3896484375,-24.510887627098782,-35.54724210381853,11.036354476719751,HOLD,2400,825868.2584190909,16940135.15625,17766003.41466909,0,1676.600341466909,19754.82362846071
2020-02-28,6861.12451171875,-38.47483611737698,-36.13276090653022,-2.342075210846758,SELL,0,17282687.067247216,0.0,17282687.067247216,2400,1628.2687067247216,19199.92871720259
2020-03-02,7049.43212890625,-33.9551016703881,-35.697229059301804,1.7421273889137012,BUY,2400,353898.77560659125,16918637.109375,17272535.88498159,2400,1627.253588498159,19729.626667213208
2020-03-03,7224.6279296875,-16.051313062186637,-31.76804585987877,15.716732797692135,HOLD,2400,353898.77560659125,17339107.03125,17693005.80685659,0,1669.300580685659,20222.441869860555
2020-03-04,7327.96630859375,6.402310097013469,-24.133974668500326,30.536284765513795,HOLD,2400,353898.77560659125,17587119.140625,17941017.91623159,0,1694.101791623159,20513.126486243105
2020-03-05,7601.11328125,45.710721386947625,-10.165035457410736,55.875756844358364,HOLD,2400,353898.77560659125,18242671.875,18596570.65060659,0,1759.657065060659,21281.472417377463
2020-03-06,7500.50048828125,67.96089807087719,5.4601512482468495,62.50074682263034,HOLD,2400,353898.77560659125,18001201.171875,18355099.94748159,0,1735.509994748159,20998.45470956311
2020-03-09,7231.18359375,63.13492071737892,16.995105142073264,46.139815575305654,HOLD,2400,353898.77560659125,17354840.625,17708739.40060659,0,1670.8739400606594,20240.882556789362
2020-03-10,7503.74609375,80.37727554620596,29.671539222899806,50.705736323306155,HOLD,2400,353898.77560659125,18008990.625,18362889.40060659,0,1736.2889400606591,21007.584401654258
2020-03-11,7520.10400390625,94.27516717047274,42.59226481241439,51.68290235805835,HOLD,2400,353898.77560659125,18048249.609375,18402148.38498159,0,1740.214838498159,21053.598214614336
2020-03-12,7390.1513671875,93.72287571710149,52.818386993351815,40.90448872374967,HOLD,2400,353898.77560659125,17736363.28125,18090262.05685659,0,1709.026205685659,20688.049298980957
2020-03-13,7218.3310546875,78.51563810301104,57.95783721528367,20.557800887727375,HOLD,2400,353898.77560659125,17323994.53125,17677893.30685659,0,1667.7893306856593,20204.729140929085
2020-03-16,6926.03564453125,42.38935781622513,54.84414133547196,-12.454783519246831,SELL,0,16966410.831153467,0.0,16966410.831153467,2400,1596.6410831153466,19382.51981201429
2020-03-17,6783.8798828125,2.2621616958376762,44.32774540754511,-42.06558371170743,HOLD,0,16966410.831153467,0.0,16966410.831153467,0,1596.6410831153466,18982.644243042258
2020-03-18,6542.994140625,-48.41826098547335,25.778544128941416,-74.19680511441477,HOLD,0,16966410.831153467,0.0,16966410.831153467,0,1596.6410831153466,18305.047204062917
2020-03-19,6465.16552734375,-93.7819201458542,1.8664512739822916,-95.6483714198365,HOLD,0,16966410.831153467,0.0,16966410.831153467,0,1596.6410831153466,18086.120017138775
2020-03-20,6720.13720703125,-107.91488754548664,-20.089816489911495,-87.82507105557514,HOLD,0,16966410.831153467,0.0,16966410.831153467,0,1596.6410831153466,18803.339947263823
2020-03-23,6614.46142578125,-126.1879028153362,-41.30943375499644,-84.87846906033977,HOLD,0,16966410.831153467,0.0,16966410.831153467,0,1596.6410831153466,18506.08035930908
2020-03-24,6854.63330078125,-119.90731902031348,-57.02901080805985,-62.87830821225363,HOLD,0,16966410.831153467,0.0,16966410.831153467,0,1596.6410831153466,19181.66933302029
2020-03-25,7011.0693359375,-101.14094066109101,-65.85139677866609,-35.28954388242492,HOLD,0,16966410.831153467,0.0,16966410.831153467,0,1596.6410831153466,19621.714448388862
2020-03-26,6912.5341796875,-93.14568870544826,-71.31025516402252,-21.835433541425743,HOLD,0,16966410.831153467,0.0,16966410.831153467,0,1596.6410831153466,19344.541007138047
2020-03-27,6981.21044921875,-80.34166423394163,-73.11653697800635,-7.225127255935277,HOLD,0,16966410.831153467,0.0,16966410.831153467,0,1596.6410831153466,19537.723204058195
2020-03-30,6958.4912109375,-71.20680749683379,-72.73459108177184,1.5277835849380494,BUY,2400,256011.69755971804,16700378.90625,16956390.603809718,2400,1595.6390603809718,19473.81535942014
2020-03-31,7211.6455078125,-43.043750103123784,-66.79642288604224,23.752672782918452,HOLD,2400,256011.69755971804,17307949.21875,17563960.916309718,0,1656.3960916309718,20185.92310149595
2020-04-01,7159.71630859375,-24.6306498023896,-58.36326826931171,33.73261846692211,HOLD,2400,256011.69755971804,17183319.140625,17439330.838184718,0,1643.9330838184717,20039.8494015432
2020-04-02,7432.34375,11.824317551702734,-44.32575110510882,56.150068656811555,HOLD,2400,256011.69755971804,17837625.0,18093636.697559718,0,1709.3636697559716,20806.733922660256
2020-04-03,7398.52490234375,37.5533517904305,-27.94993052600096,65.50328231643145,HOLD,2400,256011.69755971804,17756459.765625,18012471.463184718,0,1701.2471463184718,20711.603547464652
2020-04-07,7529.38623046875,67.722548929999,-8.815434634800967,76.53798356479996,HOLD,2400,256011.69755971804,18070526.953125,18326538.650684718,0,1732.6538650684718,21079.708557122653
2020-04-08,7528.15283203125,90.48922659783784,11.045497611726795,79.44372898611104,HOLD,2400,256011.69755971804,18067566.796875,18323578.494434718,0,1732.3578494434717,21076.239081837222
2020-04-09,7519.97412109375,106.64271818192356,30.16494172576615,76.47777645615741,HOLD,2400,256011.69755971804,18047937.890625,18303949.588184718,0,1730.3949588184719,21053.23286211001
2020-04-10,7562.16650390625,121.44906015242486,48.421765411097894,73.02729474132697,HOLD,2400,256011.69755971804,18149199.609375,18405211.306934718,0,1740.5211306934716,21171.917485789312
2020-04-13,7544.640625,130.26735984445622,64.79088429776957,65.47647554668666,HOLD,2400,256011.69755971804,18107137.5,18363149.197559718,0,1736.3149197559717,21122.618247301623
2020-04-14,7692.63818359375,147.49782883749322,81.3322732057143,66.16555563177891,HOLD,2400,256011.69755971804,18462331.640625,18718343.338184718,0,1771.8343338184716,21538.92643793434
2020-04-15,7721.84814453125,161.6467364271948,97.39516585001041,64.2515705771844,HOLD,2400,256011.69755971804,18532435.546875,18788447.244434718,0,1778.8447244434717,21621.09229324904
2020-04-16,7770.53173828125,174.7735263601271,112.87083795203375,61.902688408093354,HOLD,2400,256011.69755971804,18649276.171875,18905287.869434718,0,1790.528786943472,21758.036301110642
2020-04-17,7958.12548828125,198.0310708789757,129.90288453742215,68.12818634155354,HOLD,2400,256011.69755971804,19099501.171875,19355512.869434718,0,1835.551286943472,22285.726185853127
2020-04-20,7966.56396484375,214.66918427760083,146.8561444854579,67.81303979214294,HOLD,2400,256011.69755971804,19119753.515625,19375765.213184718,0,1837.5765213184718,22309.463110588986
2020-04-21,7789.35595703125,211.12211940227735,159.70933946882178,51.41277993345557,HOLD,2400,256011.69755971804,18694454.296875,18950465.994434718,0,1795.046599443472,21810.98769113592
2020-04-22,8078.21142578125,228.97973138711222,173.5634178524799,55.41631353463234,HOLD,2400,256011.69755971804,19387707.421875,19643719.119434718,0,1864.3719119434718,22623.52067270873
2020-04-23,8128.58251953125,244.3794892084261,187.72663212366913,56.65285708475696,HOLD,2400,256011.69755971804,19508598.046875,19764609.744434718,0,1876.4609744434717,22765.211516115247
2020-04-24,8117.54736328125,252.7795777241745,200.73722124377022,52.042356480404266,HOLD,2400,256011.69755971804,19482113.671875,19738125.369434718,0,1873.812536943472,22734.1702883042
2020-04-27,8282.681640625,269.65326945226207,214.5204308854686,55.13283856679345,HOLD,2400,256011.69755971804,19878435.9375,20134447.635059718,0,1913.4447635059719,23198.683033417285
2020-04-28,8302.9990234375,281.42118644988386,227.90058199835167,53.52060445153219,HOLD,2400,256011.69755971804,19927197.65625,20183209.353809718,0,1918.3209353809718,23255.834603736646
2020-04-29,8275.5419921875,285.24368090443204,239.36920177956776,45.87447912486428,HOLD,2400,256011.69755971804,19861300.78125,20117312.478809718,0,1911.731247880972,23178.599633724672
2020-04-30,8215.8232421875,280.2239836149247,247.54015814663916,32.683825468285534,HOLD,2400,256011.69755971804,19717975.78125,19973987.478809718,0,1897.3987478809718,23010.614398052025
2020-05-06,8438.46875,290.85863184762,256.20385288683536,34.654778960784654,HOLD,2400,256011.69755971804,20252325.0,20508336.697559718,0,1950.8336697559716,23636.90275976989
2020-05-07,8516.3623046875,302.08972377881855,265.381027065232,36.70869671358656,HOLD,2400,256011.69755971804,20439269.53125,20695281.228809718,0,1969.528122880972,23856.012622946193
2020-05-08,8533.3046875,308.79792350734897,274.0644063536554,34.73351715369358,HOLD,2400,256011.69755971804,20479931.25,20735942.947559718,0,1973.5942947559718,23903.670522175733
2020-05-11,8587.830078125,314.8841747005581,282.2283600230359,32.65581467752219,HOLD,2400,256011.69755971804,20610792.1875,20866803.885059718,0,1986.6803885059717,24057.04715169801
2020-05-12,8652.6767578125,321.23713598426275,290.0301152152813,31.207020768981465,HOLD,2400,256011.69755971804,20766424.21875,21022435.916309718,0,2002.2435916309719,24239.45694376321
2020-05-13,8671.8251953125,324.08121592466614,296.84033535715827,27.240880567507872,HOLD,2400,256011.69755971804,20812380.46875,21068392.166309718,0,2006.8392166309718,24293.320341543644
2020-05-14,8611.068359375,317.7695512912269,301.026178543972,16.74337274725491,HOLD,2400,256011.69755971804,20666564.0625,20922575.760059718,0,1992.257576005972,24122.415032847708
2020-05-15,8522.853515625,302.16612791697844,301.2541684185733,0.9119594984051673,HOLD,2400,256011.69755971804,20454848.4375,20710860.135059718,0,1971.0860135059718,23874.272007128493
2020-05-18,8738.423828125,303.69422709194714,301.74218015324806,1.952046938699084,HOLD,2400,256011.69755971804,20972217.1875,21228228.885059718,0,2022.8228885059718,24480.658271900254
2020-05-19,8737.775390625,301.3788257094657,301.6695092644916,-0.2906835550259075,SELL,0,21214090.238497216,0.0,21214090.238497216,2400,2021.4090238497217,24478.83425638994
2020-05-20,8769.5166015625,298.6623106759307,301.06806954677944,-2.4057588708487287,HOLD,0,21214090.238497216,0.0,21214090.238497216,0,2021.4090238497217,24568.120365022005
2020-05-21,8867.5322265625,300.9493380920958,301.0443232558427,-0.09498516374691235,HOLD,0,21214090.238497216,0.0,21214090.238497216,0,2021.4090238497217,24843.832396255526
2020-05-22,8621.5185546875,279.68652434445175,296.7727634735645,-17.086239129112755,HOLD,0,21214090.238497216,0.0,21214090.238497216,0,2021.4090238497217,24151.810800883635
2020-05-25,8846.7607421875,277.8083516151637,292.97988110188436,-15.171529486720658,HOLD,0,21214090.238497216,0.0,21214090.238497216,0,2021.4090238497217,24785.40346567668
2020-05-26,8814.9541015625,270.63365975045053,288.5106368315976,-17.87697708114706,HOLD,0,21214090.238497216,0.0,21214090.238497216,0,2021.4090238497217,24695.933307286803
2020-05-27,8685.1318359375,251.57212602025538,281.12293466932914,-29.55080864907376,HOLD,0,21214090.238497216,0.0,21214090.238497216,0,2021.4090238497217,24330.7511176634
2020-05-28,8724.0791015625,236.8778615120391,272.27392003787116,-35.396058525832075,HOLD,0,21214090.238497216,0.0,21214090.238497216,0,2021.4090238497217,24440.307422757207
2020-05-29,8870.7783203125,234.36830008523611,264.6927960473442,-30.324495962108074,HOLD,0,21214090.238497216,0.0,21214090.238497216,0,2021.4090238497217,24852.96346185233
2020-06-01,9214.1591796875,257.1234609678231,263.17892903143996,-6.055468063616843,HOLD,0,21214090.238497216,0.0,21214090.238497216,0,2021.4090238497217,25818.873072947423
2020-06-02,9157.1015625,267.4697917871672,264.0371015825854,3.4326902045817747,BUY,2200,1056379.426934719,20145623.4375,21202002.86443472,2200,2020.2002864434717,25658.37344309647
2020-06-03,9083.0380859375,266.6196050761173,264.55360228129183,2.066002794825465,HOLD,2200,1056379.426934719,19982683.7890625,21039063.21599722,0,2003.906321599722,25450.037358280777
2020-06-04,9139.4462890625,267.4149039982167,265.1258626246768,2.289041373539874,HOLD,2200,1056379.426934719,20106781.8359375,21163161.26287222,0,2016.3161262872218,25608.710225610106
2020-06-05,9249.8603515625,273.79849755258874,266.86038961025923,6.938107942329509,HOLD,2200,1056379.426934719,20349692.7734375,21406072.20037222,0,2040.6072200372219,25919.298312444425
2020-06-08,9127.177734375,265.89303019074214,266.66691772635585,-0.77388753561371,SELL,0,21124122.56795034,0.0,21124122.56795034,2200,2012.4122567950342,25574.199522513634
2020-06-09,9195.009765625,262.08027016148117,265.74958821338095,-3.669318051899779,HOLD,0,21124122.56795034,0.0,21124122.56795034,0,2012.4122567950342,25765.006928155675
2020-06-10,9241.162109375,259.78806371221253,264.55728331314725,-4.7692196009347185,HOLD,0,21124122.56795034,0.0,21124122.56795034,0,2012.4122567950342,25894.830682699914
2020-06-11,9090.568359375,243.01845109569513,260.2495168696568,-17.23106577396169,HOLD,0,21124122.56795034,0.0,21124122.56795034,0,2012.4122567950342,25471.21956249767
2020-06-12,9193.841796875,235.34876156884457,255.2693658094944,-19.920604240649823,HOLD,0,21124122.56795034,0.0,21124122.56795034,0,2012.4122567950342,25761.721502628065
2020-06-15,8977.232421875,209.37832804702157,246.09115825699985,-36.71283020997828,HOLD,0,21124122.56795034,0.0,21124122.56795034,0,2012.4122567950342,25152.412417821706
2020-06-16,9112.767578125,197.4569657801021,236.36431976162032,-38.90735398151821,HOLD,0,21124122.56795034,0.0,21124122.56795034,0,2012.4122567950342,25533.66462361277
2020-06-17,9120.0380859375,186.44662883487763,226.3807815762718,-39.93415274139417,HOLD,0,21124122.56795034,0.0,21124122.56795034,0,2012.4122567950342,25554.116122821022
2020-06-18,9171.966796875,179.83800983480432,217.07222722797832,-37.23421739317399,HOLD,0,21124122.56795034,0.0,21124122.56795034,0,2012.4122567950342,25700.18844926812
2020-06-19,9346.1884765625,186.50890660657205,210.95956310369706,-24.45065649712501,HOLD,0,21124122.56795034,0.0,21124122.56795034,0,2012.4122567950342,26190.26350813303
2020-06-22,9340.736328125,189.1750058360867,206.602651650175,-17.427645814088294,HOLD,0,21124122.56795034,0.0,21124122.56795034,0,2012.4122567950342,26174.926943985327
2020-06-23,9571.1708984375,207.4902344216207,206.78016820446416,0.7100662171565375,BUY,2100,1012604.0058995634,20099458.88671875,21112062.892618313,2100,2011.2062892618314,26823.12546791743
2020-06-24,9587.78515625,220.80056531075206,209.58424762572176,11.216317685030305,HOLD,2100,1012604.0058995634,20134348.828125,21146952.834024563,0,2014.6952834024564,26869.860371346567
2020-06-29,9608.5361328125,230.36799003160013,213.74099610689746,16.626993924702674,HOLD,2100,1012604.0058995634,20177925.87890625,21190529.884805813,0,2019.0529884805812,26928.231614687884
2020-06-30,9606.6318359375,235.08664964871423,218.01012681526083,17.076522833453396,HOLD,2100,1012604.0058995634,20173926.85546875,21186530.861368313,0,2018.6530861368315,26922.874942631996
2020-07-01,9812.767578125,252.5484319203988,224.91778783628843,27.630644084110372,HOLD,2100,1012604.0058995634,20606811.9140625,21619415.919962063,0,2061.941591996206,27502.722331130968
2020-07-02,10139.341796875,289.40277528801016,237.8147853266328,51.58798996137736,HOLD,2100,1012604.0058995634,21292617.7734375,22305221.779337063,0,2130.522177933706,28421.35587756871
2020-07-03,10124.828125,313.8214377166187,253.01611580463,60.80532191198867,HOLD,2100,1012604.0058995634,21262139.0625,22274743.068399563,0,2127.474306839956,28380.529795468912
2020-07-06,10507.08984375,359.87036803570845,274.3869662508457,85.48340178486274,HOLD,2100,1012604.0058995634,22064888.671875,23077492.677774563,0,2207.7492677774567,29455.808914888683
2020-07-07,11084.9794921875,437.9469621150747,307.09896542369154,130.84799669138317,HOLD,2100,1012604.0058995634,23278456.93359375,24291060.939493313,0,2329.1060939493314,31081.37758110417
2020-07-08,11041.244140625,490.63837430770946,343.80684720049516,146.8315271072143,HOLD,2100,1012604.0058995634,23186612.6953125,24199216.701212063,0,2319.9216701212063,30958.35267955394
2020-07-09,11203.1845703125,539.2478241282042,382.895042586037,156.35278154216724,HOLD,2100,1012604.0058995634,23526687.59765625,24539291.603555813,0,2353.929160355581,31413.881324175345
2020-07-10,11254.734375,575.2991116933699,421.3758564075036,153.92325528586633,HOLD,2100,1012604.0058995634,23634942.1875,24647546.193399563,0,2364.754619339956,31558.887810233882
2020-07-13,11702.205078125,632.6839758561819,463.6374802972393,169.04649555894258,HOLD,2100,1012604.0058995634,24574630.6640625,25587234.669962063,0,2458.7234669962063,32817.59586291512
2020-07-14,11570.9326171875,659.9616762410787,502.90231948600723,157.05935675507152,HOLD,2100,1012604.0058995634,24298958.49609375,25311562.501993313,0,2431.1562501993317,32448.334361495312
2020-07-15,11508.7431640625,668.8511811225108,536.092091813308,132.75908930920275,HOLD,2100,1012604.0058995634,24168360.64453125,25180964.650430813,0,2418.0964650430815,32273.39918720657
2020-07-16,10599.0263671875,595.6236563515813,547.9984047209626,47.62525163061866,HOLD,2100,1012604.0058995634,22257955.37109375,23270559.376993313,0,2227.055937699331,29714.420800713022
2020-07-17,10822.630859375,549.3013254223442,548.258988861239,1.0423365611052304,HOLD,2100,1012604.0058995634,22727524.8046875,23740128.810587063,0,2274.012881058706,30343.406727538008
2020-07-20,10749.8037109375,500.93948364604876,538.795087818201,-37.8556041721522,SELL,0,23573647.04619253,0.0,23573647.04619253,2100,2257.364704619253,30138.548359041677
2020-07-21,10953.640625,473.60093427478023,525.7562571095168,-52.15532283473658,HOLD,0,23573647.04619253,0.0,23573647.04619253,0,2257.364704619253,30711.92928291523
2020-07-22,11019.8359375,452.06521899216386,511.01804948604627,-58.9528304938824,HOLD,0,23573647.04619253,0.0,23573647.04619253,0,2257.364704619253,30898.132697600515
2020-07-23,11006.1767578125,428.9511460293779,494.6046687947126,-65.65352276533469,HOLD,0,23573647.04619253,0.0,23573647.04619253,0,2257.364704619253,30859.71025039759
2020-07-24,10476.224609375,363.67811239651746,468.4193575150736,-104.74124511855615,HOLD,0,23573647.04619253,0.0,23573647.04619253,0,2257.364704619253,29368.986875402326
2020-07-27,10655.173828125,322.6689426710982,439.26927454627855,-116.60033187518036,HOLD,0,23573647.04619253,0.0,23573647.04619253,0,2257.364704619253,29872.360216022396
2020-07-28,10966.7744140625,311.7191391413962,413.7592474653021,-102.04010832390588,HOLD,0,23573647.04619253,0.0,23573647.04619253,0,2257.364704619253,30748.873838032996
2020-07-29,10979.908203125,300.6355880488518,391.13451558201206,-90.49892753316027,HOLD,0,23573647.04619253,0.0,23573647.04619253,0,2257.364704619253,30785.818393150756
2020-07-30,11032.4443359375,292.7167641631113,371.45096529823195,-78.73420113512066,HOLD,0,23573647.04619253,0.0,23573647.04619253,0,2257.364704619253,30933.599360633118
2020-07-31,11020.4921875,282.2233060962135,353.60543345782827,-71.38212736161478,HOLD,0,23573647.04619253,0.0,23573647.04619253,0,2257.364704619253,30899.978689201314
2020-08-03,10953.640625,265.45282762674833,335.9749122916123,-70.522084664864,HOLD,0,23573647.04619253,0.0,23573647.04619253,0,2257.364704619253,30711.92928291523
2020-08-04,10966.708984375,250.33095062643588,318.84611995857705,-68.51516933214117,HOLD,0,23573647.04619253,0.0,23573647.04619253,0,2257.364704619253,30748.689788275176
2020-08-05,10953.640625,234.5880616233262,301.99450829152687,-67.40644666820066,HOLD,0,23573647.04619253,0.0,23573647.04619253,0,2257.364704619253,30711.92928291523
2020-08-06,10756.3701171875,203.84384241791668,282.36437511680487,-78.52053269888819,HOLD,0,23573647.04619253,0.0,23573647.04619253,0,2257.364704619253,30157.019263094902
2020-08-07,10710.6640625,173.78741739680663,260.6489835728052,-86.86156617599858,HOLD,0,23573647.04619253,0.0,23573647.04619253,0,2257.364704619253,30028.450892719655
2020-08-10,10730.2998046875,149.82483685793886,238.48415422983194,-88.65931737189308,HOLD,0,23573647.04619253,0.0,23573647.04619253,0,2257.364704619253,30083.68504914414
2020-08-11,10786.25,133.8065931916426,217.5486420221941,-83.74204883055148,HOLD,0,23573647.04619253,0.0,23573647.04619253,0,2257.364704619253,30241.06956816875
2020-08-12,10684.068359375,111.58058373723361,196.355030365202,-84.77444662796839,HOLD,0,23573647.04619253,0.0,23573647.04619253,0,2257.364704619253,29953.638786683736
2020-08-13,10736.9326171875,97.11256175386734,176.5065366429351,-79.39397488906775,HOLD,0,23573647.04619253,0.0,23573647.04619253,0,2257.364704619253,30102.342749966494
2020-08-14,10907.6728515625,98.29082463152736,160.86339424065355,-62.57256960912619,HOLD,0,23573647.04619253,0.0,23573647.04619253,0,2257.364704619253,30582.624713508714
2020-08-17,11098.11328125,113.28567085397844,151.34784956331853,-38.06217870934009,HOLD,0,23573647.04619253,0.0,23573647.04619253,0,2257.364704619253,31118.32213622193
2020-08-18,11196.6171875,131.60062641739205,147.39840493413325,-15.797778516741204,HOLD,0,23573647.04619253,0.0,23573647.04619253,0,2257.364704619253,31395.407673110803
2020-08-19,11078.412109375,135.02076341673455,144.92287663065352,-9.902113213918966,HOLD,0,23573647.04619253,0.0,23573647.04619253,0,2257.364704619253,31062.90393003963
2020-08-20,10927.373046875,124.11295963084376,140.76089323069158,-16.647933599847818,HOLD,0,23573647.04619253,0.0,23573647.04619253,0,2257.364704619253,30638.040172679706
2020-08-21,11006.1767578125,120.43890272658973,136.6964951298712,-16.25759240328148,HOLD,0,23573647.04619253,0.0,23573647.04619253,0,2257.364704619253,30859.71025039759
2020-08-24,11139.8134765625,126.84832399560219,134.7268609030174,-7.878536907415224,HOLD,0,23573647.04619253,0.0,23573647.04619253,0,2257.364704619253,31235.622266200637
2020-08-25,11341.08984375,146.48061981966384,137.0776126863467,9.403007133317146,BUY,2000,877858.0508800335,22682179.6875,23560037.738380034,2000,2256.0037738380033,31801.800526417504
2020-08-26,11341.08984375,160.1927533590915,141.70064082089567,18.49211253819584,HOLD,2000,877858.0508800335,22682179.6875,23560037.738380034,0,2256.0037738380033,31801.800526417504
2020-08-27,11367.357421875,171.20573882178724,147.601660421074,23.604078400713234,HOLD,2000,877858.0508800335,22734714.84375,23612572.894630034,0,2261.2572894630034,31875.689636653027
2020-08-28,11538.09765625,191.5033872817694,156.3820057932131,35.121381488556295,HOLD,2000,877858.0508800335,23076195.3125,23954053.363380034,0,2295.4053363380035,32355.971600195255
2020-08-31,11731.822265625,220.67754352070915,169.24111333871232,51.436430181996826,HOLD,2000,877858.0508800335,23463644.53125,24341502.582130034,0,2334.1502582130033,32900.907221946385
2020-09-01,11833.478515625,249.12927512078386,185.21874569512664,63.91052942565722,HOLD,2000,877858.0508800335,23666957.03125,24544815.082130034,0,2354.481508213003,33186.86011134624
2020-09-02,11787.6416015625,264.9249318039383,201.159982916889,63.764948887049314,HOLD,2000,877858.0508800335,23575283.203125,24453141.254005034,0,2345.314125400503,33057.92364145536
2020-09-03,11774.5068359375,273.23357118613603,215.5747005707384,57.65887061539763,HOLD,2000,877858.0508800335,23549013.671875,24426871.722755034,0,2342.6871722755036,33020.97633932629
2020-09-04,11623.4677734375,264.58071590226064,225.37590363704285,39.20481226521778,HOLD,2000,877858.0508800335,23246935.546875,24124793.597755034,0,2312.4793597755033,32596.112581966365
2020-09-07,11318.10546875,230.42686234691973,226.38609537901823,4.040766967901504,HOLD,2000,877858.0508800335,22636210.9375,23514068.988380034,0,2251.406898838003,31737.14686820859
2020-09-08,11238.6455078125,194.703511682088,220.0495786396322,-25.346066957544195,SELL,0,23341662.691895656,0.0,23341662.691895656,2000,2234.166269189566,31513.63079888991
2020-09-09,11084.9794921875,152.23803043691078,206.48726899908792,-54.24923856217714,HOLD,0,23341662.691895656,0.0,23341662.691895656,0,2234.166269189566,31081.37758110417
2020-09-10,11201.87109375,126.55713408243355,190.50124201575704,-63.944107933323494,HOLD,0,23341662.691895656,0.0,23341662.691895656,0,2234.166269189566,31410.186593962437
2020-09-11,11380.4912109375,119.24342538567907,176.24967868974147,-57.0062533040624,HOLD,0,23341662.691895656,0.0,23341662.691895656,0,2234.166269189566,31912.63419177079
2020-09-14,11597.2001953125,129.44173868866892,166.88809068952696,-37.44635200085804,HOLD,0,23341662.691895656,0.0,23341662.691895656,0,2234.166269189566,32522.22347173084
2020-09-15,11557.798828125,132.8136216582352,160.07319688326862,-27.259575225033416,HOLD,0,23341662.691895656,0.0,23341662.691895656,0,2234.166269189566,32411.389806377552
2020-09-16,11328.6123046875,115.6591791332994,151.19039333327478,-35.53121419997538,HOLD,0,23341662.691895656,0.0,23341662.691895656,0,2234.166269189566,31766.701962900537
2020-09-17,10970.189453125,72.3088992055491,135.41409450772966,-63.10519530218056,HOLD,0,23341662.691895656,0.0,23341662.691895656,0,2234.166269189566,30758.480136586553
2020-09-18,11130.9482421875,50.34503458103791,118.40028252239131,-68.0552479413534,HOLD,0,23341662.691895656,0.0,23341662.691895656,0,2234.166269189566,31210.68489752199
2020-09-21,10945.7607421875,17.790353925582167,98.27829680302949,-80.48794287744732,HOLD,0,23341662.691895656,0.0,23341662.691895656,0,2234.166269189566,30689.763648649096
2020-09-22,10938.4716796875,-8.49965275804243,76.9227068908151,-85.42235964885754,HOLD,0,23341662.691895656,0.0,23341662.691895656,0,2234.166269189566,30669.259956225942
2020-09-23,10835.3046875,-37.230219733013655,54.09212156604936,-91.32234129906301,HOLD,0,23341662.691895656,0.0,23341662.691895656,0,2234.166269189566,30379.057440328423
2020-09-24,10699.6318359375,-70.13855273282934,29.24598670627362,-99.38453943910295,HOLD,0,23341662.691895656,0.0,23341662.691895656,0,2234.166269189566,29997.417905942548
2020-09-25,10737.654296875,-92.08900417946097,4.978988529126703,-97.06799270858767,HOLD,0,23341662.691895656,0.0,23341662.691895656,0,2234.166269189566,30104.372791325106
2020-09-28,10907.6728515625,-94.67447027591697,-14.951703231882034,-79.72276704403494,HOLD,0,23341662.691895656,0.0,23341662.691895656,0,2234.166269189566,30582.624713508714
2020-09-29,10850.5400390625,-100.17881228566512,-31.997125042638654,-68.18168724302646,HOLD,0,23341662.691895656,0.0,23341662.691895656,0,2234.166269189566,30421.913563786835
2020-09-30,10956.9248046875,-94.86315805785307,-44.57033164568154,-50.29282641217153,HOLD,0,23341662.691895656,0.0,23341662.691895656,0,2234.166269189566,30721.167481953154
2020-10-09,11137.5146484375,-75.21138264508954,-50.69854184556314,-24.5128407995264,HOLD,0,23341662.691895656,0.0,23341662.691895656,0,2234.166269189566,31229.155801575216
2020-10-12,11496.134765625,-30.34971013699942,-46.6287755038504,16.27906536685098,BUY,2000,335597.7989269085,22992269.53125,23327867.33017691,2000,2232.786733017691,32237.932524173964
2020-10-13,11419.892578125,-0.9378083413503191,-37.49058207135038,36.55277373000006,HOLD,2000,335597.7989269085,22839785.15625,23175382.95517691,0,2217.5382955176906,32023.46785712408
2020-10-14,11354.2236328125,16.877843392037903,-26.616896978672727,43.49474037071063,HOLD,2000,335597.7989269085,22708447.265625,23044045.06455191,0,2204.404506455191,31838.745081535268
2020-10-15,11327.9560546875,28.548215658742265,-15.583874451189729,44.132090109931994,HOLD,2000,335597.7989269085,22655912.109375,22991509.90830191,0,2199.1509908301905,31764.855971299738
2020-10-16,11242.5859375,30.556182124437328,-6.355863136064318,36.91204526050164,HOLD,2000,335597.7989269085,22485171.875,22820769.67392691,0,2182.0769673926907,31524.714989528627
2020-10-19,11157.2158203125,24.971004826198623,-0.09048954361173013,25.061494369810354,HOLD,2000,335597.7989269085,22314431.640625,22650029.43955191,0,2165.002943955191,31284.574007757517
2020-10-20,11387.05859375,38.645619868733775,7.656732338857371,30.988887529876404,HOLD,2000,335597.7989269085,22774117.1875,23109714.98642691,0,2210.9714986426907,31931.107842835325
2020-10-21,11382.658203125,48.5679153665169,15.83896894438928,32.72894642212762,HOLD,2000,335597.7989269085,22765316.40625,23100914.20517691,0,2210.091420517691,31918.729809869263
2020-10-22,11442.876953125,60.59208801729801,24.789592758971025,35.802495258326985,HOLD,2000,335597.7989269085,22885753.90625,23221351.70517691,0,2222.1351705176908,32088.12151533299
2020-10-23,11264.4541015625,55.08906603195828,30.84948741356848,24.239578618389803,HOLD,2000,335597.7989269085,22528908.203125,22864506.00205191,0,2186.4506002051908,31586.228813809397
2020-10-26,10789.4677734375,12.259138688379608,27.131417668530705,-14.872278980151098,SELL,0,21901585.984473784,0.0,21901585.984473784,2000,2090.158598447378,30250.120970437547
2020-10-27,10671.2626953125,-30.866242399191833,15.531885654986198,-46.39812805417803,HOLD,0,21901585.984473784,0.0,21901585.984473784,0,2090.158598447378,29917.617227366372
2020-10-28,10932.6923828125,-43.44739219829535,3.7360300843298893,-47.18342228262524,HOLD,0,21901585.984473784,0.0,21901585.984473784,0,2090.158598447378,30653.003143289152
2020-10-29,11006.1767578125,-46.947289993053346,-6.400633931146758,-40.54665606190659,HOLD,0,21901585.984473784,0.0,21901585.984473784,0,2090.158598447378,30859.71025039759
2020-10-30,10966.90625,-52.287053390022265,-15.57791782292186,-36.709135567100404,HOLD,0,21901585.984473784,0.0,21901585.984473784,0,2090.158598447378,30749.244684559937
2020-11-02,10993.1083984375,-53.78456496938634,-23.219247252214757,-30.56531771717158,HOLD,0,21901585.984473784,0.0,21901585.984473784,0,2090.158598447378,30822.949745037648
2020-11-03,11130.9482421875,-43.34912850057481,-27.245223501886766,-16.10390499868804,HOLD,0,21901585.984473784,0.0,21901585.984473784,0,2090.158598447378,31210.68489752199
2020-11-04,11161.0244140625,-32.27997079281158,-28.252172960071732,-4.02779783273985,HOLD,0,21901585.984473784,0.0,21901585.984473784,0,2090.158598447378,31295.28735186929
2020-11-05,11307.5986328125,-11.547160599629933,-24.911170487983373,13.36400988835344,BUY,1900,404257.9196886271,21484437.40234375,21888695.322032377,1900,2088.8695322032377,31707.591773516644
2020-11-06,11167.8544921875,-6.31959504970655,-21.19285540032801,14.873260350621461,HOLD,1900,404257.9196886271,21218923.53515625,21623181.454844877,0,2062.318145484488,31314.499948976412
2020-11-09,11443.3369140625,19.823899876013456,-12.989504345059718,32.81340422107317,HOLD,1900,404257.9196886271,21742340.13671875,22146598.056407377,0,2114.659805640738,32089.415357660335
2020-11-10,11459.294921875,41.35378512905845,-2.1208464502360846,43.47463157929454,HOLD,1900,404257.9196886271,21772660.3515625,22176918.271251127,0,2117.691827125113,32134.30426948868
2020-11-11,11369.65625,50.599997355757296,8.423322310962591,42.176675044794706,HOLD,1900,404257.9196886271,21602346.875,22006604.794688627,0,2100.660479468863,31882.156101278444
2020-11-12,11392.24609375,59.06958139541348,18.552574127852772,40.51700726756071,HOLD,1900,404257.9196886271,21645267.578125,22049525.497813627,0,2104.9525497813624,31945.69996691783
2020-11-13,11196.6171875,49.42641304875724,24.72734191203367,24.69907113672357,HOLD,1900,404257.9196886271,21273572.65625,21677830.575938627,0,2067.783057593863,31395.407673110803
2020-11-16,11361.119140625,54.4306231341543,30.6679981564578,23.762624977696504,HOLD,1900,404257.9196886271,21586126.3671875,21990384.286876127,0,2099.038428687613,31858.141728400205
2020-11-17,11267.5400390625,50.26600899511686,34.587600324189616,15.678408670927247,HOLD,1900,404257.9196886271,21408326.07421875,21812583.993907377,0,2081.258399390738,31594.90936955125
2020-11-18,11122.0830078125,34.82689275803568,34.63545881095883,0.19143394707685246,HOLD,1900,404257.9196886271,21131957.71484375,21536215.634532377,0,2053.6215634532377,31185.74752884335
2020-11-19,11296.369140625,36.23699869114171,34.95576678699541,1.2812319041462956,HOLD,1900,404257.9196886271,21463101.3671875,21867359.286876127,0,2086.7359286876126,31676.00389045477
2020-11-20,11294.8583984375,36.80831024552754,35.32627547870184,1.4820347668256986,HOLD,1900,404257.9196886271,21460230.95703125,21864488.876719877,0,2086.448887671988,31671.754263957097
2020-11-23,11756.185546875,73.63747717636579,42.98851581823463,30.64896135813116,HOLD,1900,404257.9196886271,22336752.5390625,22741010.458751127,0,2174.1010458751125,32969.43966012603
2020-11-24,11580.783203125,87.6608543053535,51.92298351565841,35.73787078969509,HOLD,1900,404257.9196886271,22003488.0859375,22407746.005626127,0,2140.7746005626127,32476.043464586463
2020-11-25,11340.3017578125,78.4651415546432,57.23141512345537,21.233726431187826,HOLD,1900,404257.9196886271,21546573.33984375,21950831.259532377,0,2095.083125953238,31799.58368828976
2020-11-26,11389.619140625,74.30048385118425,60.64522886900115,13.655254982183102,HOLD,1900,404257.9196886271,21640276.3671875,22044534.286876127,0,2104.453428687613,31938.310506492013
2020-11-27,11412.6689453125,72.02957709162365,62.922098513525654,9.107478578097997,HOLD,1900,404257.9196886271,21684070.99609375,22088328.915782377,0,2108.8328915782376,32003.148214458743
2020-11-30,11255.12890625,56.86223019419958,61.710124849660446,-4.847894655460863,SELL,0,21776171.9946105,0.0,21776171.9946105,1900,2077.61719946105,31559.99760280341
2020-12-01,11406.7587890625,56.42680968474633,60.65346181667763,-4.226652131931296,HOLD,0,21776171.9946105,0.0,21776171.9946105,0,2077.61719946105,31986.523302006317
2020-12-02,11413.3916015625,55.97174094161528,59.71711764166516,-3.7453767000498814,HOLD,0,21776171.9946105,0.0,21776171.9946105,0,2077.61719946105,32005.18100282867
2020-12-03,11485.5625,60.73457367130868,59.92060884759387,0.8139648237148123,BUY,1800,1089755.0871105008,20674012.5,21763767.5871105,1800,2076.37675871105,32208.1933797242
2020-12-04,11775.2294921875,86.8813442901992,65.31275593611494,21.568588354084255,HOLD,1800,1089755.0871105008,21195413.0859375,22285168.173048,0,2128.5168173048,33023.00912769622
2020-12-07,11901.9052734375,116.48179562363111,75.54656387361818,40.93523175001293,HOLD,1800,1089755.0871105008,21423429.4921875,22513184.579298,0,2151.3184579298004,33379.3404468765
2020-12-08,12148.822265625,158.04268655083615,92.04578840906179,65.99689814177437,HOLD,1800,1089755.0871105008,21867880.078125,22957635.1652355,0,2195.76351652355,34073.903027710796
2020-12-09,12083.1533203125,183.56503353097287,110.349637433444,73.21539609752887,HOLD,1800,1089755.0871105008,21749675.9765625,22839431.063673,0,2183.9431063673,33889.18025212199
2020-12-10,12036.52734375,197.7498139915533,127.82967274506588,69.92014124648743,HOLD,1800,1089755.0871105008,21665749.21875,22755504.3058605,0,2175.55043058605,33758.02419709205
2020-12-11,11951.814453125,199.8519633738706,142.23413087082685,57.61783250304376,HOLD,1800,1089755.0871105008,21513266.015625,22603021.1027355,0,2160.30211027355,33519.73195393305
2020-12-14,12010.9169921875,203.93616371686767,154.57453744003502,49.36162627683265,HOLD,1800,1089755.0871105008,21619650.5859375,22709405.673048,0,2170.9405673048,33685.98382546863
2020-12-15,11925.6123046875,198.0070445985093,163.26103887172988,34.74600572677943,HOLD,1800,1089755.0871105008,21466102.1484375,22555857.235548,0,2155.5857235548,33446.026893455346
2020-12-16,12083.1533203125,203.67260728101064,171.34335255358604,32.3292547274246,HOLD,1800,1089755.0871105008,21749675.9765625,22839431.063673,0,2183.9431063673,33889.18025212199
2020-12-17,12250.67578125,219.15399820640596,180.90548168415003,38.248516522255926,HOLD,1800,1089755.0871105008,22051216.40625,23140971.4933605,0,2214.09714933605,34360.410813395414
2020-12-18,12115.9873046875,218.0414317332088,188.3326716939618,29.70876003924701,HOLD,1800,1089755.0871105008,21808777.1484375,22898532.235548,0,2189.8532235548,33981.54026641074
2020-12-21,12099.5703125,213.37534259271888,193.34120587371322,20.03413671900566,HOLD,1800,1089755.0871105008,21779226.5625,22868981.6496105,0,2186.89816496105,33935.36025926636
2020-12-22,12352.3974609375,227.45649436549502,200.1642635720696,27.292230793425432,HOLD,1800,1089755.0871105008,22234315.4296875,23324070.516798,0,2232.4070516798,34646.54775255309
2020-12-23,12093.98828125,215.2828012851569,203.18797111468706,12.094830170469834,HOLD,1800,1089755.0871105008,21769178.90625,22858933.9933605,0,2185.89339933605,33919.65834261433
2020-12-24,12019.716796875,197.3668515280824,202.02374719736613,-4.656895669283728,SELL,0,22712264.027344875,0.0,22712264.027344875,1800,2171.2264027344877,33710.73714438946
2020-12-25,12017.4833984375,180.90278102791672,197.79955396347626,-16.89677293555954,HOLD,0,22712264.027344875,0.0,22712264.027344875,0,2171.2264027344877,33704.454729521865
2020-12-28,12299.861328125,188.4678850723394,195.9332201852489,-7.465335112909486,HOLD,0,22712264.027344875,0.0,22712264.027344875,0,2171.2264027344877,34498.76678507072
2020-12-29,12260.4599609375,189.10404971814387,194.5673860918279,-5.4633363736840295,HOLD,0,22712264.027344875,0.0,22712264.027344875,0,2171.2264027344877,34387.93311971743
2020-12-30,12693.8779296875,222.02209018459143,200.05832691038063,21.963763274210805,BUY,1700,1119723.7913878448,21579592.48046875,22699316.271856595,1700,2169.9316271856596,35607.11167963753
2020-12-31,13120.728515625,279.3331704517859,215.9132956186617,63.419874833124226,HOLD,1700,1119723.7913878448,22305238.4765625,23424962.267950345,0,2242.4962267950345,36807.81658849309
2021-01-04,13114.1611328125,320.52783618660396,236.83620373225017,83.6916324543538,HOLD,1700,1119723.7913878448,22294073.92578125,23413797.717169095,0,2241.3797717169095,36789.342937428555
2021-01-05,13524.265625,381.8650085899608,265.8419647037923,116.02304388616847,HOLD,1700,1119723.7913878448,22991251.5625,24110975.353887845,0,2311.0975353887843,37942.94209632803
2021-01-06,13790.5546875,446.8118921414243,302.03595019131876,144.77594195010556,HOLD,1700,1119723.7913878448,23443942.96875,24563666.760137845,0,2356.3666760137844,38691.99714053291
2021-01-07,14053.232421875,513.558678382411,344.34049582953725,169.21818255287377,HOLD,1700,1119723.7913878448,23890495.1171875,25010218.908575345,0,2401.021890857535,39430.89373691079
2021-01-08,13724.8857421875,533.8077509507639,382.2339468537826,151.5738040969813,HOLD,1700,1119723.7913878448,23332305.76171875,24452029.553106595,0,2345.2029553106595,38507.2743649441
2021-01-11,13788.7822265625,548.6862851815167,415.5244145193294,133.1618706621873,HOLD,1700,1119723.7913878448,23440929.78515625,24560653.576544095,0,2356.0653576544096,38687.011315003976
2021-01-12,14190.4814453125,586.1348034086695,449.6464922971975,136.48831111147206,HOLD,1700,1119723.7913878448,24123818.45703125,25243542.248419095,0,2424.35422484191,39816.96694755215
2021-01-13,14210.8388671875,610.4191655492177,481.80102694760154,128.61813860161618,HOLD,1700,1119723.7913878448,24158426.07421875,25278149.865606595,0,2427.8149865606592,39874.23114533525
2021-01-14,14013.8310546875,606.7733085020773,506.79548325849674,99.97782524358053,HOLD,1700,1119723.7913878448,23823512.79296875,24943236.584356595,0,2394.3236584356596,39320.0600715575
2021-01-15,13672.3505859375,569.7614650634114,519.3886796194797,50.37278544393166,HOLD,1700,1119723.7913878448,23242995.99609375,24362719.787481595,0,2336.2719787481597,38359.49614447305
2021-01-18,13547.5791015625,524.3172930737055,520.3744023103249,3.9428907633806602,HOLD,1700,1119723.7913878448,23030884.47265625,24150608.264044095,0,2315.0608264044095,38008.52149734865
2021-01-19,13195.6572265625,454.6642190866296,507.23236566558586,-52.56814657895626,SELL,0,23538881.506173,0.0,23538881.506173,1700,2253.8881506172997,37018.58652533007
2021-01-20,13400.6767578125,411.26619815274717,488.03913216301817,-76.772934010271,HOLD,0,23538881.506173,0.0,23538881.506173,0,2253.8881506172997,37595.2940799009
2021-01-21,13593.546875,387.9637557932638,468.0240568890673,-80.06030109580354,HOLD,0,23538881.506173,0.0,23538881.506173,0,2253.8881506172997,38137.826066755166
2021-01-22,13658.8876953125,370.49799025685024,448.51884356262394,-78.0208533057737,HOLD,0,23538881.506173,0.0,23538881.506173,0,2253.8881506172997,38321.625846543575
2021-01-25,14283.0751953125,402.3845216427744,439.29197917865406,-36.907457535879644,HOLD,0,23538881.506173,0.0,23538881.506173,0,2253.8881506172997,40077.4275719886
2021-01-26,14065.6435546875,405.43629402755505,432.52084214843427,-27.08454812087922,HOLD,0,23538881.506173,0.0,23538881.506173,0,2253.8881506172997,39465.80550365862
2021-01-27,13718.3193359375,375.50015187571444,421.11670409389035,-45.61655221817591,HOLD,0,23538881.506173,0.0,23538881.506173,0,2253.8881506172997,38488.80346089088
2021-01-28,13711.751953125,347.2428116534684,406.34192560580595,-59.099113952337575,HOLD,0,23538881.506173,0.0,23538881.506173,0,2253.8881506172997,38470.32980982633
2021-01-29,13896.8076171875,335.90896204098317,392.2553328928414,-56.34637085185824,HOLD,0,23538881.506173,0.0,23538881.506173,0,2253.8881506172997,38990.88021217229
2021-02-01,13851.7587890625,319.6075042657776,377.72576716742867,-58.118262901651065,HOLD,0,23538881.506173,0.0,23538881.506173,0,2253.8881506172997,38864.16058040915
2021-02-02,14086.0673828125,321.88473993459775,366.5575617208625,-44.67282178626476,HOLD,0,23538881.506173,0.0,23538881.506173,0,2253.8881506172997,39523.25649821085
2021-02-03,14380.98828125,343.527150206497,361.95147941798945,-18.42432921149242,HOLD,0,23538881.506173,0.0,23538881.506173,0,2253.8881506172997,40352.851167034496
2021-02-04,15240.861328125,425.16247652116,374.5936788386236,50.5687976825364,BUY,1500,663872.738790188,22861291.9921875,23525164.730977688,1500,2252.516473097769,42771.62209622931
2021-02-05,15189.3115234375,480.16438620548433,395.70782031199576,84.45656589348857,HOLD,1500,663872.738790188,22783967.28515625,23447840.023946438,0,2244.7840023946437,42626.61561017077
2021-02-08,15555.74609375,547.0163394451338,425.9695241386234,121.04681530651038,HOLD,1500,663872.738790188,23333619.140625,23997491.879415188,0,2299.749187941519,43657.37391727784
2021-02-09,16131.2060546875,639.0650593578775,468.5886311824743,170.47642817540327,HOLD,1500,663872.738790188,24196809.08203125,24860681.820821438,0,2386.0681820821437,45276.108019352265
2021-02-10,17080.587890625,779.6343731607922,530.7977795781379,248.83659358265425,HOLD,1500,663872.738790188,25620881.8359375,26284754.574727688,0,2528.475457472769,47946.66176425299
2021-02-18,16226.88671875,812.7807862395894,587.1943809104282,225.58640532916115,HOLD,1500,663872.738790188,24340330.078125,25004202.816915188,0,2400.420281691519,45545.25194654187
2021-02-19,16154.650390625,823.7252969638375,634.5005641211101,189.22473284272746,HOLD,1500,663872.738790188,24231975.5859375,24895848.324727688,0,2389.5848324727685,45342.05551988852
2021-02-22,15025.26953125,732.8198131997724,654.1644139368426,78.65539926292979,HOLD,1500,663872.738790188,22537904.296875,23201777.035665188,0,2220.1777035665186,42165.17539720872
2021-02-23,15149.91015625,663.1891870233703,655.9693685541482,7.219818469222105,HOLD,1500,663872.738790188,22724865.234375,23388737.973165188,0,2238.873797316519,42515.78194481748
2021-02-24,14375.01171875,539.2623061213653,632.6279560675916,-93.36564994622631,SELL,0,22213452.806368314,0.0,22213452.806368314,1500,2121.3452806368314,40336.039457812934
2021-02-25,14118.9013671875,415.5927012316588,589.220905100405,-173.62820386874625,HOLD,0,22213452.806368314,0.0,22213452.806368314,0,2121.3452806368314,39615.6165124996
2021-02-26,13940.1494140625,299.70504642511696,531.3177333653474,-231.61268694023045,HOLD,0,22213452.806368314,0.0,22213452.806368314,0,2121.3452806368314,39112.798068164295
2021-03-01,14171.4375,223.9447647976267,469.8431396518033,-245.8983748541766,HOLD,0,22213452.806368314,0.0,22213452.806368314,0,2121.3452806368314,39763.39747998196
2021-03-02,13514.744140625,109.6505466516137,397.8046210517654,-288.1540744001517,HOLD,0,22213452.806368314,0.0,22213452.806368314,0,2121.3452806368314,37916.15873604859
2021-03-03,14053.232421875,61.81054579189731,330.6058059997918,-268.7952602078945,HOLD,0,22213452.806368314,0.0,22213452.806368314,0,2121.3452806368314,39430.89373691079
2021-03-04,13350.5703125,-32.428147889268075,257.99901522197985,-290.4271631112479,HOLD,0,22213452.806368314,0.0,22213452.806368314,0,2121.3452806368314,37454.34767655959
2021-03-05,13528.6005859375,-91.69048553745597,188.06111507009268,-279.75160060754865,HOLD,0,22213452.806368314,0.0,22213452.806368314,0,2121.3452806368314,37955.13607953628
2021-03-08,12871.1845703125,-189.51962898076454,112.54496625992124,-302.0645952406858,HOLD,0,22213452.806368314,0.0,22213452.806368314,0,2121.3452806368314,36105.86454723298
2021-03-09,12720.080078125,-276.0605455398436,34.82386389996827,-310.88440943981186,HOLD,0,22213452.806368314,0.0,22213452.806368314,0,2121.3452806368314,35680.81674011524
2021-03-10,12936.919921875,-323.41950350732986,-36.82480958149135,-286.5946939258385,HOLD,0,22213452.806368314,0.0,22213452.806368314,0,2121.3452806368314,36290.774119590926
2021-03-11,13449.07421875,-315.98279443191495,-92.65640655157608,-223.32638788033887,HOLD,0,22213452.806368314,0.0,22213452.806368314,0,2121.3452806368314,37731.43321344847
2021-03-12,13304.6025390625,-318.08017579312036,-137.74116039988493,-180.33901539323543,HOLD,0,22213452.806368314,0.0,22213452.806368314,0,2121.3452806368314,37325.04310715308
2021-03-15,12972.6435546875,-342.5796365727765,-178.70885563446325,-163.87078093831326,HOLD,0,22213452.806368314,0.0,22213452.806368314,0,2121.3452806368314,36391.26254034807
2021-03-16,13202.814453125,-339.5091180880572,-210.86890812518206,-128.64020996287516,HOLD,0,22213452.806368314,0.0,22213452.806368314,0,2121.3452806368314,37038.71937122628
2021-03-17,13333.234375,-322.8305230221049,-233.26123110456663,-89.56929191753827,HOLD,0,22213452.806368314,0.0,22213452.806368314,0,2121.3452806368314,37405.582731771836
2021-03-18,13591.5771484375,-285.47572703499463,-243.70413029065224,-41.77159674434239,HOLD,0,22213452.806368314,0.0,22213452.806368314,0,2121.3452806368314,38132.28534494146
2021-03-19,13199.53125,-284.2301810283134,-251.80934043818448,-32.420840590128904,HOLD,0,22213452.806368314,0.0,22213452.806368314,0,2121.3452806368314,37029.483919199665
2021-03-22,13068.126953125,-290.49762956549057,-259.5469982636457,-30.95063130184485,HOLD,0,22213452.806368314,0.0,22213452.806368314,0,2121.3452806368314,36659.85157125291
2021-03-23,13107.5947265625,-288.94908305042554,-265.4274152210017,-23.521667829423848,HOLD,0,22213452.806368314,0.0,22213452.806368314,0,2121.3452806368314,36770.87203337533
2021-03-24,13061.6259765625,-288.1099901050002,-269.9639301978014,-18.146059907198776,HOLD,0,22213452.806368314,0.0,22213452.806368314,0,2121.3452806368314,36641.5647169575
2021-03-25,12943.4208984375,-293.59874129328455,-274.69089241689807,-18.90784887638648,HOLD,0,22213452.806368314,0.0,22213452.806368314,0,2121.3452806368314,36309.06097388633
2021-03-26,13219.232421875,-272.5511314794803,-274.26294022941454,1.711808749934221,BUY,1600,1049990.4682433158,21150771.875,22200762.343243316,1600,2120.0762343243314,37084.90212538197
2021-03-29,13357.7939453125,-241.90150218898452,-267.79065262132855,25.889150432344024,HOLD,1600,1049990.4682433158,21372470.3125,22422460.780743316,0,2142.2460780743313,37474.66731922493
2021-03-30,13501.9384765625,-203.63283854612928,-254.95908980628872,51.32625126015944,HOLD,1600,1049990.4682433158,21603101.5625,22653092.030743316,0,2165.3092030743314,37880.13717673123
2021-03-31,13192.96484375,-195.97713445148656,-243.1626987353283,47.18556428384173,HOLD,1600,1049990.4682433158,21108743.75,22158734.218243316,0,2115.8734218243317,37011.01301514644
2021-04-01,13426.0908203125,-169.14877403102219,-228.35991379446708,59.21113976344489,HOLD,1600,1049990.4682433158,21481745.3125,22531735.780743316,0,2153.1735780743315,37666.78230225086
2021-04-02,14197.705078125,-84.64850784725786,-199.61763260502525,114.96912475776739,HOLD,1600,1049990.4682433158,22716328.125,23766318.593243316,0,2276.631859324332,39837.28659021748
2021-04-06,13961.4921875,-36.32313378906838,-166.9587328418339,130.6355990527655,HOLD,1600,1049990.4682433158,22338387.5,23388377.968243316,0,2238.8377968243317,39172.8340003599
2021-04-07,13534.4443359375,-32.11392992180845,-139.9897722578288,107.87584233602036,HOLD,1600,1049990.4682433158,21655110.9375,22705101.405743316,0,2170.5101405743317,37971.57419521958
2021-04-08,13593.546875,-23.735417451911417,-116.73890129664534,93.00348384473392,HOLD,1600,1049990.4682433158,21749675.0,22799665.468243316,0,2179.9665468243315,38137.826066755166
2021-04-09,13265.2001953125,-43.09346426735465,-102.0098138907872,58.91634962343255,HOLD,1600,1049990.4682433158,21224320.3125,22274310.780743316,0,2127.4310780743317,37214.20669478848
2021-04-12,13192.2421875,-63.58894357199097,-94.32563982702796,30.73669625503699,HOLD,1600,1049990.4682433158,21107587.5,22157577.968243316,0,2115.7577968243318,37008.98022677651
2021-04-13,13271.767578125,-72.57808914745328,-89.97612969111303,17.398040543659747,HOLD,1600,1049990.4682433158,21234828.125,22284818.593243316,0,2128.4818593243317,37232.68034585301
2021-04-14,13442.5078125,-65.17346269207519,-85.01559629130547,19.84213359923028,HOLD,1600,1049990.4682433158,21508012.5,22558002.968243316,0,2155.8002968243313,37712.96230939524
2021-04-15,13236.3056640625,-75.07857388937737,-83.02819181091985,7.949617921542483,HOLD,1600,1049990.4682433158,21178089.0625,22228079.530743316,0,2122.8079530743316,37132.92812412714
2021-04-16,13494.912109375,-61.35381837641398,-78.69331712401868,17.339498747604694,HOLD,1600,1049990.4682433158,21591859.375,22641849.843243316,0,2164.1849843243317,37860.37243035065
2021-04-19,13711.751953125,-32.60385067108473,-69.47542383343189,36.87157316234716,HOLD,1600,1049990.4682433158,21938803.125,22988793.593243316,0,2198.8793593243317,38470.32980982633
2021-04-20,13756.4072265625,-6.145149309548287,-56.809368928655175,50.66421961910689,HOLD,1600,1049990.4682433158,22010251.5625,23060242.030743316,0,2206.0242030743316,38595.942396031256
2021-04-21,13659.216796875,6.901549950882327,-44.067185152747676,50.96873510363,HOLD,1600,1049990.4682433158,21854746.875,22904737.343243316,0,2190.4737343243314,38322.55158935529
2021-04-22,13498.3271484375,4.210170864173051,-34.41171394936353,38.62188481353658,HOLD,1600,1049990.4682433158,21597323.4375,22647313.905743316,0,2164.7313905743317,37869.978728904214
2021-04-23,13849.263671875,30.048497713027245,-21.519671616885375,51.56816932991262,HOLD,1600,1049990.4682433158,22158821.875,23208812.343243316,0,2220.8812343243317,38857.14196651028
2021-04-26,13644.900390625,33.64728408790688,-10.486280475926925,44.13356456383381,HOLD,1600,1049990.4682433158,21831840.625,22881831.093243316,0,2188.183109324332,38282.28040354026
2021-04-27,13754.04296875,44.78993167833687,0.5689619549258341,44.22096972341104,HOLD,1600,1049990.4682433158,22006468.75,23056459.218243316,0,2205.6459218243317,38589.29188164802
2021-04-28,13409.6728515625,25.538379198007533,5.562845403542174,19.97553379446536,HOLD,1600,1049990.4682433158,21455476.5625,22505467.030743316,0,2150.5467030743316,37620.59954809518
2021-04-29,13306.9658203125,1.971064884950465,4.844489299823833,-2.8734244148733676,SELL,0,22328361.093555816,0.0,22328361.093555816,1600,2132.836109355582,37331.690874525004
2021-04-30,13178.3857421875,-26.772917688069356,-1.4789920977548052,-25.29392559031455,HOLD,0,22328361.093555816,0.0,22328361.093555816,0,2132.836109355582,36970.00288328882
2021-05-06,12864.6181640625,-74.01791975168271,-15.986777628540388,-58.031142123142324,HOLD,0,22328361.093555816,0.0,22328361.093555816,0,2132.836109355582,36087.393643179756
2021-05-07,12496.8701171875,-139.5257522331267,-40.694572549457654,-98.83117968366903,HOLD,0,22328361.093555816,0.0,22328361.093555816,0,2132.836109355582,35052.94060585978
2021-05-10,12339.4599609375,-201.8164510891511,-72.91894825739634,-128.89750283175476,HOLD,0,22328361.093555816,0.0,22328361.093555816,0,2132.836109355582,34610.15534670877
2021-05-11,12864.6181640625,-206.42684052946424,-99.62052671180993,-106.80631381765431,HOLD,0,22328361.093555816,0.0,22328361.093555816,0,2132.836109355582,36087.393643179756
2021-05-12,13028.791015625,-194.59011656997245,-118.61444468344244,-75.97567188653001,HOLD,0,22328361.093555816,0.0,22328361.093555816,0,2132.836109355582,36549.20195565744
2021-05-13,12946.7041015625,-189.64702266287713,-132.8209602793294,-56.826062383547736,HOLD,0,22328361.093555816,0.0,22328361.093555816,0,2132.836109355582,36318.296425912944
2021-05-14,13198.5458984375,-163.5230647494791,-138.96138117335934,-24.561683576119748,HOLD,0,22328361.093555816,0.0,22328361.093555816,0,2132.836109355582,37026.71218478716
2021-05-17,13514.4814453125,-115.98922999824754,-134.366950938337,18.37772094008946,BUY,1600,692216.8788683154,21623170.3125,22315387.191368315,1600,2131.538719136832,37915.41979000601
2021-05-18,13523.3466796875,-76.71860880428358,-122.83728251152633,46.11867370724275,HOLD,1600,692216.8788683154,21637354.6875,22329571.566368315,0,2132.9571566368313,37940.35715868465
2021-05-19,13455.6416015625,-50.47771684970394,-108.36536937916185,57.88765252945791,HOLD,1600,692216.8788683154,21529026.5625,22221243.441368315,0,2122.1243441368315,37749.906864513
2021-05-20,13520.5224609375,-24.16768774027878,-91.52583305138523,67.35814531110645,HOLD,1600,692216.8788683154,21632835.9375,22325052.816368315,0,2132.5052816368316,37932.412801974075
2021-05-21,13410.330078125,-12.069277377593608,-75.63452191662691,63.5652445390333,HOLD,1600,692216.8788683154,21456528.125,22148745.003868315,0,2114.8745003868316,37622.44828670729
2021-05-24,13602.0185546875,12.838464226393626,-57.939924688022806,70.77838891441644,HOLD,1600,692216.8788683154,21763229.6875,22455446.566368315,0,2145.5446566368314,38161.656389875585
2021-05-25,14411.1298828125,96.75126272123816,-27.00168720617061,123.75294992740878,HOLD,1600,692216.8788683154,23057807.8125,23750024.691368315,0,2275.0024691368317,40437.637671139615
2021-05-26,14578.5869140625,174.7507254283537,13.34879532073425,161.40193010761945,HOLD,1600,692216.8788683154,23325739.0625,24017955.941368315,0,2301.7955941368314,40908.68418265522
2021-05-27,14742.759765625,246.9663641363113,60.07230908384967,186.89405505246165,HOLD,1600,692216.8788683154,23588415.625,24280632.503868315,0,2328.0632503868314,41370.49249513291
2021-05-28,14644.255859375,292.8732752848664,106.63250232405302,186.2407729608134,HOLD,1600,692216.8788683154,23430809.375,24123026.253868315,0,2312.3026253868316,41093.40695824403
2021-05-31,14565.453125,319.21638326838,149.14927851291844,170.06710475546157,HOLD,1600,692216.8788683154,23304725.0,23996941.878868315,0,2299.6941878868315,40871.73962753746
2021-06-01,14716.1640625,348.2403018222067,188.9674831747761,159.27281864743057,HOLD,1600,692216.8788683154,23545862.5,24238079.378868315,0,2323.8079378868315,41295.68038909698
2021-06-02,14591.720703125,357.0841831114194,222.59082316210478,134.49335994931462,HOLD,1600,692216.8788683154,23346753.125,24038970.003868315,0,2303.8970003868317,40945.62873777298
2021-06-03,14593.1650390625,360.05903219500215,250.08446496868427,109.97456722631787,HOLD,1600,692216.8788683154,23349064.0625,24041280.941368315,0,2304.128094136832,40949.691567501526
2021-06-04,14785.4453125,373.62511488860764,274.792594952669,98.83251993593865,HOLD,1600,692216.8788683154,23656712.5,24348929.378868315,0,2334.8929378868315,41490.56435952412
2021-06-07,14913.5,390.21116483500737,297.8763089291367,92.33485590587065,HOLD,1600,692216.8788683154,23861600.0,24553816.878868315,0,2355.3816878868315,41850.77445867513
2021-06-08,14388.1455078125,356.8504619708201,309.6711395374734,47.17932243334673,HOLD,1600,692216.8788683154,23021032.8125,23713249.691368315,0,2271.3249691368314,40372.9840129307
2021-06-09,14443.96484375,331.09931174493613,313.95677397896594,17.14253776597019,HOLD,1600,692216.8788683154,23110343.75,23802560.628868315,0,2280.256062886832,40530.00043243967
2021-06-10,14699.943359375,327.5706361848297,316.6795464201387,10.891089764691003,HOLD,1600,692216.8788683154,23519909.375,24212126.253868315,0,2321.2126253868314,41250.05253122606
2021-06-11,14308.0947265625,289.8144252374841,311.3065221836078,-21.492096946123695,SELL,0,23571432.670430813,0.0,23571432.670430813,1600,2257.1432670430813,40147.80600176903
2021-06-15,14401.279296875,264.3641467681955,301.91804710052537,-37.553900332329874,HOLD,0,23571432.670430813,0.0,23571432.670430813,0,2257.1432670430813,40409.92856804846
2021-06-16,14171.4375,223.07681492025404,286.1498006644711,-63.07298574421708,HOLD,0,23571432.670430813,0.0,23571432.670430813,0,2257.1432670430813,39763.39747998196
2021-06-17,14164.279296875,187.61597957733466,266.4430364470438,-78.82705686970917,HOLD,0,23571432.670430813,0.0,23571432.670430813,0,2257.1432670430813,39743.26188707444
2021-06-18,13731.05859375,123.13628349439387,237.78168585651383,-114.64540236211997,HOLD,0,23571432.670430813,0.0,23571432.670430813,0,2257.1432670430813,38524.638223439106
2021-06-21,13669.986328125,66.34287895226771,203.4939244756646,-137.1510455233969,HOLD,0,23571432.670430813,0.0,23571432.670430813,0,2257.1432670430813,38352.84563008982
2021-06-22,13626.1845703125,17.59642030940813,166.31442364241332,-148.71800333300519,HOLD,0,23571432.670430813,0.0,23571432.670430813,0,2257.1432670430813,38229.63393177046
2021-06-23,13383.4052734375,-40.16278801117369,125.01898131169592,-165.18176932286963,HOLD,0,23571432.670430813,0.0,23571432.670430813,0,2257.1432670430813,37546.710437859656
2021-06-24,13580.7412109375,-69.21613526506371,86.171957996344,-155.38809326140773,HOLD,0,23571432.670430813,0.0,23571432.670430813,0,2257.1432670430813,38101.8045074378
2021-06-25,13867.3701171875,-68.3249574267702,55.272574911721165,-123.59753233849136,HOLD,0,23571432.670430813,0.0,23571432.670430813,0,2257.1432670430813,38908.07430322219
2021-06-28,13940.3525390625,-61.02614959845778,32.01283000968538,-93.03897960814317,HOLD,0,23571432.670430813,0.0,23571432.670430813,0,2257.1432670430813,39113.369446516925
2021-06-29,13668.5068359375,-76.29795283583735,10.350673440580834,-86.64862627641818,HOLD,0,23571432.670430813,0.0,23571432.670430813,0,2257.1432670430813,38348.683907954095
2021-06-30,13633.375,-90.19608812126899,-9.75867887178913,-80.43740924947986,HOLD,0,23571432.670430813,0.0,23571432.670430813,0,2257.1432670430813,38249.86017605123
2021-07-01,13953.5439453125,-74.5165222587566,-22.710247549182622,-51.80627470957397,HOLD,0,23571432.670430813,0.0,23571432.670430813,0,2257.1432670430813,39150.476075302024
2021-07-02,13343.6982421875,-110.0314310515605,-40.1744842496582,-69.8569468019023,HOLD,0,23571432.670430813,0.0,23571432.670430813,0,2257.1432670430813,37435.016957966116
2021-07-05,13217.7509765625,-146.64965792140356,-61.46951898400727,-85.1801389373963,HOLD,0,23571432.670430813,0.0,23571432.670430813,0,2257.1432670430813,37080.73490922362
2021-07-06,13343.03515625,-163.67375115864343,-81.9103654189345,-81.76338573970892,HOLD,0,23571432.670430813,0.0,23571432.670430813,0,2257.1432670430813,37433.15173728614
2021-07-07,13284.0390625,-179.8527291090886,-101.49883815696533,-78.35389095212328,HOLD,0,23571432.670430813,0.0,23571432.670430813,0,2257.1432670430813,37267.19928998342
2021-07-08,13158.0927734375,-200.52596020221245,-121.30426256601476,-79.22169763619769,HOLD,0,23571432.670430813,0.0,23571432.670430813,0,2257.1432670430813,36912.91998825224
2021-07-09,13072.6474609375,-221.25389028711288,-141.2941881102344,-79.9597021768785,HOLD,0,23571432.670430813,0.0,23571432.670430813,0,2257.1432670430813,36672.5674866102
2021-07-12,12999.001953125,-240.84716501916046,-161.2047834920196,-79.64238152714086,HOLD,0,23571432.670430813,0.0,23571432.670430813,0,2257.1432670430813,36465.40712263549
2021-07-13,13144.171875,-241.8728176651348,-177.33839032664264,-64.53442733849215,HOLD,0,23571432.670430813,0.0,23571432.670430813,0,2257.1432670430813,36873.761342018035
2021-07-14,13005.630859375,-250.97171123915905,-192.06505450914594,-58.90665673001311,HOLD,0,23571432.670430813,0.0,23571432.670430813,0,2257.1432670430813,36484.053835412604
2021-07-15,13244.2001953125,-236.20922543189226,-200.8938886936952,-35.31533673819706,HOLD,0,23571432.670430813,0.0,23571432.670430813,0,2257.1432670430813,37155.13496356293
2021-07-16,12965.1953125,-244.20813204164915,-209.556737363286,-34.65139467836315,HOLD,0,23571432.670430813,0.0,23571432.670430813,0,2257.1432670430813,36370.31108508127
2021-07-19,13091.8046875,-237.59218984654035,-215.16382785993687,-22.428361986603477,HOLD,0,23571432.670430813,0.0,23571432.670430813,0,2257.1432670430813,36726.45560749243
2021-07-20,13124.94921875,-227.05714785781856,-217.54249185951323,-9.51465599830533,HOLD,0,23571432.670430813,0.0,23571432.670430813,0,2257.1432670430813,36819.68917137799
2021-07-21,13052.0322265625,-222.03239185474195,-218.440471858559,-3.591919996182952,HOLD,0,23571432.670430813,0.0,23571432.670430813,0,2257.1432670430813,36614.57807784107
2021-07-22,12859.8642578125,-230.8949720733599,-220.93137190151919,-9.96360017184071,HOLD,0,23571432.670430813,0.0,23571432.670430813,0,2257.1432670430813,36074.02119211921
2021-07-23,12594.6474609375,-256.36420279793674,-228.0179380808027,-28.346264717134034,HOLD,0,23571432.670430813,0.0,23571432.670430813,0,2257.1432670430813,35327.98236633349
2021-07-26,11959.015625,-324.10287243986386,-247.23492495261496,-76.8679474872489,HOLD,0,23571432.670430813,0.0,23571432.670430813,0,2257.1432670430813,33539.98841533824
2021-07-27,11354.33984375,-421.71724433949566,-282.1313888299911,-139.58585550950454,HOLD,0,23571432.670430813,0.0,23571432.670430813,0,2257.1432670430813,31839.07197588124
2021-07-28,11725.6171875,-463.77228043647847,-318.4595671512886,-145.3127132851899,HOLD,0,23571432.670430813,0.0,23571432.670430813,0,2257.1432670430813,32883.45271207813
2021-07-29,11598.94140625,-501.5414191257205,-355.075937546175,-146.4654815795455,HOLD,0,23571432.670430813,0.0,23571432.670430813,0,2257.1432670430813,32527.12139289784
2021-07-30,11129.625,-562.8553987212745,-396.63182978119494,-166.22356894007953,HOLD,0,23571432.670430813,0.0,23571432.670430813,0,2257.1432670430813,31206.96269719598
2021-08-02,11633.4775390625,-564.2857454453242,-430.1626129140208,-134.12313253130338,HOLD,0,23571432.670430813,0.0,23571432.670430813,0,2257.1432670430813,32624.269447901162
2021-08-03,11595.693359375,-561.9899032760441,-456.5280709864255,-105.46183228961854,HOLD,0,23571432.670430813,0.0,23571432.670430813,0,2257.1432670430813,32517.98483327841
2021-08-04,11427.9853515625,-567.1651397691876,-478.65548474297793,-88.50965502620966,HOLD,0,23571432.670430813,0.0,23571432.670430813,0,2257.1432670430813,32046.23233985595
2021-08-05,11262.2666015625,-577.976121183825,-498.51961203114735,-79.4565091526776,HOLD,0,23571432.670430813,0.0,23571432.670430813,0,2257.1432670430813,31580.0755084734
2021-08-06,11076.6611328125,-594.665775113428,-517.7488446476035,-76.91693046582452,HOLD,0,23571432.670430813,0.0,23571432.670430813,0,2257.1432670430813,31057.978538759522
2021-08-09,11227.796875,-588.9084843696601,-531.9807725920149,-56.927711777645186,HOLD,0,23571432.670430813,0.0,23571432.670430813,0,2257.1432670430813,31483.114250239207
2021-08-10,11925.142578125,-522.057861635998,-529.9961904008115,7.938328764813491,BUY,1900,900067.1094542518,22657770.8984375,23557838.00789175,1900,2255.7838007891755,33444.705581014896
2021-08-11,11603.6474609375,-489.37897440793313,-521.8727472022359,32.4937727943028,HOLD,1900,900067.1094542518,22046930.17578125,22946997.2852355,0,2194.69972852355,32540.35924040416
2021-08-12,11202.607421875,-490.19068725237776,-515.5363352122644,25.345647959886605,HOLD,1900,900067.1094542518,21284954.1015625,22185021.21101675,0,2118.502121101675,31412.257840490714
2021-08-13,11269.16015625,-479.93137591537743,-508.415343352887,28.48396743750959,HOLD,1900,900067.1094542518,21411404.296875,22311471.40632925,0,2131.147140632925,31599.466661315717
2021-08-16,11263.5927734375,-466.86827220430314,-500.10592912317026,33.23765691886712,HOLD,1900,900067.1094542518,21400826.26953125,22300893.3789855,0,2130.08933789855,31583.80594983335
2021-08-17,10838.025390625,-485.2616058492822,-497.1370644683927,11.875458619110475,HOLD,1900,900067.1094542518,20592248.2421875,21492315.35164175,0,2049.2315351641755,30386.710613840063
2021-08-18,10738.5947265625,-502.07408141259293,-498.12446785723273,-3.9496135553602016,SELL,0,21291155.09193472,0.0,21291155.09193472,1900,2029.115509193472,30107.018163217326
2021-08-19,10738.3955078125,-509.5404990173229,-500.4076740892508,-9.132824928072068,HOLD,0,21291155.09193472,0.0,21291155.09193472,0,2029.115509193472,30106.457772909944
2021-08-20,10261.3232421875,-547.6405738969006,-509.8542540507808,-37.786319846119795,HOLD,0,21291155.09193472,0.0,21291155.09193472,0,2029.115509193472,28764.48231337841
2021-08-23,10408.416015625,-559.5162452360637,-519.7866522878375,-39.72959294822624,HOLD,0,21291155.09193472,0.0,21291155.09193472,0,2029.115509193472,29178.245398031744
2021-08-24,10772.931640625,-533.3661231201822,-522.5025464543064,-10.863576665875826,HOLD,0,21291155.09193472,0.0,21291155.09193472,0,2029.115509193472,30203.605827913263
2021-08-25,11037.021484375,-485.7328932075088,-515.148615804947,29.41572259743816,BUY,1900,308232.0671300329,20970340.8203125,21278572.887442533,1900,2027.8572887442533,30946.474602646424
2021-08-26,10572.875,-479.90392387327665,-508.09967741861294,28.195753545336288,HOLD,1900,308232.0671300329,20088462.5,20396694.567130033,0,1939.6694567130035,29640.85858482347
2021-08-27,10579.703125,-469.32338323963995,-500.3444185828184,31.021035343178426,HOLD,1900,308232.0671300329,20101435.9375,20409668.004630033,0,1940.9668004630032,29660.06568790797
2021-08-30,10513.216796875,-460.98912392423154,-492.473359651101,31.484235726869485,HOLD,1900,308232.0671300329,19975111.9140625,20283343.981192533,0,1928.3343981192534,29473.043663852088
2021-08-31,10327.611328125,-464.0121305269822,-486.7811138262773,22.768983299295087,HOLD,1900,308232.0671300329,19622461.5234375,19930693.590567533,0,1893.0693590567532,28950.946694138212
2021-09-01,10751.91796875,-427.24487228239013,-474.8738655174999,47.62899323510976,HOLD,1900,308232.0671300329,20428644.140625,20736876.207755033,0,1973.687620775503,30144.495638529366
2021-09-02,10730.6396484375,-395.2671442549181,-458.95252126498355,63.68537701006545,HOLD,1900,308232.0671300329,20388215.33203125,20696447.399161283,0,1969.6447399161282,30084.641009080267
2021-09-03,10991.9453125,-344.86400357593266,-436.1348177271734,91.27081415124076,HOLD,1900,308232.0671300329,20884696.09375,21192928.160880033,0,2019.2928160880033,30819.67805456659
2021-09-06,11074.4736328125,-294.8608335765748,-407.8800208970537,113.01918732047892,HOLD,1900,308232.0671300329,21041499.90234375,21349731.969473783,0,2034.9731969473783,31051.82523342353
2021-09-07,11063.4033203125,-253.20742521722968,-376.94550176108896,123.73807654385928,HOLD,1900,308232.0671300329,21020466.30859375,21328698.375723783,0,2032.8698375723782,31020.6851132053
2021-09-08,10825.431640625,-236.67092958065223,-348.89058732500166,112.21965774434943,HOLD,1900,308232.0671300329,20568320.1171875,20876552.184317533,0,1987.6552184317532,30351.285155977126
2021-09-09,10831.927734375,-220.49967418640335,-323.212404697282,102.71273051087866,HOLD,1900,308232.0671300329,20580662.6953125,20888894.762442533,0,1988.8894762442533,30369.55827521598
2021-09-10,11020.8466796875,-190.2466132208374,-296.6192464019931,106.37263318115572,HOLD,1900,308232.0671300329,20939608.69140625,21247840.758536283,0,2024.7840758536286,30900.975854307104
2021-09-13,10963.97265625,-168.9129791405976,-271.07799294971403,102.16501380911643,HOLD,1900,308232.0671300329,20831548.046875,21139780.114005033,0,2013.9780114005032,30740.99266258256
2021-09-14,10983.8583984375,-148.68733221786715,-246.59986080334465,97.9125285854775,HOLD,1900,308232.0671300329,20869330.95703125,21177563.024161283,0,2017.7563024161284,30796.930053902586
2021-09-15,10710.35546875,-152.96448264130777,-227.87278517093728,74.90830252962951,HOLD,1900,308232.0671300329,20349675.390625,20657907.457755033,0,1965.7907457755034,30027.582837145474
2021-09-16,10858.3759765625,-142.76443767586898,-210.85111567192362,68.08667799605465,HOLD,1900,308232.0671300329,20630914.35546875,20939146.422598783,0,1993.9146422598783,30443.955582543986
2021-09-17,11176.0927734375,-107.80107463114291,-190.2411074637675,82.44003283262458,HOLD,1900,308232.0671300329,21234576.26953125,21542808.336661283,0,2054.2808336661283,31337.67373639358
2021-09-22,10855.857421875,-104.72546411241092,-173.1379787934962,68.41251468108527,HOLD,1900,308232.0671300329,20626129.1015625,20934361.168692533,0,1993.4361168692533,30436.87104037366
2021-09-23,10838.025390625,-102.5448433884776,-159.01935171249247,56.47450832401486,HOLD,1900,308232.0671300329,20592248.2421875,20900480.309317533,0,1990.0480309317534,30386.710613840063
2021-09-24,11229.123046875,-68.46910422142537,-140.90930221427905,72.44019799285368,HOLD,1900,308232.0671300329,21335333.7890625,21643565.856192533,0,2064.3565856192536,31486.844691599155
2021-09-27,12296.353515625,44.1438810003001,-103.89866557136322,148.0425465716633,HOLD,1900,308232.0671300329,23363071.6796875,23671303.746817533,0,2267.1303746817534,34488.89952044265
2021-09-28,12078.001953125,114.45200539338657,-60.22853137841327,174.68053677179984,HOLD,1900,308232.0671300329,22948203.7109375,23256435.778067533,0,2225.6435778067535,33874.68976745798
2021-09-29,12064.3466796875,167.14311231724787,-14.754202639281043,181.8973149565289,HOLD,1900,308232.0671300329,22922258.69140625,23230490.758536283,0,2223.0490758536284,33836.278308300294
2021-09-30,12130.634765625,211.80849226323699,30.558336341222567,181.25015592201441,HOLD,1900,308232.0671300329,23048206.0546875,23356438.121817533,0,2235.643812181753,34022.7426890601
2021-10-08,12194.2705078125,249.46531932119797,74.33973293721765,175.1255863839803,HOLD,1900,308232.0671300329,23169113.96484375,23477346.031973783,0,2247.7346031973784,34201.74618710001
2021-10-11,12376.6943359375,290.6779499512686,117.60737634002784,173.07057361124077,HOLD,1900,308232.0671300329,23515719.23828125,23823951.305411283,0,2282.3951305411283,34714.89339396359
2021-10-12,12402.34765625,321.700897507435,158.42608057350927,163.27481693392573,HOLD,1900,308232.0671300329,23564460.546875,23872692.614005033,0,2287.269261400503,34787.054634084685
2021-10-13,12792.84765625,373.49151570662616,201.43916760013266,172.0523481064935,HOLD,1900,308232.0671300329,24306410.546875,24614642.614005033,0,2361.4642614005033,35885.507540921615
2021-10-14,12667.564453125,399.8177956338368,241.11489320687352,158.70290242696328,HOLD,1900,308232.0671300329,24068372.4609375,24376604.528067533,0,2337.6604528067533,35533.0934598704
2021-10-15,12707.1376953125,419.0443101030596,276.70077658611075,142.34353351694887,HOLD,1900,308232.0671300329,24143561.62109375,24451793.688223783,0,2345.1793688223784,35644.410599214374
2021-10-18,11931.771484375,367.47980962549263,294.85658319398715,72.62322643150549,HOLD,1900,308232.0671300329,22670365.8203125,22978597.887442533,0,2197.8597887442534,33463.352293792
2021-10-19,12012.509765625,329.33312872853276,301.7518923008963,27.58123642763644,HOLD,1900,308232.0671300329,22823768.5546875,23132000.621817533,0,2213.2000621817533,33690.46420091641
2021-10-20,12203.55078125,310.93278307589026,303.58807045589515,7.344712619995107,HOLD,1900,308232.0671300329,23186746.484375,23494978.551505033,0,2249.4978551505033,34227.85103558571
2021-10-21,12223.4375,294.5595692246625,301.7823702096486,-7.222800984986122,SELL,0,23518828.598380033,0.0,23518828.598380033,1900,2251.8828598380032,34283.79117391704
2021-10-22,12601.2763671875,308.5157407211409,303.1290443119471,5.386696409193803,BUY,1800,822921.7589659728,22682297.4609375,23505219.219903473,1800,2250.5219219903474,35346.6290791106
2021-10-25,12415.8701171875,301.1439720563176,302.7320298608212,-1.5880578045036486,SELL,0,23158078.83017691,0.0,23158078.83017691,1800,2215.807883017691,34825.09249970411
2021-10-26,12336.4580078125,285.60166056471826,299.30595600160063,-13.704295436882376,HOLD,0,23158078.83017691,0.0,23158078.83017691,0,2215.807883017691,34601.711033939646
2021-10-27,12057.7177734375,247.93422790104705,289.03161038148994,-41.09738248044289,HOLD,0,23158078.83017691,0.0,23158078.83017691,0,2215.807883017691,33817.631595523184
2021-10-28,12100.73828125,219.02908067778844,275.03110444074963,-56.00202376296119,HOLD,0,23158078.83017691,0.0,23158078.83017691,0,2215.807883017691,33938.64568479397
2021-10-29,12104.6494140625,194.19853910981692,258.8645913745631,-64.66605226474616,HOLD,0,23158078.83017691,0.0,23158078.83017691,0,2215.807883017691,33949.647465093374
2021-11-01,11951.658203125,160.32689525260503,239.1570521501715,-78.83015689756647,HOLD,0,23158078.83017691,0.0,23158078.83017691,0,2215.807883017691,33519.29243212334
2021-11-02,11962.529296875,132.82940517641327,217.89152275541986,-85.06211757900658,HOLD,0,23158078.83017691,0.0,23158078.83017691,0,2215.807883017691,33549.872162034175
2021-11-03,11699.7646484375,88.81077968379759,192.0753741410954,-103.26459445729782,HOLD,0,23158078.83017691,0.0,23158078.83017691,0,2215.807883017691,32810.731081649654
2021-11-04,11959.6123046875,74.03975189404082,168.4682496916845,-94.42849779764367,HOLD,0,23158078.83017691,0.0,23158078.83017691,0,2215.807883017691,33541.66683924908
2021-11-05,12063.94921875,69.94642409914195,148.763884573176,-78.81746047403405,HOLD,0,23158078.83017691,0.0,23158078.83017691,0,2215.807883017691,33835.16027469684
2021-11-08,12065.009765625,66.02689268178074,132.21648619489696,-66.18959351311622,HOLD,0,23158078.83017691,0.0,23158078.83017691,0,2215.807883017691,33838.14352898027
2021-11-09,11865.5498046875,46.2922555970199,115.03164007532155,-68.73938447830164,HOLD,0,23158078.83017691,0.0,23158078.83017691,0,2215.807883017691,33277.07470980132
2021-11-10,11626.7822265625,11.256111983921073,94.27653445704146,-83.02042247312039,HOLD,0,23158078.83017691,0.0,23158078.83017691,0,2215.807883017691,32605.43593835492
2021-11-11,11730.2568359375,-8.067748070317975,73.80767795156957,-81.87542602188755,HOLD,0,23158078.83017691,0.0,23158078.83017691,0,2215.807883017691,32896.50376281532
2021-11-12,11757.9658203125,-20.90518100517329,54.865106160221,-75.7702871653943,HOLD,0,23158078.83017691,0.0,23158078.83017691,0,2215.807883017691,32974.447461745454
2021-11-15,11674.177734375,-37.408713026014084,36.41034232297399,-73.81905534898807,HOLD,0,23158078.83017691,0.0,23158078.83017691,0,2215.807883017691,32738.756638297695
2021-11-16,11984.8017578125,-25.133396209423154,24.101594616494562,-49.23499082591772,HOLD,0,23158078.83017691,0.0,23158078.83017691,0,2215.807883017691,33612.52324899758
2021-11-17,11898.6279296875,-22.10382777096129,14.860510139003393,-36.964337909964684,HOLD,0,23158078.83017691,0.0,23158078.83017691,0,2215.807883017691,33370.12147691776
2021-11-18,11878.7412109375,-21.064743706401714,7.675459369922373,-28.740203076324086,HOLD,0,23158078.83017691,0.0,23158078.83017691,0,2215.807883017691,33314.18133858642
2021-11-19,12120.0947265625,-0.7573205437820434,5.98890338718149,-6.7462239309635335,HOLD,0,23158078.83017691,0.0,23158078.83017691,0,2215.807883017691,33993.09419598359
2021-11-22,12291.5146484375,28.836207844809906,10.558364278707174,18.27784356610273,BUY,1800,1020077.6271690987,22124726.3671875,23144803.9943566,1800,2214.48039943566,34475.28807939807
2021-11-23,12570.9833984375,73.98720635046084,23.244132693057907,50.74307365740293,HOLD,1800,1020077.6271690987,22627770.1171875,23647847.7443566,0,2264.78477443566,35261.41678825232
2021-11-24,12866.4267578125,132.08689246485483,45.012684647417295,87.07420781743753,HOLD,1800,1020077.6271690987,23159568.1640625,24179645.7912316,0,2317.96457912316,36092.48110812719
2021-11-25,12966.0576171875,184.0490866930577,72.81996505654537,111.22912163651232,HOLD,1800,1020077.6271690987,23338903.7109375,24358981.3381066,0,2335.89813381066,36372.736696068634
2021-11-26,12866.4931640625,214.72031854058878,101.20003575335406,113.52028278723472,HOLD,1800,1020077.6271690987,23159687.6953125,24179765.3224816,0,2317.97653224816,36092.66790489633
2021-11-29,13158.0927734375,259.56503804602653,132.87303621188855,126.69200183413798,HOLD,1800,1020077.6271690987,23684566.9921875,24704644.6193566,0,2370.46446193566,36912.91998825224
2021-11-30,12798.615234375,263.06551274135745,158.91153151778232,104.15398122357513,HOLD,1800,1020077.6271690987,23037507.421875,24057585.0490441,0,2305.75850490441,35901.731389722685
2021-12-01,12813.3310546875,263.9840639066024,179.92603799554635,84.05802591105603,HOLD,1800,1020077.6271690987,23063995.8984375,24084073.5256066,0,2308.40735256066,35943.1261031638
2021-12-02,12820.025390625,262.2293822002357,196.38670683648422,65.84267536375148,HOLD,1800,1020077.6271690987,23076045.703125,24096123.3302941,0,2309.61233302941,35961.956865698725
2021-12-03,13071.123046875,277.8968448126252,212.68873443171242,65.20811038091279,HOLD,1800,1020077.6271690987,23528021.484375,24548099.1115441,0,2354.8099111544097,36668.279401954176
2021-12-06,13040.763671875,284.5831762632133,227.06762279801262,57.515553465200696,HOLD,1800,1020077.6271690987,23473374.609375,24493452.2365441,0,2349.34522365441,36582.88031432677
2021-12-07,12964.9970703125,280.53458253133067,237.76101474467626,42.77356778665441,HOLD,1800,1020077.6271690987,23336994.7265625,24357072.3537316,0,2335.70723537316,36369.75344178519
2021-12-08,13542.560546875,320.23907181154937,254.2566261580509,65.98244565349847,HOLD,1800,1020077.6271690987,24376608.984375,25396686.6115441,0,2439.6686611544096,37994.4046062229
2021-12-09,13831.2431640625,370.72594231315634,277.55048938907197,93.17545292408437,HOLD,1800,1020077.6271690987,24896237.6953125,25916315.3224816,0,2491.6315322481596,38806.45136679372
2021-12-10,13854.1123046875,407.88070458150287,303.6165324275582,104.26417215394468,HOLD,1800,1020077.6271690987,24937402.1484375,25957479.7756066,0,2495.74797756066,38870.78087766797
2021-12-13,14041.0439453125,447.2542736497908,332.34408067200474,114.91019297778604,HOLD,1800,1020077.6271690987,25273879.1015625,26293956.7287316,0,2529.3956728731596,39396.608288741794
2021-12-14,14251.837890625,489.82106814531835,363.8394781666675,125.98158997865085,HOLD,1800,1020077.6271690987,25653308.203125,26673385.8302941,0,2567.3385830294096,39989.55892119286
2021-12-15,14152.4072265625,509.65732347277844,393.00304722788974,116.6542762448887,HOLD,1800,1020077.6271690987,25474333.0078125,26494410.6349816,0,2549.44106349816,39709.86647057012
2021-12-16,14046.2802734375,510.9245207196727,416.5873419262464,94.33717879342635,HOLD,1800,1020077.6271690987,25283304.4921875,26303382.1193566,0,2530.3382119356597,39411.33776338983
2021-12-17,13593.6025390625,469.9837930772719,427.2666321564515,42.71716092082039,HOLD,1800,1020077.6271690987,24468484.5703125,25488562.1974816,0,2448.8562197481597,38137.982646399876
2021-12-20,13648.35546875,436.9195388245116,429.1972134900636,7.722325334448044,HOLD,1800,1020077.6271690987,24567039.84375,25587117.4709191,0,2458.71174709191,38291.999329557555
2021-12-21,13510.7431640625,395.05773652805146,422.36931809766116,-27.3115815696097,SELL,0,25324823.71986441,0.0,25324823.71986441,1800,2432.4823719864407,37904.904230708606
2021-12-22,13575.7041015625,362.94001479688814,410.48345743750656,-47.54344264061842,HOLD,0,25324823.71986441,0.0,25324823.71986441,0,2432.4823719864407,38087.63542309715
2021-12-23,14052.9755859375,371.71342797991565,402.7294515459884,-31.01602356607276,HOLD,0,25324823.71986441,0.0,25324823.71986441,0,2432.4823719864407,39430.17127293607
2021-12-24,14544.1005859375,413.5291969639984,404.88940062959045,8.639796334407947,BUY,1700,585017.7411730066,24724970.99609375,25309988.737266757,1700,2430.998873726676,40811.676225228744
2021-12-27,14131.3271484375,408.6504603052126,405.64161256471493,3.0088477404976857,HOLD,1700,585017.7411730066,24023256.15234375,24608273.893516757,0,2360.8273893516757,39650.569484417094
2021-12-28,14173.486328125,403.53422842163127,405.2201357360982,-1.685907314466931,SELL,0,24665487.54293082,0.0,24665487.54293082,1700,2366.548754293082,39769.16070971183
2021-12-29,13529.3037109375,343.5393168463579,392.88397195815014,-49.344655111792235,HOLD,0,24665487.54293082,0.0,24665487.54293082,0,2366.548754293082,37957.11392767999
2021-12-30,13754.6806640625,310.59856680907615,376.42689092833535,-65.82832411925921,HOLD,0,24665487.54293082,0.0,24665487.54293082,0,2366.548754293082,38591.08568003392
2021-12-31,13588.9619140625,268.0309727136664,354.7477072854016,-86.71673457173517,HOLD,0,24665487.54293082,0.0,24665487.54293082,0,2366.548754293082,38124.92884865137
2022-01-04,13597.115234375,232.2762168779318,330.25340920390767,-97.97719232597586,HOLD,0,24665487.54293082,0.0,24665487.54293082,0,2366.548754293082,38147.86364608451
2022-01-05,13416.6142578125,187.21727082070174,301.6461815272665,-114.42891070656475,HOLD,0,24665487.54293082,0.0,24665487.54293082,0,2366.548754293082,37640.12530449172
2022-01-06,13139.6650390625,127.6883324331775,266.8546117084487,-139.16627927527122,HOLD,0,24665487.54293082,0.0,24665487.54293082,0,2366.548754293082,36861.0838848191
2022-01-07,12873.0556640625,58.325728768499175,225.1488351204588,-166.82310635195964,HOLD,0,24665487.54293082,0.0,24665487.54293082,0,2366.548754293082,36111.12782090431
2022-01-10,13032.146484375,16.008133457642543,183.32069478789558,-167.31256133025303,HOLD,0,24665487.54293082,0.0,24665487.54293082,0,2366.548754293082,36558.64068652105
2022-01-11,12863.4443359375,-30.78682779753217,140.49919027081003,-171.2860180683422,HOLD,0,24665487.54293082,0.0,24665487.54293082,0,2366.548754293082,36084.09173558428
2022-01-12,13038.7744140625,-53.112254710589696,101.77690127453009,-154.88915598511977,HOLD,0,24665487.54293082,0.0,24665487.54293082,0,2366.548754293082,36577.28465228685
2022-01-13,12444.771484375,-117.38326728465836,57.9448675626924,-175.32813484735075,HOLD,0,24665487.54293082,0.0,24665487.54293082,0,2366.548754293082,34906.39029944462
2022-01-14,12375.8984375,-171.8944943536917,11.976995179415583,-183.87148953310728,HOLD,0,24665487.54293082,0.0,24665487.54293082,0,2366.548754293082,34712.65457974536
2022-01-17,12340.169921875,-215.49394707183637,-33.51719327083481,-181.97675380100156,HOLD,0,24665487.54293082,0.0,24665487.54293082,0,2366.548754293082,34612.152423931664
2022-01-18,12543.4072265625,-230.9846284905052,-73.01068031476889,-157.97394817573633,HOLD,0,24665487.54293082,0.0,24665487.54293082,0,2366.548754293082,35183.84668286044
2022-01-19,12674.193359375,-230.05581697318848,-104.41970764645282,-125.63610932673566,HOLD,0,24665487.54293082,0.0,24665487.54293082,0,2366.548754293082,35551.740172647515
2022-01-20,13055.4794921875,-196.29040912730488,-122.79384794262324,-73.49656118468164,HOLD,0,24665487.54293082,0.0,24665487.54293082,0,2366.548754293082,36624.275027767886
2022-01-21,13158.0263671875,-159.4187245286539,-130.11882325982938,-29.299901268824527,HOLD,0,24665487.54293082,0.0,24665487.54293082,0,2366.548754293082,36912.73319148311
2022-01-24,12927.412109375,-147.1104939189845,-133.51715739166042,-13.593336527324084,HOLD,0,24665487.54293082,0.0,24665487.54293082,0,2366.548754293082,36264.02921746983
2022-01-25,12879.6845703125,-139.59814548711802,-134.73335501075195,-4.864790476366068,HOLD,0,24665487.54293082,0.0,24665487.54293082,0,2366.548754293082,36129.77453368142
2022-01-26,12959.2294921875,-125.77607650360733,-132.94189930932302,7.165822805715692,BUY,1800,1324878.4891417585,23326613.0859375,24651491.57507926,1800,2365.149157507926,36353.52959298413
2022-01-27,13025.517578125,-108.22553609697025,-127.99862666685247,19.77309056988223,HOLD,1800,1324878.4891417585,23445931.640625,24770810.12976676,0,2377.081012976676,36539.993973743934
2022-01-28,12508.4736328125,-134.4874441098964,-129.29639015546127,-5.1910539544351195,SELL,0,23826621.87668082,0.0,23826621.87668082,1800,2282.662187668082,35085.58059425366
2022-02-07,12382.2626953125,-163.59850159455527,-136.15681244328007,-27.4416891512752,HOLD,0,23826621.87668082,0.0,23826621.87668082,0,2282.662187668082,34730.55685245727
2022-02-08,12190.29296875,-199.8557641177831,-148.8966027781807,-50.95916133960242,HOLD,0,23826621.87668082,0.0,23826621.87668082,0,2282.662187668082,34190.55761003148
2022-02-09,12568.0,-195.85441728706064,-158.2881656799567,-37.566251607103936,HOLD,0,23826621.87668082,0.0,23826621.87668082,0,2282.662187668082,35253.0246686981
2022-02-10,12415.6708984375,-202.63910901399322,-167.158354346764,-35.480754667229206,HOLD,0,23826621.87668082,0.0,23826621.87668082,0,2282.662187668082,34824.53210939672
2022-02-11,12263.0107421875,-217.8234912471853,-177.29138172684827,-40.53210952033703,HOLD,0,23826621.87668082,0.0,23826621.87668082,0,2282.662187668082,34395.108313261015
2022-02-14,12386.96875,-217.34937993775202,-185.30298136902903,-32.04639856872299,HOLD,0,23826621.87668082,0.0,23826621.87668082,0,2282.662187668082,34743.79469996359
2022-02-15,12532.4697265625,-202.8940936881936,-188.82120383286195,-14.072889855331653,HOLD,0,23826621.87668082,0.0,23826621.87668082,0,2282.662187668082,35153.08015618047
2022-02-16,12545.263671875,-188.23594393853273,-188.7041518539961,0.46820791546338114,BUY,1800,1231598.3825401962,22581474.609375,23813072.991915196,1800,2281.3072991915196,35189.06875136211
2022-02-17,12508.4072265625,-177.54661491243132,-186.47264446568317,8.926029553251851,HOLD,1800,1231598.3825401962,22515133.0078125,23746731.390352696,0,2274.6731390352697,35085.39379748453
2022-02-18,12641.048828125,-156.56736481107146,-180.49158853476084,23.92422372368938,HOLD,1800,1231598.3825401962,22753887.890625,23985486.273165196,0,2298.5486273165197,35458.506608761956
2022-02-21,12442.1201171875,-154.21534392540707,-175.23633961289008,21.02099568748301,HOLD,1800,1231598.3825401962,22395816.2109375,23627414.593477696,0,2262.7414593477697,34898.93216373604
2022-02-22,11983.9404296875,-187.16509928364212,-177.6220915470405,-9.543007736601623,SELL,0,22789748.500313632,0.0,22789748.500313632,1800,2178.974850031363,33610.100385021535
2022-02-23,12110.814453125,-200.72649435523817,-182.24297210868005,-18.483522246558124,HOLD,0,22789748.500313632,0.0,22789748.500313632,0,2178.974850031363,33966.989347497896
2022-02-24,11693.865234375,-242.32494390585816,-194.25936646811567,-48.06557743774249,HOLD,0,22789748.500313632,0.0,22789748.500313632,0,2178.974850031363,32794.13638632165
2022-02-25,11925.541015625,-253.67352503348593,-206.14219818118974,-47.53132685229619,HOLD,0,22789748.500313632,0.0,22789748.500313632,0,2178.974850031363,33445.82636162966
2022-02-28,11868.1357421875,-264.2533351936381,-217.76442558367944,-46.48890960995868,HOLD,0,22789748.500313632,0.0,22789748.500313632,0,2178.974850031363,33284.34879575209
2022-03-01,12319.421875,-233.53089284183625,-220.91771903531082,-12.613173806525424,HOLD,0,22789748.500313632,0.0,22789748.500313632,0,2178.974850031363,34553.78942162428
2022-03-02,12229.2705078125,-213.9908445886649,-219.53234414598165,5.54149955731674,BUY,1800,763853.9741026945,22012686.9140625,22776540.888165195,1800,2177.6540888165196,34300.19907247592
2022-03-03,11931.771484375,-219.97516370055564,-219.62090805689647,-0.3542556436591724,SELL,0,22228156.33277457,0.0,22228156.33277457,1800,2122.8156332774565,33463.352293792
2022-03-04,11802.5107421875,-232.46829157012144,-222.19038475954147,-10.277906810579964,HOLD,0,22228156.33277457,0.0,22228156.33277457,0,2122.8156332774565,33099.74963567226
2022-03-07,11315.296875,-278.47320689519256,-233.4469491866717,-45.02625770852086,HOLD,0,22228156.33277457,0.0,22228156.33277457,0,2122.8156332774565,31729.24646367898
2022-03-08,11621.5458984375,-286.91333860620034,-244.14022707057745,-42.77311153562289,HOLD,0,22228156.33277457,0.0,22228156.33277457,0,2122.8156332774565,32590.706463706887
2022-03-09,11793.7607421875,-276.5183734811362,-250.6158563526892,-25.902517128447016,HOLD,0,22228156.33277457,0.0,22228156.33277457,0,2122.8156332774565,33075.136414328284
2022-03-10,11894.849609375,-257.1588943228253,-251.92446394671643,-5.234430376108861,HOLD,0,22228156.33277457,0.0,22228156.33277457,0,2122.8156332774565,33359.493290156606
2022-03-11,11726.3466796875,-252.502454680156,-252.04006209340437,-0.4623925867516334,HOLD,0,22228156.33277457,0.0,22228156.33277457,0,2122.8156332774565,32885.50472952723
2022-03-14,11268.8955078125,-282.4685575064959,-258.1257611760227,-24.34279633047322,HOLD,0,22228156.33277457,0.0,22228156.33277457,0,2122.8156332774565,31598.72222125052
2022-03-15,10625.9052734375,-354.0199267649514,-277.30459429380846,-76.71533247114291,HOLD,0,22228156.33277457,0.0,22228156.33277457,0,2122.8156332774565,29790.029540029052
2022-03-16,11102.8447265625,-367.9978246325154,-295.44324036154984,-72.55458427096556,HOLD,0,22228156.33277457,0.0,22228156.33277457,0,2122.8156332774565,31131.63140602233
2022-03-17,11402.46484375,-350.85414182282875,-306.5254206538056,-44.32872116902314,HOLD,0,22228156.33277457,0.0,22228156.33277457,0,2122.8156332774565,31974.44469327312
2022-03-18,11320.533203125,-339.9600010750928,-313.2123367380631,-26.747664337029732,HOLD,0,22228156.33277457,0.0,22228156.33277457,0,2122.8156332774565,31743.97593832702
2022-03-21,11297.3994140625,-329.3959480375506,-316.4490589979606,-12.946889039590019,HOLD,0,22228156.33277457,0.0,22228156.33277457,0,2122.8156332774565,31678.90198738757
2022-03-22,11235.751953125,-322.28321450129806,-317.6158900986281,-4.667324402669976,HOLD,0,22228156.33277457,0.0,22228156.33277457,0,2122.8156332774565,31505.491404376266
2022-03-23,11614.8505859375,-282.79633045792434,-310.6519781704874,27.85564771256304,BUY,1800,1308881.2394542582,20906731.0546875,22215612.29414176,1800,2121.561229414176,32571.87295416064
2022-03-24,11407.6357421875,-265.166521885958,-301.5548869135815,36.388365027623536,HOLD,1800,1308881.2394542582,20533744.3359375,21842625.57539176,0,2084.2625575391758,31988.99011816334
2022-03-25,11202.607421875,-264.68768862076104,-294.1814472550174,29.49375863425638,HOLD,1800,1308881.2394542582,20164693.359375,21473574.59882926,0,2047.357459882926,31412.257840490714
2022-03-28,11009.0478515625,-276.7367999208691,-290.6925177881878,13.955717867318697,HOLD,1800,1308881.2394542582,19816286.1328125,21125167.37226676,0,2012.516737226676,30867.786463651082
2022-03-29,11050.146484375,-279.7447676960728,-288.5029677697648,8.758200073691967,HOLD,1800,1308881.2394542582,19890263.671875,21199144.91132926,0,2019.914491132926,30983.394434662394
2022-03-30,11468.4208984375,-245.5468431195659,-279.91174283972504,34.364899720159144,HOLD,1800,1308881.2394542582,20643157.6171875,21952038.85664176,0,2095.2038856641757,32159.975090187276
2022-03-31,11394.841796875,-221.82490070569838,-268.29437441291975,46.46947370722137,HOLD,1800,1308881.2394542582,20510715.234375,21819596.47382926,0,2081.9596473829256,31953.001522981704
2022-04-01,11799.2626953125,-168.4499180194125,-248.3254831342183,79.8755651148058,HOLD,1800,1308881.2394542582,21238672.8515625,22547554.09101676,0,2154.7554091016755,33090.61307605283
2022-04-06,11699.7646484375,-132.64942058833913,-225.19027062504247,92.54085003670335,HOLD,1800,1308881.2394542582,21059576.3671875,22368457.60664176,0,2136.845760664176,32810.731081649654
2022-04-07,11699.7646484375,-103.08892350600763,-200.77000120123552,97.68107769522788,HOLD,1800,1308881.2394542582,21059576.3671875,22368457.60664176,0,2136.845760664176,32810.731081649654
2022-04-08,11825.7109375,-68.70718992932598,-174.35743894685362,105.65024901752764,HOLD,1800,1308881.2394542582,21286279.6875,22595160.92695426,0,2159.516092695426,33165.01038338084
2022-04-11,11401.470703125,-74.82947217774745,-154.4518455930324,79.62237341528495,HOLD,1800,1308881.2394542582,20522647.265625,21831528.50507926,0,2083.152850507926,31971.64823575881
2022-04-12,11812.4541015625,-45.988374096135885,-132.7591512936531,86.77077719751722,HOLD,1800,1308881.2394542582,21262417.3828125,22571298.62226676,0,2157.129862226676,33127.719704837924
2022-04-13,11726.2802734375,-29.74225363651385,-112.15577176222526,82.4135181257114,HOLD,1800,1308881.2394542582,21107304.4921875,22416185.73164176,0,2141.618573164176,32885.3179327581
2022-04-14,11991.4306640625,4.476729492951563,-88.8292715111899,93.30600100414146,HOLD,1800,1308881.2394542582,21584575.1953125,22893456.43476676,0,2189.345643476676,33631.16996177469
2022-04-15,11971.4775390625,29.643754970533337,-65.13466621484525,94.77842118537859,HOLD,1800,1308881.2394542582,21548659.5703125,22857540.80976676,0,2185.7540809766756,33575.043026674226
2022-04-18,11870.919921875,41.001999144900765,-43.90733314289605,84.90933228779681,HOLD,1800,1308881.2394542582,21367655.859375,22676537.09882926,0,2167.653709882926,33292.18052499893
2022-04-19,11867.47265625,49.15865360037424,-25.294135794241996,74.45278939461623,HOLD,1800,1308881.2394542582,21361450.78125,22670332.02070426,0,2167.033202070426,33282.48357507212
2022-04-20,11911.8857421875,58.531906498104945,-8.528927335772607,67.06083383387755,HOLD,1800,1308881.2394542582,21441394.3359375,22750275.57539176,0,2175.0275575391756,33407.41490247197
2022-04-21,11799.0634765625,56.20852610888505,4.418563353158924,51.78996275572613,HOLD,1800,1308881.2394542582,21238314.2578125,22547195.49726676,0,2154.719549726676,33090.052685745446
2022-04-22,11752.794921875,50.05672199856963,13.546195082241066,36.51052691632856,HOLD,1800,1308881.2394542582,21155030.859375,22463912.09882926,0,2146.391209882926,32959.90203685523
2022-04-25,11321.92578125,10.295158021841416,12.895987670161137,-2.6008296483197206,SELL,0,21676119.96586051,0.0,21676119.96586051,1800,2067.6119965860507,31747.8931764561
2022-04-26,11484.197265625,-8.029654408890565,8.710859254350797,-16.740513663241362,HOLD,0,21676119.96586051,0.0,21676119.96586051,0,2067.6119965860507,32204.353057911827
2022-04-27,11898.09765625,10.72249982667563,9.113187368815765,1.6093124578598648,BUY,1800,246694.23914175853,21416575.78125,21663270.02039176,1800,2066.327002039176,33368.629849776036
2022-04-28,12163.7783203125,46.48606395551906,16.587762686156424,29.898301269362634,HOLD,1800,246694.23914175853,21894800.9765625,22141495.21570426,0,2114.149521570426,34115.97350593435
2022-04-29,12119.8955078125,70.47557144728489,27.36532443838212,43.110247008902775,HOLD,1800,246694.23914175853,21815811.9140625,22062506.15320426,0,2106.250615320426,33992.533805676205
2022-05-05,12177.0361328125,93.0258557049674,40.49743069169918,52.52842501326822,HOLD,1800,246694.23914175853,21918665.0390625,22165359.27820426,0,2116.535927820426,34153.26693148857
2022-05-06,11885.3701171875,86.36652895437692,49.67125034423473,36.69527861014219,HOLD,1800,246694.23914175853,21393666.2109375,21640360.45007926,0,2064.0360450079256,33332.82805136353
2022-05-09,11613.5908203125,58.484474012127976,51.43389507781338,7.0505789343145935,HOLD,1800,246694.23914175853,20904463.4765625,21151157.71570426,0,2015.1157715704257,32568.32930956983
2022-05-10,11707.6533203125,43.47663069256305,49.842442200763315,-6.365811508200267,SELL,0,21307825.950118322,0.0,21307825.950118322,1800,2030.7825950118322,32832.921439017584
2022-05-11,11719.6513671875,32.17999786307519,46.30995333322569,-14.129955470150506,HOLD,0,21307825.950118322,0.0,21307825.950118322,0,2030.7825950118322,32866.671219980984
2022-05-12,11684.3203125,20.14420427101868,41.07680352078429,-20.93259924976561,HOLD,0,21307825.950118322,0.0,21307825.950118322,0,2030.7825950118322,32767.287097770746
2022-05-13,11787.529296875,18.71808321005119,36.60505945863767,-17.88697624858648,HOLD,0,21307825.950118322,0.0,21307825.950118322,0,2030.7825950118322,33057.607735154634
2022-05-16,11653.36328125,6.684738303765698,30.620995227663276,-23.936256923897577,HOLD,0,21307825.950118322,0.0,21307825.950118322,0,2030.7825950118322,32680.20683922118
2022-05-17,11719.6513671875,2.4686631009353732,24.990528802317698,-22.521865701382325,HOLD,0,21307825.950118322,0.0,21307825.950118322,0,2030.7825950118322,32866.671219980984
2022-05-18,11673.25,-4.564196199442449,19.07958380196567,-23.643780001408118,HOLD,0,21307825.950118322,0.0,21307825.950118322,0,2030.7825950118322,32736.14697755252
2022-05-19,11640.1064453125,-12.666187806438757,12.730429480284783,-25.39661728672354,HOLD,0,21307825.950118322,0.0,21307825.950118322,0,2030.7825950118322,32642.916160678273
2022-05-20,11931.837890625,4.402466119634482,11.064836808154723,-6.662370688520241,HOLD,0,21307825.950118322,0.0,21307825.950118322,0,2030.7825950118322,33463.53909056113
2022-05-23,11805.8251953125,7.672877790408165,10.386445004605413,-2.713567214197248,HOLD,0,21307825.950118322,0.0,21307825.950118322,0,2030.7825950118322,33109.072992060814
2022-05-24,11666.62109375,-0.9568747607281693,8.117781051538698,-9.074655812266867,HOLD,0,21307825.950118322,0.0,21307825.950118322,0,2030.7825950118322,32717.500264775408
2022-05-25,11636.8583984375,-10.081404450955233,4.4779439510399115,-14.559348401995145,HOLD,0,21307825.950118322,0.0,21307825.950118322,0,2030.7825950118322,32633.779601058843
2022-05-26,11552.6064453125,-23.836318224484785,-1.1849084840650277,-22.65140974041976,HOLD,0,21307825.950118322,0.0,21307825.950118322,0,2030.7825950118322,32396.7839472385
2022-05-27,11634.5380859375,-27.80546374392179,-6.509019536036381,-21.29644420788541,HOLD,0,21307825.950118322,0.0,21307825.950118322,0,2030.7825950118322,32627.252702184593
2022-05-30,11788.65625,-18.30399527987356,-8.868014684803818,-9.435980595069744,HOLD,0,21307825.950118322,0.0,21307825.950118322,0,2030.7825950118322,33060.777786207196
2022-05-31,11958.4853515625,2.8963883454325696,-6.515134078756541,9.41152242418911,BUY,1700,966203.1974034794,20329425.09765625,21295628.29505973,1700,2029.5628295059728,33538.49678819652
2022-06-01,11853.8837890625,11.129084053629413,-2.9862904522793503,14.115374505908763,HOLD,1700,966203.1974034794,20151602.44140625,21117805.63880973,0,2011.7805638809732,33244.25891268357
2022-06-02,11838.96875,16.262570919128848,0.8634818220022895,15.39908909712656,HOLD,1700,966203.1974034794,20126246.875,21092450.07240348,0,2009.245007240348,33202.30380893506
2022-06-06,11852.2265625,21.15680839586821,4.922147136775474,16.234661259092736,HOLD,1700,966203.1974034794,20148785.15625,21114988.35365348,0,2011.498835365348,33239.59723448929
2022-06-07,12050.4267578125,40.56106349920083,12.049930409260545,28.51113308994028,HOLD,1700,966203.1974034794,20485725.48828125,21451928.68568473,0,2045.1928685684732,33797.12240907741
2022-06-08,12366.6181640625,80.5248392097983,25.744912169368096,54.77992704043021,HOLD,1700,966203.1974034794,21023250.87890625,21989454.07630973,0,2098.945407630973,34686.54973125967
2022-06-09,12283.095703125,104.25506729334484,41.446943194163445,62.80812409918139,HOLD,1700,966203.1974034794,20881262.6953125,21847465.89271598,0,2084.746589271598,34451.60609488842
2022-06-10,12598.625,146.82946263893427,62.52344708311761,84.30601555581666,HOLD,1700,966203.1974034794,21417662.5,22383865.69740348,0,2138.386569740348,35339.170943402016
2022-06-13,12302.982421875,154.92817683261273,81.00439303301664,73.9237837995961,HOLD,1700,966203.1974034794,20915070.1171875,21881273.31459098,0,2088.127331459098,34507.54623321976
2022-06-14,12402.4140625,167.4396287797117,98.29144018235566,69.14818859735605,HOLD,1700,966203.1974034794,21084103.90625,22050307.10365348,0,2105.030710365348,34787.241430853814
2022-06-15,12429.591796875,177.50192887325284,114.1335379205351,63.36839095271773,HOLD,1700,966203.1974034794,21130306.0546875,22096509.25209098,0,2109.6509252090977,34863.690755630916
2022-06-16,12442.1865234375,184.36739085040608,128.1803085065093,56.187082343896776,HOLD,1700,966203.1974034794,21151717.08984375,22117920.28724723,0,2111.792028724723,34899.11896050516
2022-06-17,12932.71484375,226.77572546312877,147.8993918978332,78.87633356529557,HOLD,1700,966203.1974034794,21985615.234375,22951818.43177848,0,2195.181843177848,36278.945488886995
2022-06-20,12873.1884765625,252.66874778619604,168.85326307550577,83.81548471069027,HOLD,1700,966203.1974034794,21884420.41015625,22850623.60755973,0,2185.062360755973,36111.501414442566
2022-06-21,12897.84765625,272.04300185727334,189.4912108318593,82.55179102541405,HOLD,1700,966203.1974034794,21926341.015625,22892544.21302848,0,2189.2544213028477,36180.86619704935
2022-06-22,12833.283203125,278.9716148903717,207.38729164356178,71.58432324680993,HOLD,1700,966203.1974034794,21816581.4453125,22782784.64271598,0,2178.278464271598,35999.250291252945
2022-06-23,12973.150390625,292.37834815117094,224.38550294508363,67.99284520608731,HOLD,1700,966203.1974034794,22054355.6640625,23020558.86146598,0,2202.055886146598,36392.68823921833
2022-06-24,13317.2490234375,326.99971559523146,244.9083454751132,82.09137012011826,HOLD,1700,966203.1974034794,22639323.33984375,23605526.53724723,0,2260.552653724723,37360.6169036268
2022-06-27,13327.45703125,351.21254010658595,266.1691844014078,85.04335570517816,HOLD,1700,966203.1974034794,22656676.953125,23622880.15052848,0,2262.288015052848,37389.33141285767
2022-06-28,13496.1591796875,379.6380008941833,288.8629476999629,90.77505319422039,HOLD,1700,966203.1974034794,22943470.60546875,23909673.80287223,0,2290.967380287223,37863.88036379444
2022-06-29,13456.38671875,394.4095701442184,309.97227218881403,84.43729795540435,HOLD,1700,966203.1974034794,22875857.421875,23842060.61927848,0,2284.206061927848,37752.00283414307
2022-06-30,13702.0849609375,421.0879007551375,332.19539790207875,88.89250285305877,HOLD,1700,966203.1974034794,23293544.43359375,24259747.63099723,0,2325.974763099723,38443.1371448616
2022-07-01,13595.21484375,428.66575270309295,351.4894688622816,77.17628384081132,HOLD,1700,966203.1974034794,23111865.234375,24078068.43177848,0,2307.806843177848,38142.51796207386
2022-07-04,13521.1767578125,423.8115642946177,365.95388794874884,57.85767634586887,HOLD,1700,966203.1974034794,22986000.48828125,23952203.68568473,0,2295.220368568473,37934.25329955225
2022-07-05,13621.748046875,423.2014447055608,377.40339930011123,45.79804540544956,HOLD,1700,966203.1974034794,23156971.6796875,24123174.87709098,0,2312.317487709098,38217.1542593859
2022-07-06,13413.97265625,401.325947260224,382.1879088921338,19.13803836809018,HOLD,1700,966203.1974034794,22803753.515625,23769956.71302848,0,2276.9956713028478,37632.694638896246
2022-07-07,13333.5693359375,373.19956960991476,380.39024103569,-7.1906714257752355,SELL,0,23619670.827774573,0.0,23619670.827774573,1700,2261.9670827774576,37406.52495665141
2022-07-08,13393.8720703125,351.7207218327803,374.65633719510805,-22.935615362327724,HOLD,0,23619670.827774573,0.0,23619670.827774573,0,2261.9670827774576,37576.15290508786
2022-07-11,13156.681640625,311.96317751000606,362.11770525808765,-50.15452774808159,HOLD,0,23619670.827774573,0.0,23619670.827774573,0,2261.9670827774576,36908.950556908254
2022-07-12,13054.904296875,269.13997801199366,343.5221598088689,-74.38218179687522,HOLD,0,23619670.827774573,0.0,23619670.827774573,0,2261.9670827774576,36622.65703810588
2022-07-13,13125.123046875,238.123411704295,322.4424101879541,-84.31899848365913,HOLD,0,23619670.827774573,0.0,23619670.827774573,0,2261.9670827774576,36820.1781393913
2022-07-14,13085.658203125,207.9608333383876,299.54609481804084,-91.58526147965324,HOLD,0,23619670.827774573,0.0,23619670.827774573,0,2261.9670827774576,36709.16591830281
2022-07-15,13062.2080078125,180.0885887437198,275.65459360317664,-95.56600485945683,HOLD,0,23619670.827774573,0.0,23619670.827774573,0,2261.9670827774576,36643.201935698686
2022-07-18,13076.6796875,157.35350444953474,251.99437577244828,-94.64087132291354,HOLD,0,23619670.827774573,0.0,23619670.827774573,0,2261.9670827774576,36683.90989631213
2022-07-19,13019.326171875,133.17270491620548,228.23004160119973,-95.05733668499425,HOLD,0,23619670.827774573,0.0,23619670.827774573,0,2261.9670827774576,36522.57792203403
2022-07-20,13066.2275390625,116.45141599859744,205.87431648067928,-89.42290048208184,HOLD,0,23619670.827774573,0.0,23619670.827774573,0,2261.9670827774576,36654.50863425358
2022-07-21,12991.8544921875,96.09071677114298,183.91759653877205,-87.82687976762907,HOLD,0,23619670.827774573,0.0,23619670.827774573,0,2261.9670827774576,36445.30174685239
2022-07-22,13045.45703125,83.319537110503,163.79798465311825,-80.47844754261524,HOLD,0,23619670.827774573,0.0,23619670.827774573,0,2261.9670827774576,36596.08245068605
2022-07-25,13029.7109375,71.10801807882672,145.25999133825994,-74.15197325943322,HOLD,0,23619670.827774573,0.0,23619670.827774573,0,2261.9670827774576,36551.789640312134
2022-07-26,13066.96484375,63.702062434878826,128.94840555758373,-65.2463431227049,HOLD,0,23619670.827774573,0.0,23619670.827774573,0,2261.9670827774576,36656.58262779316
2022-07-27,12861.869140625,40.8128153142934,111.32128750892566,-70.50847219463226,HOLD,0,23619670.827774573,0.0,23619670.827774573,0,2261.9670827774576,36079.66080634011
2022-07-28,12717.142578125,10.869402296008047,91.23091046634215,-80.3615081703341,HOLD,0,23619670.827774573,0.0,23619670.827774573,0,2261.9670827774576,35672.55373009262
2022-07-29,12720.0908203125,-12.479217099897141,70.4888849530943,-82.96810205299144,HOLD,0,23619670.827774573,0.0,23619670.827774573,0,2261.9670827774576,35680.84695723966
2022-08-01,12665.55078125,-34.98085402076322,49.3949371583228,-84.37579117908601,HOLD,0,23619670.827774573,0.0,23619670.827774573,0,2261.9670827774576,35527.42912254771
2022-08-02,12596.4033203125,-57.72773619570762,27.970402487516715,-85.69813868322433,HOLD,0,23619670.827774573,0.0,23619670.827774573,0,2261.9670827774576,35332.921492670146
2022-08-03,12630.0390625,-72.20830848082733,7.934660293847907,-80.14296877467524,HOLD,0,23619670.827774573,0.0,23619670.827774573,0,2261.9670827774576,35427.53680324499
2022-08-04,12837.8154296875,-66.1558465527196,-6.883441075465593,-59.272405477254004,HOLD,0,23619670.827774573,0.0,23619670.827774573,0,2261.9670827774576,36011.99917074596
2022-08-05,12891.08203125,-56.41078883137925,-16.788910626648327,-39.62187820473092,HOLD,0,23619670.827774573,0.0,23619670.827774573,0,2261.9670827774576,36161.83490268874
2022-08-08,12807.7978515625,-54.776666331537854,-24.386461767626233,-30.39020456391162,HOLD,0,23619670.827774573,0.0,23619670.827774573,0,2261.9670827774576,35927.5615370773
2022-08-09,12797.5458984375,-53.689955034436935,-30.247160420988376,-23.44279461344856,HOLD,0,23619670.827774573,0.0,23619670.827774573,0,2261.9670827774576,35898.72341233745
2022-08-10,12569.736328125,-70.39953492591849,-38.2776353219744,-32.12189960394409,HOLD,0,23619670.827774573,0.0,23619670.827774573,0,2261.9670827774576,35257.90885480854
2022-08-11,12776.775390625,-66.17287561097146,-43.85668337977381,-22.316192231197647,HOLD,0,23619670.827774573,0.0,23619670.827774573,0,2261.9670827774576,35840.29722876992
2022-08-12,12918.1513671875,-50.82942786793865,-45.25123227740678,-5.57819559053187,HOLD,0,23619670.827774573,0.0,23619670.827774573,0,2261.9670827774576,36237.97930921035
2022-08-15,12863.8125,-42.563679835016956,-44.713721788928815,2.1500419539118596,BUY,1800,450915.4102745764,23154862.5,23605777.910274576,1800,2260.5777910274574,36085.12735884842
2022-08-16,12850.076171875,-36.698385701416555,-43.110654571426366,6.412268870009811,HOLD,1800,450915.4102745764,23130137.109375,23581052.519649576,0,2258.105251964958,36046.48789775195
2022-08-17,12851.1484375,-31.59931770413641,-40.80838719796838,9.209069493831969,HOLD,1800,450915.4102745764,23132067.1875,23582982.597774576,0,2258.2982597774576,36049.504116171105
2022-08-18,12700.392578125,-39.27032366547792,-40.50077449147029,1.2304508259923708,HOLD,1800,450915.4102745764,22860706.640625,23311622.050899576,0,2231.1622050899578,35625.43699209129
2022-08-19,12697.109375,-45.094753956665954,-41.41957038450943,-3.675183572156527,SELL,0,23291999.407149576,0.0,23291999.407149576,1800,2229.1999407149574,35616.20154006468
2022-08-22,12690.2080078125,-49.69469012618174,-43.074594332843894,-6.620095793337846,HOLD,0,23291999.407149576,0.0,23291999.407149576,0,2229.1999407149574,35596.78841113188
2022-08-23,12529.6015625,-65.54421763291066,-47.56851899285725,-17.97569864005341,HOLD,0,23291999.407149576,0.0,23291999.407149576,0,2229.1999407149574,35145.01218396091
2022-08-24,12423.669921875,-85.66538324920475,-55.18789184412675,-30.477491405078,HOLD,0,23291999.407149576,0.0,23291999.407149576,0,2229.1999407149574,34847.03287904276
2022-08-25,12630.0390625,-83.99109001269244,-60.94853147783989,-23.042558534852546,HOLD,0,23291999.407149576,0.0,23291999.407149576,0,2229.1999407149574,35427.53680324499
2022-08-26,12717.142578125,-74.77372979163374,-63.71357114059867,-11.060158651035074,HOLD,0,23291999.407149576,0.0,23291999.407149576,0,2229.1999407149574,35672.55373009262
2022-08-29,12588.630859375,-76.95167607380426,-66.36119212723979,-10.590483946564476,HOLD,0,23291999.407149576,0.0,23291999.407149576,0,2229.1999407149574,35311.05802964819
2022-08-30,12529.53515625,-82.49528920999364,-69.58801154379057,-12.907277666203072,HOLD,0,23291999.407149576,0.0,23291999.407149576,0,2229.1999407149574,35144.825387191784
2022-08-31,12891.3505859375,-57.035689279398866,-67.07754709091223,10.041857811513367,BUY,1700,1363554.2334581725,21915295.99609375,23278850.229551923,1700,2227.885022955192,36162.590330799176
2022-09-01,12602.5009765625,-59.48086399298518,-65.55821047132683,6.077346478341653,HOLD,1700,1363554.2334581725,21424251.66015625,22787805.893614423,0,2178.7805893614423,35350.07383129423
2022-09-02,12563.0361328125,-63.86694722735774,-65.21995782253302,1.3530105951752773,HOLD,1700,1363554.2334581725,21357161.42578125,22720715.659239423,0,2172.071565923942,35239.06161020575
2022-09-05,12295.0244140625,-87.95536097534205,-69.76703845309483,-18.18832252224722,SELL,0,22252554.812462077,0.0,22252554.812462077,1700,2125.2554812462076,34485.16083804877
2022-09-06,12362.02734375,-100.48074646122404,-75.90978005472067,-24.570966406503373,HOLD,0,22252554.812462077,0.0,22252554.812462077,0,2125.2554812462076,34673.63603108801
2022-09-07,12181.1865234375,-123.57505128037701,-85.44283429985194,-38.13221698052507,HOLD,0,22252554.812462077,0.0,22252554.812462077,0,2125.2554812462076,34164.9417295591
2022-09-08,12161.01953125,-141.86938005928096,-96.72814345173775,-45.141236607543206,HOLD,0,22252554.812462077,0.0,22252554.812462077,0,2125.2554812462076,34108.21319898159
2022-09-09,12360.62109375,-138.6631667942147,-105.11514812023314,-33.54801867398156,HOLD,0,22252554.812462077,0.0,22252554.812462077,0,2125.2554812462076,34669.680334800585
2022-09-13,12589.8369140625,-116.28594661239185,-107.3493078186649,-8.936638793726956,HOLD,0,22252554.812462077,0.0,22252554.812462077,0,2125.2554812462076,35314.45058861692
2022-09-14,12522.8349609375,-102.77362567520868,-106.43417138997366,3.6605457147649787,BUY,1700,950962.0872081704,21288819.43359375,22239781.52080192,1700,2123.978152080192,35125.97814258899
2022-09-15,12596.5380859375,-85.1363884660168,-102.17461480518229,17.03822633916549,HOLD,1700,950962.0872081704,21414114.74609375,22365076.83330192,0,2136.507683330192,35333.30058023102
2022-09-16,12455.83203125,-81.57223959096882,-98.0541397623396,16.481900171370782,HOLD,1700,950962.0872081704,21174914.453125,22125876.54033317,0,2112.587654033317,34937.502949549744
2022-09-19,12540.5234375,-71.09420747130571,-92.66215330413283,21.56794583282712,HOLD,1700,950962.0872081704,21318889.84375,22269851.93095817,0,2126.985193095817,35175.734758459905
2022-09-20,12583.13671875,-58.6753825773103,-85.86479915876834,27.189416581458033,HOLD,1700,950962.0872081704,21391332.421875,22342294.50908317,0,2134.229450908317,35295.603344014125
2022-09-21,12382.12890625,-64.31167993868257,-81.55417531475119,17.242495376068618,HOLD,1700,950962.0872081704,21049619.140625,22000581.22783317,0,2100.058122783317,34730.1805119077
2022-09-22,12199.947265625,-82.52769416125375,-81.74887908405171,-0.7788150772020401,SELL,0,21678428.49255973,0.0,21678428.49255973,1700,2067.8428492559733,34217.714563849186
2022-09-23,12291.2060546875,-88.57911023194356,-83.11492531363008,-5.464184918313478,HOLD,0,21678428.49255973,0.0,21678428.49255973,0,2067.8428492559733,34474.420023823885
2022-09-26,12482.6328125,-77.04028903468316,-81.8999980578407,4.859709023157549,BUY,1700,445220.4258409813,21220475.78125,21665696.20709098,1700,2066.569620709098,35012.89192796091
2022-09-27,12650.1396484375,-53.759581366208295,-76.27191471951423,22.512333353305934,HOLD,1700,445220.4258409813,21505237.40234375,21950457.82818473,0,2095.045782818473,35484.07853705338
2022-09-28,12616.638671875,-37.57950845866981,-68.53343346734535,30.95392500867554,HOLD,1700,445220.4258409813,21448285.7421875,21893506.16802848,0,2089.350616802848,35389.84231403941
2022-09-29,12598.8828125,-25.89097848457459,-60.0049424707912,34.11396398621661,HOLD,1700,445220.4258409813,21418100.78125,21863321.20709098,0,2086.332120709098,35339.89615438804
2022-09-30,12546.28515625,-20.63406884977485,-52.130767746587935,31.496698896813086,HOLD,1700,445220.4258409813,21328684.765625,21773905.19146598,0,2077.3905191465983,35191.94212519311
2022-10-10,11966.7109375,-62.51410218319688,-54.20743463390973,-8.306667549287155,SELL,0,20776422.97443473,0.0,20776422.97443473,1700,1977.6422974434731,33561.63486446664
2022-10-11,11926.4423828125,-97.82598904703809,-62.93114551653541,-34.89484353050268,HOLD,0,20776422.97443473,0.0,20776422.97443473,0,1977.6422974434731,33448.361853069444
2022-10-12,11792.5029296875,-135.06179992700527,-77.35727639862938,-57.70452352837589,HOLD,0,20776422.97443473,0.0,20776422.97443473,0,1977.6422974434731,33071.59826376008
2022-10-13,11390.4189453125,-194.7710658950473,-100.84003429791296,-93.93103159713432,HOLD,0,20776422.97443473,0.0,20776422.97443473,0,1977.6422974434731,31940.56030875549
2022-10-14,11642.484375,-219.22443297875543,-124.51691403408147,-94.70751894467396,HOLD,0,20776422.97443473,0.0,20776422.97443473,0,1977.6422974434731,32649.605133219855
2022-10-17,11514.44140625,-246.0990236941525,-148.8333359660957,-97.2656877280568,HOLD,0,20776422.97443473,0.0,20776422.97443473,0,1977.6422974434731,32289.42799820457
2022-10-18,11429.548828125,-271.1221249461687,-173.2910937621103,-97.83103118405839,HOLD,0,20776422.97443473,0.0,20776422.97443473,0,1977.6422974434731,32050.630304964398
2022-10-19,11042.0712890625,-318.5472971349718,-202.34233443668262,-116.2049626982892,HOLD,0,20776422.97443473,0.0,20776422.97443473,0,1977.6422974434731,30960.679398134114
2022-10-20,11011.919921875,-354.47883971226656,-232.76963549179942,-121.70920422046714,HOLD,0,20776422.97443473,0.0,20776422.97443473,0,1977.6422974434731,30875.86542391589
2022-10-21,10881.2646484375,-389.01333118280127,-264.0183746299998,-124.99495655280145,HOLD,0,20776422.97443473,0.0,20776422.97443473,0,1977.6422974434731,30508.340033644454
2022-10-24,10059.0048828125,-477.2304402060654,-306.66078774521293,-170.56965246085247,HOLD,0,20776422.97443473,0.0,20776422.97443473,0,1977.6422974434731,28195.372992093005
2022-10-25,9914.748046875,-552.4155531029974,-355.8117408167698,-196.60381228622754,HOLD,0,20776422.97443473,0.0,20776422.97443473,0,1977.6422974434731,27789.58722828597
2022-10-26,9809.7548828125,-613.401457456257,-407.3296841446673,-206.07177331158977,HOLD,0,20776422.97443473,0.0,20776422.97443473,0,1977.6422974434731,27494.247801237423
2022-10-27,9387.1005859375,-687.90811893723,-463.44537110317987,-224.46274783405016,HOLD,0,20776422.97443473,0.0,20776422.97443473,0,1977.6422974434731,26305.34679998399
2022-10-28,9112.388671875,-760.3572158753177,-522.8277400576075,-237.52947581771025,HOLD,0,20776422.97443473,0.0,20776422.97443473,0,1977.6422974434731,25532.598783224217
2022-10-31,9045.3857421875,-813.7992524158399,-581.022042529254,-232.77720988658587,HOLD,0,20776422.97443473,0.0,20776422.97443473,0,1977.6422974434731,25344.123590184972
2022-11-01,9795.884765625,-786.5268603438435,-622.123006092172,-164.40385425167153,HOLD,0,20776422.97443473,0.0,20776422.97443473,0,1977.6422974434731,27455.231999591382
2022-11-02,9862.552734375,-750.8780900128622,-647.87402287631,-103.00406713655218,HOLD,0,20776422.97443473,0.0,20776422.97443473,0,1977.6422974434731,27642.764967751056
2022-11-03,9645.0615234375,-731.7408527056796,-664.647388842184,-67.09346386349557,HOLD,0,20776422.97443473,0.0,20776422.97443473,0,1977.6422974434731,27030.975331731122
2022-11-04,10161.453125,-667.2147315830371,-665.1608573903546,-2.0538741926824287,HOLD,0,20776422.97443473,0.0,20776422.97443473,0,1977.6422974434731,28483.553707665844
2022-11-07,10098.068359375,-614.1128261768863,-654.951251147661,40.83842497077467,BUY,2000,568168.5736534819,20196136.71875,20764305.292403482,2000,1976.430529240348,28305.25619153279
2022-11-08,9949.12109375,-577.3921656244675,-639.4394340430223,62.047268418554836,HOLD,2000,568168.5736534819,19898242.1875,20466410.761153482,0,1946.6410761153484,27886.27653240041
2022-11-09,9781.7470703125,-555.3942235784198,-622.6303919501019,67.23616837168208,HOLD,2000,568168.5736534819,19563494.140625,20131662.714278482,0,1913.166271427848,27415.463516846205
2022-11-10,9882.921875,-523.7591652074025,-602.856146601562,79.09698139415957,HOLD,2000,568168.5736534819,19765843.75,20334012.323653482,0,1933.4012323653483,27700.06212966988
2022-11-11,10239.0419921875,-464.5966552526752,-575.2042483317847,110.6075930791095,HOLD,2000,568168.5736534819,20478083.984375,21046252.558028482,0,2004.6252558028482,28701.806503313208
2022-11-14,10271.5380859375,-410.35743165278654,-542.2348849959851,131.87745334319857,HOLD,2000,568168.5736534819,20543076.171875,21111244.745528482,0,2011.1244745528481,28793.21605168845
2022-11-15,10640.0537109375,-333.7886176454358,-500.54563152587525,166.75701388043944,HOLD,2000,568168.5736534819,21280107.421875,21848275.995528482,0,2084.8275995528484,29829.82823989864
2022-11-16,10621.6279296875,-271.4648101024068,-454.72946724118157,183.2646571387748,HOLD,2000,568168.5736534819,21243255.859375,21811424.433028482,0,2081.1424433028483,29777.997630488135
2022-11-17,10499.3486328125,-229.29647391368053,-409.6428685756814,180.34639466200088,HOLD,2000,568168.5736534819,20998697.265625,21566865.839278482,0,2056.686583927848,29434.033356228672
2022-11-18,10500.21875,-193.57612739286924,-366.429520339119,172.85339294624976,HOLD,2000,568168.5736534819,21000437.5,21568606.073653482,0,2056.860607365348,29436.480943306517
2022-11-21,10184.30078125,-188.58553856724393,-330.860723984744,142.2751854175001,HOLD,2000,568168.5736534819,20368601.5625,20936770.136153482,0,1993.677013615348,28547.82278429126
2022-11-22,10318.10546875,-171.85253192531854,-299.059085572859,127.20655364754043,HOLD,2000,568168.5736534819,20636210.9375,21204379.511153482,0,2020.4379511153484,28924.20728603974
2022-11-23,10378.7431640625,-151.94699795671295,-269.6366680496298,117.68967009291686,HOLD,2000,568168.5736534819,20757486.328125,21325654.901778482,0,2032.5654901778482,29094.777459355766
2022-11-24,10184.3681640625,-150.12560242055042,-245.73445492381393,95.6088525032635,HOLD,2000,568168.5736534819,20368736.328125,20936904.901778482,0,1993.6904901778482,28548.012328071694
2022-11-25,10197.90234375,-145.90810038813652,-225.76918401667845,79.86108362854193,HOLD,2000,568168.5736534819,20395804.6875,20963973.261153482,0,1996.397326115348,28586.08315782685
2022-11-28,10116.6279296875,-147.42444834620983,-210.10023688258474,62.67578853637491,HOLD,2000,568168.5736534819,20233255.859375,20801424.433028482,0,1980.1424433028483,28357.463141492866
2022-11-29,10713.7568359375,-99.29820481368915,-187.93983046880564,88.64162565511648,HOLD,2000,568168.5736534819,21427513.671875,21995682.245528482,0,2099.5682245528483,30037.15067754068
2022-11-30,10713.7568359375,-60.46085498264074,-162.44403537157268,101.98318038893194,HOLD,2000,568168.5736534819,21427513.671875,21995682.245528482,0,2099.5682245528483,30037.15067754068
2022-12-01,10926.826171875,-12.346735239852933,-132.42457534522873,120.0778401053758,HOLD,2000,568168.5736534819,21853652.34375,22421820.917403482,0,2142.1820917403484,30636.50184634571
2022-12-02,10947.462890625,27.136449931733296,-100.51237028983633,127.64882022156962,HOLD,2000,568168.5736534819,21894925.78125,22463094.354903482,0,2146.3094354903483,30694.55168936367
2022-12-05,11155.306640625,74.34145028061903,-65.54160617574526,139.88305645636427,HOLD,2000,568168.5736534819,22310613.28125,22878781.854903482,0,2187.878185490348,31279.203600645076
2022-12-06,11310.0830078125,122.82506160845696,-27.868272618904815,150.6933342273618,HOLD,2000,568168.5736534819,22620166.015625,23188334.589278482,0,2218.8334589278484,31714.580170291094
2022-12-07,11283.28125,157.273049215215,9.159991747919149,148.11305746729585,HOLD,2000,568168.5736534819,22566562.5,23134731.073653482,0,2213.473107365348,31639.188444868607
2022-12-08,11303.5166015625,184.0841439124997,44.14482218083526,139.93932173166445,HOLD,2000,568168.5736534819,22607033.203125,23175201.776778482,0,2217.520177677848,31696.10926623787
2022-12-09,11591.4951171875,225.9648074555298,80.50881923577417,145.45598821975562,HOLD,2000,568168.5736534819,23182990.234375,23751158.808028482,0,2275.115880802848,32506.17543165366
2022-12-12,11651.931640625,261.02334278533453,116.61172394568625,144.41161883964827,HOLD,2000,568168.5736534819,23303863.28125,23872031.854903482,0,2287.2031854903485,32676.17972063968
2022-12-13,11725.5009765625,291.3850101665448,151.56638118985796,139.81862897668685,HOLD,2000,568168.5736534819,23451001.953125,24019170.526778482,0,2301.917052677848,32883.12581773215
2022-12-14,11865.3359375,323.0069400680168,185.85449296548973,137.15244710252705,HOLD,2000,568168.5736534819,23730671.875,24298840.448653482,0,2329.884044865348,33276.473114324275
2022-12-15,11973.34375,352.71697343734013,219.22698905985982,133.4899843774803,HOLD,2000,568168.5736534819,23946687.5,24514856.073653482,0,2351.485607365348,33580.292565289
2022-12-16,11972.5400390625,371.91038476658287,249.76366820120444,122.14671656537843,HOLD,2000,568168.5736534819,23945080.078125,24513248.651778482,0,2351.324865177848,33578.031774980285
2022-12-19,11879.607421875,375.29623461053234,274.87018148307004,100.4260531274623,HOLD,2000,568168.5736534819,23759214.84375,24327383.417403482,0,2332.738341740348,33316.61793761902
2022-12-20,11490.990234375,342.6712845211987,288.4304020906958,54.24088243050289,HOLD,2000,568168.5736534819,22981980.46875,23550149.042403482,0,2255.014904240348,32223.461268589137
2022-12-21,11651.796875,326.03322048942755,295.95096577044217,30.082254718985382,HOLD,2000,568168.5736534819,23303593.75,23871762.323653482,0,2287.176232365348,32675.8006330788
2022-12-22,11846.10546875,324.78262258146424,301.7172971326466,23.065325448817646,HOLD,2000,568168.5736534819,23692210.9375,24260379.511153482,0,2326.0379511153483,33222.378967593744
2022-12-23,11866.2060546875,321.7050484824158,305.71484740260047,15.990201079815336,HOLD,2000,568168.5736534819,23732412.109375,24300580.683028482,0,2330.0580683028484,33278.92070140212
2022-12-26,11672.2998046875,300.1593844619947,304.6037548144793,-4.444370352484611,SELL,0,23898761.423262857,0.0,23898761.423262857,2000,2289.876142326286,32733.474135547196
2022-12-27,11759.4970703125,286.81416592648566,301.0458370368806,-14.231671110394927,HOLD,0,23898761.423262857,0.0,23898761.423262857,0,2289.876142326286,32978.75477548065
2022-12-28,11759.4970703125,273.08997287528837,295.45466420456216,-22.364691329273796,HOLD,0,23898761.423262857,0.0,23898761.423262857,0,2289.876142326286,32978.75477548065
2022-12-29,11664.498046875,251.64699385297718,286.69313013424517,-35.04613628126799,HOLD,0,23898761.423262857,0.0,23898761.423262857,0,2289.876142326286,32711.52826218592
2022-12-30,11718.783203125,236.30960686851176,276.6164254810985,-40.30681861258671,HOLD,0,23898761.423262857,0.0,23898761.423262857,0,2289.876142326286,32864.22912692577
2023-01-03,11739.2080078125,223.22947776038745,265.93903593695626,-42.709558176568805,HOLD,0,23898761.423262857,0.0,23898761.423262857,0,2289.876142326286,32921.682868489304
2023-01-04,11705.279296875,207.73102385148195,254.2974335198614,-46.566409668379464,HOLD,0,23898761.423262857,0.0,23898761.423262857,0,2289.876142326286,32826.243454521245
2023-01-05,12220.919921875,234.35478048864752,250.30890291361865,-15.954122424971132,HOLD,0,23898761.423262857,0.0,23898761.423262857,0,2289.876142326286,34276.70937875803
2023-01-06,12239.7158203125,254.04252723940408,251.05562777877574,2.9868994606283366,BUY,1900,629348.0886339508,23255460.05859375,23884808.1472277,1900,2288.48081472277,34329.5811054553
2023-01-09,12493.7021484375,286.8333461425409,258.2111714515288,28.622174691012106,HOLD,1900,629348.0886339508,23738034.08203125,24367382.1706652,0,2336.73821706652,35044.02930116784
2023-01-10,12583.611328125,316.4276448463643,269.8544661304959,46.57317871586838,HOLD,1900,629348.0886339508,23908861.5234375,24538209.61207145,0,2353.820961207145,35296.93839151113
2023-01-11,12519.1484375,330.86570930979906,282.05671476635655,48.80899454344251,HOLD,1900,629348.0886339508,23786382.03125,24415730.11988395,0,2341.573011988395,35115.60817489105
2023-01-12,12444.845703125,332.47975012947427,292.1413218389801,40.338428290494164,HOLD,1900,629348.0886339508,23645206.8359375,24274554.92457145,0,2327.4554924571453,34906.599072304234
2023-01-13,12804.4833984375,358.64441592332696,305.44194065584946,53.202475267477496,HOLD,1900,629348.0886339508,24328518.45703125,24957866.5456652,0,2395.78665456652,35918.23818068875
2023-01-16,12980.2314453125,389.07646931966883,322.16884638861336,66.90762293105547,HOLD,1900,629348.0886339508,24662439.74609375,25291787.8347277,0,2429.17878347277,36412.6068182323
2023-01-17,12946.982421875,405.83298256885973,338.90167362466264,66.9313089441971,HOLD,1900,629348.0886339508,24599266.6015625,25228614.69019645,0,2422.861469019645,36319.079324136495
2023-01-18,12845.197265625,406.21681401687056,352.36470170310423,53.85211231376633,HOLD,1900,629348.0886339508,24405874.8046875,25035222.89332145,0,2403.522289332145,36032.76382924363
2023-01-19,12758.4091796875,394.96501910486404,360.88476518345624,34.0802539214078,HOLD,1900,629348.0886339508,24240977.44140625,24870325.5300402,0,2387.03255300402,35788.63418704936
2023-01-20,12621.33984375,370.71417841121365,362.85064782900776,7.863530582205897,HOLD,1900,629348.0886339508,23980545.703125,24609893.79175895,0,2360.989379175895,35403.06642648917
2023-01-30,12811.26953125,362.64065517930794,362.80864929906784,-0.16799411975989642,SELL,0,24956155.350743324,0.0,24956155.350743324,1900,2395.6155350743325,35937.32716228688
2023-01-31,12524.64453125,329.317915836029,356.1105026064601,-26.792586770431114,HOLD,0,24956155.350743324,0.0,24956155.350743324,0,2395.6155350743325,35131.06835454774
2023-02-01,12519.2841796875,299.0298394072652,344.69436996662114,-45.66453055935597,HOLD,0,24956155.350743324,0.0,24956155.350743324,0,2395.6155350743325,35115.99000946324
2023-02-02,12459.1630859375,267.09613285302294,329.1747225439015,-62.07858969087857,HOLD,0,24956155.350743324,0.0,24956155.350743324,0,2395.6155350743325,34946.873005130576
2023-02-03,12336.275390625,229.23000948385197,309.1857799318916,-79.95577044803963,HOLD,0,24956155.350743324,0.0,24956155.350743324,0,2395.6155350743325,34601.19734282454
2023-02-06,12180.2060546875,184.50053549323275,284.24873104415985,-99.74819555092711,HOLD,0,24956155.350743324,0.0,24956155.350743324,0,2395.6155350743325,34162.18373020314
2023-02-07,12193.77734375,148.43611556262476,257.08620794785287,-108.6500923852281,HOLD,0,24956155.350743324,0.0,24956155.350743324,0,2395.6155350743325,34200.35894638811
2023-02-08,12105.5634765625,111.45193258707695,227.9593528756977,-116.50742028862075,HOLD,0,24956155.350743324,0.0,24956155.350743324,0,2395.6155350743325,33952.2186676802
2023-02-09,12336.275390625,99.60998257319079,202.28947881519633,-102.67949624200554,HOLD,0,24956155.350743324,0.0,24956155.350743324,0,2395.6155350743325,34601.19734282454
2023-02-10,12281.990234375,84.8665051968037,178.8048840915178,-93.9383788947141,HOLD,0,24956155.350743324,0.0,24956155.350743324,0,2395.6155350743325,34448.49647808469
2023-02-13,12596.50390625,97.43761777004147,162.53143082722255,-65.09381305718108,HOLD,0,24956155.350743324,0.0,24956155.350743324,0,2395.6155350743325,35333.204434835156
2023-02-14,12511.2763671875,99.37760179514225,149.9006650208065,-50.52306322566426,HOLD,0,24956155.350743324,0.0,24956155.350743324,0,2395.6155350743325,35093.4645167154
2023-02-15,12492.3447265625,98.25480767041881,139.57149355072897,-41.31668588031016,HOLD,0,24956155.350743324,0.0,24956155.350743324,0,2395.6155350743325,35040.210955445946
2023-02-16,12633.6220703125,107.52540029155534,133.16227489889425,-25.63687460733891,HOLD,0,24956155.350743324,0.0,24956155.350743324,0,2395.6155350743325,35437.615587743996
2023-02-17,12355.1396484375,91.34820244866933,124.79946040884927,-33.451257960179944,HOLD,0,24956155.350743324,0.0,24956155.350743324,0,2395.6155350743325,34654.26136031356
2023-02-20,12723.056640625,106.98225818844548,121.23601996476852,-14.253761776323032,HOLD,0,24956155.350743324,0.0,24956155.350743324,0,2395.6155350743325,35689.18963059029
2023-02-21,12668.771484375,113.68155140976887,119.7251262537686,-6.043574843999721,HOLD,0,24956155.350743324,0.0,24956155.350743324,0,2395.6155350743325,35536.488765850445
2023-02-22,12458.4169921875,100.85435382850119,115.95097176871512,-15.096617940213932,HOLD,0,24956155.350743324,0.0,24956155.350743324,0,2395.6155350743325,34944.7742884892
2023-02-23,12336.275390625,79.91172820481734,108.74312305593557,-28.831394851118233,HOLD,0,24956155.350743324,0.0,24956155.350743324,0,2395.6155350743325,34601.19734282454
2023-02-24,12132.7060546875,46.35386391540851,96.26527122783017,-49.91140731242166,HOLD,0,24956155.350743324,0.0,24956155.350743324,0,2395.6155350743325,34028.569100050125
2023-02-27,12284.7724609375,31.664494228089097,83.34511582788195,-51.68062159979286,HOLD,0,24956155.350743324,0.0,24956155.350743324,0,2395.6155350743325,34456.32271330891
2023-02-28,12307.3681640625,21.59738609867418,70.9955698820404,-49.39818378336622,HOLD,0,24956155.350743324,0.0,24956155.350743324,0,2395.6155350743325,34519.88306101616
2023-03-01,12475.583984375,26.882852448436097,62.17302639531954,-35.29017394688344,HOLD,0,24956155.350743324,0.0,24956155.350743324,0,2395.6155350743325,34993.0640003202
2023-03-02,12404.1318359375,25.01764355994601,54.741949828244834,-29.724306268298825,HOLD,0,24956155.350743324,0.0,24956155.350743324,0,2395.6155350743325,34792.07342374935
2023-03-03,12336.546875,17.87980331828112,47.369520526252096,-29.489717207970976,HOLD,0,24956155.350743324,0.0,24956155.350743324,0,2395.6155350743325,34601.961011968924
2023-03-06,12262.5830078125,6.183468386710956,39.13231009834387,-32.948841711632916,HOLD,0,24956155.350743324,0.0,24956155.350743324,0,2395.6155350743325,34393.90512230692
2023-03-07,12134.7421875,-13.248921779893863,28.656063722696327,-41.90498550259019,HOLD,0,24956155.350743324,0.0,24956155.350743324,0,2395.6155350743325,34034.29661863296
2023-03-08,12013.4150390625,-38.00126299056683,15.324598380043698,-53.325861370610525,HOLD,0,24956155.350743324,0.0,24956155.350743324,0,2395.6155350743325,33693.010680401436
2023-03-09,12010.701171875,-57.17755091712934,0.82416852060909,-58.00171943773843,HOLD,0,24956155.350743324,0.0,24956155.350743324,0,2395.6155350743325,33685.37673596897
2023-03-10,11874.8525390625,-82.38704007634806,-15.818073198782342,-66.56896687756571,HOLD,0,24956155.350743324,0.0,24956155.350743324,0,2395.6155350743325,33303.24273954717
2023-03-13,11956.2802734375,-94.70352097657633,-31.59516275434114,-63.10835822223519,HOLD,0,24956155.350743324,0.0,24956155.350743324,0,2395.6155350743325,33532.29403665694
2023-03-14,11983.4228515625,-101.10872318784823,-45.49787484104256,-55.61084834680567,HOLD,0,24956155.350743324,0.0,24956155.350743324,0,2395.6155350743325,33608.64446902686
2023-03-15,11881.095703125,-113.13765729496663,-59.025831331827376,-54.11182596313925,HOLD,0,24956155.350743324,0.0,24956155.350743324,0,2395.6155350743325,33320.80438285654
2023-03-16,11888.35546875,-120.6935912345034,-71.35938331236258,-49.33420792214082,HOLD,0,24956155.350743324,0.0,24956155.350743324,0,2395.6155350743325,33341.22566494038
2023-03-17,11820.5673828125,-130.6456535555426,-83.21663736099859,-47.429016194544005,HOLD,0,24956155.350743324,0.0,24956155.350743324,0,2395.6155350743325,33150.54187480732
2023-03-20,11736.42578125,-143.66616457495547,-95.30654280378997,-48.35962177116551,HOLD,0,24956155.350743324,0.0,24956155.350743324,0,2395.6155350743325,32913.85663326508
2023-03-21,12044.4931640625,-127.65502256153195,-101.77623875533837,-25.87878380619358,HOLD,0,24956155.350743324,0.0,24956155.350743324,0,2395.6155350743325,33780.431568353524
2023-03-22,12033.296875,-114.54907370059846,-104.33080574439039,-10.218267956208066,HOLD,0,24956155.350743324,0.0,24956155.350743324,0,2395.6155350743325,33748.93708367622
2023-03-23,12043.54296875,-102.15812539131366,-103.89626967377505,1.7381442824613913,BUY,2000,854617.161680825,24087085.9375,24941703.099180825,2000,2394.1703099180822,33777.758726348206
2023-03-24,12069.0576171875,-89.25056572502217,-100.96712888402448,11.716563159002305,HOLD,2000,854617.161680825,24138115.234375,24992732.396055825,0,2399.2732396055826,33849.52989086317
2023-03-27,11995.5693359375,-83.98301787279888,-97.57030668177936,13.587288808980475,HOLD,2000,854617.161680825,23991138.671875,24845755.833555825,0,2384.5755833555822,33642.811795709495
2023-03-28,12090.6357421875,-71.31530532051329,-92.31930640952615,21.00400108901286,HOLD,2000,854617.161680825,24181271.484375,25035888.646055825,0,2403.5888646055823,33910.22785278466
2023-03-29,12146.27734375,-56.13910299313102,-85.08326572624713,28.944162733116116,HOLD,2000,854617.161680825,24292554.6875,25147171.849180825,0,2414.7171849180827,34066.74431623508
2023-03-30,12214.1337890625,-38.196104358507,-75.70583345269911,37.50972909419211,HOLD,2000,854617.161680825,24428267.578125,25282884.739805825,0,2428.2884739805827,34257.62039715989
2023-03-31,12349.8466796875,-12.876816667750973,-63.140030095709484,50.26321342795851,HOLD,2000,854617.161680825,24699693.359375,25554310.521055825,0,2455.4310521055827,34639.372559009505
2023-04-03,12228.1806640625,-2.5985746616861434,-51.03173900890482,48.43316434721868,HOLD,2000,854617.161680825,24456361.328125,25310978.489805825,0,2431.0978489805825,34297.13340785317
2023-04-04,12313.13671875,12.260913604879534,-38.37320848614795,50.634122091027486,HOLD,2000,854617.161680825,24626273.4375,25480890.599180825,0,2448.0890599180825,34536.10965682854
2023-04-06,12193.505859375,14.220034848145588,-27.854559819289246,42.07459466743484,HOLD,2000,854617.161680825,24387011.71875,25241628.880430825,0,2424.1628880430826,34199.59527724372
2023-04-07,12152.9951171875,12.361281062549097,-19.811391642921578,32.172672705470674,HOLD,2000,854617.161680825,24305990.234375,25160607.396055825,0,2416.0607396055825,34085.64100704147
2023-04-10,12022.1005859375,0.32239419562574767,-15.784634475212114,16.107028670837863,HOLD,2000,854617.161680825,24044201.171875,24898818.333555825,0,2389.8818333555823,33717.4425989989
2023-04-11,11844.3173828125,-23.29559199436153,-17.286825979041996,-6.008766015319534,SELL,0,24529038.74644645,0.0,24529038.74644645,2000,2352.903874644645,33217.349189883826
2023-04-12,11495.5361328125,-69.35724109484363,-27.700909002202323,-41.65633209264131,HOLD,0,24529038.74644645,0.0,24529038.74644645,0,2352.903874644645,32236.248606240504
2023-04-13,11691.640625,-89.01136860767474,-39.96300092329681,-49.04836768437793,HOLD,0,24529038.74644645,0.0,24529038.74644645,0,2352.903874644645,32787.878694555846
2023-04-14,11626.6337890625,-108.58125749043211,-53.68665223672387,-54.894605253708235,HOLD,0,24529038.74644645,0.0,24529038.74644645,0,2352.903874644645,32605.01839263569
2023-04-17,11895.208984375,-101.25159636235912,-63.199641061850926,-38.0519553005082,HOLD,0,24529038.74644645,0.0,24529038.74644645,0,2352.903874644645,33360.504190318956
2023-04-18,11929.1376953125,-91.64855618594993,-68.88942408667073,-22.7591320992792,HOLD,0,24529038.74644645,0.0,24529038.74644645,0,2352.903874644645,33455.943604287015
2023-04-19,11935.9228515625,-82.53911274362508,-71.6193618180616,-10.919750925563477,HOLD,0,24529038.74644645,0.0,24529038.74644645,0,2352.903874644645,33475.02983887384
2023-04-20,11819.7529296875,-83.72858401110534,-74.04120625667035,-9.68737775443499,HOLD,0,24529038.74644645,0.0,24529038.74644645,0,2352.903874644645,33148.25086737418
2023-04-21,11708.4013671875,-92.58907977324998,-77.75078095998629,-14.838298813263691,HOLD,0,24529038.74644645,0.0,24529038.74644645,0,2352.903874644645,32835.025649681585
2023-04-24,11569.4990234375,-109.55644627039146,-84.11191402206732,-25.444532248324137,HOLD,0,24529038.74644645,0.0,24529038.74644645,0,2352.903874644645,32444.30174889119
2023-04-25,11741.71875,-107.86313475438692,-88.86215816853125,-19.000976585855668,HOLD,0,24529038.74644645,0.0,24529038.74644645,0,2352.903874644645,32928.74543456914
2023-04-26,11833.5283203125,-97.9834163080377,-90.68640979643254,-7.2970065116051614,HOLD,0,24529038.74644645,0.0,24529038.74644645,0,2352.903874644645,33187.000208923084
2023-04-27,11928.5947265625,-81.54263108587656,-88.85765405432134,7.315022968444779,BUY,2000,657534.9796495773,23857189.453125,24514724.432774577,2000,2351.472443277458,33454.416265998254
2023-04-28,11946.2373046875,-66.32502810030019,-84.35112886351712,18.02610076321693,HOLD,2000,657534.9796495773,23892474.609375,24550009.589024577,0,2355.0009589024576,33504.04377233757
2023-05-04,11874.173828125,-59.395217303475874,-79.35994655150887,19.964729248032995,HOLD,2000,657534.9796495773,23748347.65625,24405882.635899577,0,2340.5882635899575,33301.33356668622
2023-05-05,11874.8525390625,-53.2348676037891,-74.13493076196492,20.900063158175826,HOLD,2000,657534.9796495773,23749705.078125,24407240.057774577,0,2340.7240057774575,33303.24273954717
2023-05-08,11674.8125,-63.75932759216812,-72.05981012800557,8.300482535837446,HOLD,2000,657534.9796495773,23349625.0,24007159.979649577,0,2300.7159979649578,32740.542195649658
2023-05-09,11684.8544921875,-70.47731450152787,-71.74331100271003,1.2659965011821583,HOLD,2000,657534.9796495773,23369708.984375,24027243.964024577,0,2302.724396402458,32768.7897129577
2023-05-10,11705.2119140625,-73.31358039773295,-72.05736488171462,-1.2562155160183295,SELL,0,24053912.5534777,0.0,24053912.5534777,2000,2305.3912553477703,32826.053910740804
2023-05-11,11651.4013671875,-78.99282288310496,-73.44445648199269,-5.5483664011122755,HOLD,0,24053912.5534777,0.0,24053912.5534777,0,2305.3912553477703,32674.688093497964
2023-05-12,11578.9990234375,-88.31785427041177,-76.4191360396765,-11.89871823073527,HOLD,0,24053912.5534777,0.0,24053912.5534777,0,2305.3912553477703,32471.024674921795
2023-05-15,11646.1767578125,-89.25841168331135,-78.98699116840348,-10.271420514907874,HOLD,0,24053912.5534777,0.0,24053912.5534777,0,2305.3912553477703,32659.991582985658
2023-05-16,11557.8955078125,-96.02050467993286,-82.39369387070936,-13.6268108092235,HOLD,0,24053912.5534777,0.0,24053912.5534777,0,2305.3912553477703,32411.66176049731
2023-05-17,11542.3564453125,-101.4637733561467,-86.20770976779683,-15.256063588349875,HOLD,0,24053912.5534777,0.0,24053912.5534777,0,2305.3912553477703,32367.951316521267
2023-05-18,11474.5,-109.98520999798166,-90.9632098138338,-19.022000184147856,HOLD,0,24053912.5534777,0.0,24053912.5534777,0,2305.3912553477703,32177.075235596458
2023-05-19,11532.177734375,-110.80708371311812,-94.93198459369067,-15.875099119427446,HOLD,0,24053912.5534777,0.0,24053912.5534777,0,2305.3912553477703,32339.31921762972
2023-05-22,11847.7099609375,-85.0175811292429,-92.94910390080112,7.931522771558221,BUY,2000,344275.3796495758,23695419.921875,24039695.301524576,2000,2303.9695301524575,33226.892307177244
2023-05-23,11702.158203125,-75.4542354986661,-89.45013022037412,13.995894721708027,HOLD,2000,344275.3796495758,23404316.40625,23748591.785899576,0,2274.8591785899575,32817.4640063722
2023-05-24,11609.5341796875,-74.49051944694656,-86.45820806568861,11.967688618742045,HOLD,2000,344275.3796495758,23219068.359375,23563343.739024576,0,2256.3343739024576,32556.918224585126
2023-05-25,11542.3564453125,-78.24548403523659,-84.81566325959821,6.570179224361624,HOLD,2000,344275.3796495758,23084712.890625,23428988.270274576,0,2242.8988270274576,32367.951316521267
2023-05-26,11471.5146484375,-85.94691890172908,-85.0419143880244,-0.9050045137046823,SELL,0,23273538.85894645,0.0,23273538.85894645,2000,2227.353885894645,32168.67762201961
2023-05-29,11460.9287109375,-91.84581680109659,-86.40269487063884,-5.44312193045775,HOLD,0,23273538.85894645,0.0,23273538.85894645,0,2227.353885894645,32138.9000194115
2023-05-30,11320.3984375,-106.63117666255494,-90.44839122902206,-16.18278543353287,HOLD,0,23273538.85894645,0.0,23273538.85894645,0,2227.353885894645,31743.596850766142
2023-05-31,11053.1123046875,-138.32194866825557,-100.02310271686878,-38.298845951386795,HOLD,0,23273538.85894645,0.0,23273538.85894645,0,2227.353885894645,30991.737108013025
2023-06-01,11100.748046875,-157.77458036524877,-111.57339824654478,-46.20118211870398,HOLD,0,23273538.85894645,0.0,23273538.85894645,0,2227.353885894645,31125.733572738234
2023-06-02,11336.0732421875,-152.44486505602435,-119.7476916084407,-32.69717344758365,HOLD,0,23273538.85894645,0.0,23273538.85894645,0,2227.353885894645,31787.689129314378
2023-06-05,11298.07421875,-149.56315988790084,-125.71078526433274,-23.852374623568096,HOLD,0,23273538.85894645,0.0,23273538.85894645,0,2227.353885894645,31680.80017220327
2023-06-06,11311.5771484375,-144.5238334148653,-129.47339489443925,-15.050438520426042,HOLD,0,23273538.85894645,0.0,23273538.85894645,0,2227.353885894645,31718.783097596486
2023-06-07,11202.396484375,-147.63821654878666,-133.10635922530875,-14.531857323477908,HOLD,0,23273538.85894645,0.0,23273538.85894645,0,2227.353885894645,31411.664486047597
2023-06-08,11318.4306640625,-139.13948567808256,-134.31298451586352,-4.826501162219046,HOLD,0,23273538.85894645,0.0,23273538.85894645,0,2227.353885894645,31738.061622975056
2023-06-09,11304.859375,-131.97791063988916,-133.84596974066866,1.8680591007795044,BUY,2000,650254.277696453,22609718.75,23259973.027696453,2000,2225.9973027696456,31699.886406790098
2023-06-12,11508.4287109375,-108.62381894669124,-128.8015395818732,20.17772063518194,HOLD,2000,650254.277696453,23016857.421875,23667111.699571453,0,2266.7111699571456,32272.514649564517
2023-06-13,11528.78515625,-87.4646994020568,-120.53417154590991,33.06947214385312,HOLD,2000,650254.277696453,23057570.3125,23707824.590196453,0,2270.782459019645,32329.776100336305
2023-06-14,11717.96875,-54.798724195838076,-107.38708207589555,52.58835788005747,HOLD,2000,650254.277696453,23435937.5,24086191.777696453,0,2308.6191777696454,32861.93811949263
2023-06-15,11908.7802734375,-13.359804723635534,-88.58162660544355,75.22182188180801,HOLD,2000,650254.277696453,23817560.546875,24467814.824571453,0,2346.781482457145,33398.679406503914
2023-06-16,12198.458984375,42.367106900297586,-62.39187990429532,104.75898680459291,HOLD,2000,650254.277696453,24396917.96875,25047172.246446453,0,2404.7172246446453,34213.528118611655
2023-06-19,11834.138671875,56.4823875811544,-38.61702640720538,95.09941398835977,HOLD,2000,650254.277696453,23668277.34375,24318531.621446453,0,2331.8531621446455,33188.71709099228
2023-06-20,11830.474609375,66.60540435297844,-17.57254025516862,84.17794460814706,HOLD,2000,650254.277696453,23660949.21875,24311203.496446453,0,2331.120349644645,33178.41030455449
2023-06-21,11778.7001953125,69.64735421363366,-0.12856136140816268,69.77591557504182,HOLD,2000,650254.277696453,23557400.390625,24207654.668321453,0,2320.765466832145,33032.77200589448
2023-06-26,11596.6416015625,56.71375355786586,11.239901622446641,45.47385193541922,HOLD,2000,650254.277696453,23193283.203125,23843537.480821453,0,2284.353748082145,32520.652181261114
2023-06-27,11610.5517578125,47.04392216308588,18.40070573057449,28.64321643251139,HOLD,2000,650254.277696453,23221103.515625,23871357.793321453,0,2287.1357793321454,32559.780610370894
2023-06-28,11728.1474609375,48.31258417243953,24.383081418947498,23.92950275349203,HOLD,2000,650254.277696453,23456294.921875,24106549.199571453,0,2310.6549199571455,32890.57021838418
2023-06-29,11628.6015625,40.81499602324402,27.669464339806805,13.145531683437216,HOLD,2000,650254.277696453,23257203.125,23907457.402696453,0,2290.7457402696455,32610.553620426777
2023-06-30,11650.6484375,36.234414185291826,29.38245430890381,6.851959876388015,HOLD,2000,650254.277696453,23301296.875,23951551.152696453,0,2295.155115269645,32672.570147777406
2023-07-03,11878.701171875,50.42495236284776,33.5909539196926,16.83399844315516,HOLD,2000,650254.277696453,23757402.34375,24407656.621446453,0,2340.7656621446454,33314.06871112268
2023-07-04,11923.484375,64.54070129981665,39.78090339571742,24.75979790409923,HOLD,2000,650254.277696453,23846968.75,24497223.027696453,0,2349.7223027696455,33440.041155809304
2023-07-05,11818.6220703125,66.49945805542302,45.12461432765854,21.37484372776448,HOLD,2000,650254.277696453,23637244.140625,24287498.418321453,0,2328.749841832145,33145.069828276384
2023-07-06,11733.1884765625,60.461052501490485,48.191901962424936,12.26915053906555,HOLD,2000,650254.277696453,23466376.953125,24116631.230821453,0,2311.6631230821454,32904.75029077008
2023-07-07,11643.96484375,47.92353838158306,48.138229246256564,-0.21469086467350706,SELL,0,23924211.207383953,0.0,23924211.207383953,2000,2292.421120738395,32653.769602366894
2023-07-10,11718.857421875,43.52889921063979,47.21636323913321,-3.687464028493416,HOLD,0,23924211.207383953,0.0,23924211.207383953,0,2292.421120738395,32864.43789978538
2023-07-11,11781.5546875,44.59124128656185,46.69133884861894,-2.100097562057087,HOLD,0,23924211.207383953,0.0,23924211.207383953,0,2292.421120738395,33040.8015199557
2023-07-12,11807.7353515625,47.003884305029715,46.7538479399011,0.25003636512861505,BUY,2000,294571.221837081,23615470.703125,23910041.92496208,2000,2291.004192496208,33114.446146184564
2023-07-13,11977.224609375,61.87898547770237,49.77887544746136,12.100110030241012,HOLD,2000,294571.221837081,23954449.21875,24249020.44058708,0,2324.9020440587083,33591.20918823777
2023-07-14,12077.8154296875,80.8524323418751,55.993586826344114,24.858845515530987,HOLD,2000,294571.221837081,24155630.859375,24450202.08121208,0,2345.020208121208,33874.16508829763
2023-07-17,11919.1435546875,82.13868777856987,61.22260701678927,20.916080761780606,HOLD,2000,294571.221837081,23838287.109375,24132858.33121208,0,2313.2858331212083,33427.830690533185
2023-07-18,11869.744140625,78.26969034331887,64.6320236820952,13.637666661223676,HOLD,2000,294571.221837081,23739488.28125,24034059.50308708,0,2303.4059503087083,33288.87312338083
2023-07-19,11871.1220703125,74.45638258030704,66.59689546173756,7.859487118569476,HOLD,2000,294571.221837081,23742244.140625,24036815.36246208,0,2303.6815362462085,33292.74915634025
2023-07-20,11878.01171875,71.16984409341421,67.5114851880729,3.6583589053413164,HOLD,2000,294571.221837081,23756023.4375,24050594.65933708,0,2305.059465933708,33312.12932113732
2023-07-21,12203.8994140625,93.78060765033842,72.765309680526,21.015297969812423,HOLD,2000,294571.221837081,24407798.828125,24702370.04996208,0,2370.2370049962083,34228.83171862363
2023-07-24,12202.8662109375,110.34444770746813,80.28113728591444,30.063310421553695,HOLD,2000,294571.221837081,24405732.421875,24700303.64371208,0,2370.030364371208,34225.9253806569
2023-07-25,12598.33984375,153.6120828745079,94.94732640363314,58.664756470874764,HOLD,2000,294571.221837081,25196679.6875,25491250.90933708,0,2449.1250909337077,35338.36881609929
2023-07-26,12598.33984375,185.7606621891464,113.1099935607358,72.65066862841059,HOLD,2000,294571.221837081,25196679.6875,25491250.90933708,0,2449.1250909337077,35338.36881609929
2023-07-27,12663.6552734375,214.04171259945724,133.2963373684801,80.74537523097715,HOLD,2000,294571.221837081,25327310.546875,25621881.76871208,0,2462.1881768712083,35522.097173593625
2023-07-28,13069.947265625,266.1707661427263,159.87122312332934,106.29954301939694,HOLD,2000,294571.221837081,26139894.53125,26434465.75308708,0,2543.4465753087084,36664.97200033608
2023-07-31,12956.81640625,294.9546481863963,186.88790813594275,108.06674005045355,HOLD,2000,294571.221837081,25913632.8125,26208204.03433708,0,2520.820403433708,36346.74172803536
2023-08-01,13014.828125,318.77253164583635,213.2648328379215,105.50769880791486,HOLD,2000,294571.221837081,26029656.25,26324227.47183708,0,2532.422747183708,36509.92518793689
2023-08-02,12952.8203125,328.8540389813443,236.38267406660606,92.47136491473822,HOLD,2000,294571.221837081,25905640.625,26200211.84683708,0,2520.0211846837083,36335.50095775193
2023-08-03,12942.279296875,332.16415272447375,255.5389697981796,76.62518292629414,HOLD,2000,294571.221837081,25884558.59375,26179129.81558708,0,2517.912981558708,36305.84971766411
2023-08-04,13045.6259765625,339.2163797891826,272.2744517963802,66.94192799280239,HOLD,2000,294571.221837081,26091251.953125,26385823.17496208,0,2538.582317496208,36596.55768364281
2023-08-07,13007.4560546875,337.8310211314565,285.3857656633955,52.44525546806102,HOLD,2000,294571.221837081,26014912.109375,26309483.33121208,0,2530.948333121208,36489.18799955233
