date,price,dif,dea,histogram,signal,position,cash,position_value,total_value,trade_amount,cumulative_return,buy_hold_return
2003-01-06,5.010000228881836,0.0,0.0,0.0,HOLD,0,1000000.0,0.0,1000000.0,0,0.0,0.0
2003-01-07,4.849999904632568,-0.01276355862957157,-0.002552711725914314,-0.010210846903657256,HOLD,0,1000000.0,0.0,1000000.0,0,0.0,-3.1936191005918824
2003-01-08,5.340000152587891,0.01647029480101292,0.0012518895794711327,0.015218405221541786,HOLD,0,1000000.0,0.0,1000000.0,0,0.0,6.586824523553081
2003-01-09,5.869999885559082,0.08146579633206663,0.017294670929990232,0.0641711254020764,HOLD,0,1000000.0,0.0,1000000.0,0,0.0,17.165661025711888
2003-01-10,6.210000038146973,0.15858233196788607,0.04555220313756941,0.11303012883031666,HOLD,0,1000000.0,0.0,1000000.0,0,0.0,23.952090907048927
2003-01-13,6.300000190734863,0.22437356343352644,0.08131647519676082,0.1430570882367656,HOLD,0,1000000.0,0.0,1000000.0,0,0.0,25.748501056275153
2003-01-14,6.539999961853027,0.2925077172529731,0.12355472360800328,0.1689529936449698,HOLD,0,1000000.0,0.0,1000000.0,0,0.0,30.53891543060201
2003-01-15,6.820000171661377,0.3648919545919176,0.17182216980478615,0.19306978478713144,HOLD,0,1000000.0,0.0,1000000.0,0,0.0,36.12774171835733
2003-01-16,6.809999942779541,0.4166471997234016,0.22078717578850926,0.19586002393489232,HOLD,0,1000000.0,0.0,1000000.0,0,0.0,35.92813636057339
2003-01-17,6.550000190734863,0.4317073437547787,0.26297120938176316,0.16873613437301554,HOLD,0,1000000.0,0.0,1000000.0,0,0.0,30.73852078838597
2003-01-20,6.820000171661377,0.4601253201067781,0.30240203152676615,0.15772328858001194,HOLD,0,1000000.0,0.0,1000000.0,0,0.0,36.12774171835733
2003-01-21,6.579999923706055,0.4580012040772168,0.3335218660368563,0.12447933804036049,HOLD,0,1000000.0,0.0,1000000.0,0,0.0,31.337317826323165
2003-01-22,6.489999771118164,0.44393812431397084,0.3556051176922792,0.08833300662169163,HOLD,0,1000000.0,0.0,1000000.0,0,0.0,29.54090767709694
2003-01-23,6.5,0.42865865701067474,0.37021582555595833,0.058442831454716404,HOLD,0,1000000.0,0.0,1000000.0,0,0.0,29.740513034880877
2003-01-24,6.96999979019165,0.4492954262098685,0.38603174568674037,0.06326368052312814,HOLD,0,1000000.0,0.0,1000000.0,0,0.0,39.12174594345797
2003-01-27,6.960000038146973,0.4595459583115433,0.400734588211701,0.05881137009984233,HOLD,0,1000000.0,0.0,1000000.0,0,0.0,38.922150103381334
2003-01-28,7.039999961853027,0.46872177129867687,0.4143320248290962,0.05438974646958067,HOLD,0,1000000.0,0.0,1000000.0,0,0.0,40.51895489482362
2003-01-29,6.909999847412109,0.4601988604209595,0.4235053919474689,0.03669346847349059,HOLD,0,1000000.0,0.0,1000000.0,0,0.0,37.92414234987624
2003-02-10,6.760000228881836,0.4363111531505792,0.426066544188091,0.010244608962488244,HOLD,0,1000000.0,0.0,1000000.0,0,0.0,34.93013812477561
2003-02-11,6.820000171661377,0.41740982632969637,0.42433520061641206,-0.006925374286715691,HOLD,0,1000000.0,0.0,1000000.0,0,0.0,36.12774171835733
2003-02-12,6.96999979019165,0.4098100688874915,0.42143017427062796,-0.011620105383136459,HOLD,0,1000000.0,0.0,1000000.0,0,0.0,39.12174594345797
2003-02-13,6.920000076293945,0.3951970615903635,0.4161835517345751,-0.02098649014421161,HOLD,0,1000000.0,0.0,1000000.0,0,0.0,38.123747707660186
2003-02-14,6.940000057220459,0.3808398941056641,0.4091148202087929,-0.028274926103128817,HOLD,0,1000000.0,0.0,1000000.0,0,0.0,38.52294890552077
2003-02-17,6.800000190734863,0.35408326477144314,0.398108509121323,-0.044025244349879866,HOLD,0,1000000.0,0.0,1000000.0,0,0.0,35.728540520496765
2003-02-18,6.869999885559082,0.3346689779597094,0.3854206028890003,-0.05075162492929092,HOLD,0,1000000.0,0.0,1000000.0,0,0.0,37.125739954155115
2003-02-19,6.929999828338623,0.3204307831242721,0.3724226389360547,-0.05199185581178262,HOLD,0,1000000.0,0.0,1000000.0,0,0.0,38.32334354773683
2003-02-20,6.869999885559082,0.3008375491924511,0.358105620987334,-0.05726807179488291,HOLD,0,1000000.0,0.0,1000000.0,0,0.0,37.125739954155115
2003-02-21,6.699999809265137,0.26849711710056745,0.34018392020998073,-0.07168680310941328,HOLD,0,1000000.0,0.0,1000000.0,0,0.0,33.73252501348658
2003-02-24,6.690000057220459,0.23930167450534956,0.3200074710690545,-0.08070579656370497,HOLD,0,1000000.0,0.0,1000000.0,0,0.0,33.532929173409954
2003-02-25,6.869999885559082,0.22805962829958126,0.3016179025151599,-0.07355827421557865,HOLD,0,1000000.0,0.0,1000000.0,0,0.0,37.125739954155115
2003-02-26,6.869999885559082,0.21665278721757364,0.2846248794556427,-0.06797209223806905,HOLD,0,1000000.0,0.0,1000000.0,0,0.0,37.125739954155115
2003-02-27,6.869999885559082,0.2052468258317548,0.26874926873086513,-0.06350244289911033,HOLD,0,1000000.0,0.0,1000000.0,0,0.0,37.125739954155115
2003-02-28,6.869999885559082,0.1939715361325316,0.25379372221119845,-0.05982218607866685,HOLD,0,1000000.0,0.0,1000000.0,0,0.0,37.125739954155115
2003-03-03,6.940000057220459,0.18851117714307897,0.24073721319757457,-0.052226036054495606,HOLD,0,1000000.0,0.0,1000000.0,0,0.0,38.52294890552077
2003-03-04,7.019999980926514,0.18846660287840056,0.2302830911337398,-0.041816488255339235,HOLD,0,1000000.0,0.0,1000000.0,0,0.0,40.11975369696306
2003-03-05,6.909999847412109,0.17750897304163882,0.2197282675153196,-0.04221929447368078,HOLD,0,1000000.0,0.0,1000000.0,0,0.0,37.92414234987624
2003-03-06,6.809999942779541,0.15892384077101696,0.2075673821664591,-0.048643541395442136,HOLD,0,1000000.0,0.0,1000000.0,0,0.0,35.92813636057339
2003-03-07,6.769999980926514,0.13936086165594652,0.19392607806435658,-0.054565216408410055,HOLD,0,1000000.0,0.0,1000000.0,0,0.0,35.129733964852235
2003-03-10,6.679999828338623,0.11526608394731674,0.17819407924094863,-0.06292799529363188,HOLD,0,1000000.0,0.0,1000000.0,0,0.0,33.33332381562602
2003-03-11,6.699999809265137,0.09667027557204566,0.16188931850716803,-0.06521904293512237,HOLD,0,1000000.0,0.0,1000000.0,0,0.0,33.73252501348658
2003-03-12,6.550000190734863,0.06903347293861195,0.14331814939345683,-0.07428467645484488,HOLD,0,1000000.0,0.0,1000000.0,0,0.0,30.73852078838597
2003-03-13,6.489999771118164,0.041807642838280756,0.12301604808242161,-0.08120840524414086,HOLD,0,1000000.0,0.0,1000000.0,0,0.0,29.54090767709694
2003-03-14,6.480000019073486,0.019202722877610157,0.10225338304145933,-0.08305066016384917,HOLD,0,1000000.0,0.0,1000000.0,0,0.0,29.341311837020314
2003-03-17,6.570000171661377,0.00845298040400877,0.08349330251396922,-0.07504032210996045,HOLD,0,1000000.0,0.0,1000000.0,0,0.0,31.137721986246536
2003-03-18,6.539999961853027,-0.002458691893683529,0.06630290363243867,-0.0687615955261222,HOLD,0,1000000.0,0.0,1000000.0,0,0.0,30.53891543060201
2003-03-19,6.590000152587891,-0.006991084411389181,0.0516441060236731,-0.05863519043506228,HOLD,0,1000000.0,0.0,1000000.0,0,0.0,31.536923184107103
2003-03-20,6.599999904632568,-0.009664732694785627,0.03938233827998136,-0.04904707097476699,HOLD,0,1000000.0,0.0,1000000.0,0,0.0,31.73651902418373
2003-03-21,6.599999904632568,-0.011649331974429522,0.029176004229099186,-0.04082533620352871,HOLD,0,1000000.0,0.0,1000000.0,0,0.0,31.73651902418373
2003-03-24,6.539999961853027,-0.017857781751727586,0.019769247032933833,-0.03762702878466142,HOLD,0,1000000.0,0.0,1000000.0,0,0.0,30.53891543060201
2003-03-25,6.269999980926514,-0.04405690433774545,0.007004016758797977,-0.05106092109654343,HOLD,0,1000000.0,0.0,1000000.0,0,0.0,25.14969450063065
2003-03-26,6.210000038146973,-0.06886752967002874,-0.008170292526967366,-0.06069723714306137,HOLD,0,1000000.0,0.0,1000000.0,0,0.0,23.952090907048927
2003-03-27,6.630000114440918,-0.05401695904742798,-0.01733962583105949,-0.03667733321636849,HOLD,0,1000000.0,0.0,1000000.0,0,0.0,32.33532557982826
2003-03-28,6.659999847412109,-0.039373177621222055,-0.021746336189092004,-0.01762684143213005,HOLD,0,1000000.0,0.0,1000000.0,0,0.0,32.934122617765446
2003-03-31,6.699999809265137,-0.024260552166588845,-0.022249179384591374,-0.002011372781997471,HOLD,0,1000000.0,0.0,1000000.0,0,0.0,33.73252501348658
2003-04-01,6.989999771118164,0.010990197521659972,-0.015601304003341105,0.026591501525001077,BUY,141600,9622.162029113853,989783.967590332,999406.1296194459,141600,-0.05938703805541401,39.52094714131853
2003-04-02,7.099999904632568,0.04725800126121893,-0.003029442950429099,0.050287444211648026,HOLD,141600,9622.162029113853,1005359.9864959717,1014982.1485250855,0,1.4982148525085615,41.71655848840534
2003-04-03,7.050000190734863,0.07114581332446157,0.011805608304549036,0.05934020501991254,HOLD,141600,9622.162029113853,998280.0270080566,1007902.1890371705,0,0.7902189037170437,40.71856025260756
2003-04-04,7.210000038146973,0.10181407768808803,0.02980730218125684,0.0720067755068312,HOLD,141600,9622.162029113853,1020936.0054016113,1030558.1674307252,0,3.0558167430725147,43.91216983549213
2003-04-07,7.300000190734863,0.13186114510035551,0.050218070765076575,0.08164307433527894,HOLD,141600,9622.162029113853,1033680.0270080566,1043302.1890371705,0,4.3302189037170535,45.70857998471838
2003-04-08,7.400000095367432,0.16187680403962545,0.07254981741998635,0.0893269866196391,HOLD,141600,9622.162029113853,1047840.0135040283,1057462.1755331422,0,5.746217553314215,47.70458597402123
2003-04-09,8.109999656677246,0.24018673768297472,0.10607720147258402,0.13410953621039068,HOLD,141600,9622.162029113853,1148375.951385498,1157998.113414612,0,15.7998113414612,61.876233256925175
2003-04-10,8.0600004196167,0.2948149603709913,0.14382475325226549,0.15099020711872582,HOLD,141600,9622.162029113853,1141296.0594177246,1150918.2214468385,0,15.091822144683853,60.87824453883472
2003-04-11,8.109999656677246,0.33824367842060976,0.18270853828593436,0.1555351401346754,HOLD,141600,9622.162029113853,1148375.951385498,1157998.113414612,0,15.7998113414612,61.876233256925175
2003-04-14,8.65999984741211,0.4122890575959337,0.22862464214793424,0.18366441544799947,HOLD,141600,9622.162029113853,1226255.9783935547,1235878.1404226685,0,23.587814042266864,72.85428047465187
2003-04-15,8.6899995803833,0.46799650935098747,0.2764990155885449,0.19149749376244257,HOLD,141600,9622.162029113853,1230503.9405822754,1240126.1026113892,0,24.012610261138924,73.45307751258908
2003-04-16,8.59000015258789,0.4983314928751028,0.3208655110458565,0.17746598182924633,HOLD,141600,9622.162029113853,1216344.0216064453,1225966.1836355592,0,22.59661836355591,71.45708104099353
2003-04-17,8.5,0.5092397271348466,0.3585403542636545,0.15069937287119206,HOLD,141600,9622.162029113853,1203600.0,1213222.1620291139,0,21.32221620291139,69.66067089176731
2003-04-18,8.210000038146973,0.488848862693267,0.384602055949577,0.10424680674368997,HOLD,141600,9622.162029113853,1162536.0054016113,1172158.1674307252,0,17.21581674307251,63.87224876393536
2003-04-21,7.869999885559082,0.4401796676942116,0.39571757829850396,0.044462089395707616,HOLD,141600,9622.162029113853,1114391.983795166,1124014.1458242799,0,12.401414582427982,57.08581888259832
2003-04-22,7.869999885559082,0.39703223950185507,0.3959805105391742,0.0010517289626808535,HOLD,141600,9622.162029113853,1114391.983795166,1124014.1458242799,0,12.401414582427982,57.08581888259832
2003-04-23,7.699999809265137,0.34514143082055604,0.3858126945954506,-0.04067126377489455,SELL,0,1099287.943037262,0.0,1099287.943037262,141600,9.928794303726196,53.692603941929804
2003-04-24,7.599999904632568,0.2925758027853673,0.36716531623343396,-0.07458951344806664,HOLD,0,1099287.943037262,0.0,1099287.943037262,0,9.928794303726196,51.69659795262695
2003-04-25,7.550000190734863,0.24406912782823298,0.3425460785523938,-0.0984769507241608,HOLD,0,1099287.943037262,0.0,1099287.943037262,0,9.928794303726196,50.69859971682917
2003-04-28,8.3100004196167,0.26391070698540275,0.32681900423899557,-0.06290829725359282,HOLD,0,1099287.943037262,0.0,1099287.943037262,0,9.928794303726196,65.86826427094552
2003-04-29,8.119999885559082,0.2612918365770458,0.31371357070660566,-0.05242173412955986,HOLD,0,1099287.943037262,0.0,1099287.943037262,0,9.928794303726196,62.07583861470911
2003-04-30,8.210000038146973,0.2634418296364611,0.30365922249257676,-0.04021739285611564,HOLD,0,1099287.943037262,0.0,1099287.943037262,0,9.928794303726196,63.87224876393536
2003-05-12,8.460000038146973,0.2820671309834495,0.2993408041907513,-0.017273673207301832,HOLD,0,1099287.943037262,0.0,1099287.943037262,0,9.928794303726196,68.86226849604616
2003-05-13,8.09000015258789,0.26392950292314676,0.29225854393723044,-0.028329041014083678,HOLD,0,1099287.943037262,0.0,1099287.943037262,0,9.928794303726196,61.47704157677192
2003-05-14,8.270000457763672,0.26107036564863506,0.2860209082795114,-0.024950542630876316,HOLD,0,1099287.943037262,0.0,1099287.943037262,0,9.928794303726196,65.06986187522439
2003-05-15,8.380000114440918,0.2646300413576883,0.2817427348951468,-0.01711269353745848,HOLD,0,1099287.943037262,0.0,1099287.943037262,0,9.928794303726196,67.26546370460386
2003-05-16,8.460000038146973,0.2707849944013585,0.27955118679638913,-0.008766192395030625,HOLD,0,1099287.943037262,0.0,1099287.943037262,0,9.928794303726196,68.86226849604616
2003-05-19,8.329999923706055,0.2621510026778777,0.27607114997268684,-0.013920147294809115,HOLD,0,1099287.943037262,0.0,1099287.943037262,0,9.928794303726196,66.26745595109878
2003-05-20,8.130000114440918,0.23644460269470802,0.26814584051709106,-0.031701237822383044,HOLD,0,1099287.943037262,0.0,1099287.943037262,0,9.928794303726196,62.27544397249307
2003-05-21,8.119999885559082,0.21281199638461779,0.2570790716905964,-0.04426707530597862,HOLD,0,1099287.943037262,0.0,1099287.943037262,0,9.928794303726196,62.07583861470911
2003-05-22,8.34000015258789,0.2094210925555391,0.24754747586358497,-0.03812638330804588,HOLD,0,1099287.943037262,0.0,1099287.943037262,0,9.928794303726196,66.46706130888272
2003-05-23,8.390000343322754,0.20836645556795297,0.2397112718044586,-0.03134481623650562,HOLD,0,1099287.943037262,0.0,1099287.943037262,0,9.928794303726196,67.46506906238781
2003-05-26,8.449999809265137,0.20995190870906022,0.23375939918537894,-0.02380749047631872,HOLD,0,1099287.943037262,0.0,1099287.943037262,0,9.928794303726196,68.66266313826222
2003-05-27,8.710000038146973,0.22954221750581105,0.2329159628494654,-0.0033737453436543385,HOLD,0,1099287.943037262,0.0,1099287.943037262,0,9.928794303726196,73.85228822815695
2003-05-28,8.369999885559082,0.21515236501755552,0.22936324328308344,-0.014210878265527915,HOLD,0,1099287.943037262,0.0,1099287.943037262,0,9.928794303726196,67.06585834681992
2003-05-29,8.5,0.21179676476115894,0.22584994757869856,-0.014053182817539617,HOLD,0,1099287.943037262,0.0,1099287.943037262,0,9.928794303726196,69.66067089176731
2003-05-30,8.470000267028809,0.204360953784672,0.22155214881989327,-0.017191195035221263,HOLD,0,1099287.943037262,0.0,1099287.943037262,0,9.928794303726196,69.0618738538301
2003-06-02,8.430000305175781,0.1930153960480414,0.2158447982655229,-0.022829402217481504,HOLD,0,1099287.943037262,0.0,1099287.943037262,0,9.928794303726196,68.26347145810897
2003-06-03,8.390000343322754,0.17873594051057573,0.2084230267145335,-0.02968708620395777,HOLD,0,1099287.943037262,0.0,1099287.943037262,0,9.928794303726196,67.46506906238781
2003-06-04,8.5,0.17428635746817633,0.20159569286526208,-0.027309335397085743,HOLD,0,1099287.943037262,0.0,1099287.943037262,0,9.928794303726196,69.66067089176731
2003-06-05,8.34000015258789,0.15605052700073507,0.19248665969235668,-0.0364361326916216,HOLD,0,1099287.943037262,0.0,1099287.943037262,0,9.928794303726196,66.46706130888272
2003-06-06,8.069999694824219,0.11844634379865049,0.17767859651361545,-0.05923225271496496,HOLD,0,1099287.943037262,0.0,1099287.943037262,0,9.928794303726196,61.07783086120404
2003-06-09,7.880000114440918,0.07247789933568605,0.1566384570780296,-0.08416055774234354,HOLD,0,1099287.943037262,0.0,1099287.943037262,0,9.928794303726196,57.285424240382255
2003-06-10,7.940000057220459,0.0404230975498443,0.13339538517239255,-0.09297228762254825,HOLD,0,1099287.943037262,0.0,1099287.943037262,0,9.928794303726196,58.48302783396397
2003-06-11,8.220000267028809,0.03718447359921129,0.1141532028577563,-0.07696872925854502,HOLD,0,1099287.943037262,0.0,1099287.943037262,0,9.928794303726196,64.0718541217193
2003-06-12,8.130000114440918,0.027043836125473675,0.09673132951129979,-0.06968749338582611,HOLD,0,1099287.943037262,0.0,1099287.943037262,0,9.928794303726196,62.27544397249307
2003-06-13,8.1899995803833,0.02357698255455354,0.08210046011995054,-0.058523477565397,HOLD,0,1099287.943037262,0.0,1099287.943037262,0,9.928794303726196,63.47303804836746
2003-06-16,8.09000015258789,0.012614940843747036,0.06820335626470984,-0.05558841542096281,HOLD,0,1099287.943037262,0.0,1099287.943037262,0,9.928794303726196,61.47704157677192
2003-06-17,8.140000343322754,0.007871305820184915,0.056136946175804864,-0.04826564035561995,HOLD,0,1099287.943037262,0.0,1099287.943037262,0,9.928794303726196,62.47504933027701
2003-06-18,8.15999984741211,0.0056604831983673165,0.04604165358031736,-0.04038117038195004,HOLD,0,1099287.943037262,0.0,1099287.943037262,0,9.928794303726196,62.87424101043027
2003-06-19,8.09000015258789,-0.001720170957963063,0.036489288672661276,-0.03820945963062434,HOLD,0,1099287.943037262,0.0,1099287.943037262,0,9.928794303726196,61.47704157677192
2003-06-20,7.96999979019165,-0.017055810149567918,0.02578026890821544,-0.04283607905778336,HOLD,0,1099287.943037262,0.0,1099287.943037262,0,9.928794303726196,59.08182487190117
2003-06-23,7.739999771118164,-0.04722412374258944,0.011179390378054464,-0.0584035141206439,HOLD,0,1099287.943037262,0.0,1099287.943037262,0,9.928794303726196,54.49100633765094
2003-06-24,7.769999980926514,-0.06792892108867754,-0.004642271915291937,-0.0632866491733856,HOLD,0,1099287.943037262,0.0,1099287.943037262,0,9.928794303726196,55.089812893295466
2003-06-25,7.610000133514404,-0.09614003024354645,-0.022941823580942843,-0.0731982066626036,HOLD,0,1099287.943037262,0.0,1099287.943037262,0,9.928794303726196,51.8962033104109
2003-06-26,7.789999961853027,-0.10278817754592051,-0.03891109437393838,-0.06387708317198212,HOLD,0,1099287.943037262,0.0,1099287.943037262,0,9.928794303726196,55.48901409115603
2003-06-27,7.590000152587891,-0.12277986545872022,-0.05568484859089475,-0.06709501686782546,HOLD,0,1099287.943037262,0.0,1099287.943037262,0,9.928794303726196,51.497002112550305
2003-06-30,7.599999904632568,-0.13624596704542746,-0.0717970722818013,-0.06444889476362617,HOLD,0,1099287.943037262,0.0,1099287.943037262,0,9.928794303726196,51.69659795262695
2003-07-01,7.639999866485596,-0.14205279079550692,-0.08584821598454243,-0.0562045748109645,HOLD,0,1099287.943037262,0.0,1099287.943037262,0,9.928794303726196,52.495000348348086
2003-07-02,7.840000152587891,-0.12902902258247462,-0.09448437730412887,-0.03454464527834575,HOLD,0,1099287.943037262,0.0,1099287.943037262,0,9.928794303726196,56.48702184466112
2003-07-03,7.800000190734863,-0.12054567951401562,-0.09969663774610622,-0.0208490417679094,HOLD,0,1099287.943037262,0.0,1099287.943037262,0,9.928794303726196,55.68861944893997
2003-07-04,7.690000057220459,-0.12130038514512975,-0.10401738722591093,-0.01728299791921882,HOLD,0,1099287.943037262,0.0,1099287.943037262,0,9.928794303726196,53.49300810185318
2003-07-07,7.690000057220459,-0.12050933815930609,-0.10731577741258996,-0.013193560746716126,HOLD,0,1099287.943037262,0.0,1099287.943037262,0,9.928794303726196,53.49300810185318
2003-07-08,7.739999771118164,-0.11452766504570366,-0.10875815493921272,-0.0057695101064909465,HOLD,0,1099287.943037262,0.0,1099287.943037262,0,9.928794303726196,54.49100633765094
2003-07-09,7.579999923706055,-0.12129953103178792,-0.11126643015772776,-0.01003310087406016,HOLD,0,1099287.943037262,0.0,1099287.943037262,0,9.928794303726196,51.29739675476637
2003-07-10,7.809999942779541,-0.1068752133337485,-0.11038818679293191,0.003512973459183416,BUY,139300,10702.191212854348,1087932.99202919,1098635.1832420444,139300,9.863518324204446,55.8882152890166
2003-07-11,7.690000057220459,-0.10392879901853114,-0.10909630923805176,0.005167510219520624,HOLD,139300,10702.191212854348,1071217.00797081,1081919.1991836643,0,8.19191991836643,53.49300810185318
2003-07-14,7.590000152587891,-0.10841318134603295,-0.108959683659648,0.0005465023136150549,HOLD,139300,10702.191212854348,1057287.0212554932,1067989.2124683475,0,6.798921246834744,51.497002112550305
2003-07-15,7.659999847412109,-0.10510708721384088,-0.10818916437048659,0.003082077156645713,HOLD,139300,10702.191212854348,1067037.9787445068,1077740.1699573612,0,7.774016995736122,52.89420154620865
2003-07-16,7.670000076293945,-0.10052130190358533,-0.10665559187710634,0.006134289973521015,HOLD,139300,10702.191212854348,1068431.0106277466,1079133.201840601,0,7.913320184060102,53.093806903992615
2003-07-17,8.109999656677246,-0.060683226636728094,-0.09746111882903069,0.0367778921923026,HOLD,139300,10702.191212854348,1129722.9521751404,1140425.1433879947,0,14.042514338799483,61.876233256925175
2003-07-18,7.860000133514404,-0.048722494567289054,-0.08771339397668237,0.03899089940939332,HOLD,139300,10702.191212854348,1094898.0185985565,1105600.2098114109,0,10.560020981141083,56.88622304252169
2003-07-21,7.949999809265137,-0.03161684722146152,-0.07649408462563821,0.04487723740417669,HOLD,139300,10702.191212854348,1107434.9734306335,1118137.164643488,0,11.81371646434879,58.6826236740406
2003-07-22,7.880000114440918,-0.023438702053626415,-0.06588300811123586,0.042444306057609446,HOLD,139300,10702.191212854348,1097684.0159416199,1108386.2071544742,0,10.838620715447412,57.285424240382255
2003-07-23,7.880000114440918,-0.016764215645166836,-0.056059249618022056,0.03929503397285522,HOLD,139300,10702.191212854348,1097684.0159416199,1108386.2071544742,0,10.838620715447412,57.285424240382255
2003-07-24,7.800000190734863,-0.017725632280102488,-0.048392526150438146,0.03066689387033566,HOLD,139300,10702.191212854348,1086540.0265693665,1097242.2177822208,0,9.724221778222075,55.68861944893997
2003-07-25,7.590000152587891,-0.035029017219140535,-0.045719824364178624,0.01069080714503809,HOLD,139300,10702.191212854348,1057287.0212554932,1067989.2124683475,0,6.798921246834744,51.497002112550305
2003-07-28,7.269999980926514,-0.07371368843246628,-0.051318597177836156,-0.02239509125463013,SELL,0,1022805.5619575118,0.0,1022805.5619575118,139300,2.280556195751182,45.109773429073854
2003-07-29,7.340000152587891,-0.09759809020858068,-0.06057449578398506,-0.037023594424595616,HOLD,0,1022805.5619575118,0.0,1022805.5619575118,0,2.280556195751182,46.50698238043951
2003-07-30,7.25,-0.12237821100646684,-0.07293523882848142,-0.04944297217798542,HOLD,0,1022805.5619575118,0.0,1022805.5619575118,0,2.280556195751182,44.710572231213284
2003-07-31,7.300000190734863,-0.13640959287204169,-0.08563010963719347,-0.05077948323484821,HOLD,0,1022805.5619575118,0.0,1022805.5619575118,0,2.280556195751182,45.70857998471838
2003-08-01,7.340000152587891,-0.14265743534970543,-0.09703557477969588,-0.045621860570009554,HOLD,0,1022805.5619575118,0.0,1022805.5619575118,0,2.280556195751182,46.50698238043951
2003-08-04,7.480000019073486,-0.1347586623535868,-0.10458019229447407,-0.030178470059112728,HOLD,0,1022805.5619575118,0.0,1022805.5619575118,0,2.280556195751182,49.301390765463516
2003-08-05,7.449999809265137,-0.12942763287007342,-0.10954968040959395,-0.019877952460479464,HOLD,0,1022805.5619575118,0.0,1022805.5619575118,0,2.280556195751182,48.70258420981901
2003-08-06,7.369999885559082,-0.13015770188523845,-0.11367128470472286,-0.016486417180515592,HOLD,0,1022805.5619575118,0.0,1022805.5619575118,0,2.280556195751182,47.105779418376706
2003-08-07,7.650000095367432,-0.10691021555189284,-0.11231907087415686,0.005408855322264025,BUY,132300,10103.292332830373,1012095.0126171112,1022198.3049499416,132300,2.2198304949941683,52.69460570613202
2003-08-08,7.489999771118164,-0.1002415815778237,-0.10990357301489023,0.00966199143706653,HOLD,132300,10103.292332830373,990926.9697189331,1001030.2620517635,0,0.10302620517634864,49.50098660554014
2003-08-11,7.760000228881836,-0.07233601608904028,-0.10239006162972025,0.030054045540679974,HOLD,132300,10103.292332830373,1026648.0302810669,1036751.3226138973,0,3.6751322613897353,54.890217053218834
2003-08-12,7.789999961853027,-0.04725519814896906,-0.09136308893357002,0.044107890784600964,HOLD,132300,10103.292332830373,1030616.9949531555,1040720.2872859859,0,4.072028728598598,55.48901409115603
2003-08-13,7.670000076293945,-0.03663910432999096,-0.08041829201285422,0.04377918768286326,HOLD,132300,10103.292332830373,1014741.010093689,1024844.3024265193,0,2.484430242651925,53.093806903992615
2003-08-14,7.539999961853027,-0.03827449175679032,-0.07198953196164144,0.033715040204851124,HOLD,132300,10103.292332830373,997541.9949531555,1007645.2872859859,0,0.7645287285985791,50.498994359045234
2003-08-15,7.699999809265137,-0.026356081066772674,-0.0628628417826677,0.03650676071589502,HOLD,132300,10103.292332830373,1018709.9747657776,1028813.267098608,0,2.8813267098607875,53.692603941929804
2003-08-18,7.639999866485596,-0.021504260935163444,-0.05459112561316685,0.033086864678003404,HOLD,132300,10103.292332830373,1010771.9823360443,1020875.2746688747,0,2.0875274668874733,52.495000348348086
2003-08-19,7.590000152587891,-0.021446495719215974,-0.04796219963437667,0.0265157039151607,HOLD,132300,10103.292332830373,1004157.0201873779,1014260.3125202083,0,1.4260312520208318,51.497002112550305
2003-08-20,7.489999771118164,-0.02913407196961426,-0.04419657410142419,0.01506250213180993,HOLD,132300,10103.292332830373,990926.9697189331,1001030.2620517635,0,0.10302620517634864,49.50098660554014
2003-08-21,7.590000152587891,-0.02684785117140631,-0.040726829515420615,0.013878978344014303,HOLD,132300,10103.292332830373,1004157.0201873779,1014260.3125202083,0,1.4260312520208318,51.497002112550305
2003-08-22,7.639999866485596,-0.02076211295679542,-0.03673388620369558,0.01597177324690016,HOLD,132300,10103.292332830373,1010771.9823360443,1020875.2746688747,0,2.0875274668874733,52.495000348348086
2003-08-25,7.539999961853027,-0.023734679534763714,-0.03413404486990921,0.010399365335145495,HOLD,132300,10103.292332830373,997541.9949531555,1007645.2872859859,0,0.7645287285985791,50.498994359045234
2003-08-26,7.610000133514404,-0.020209073507080788,-0.031349050597343525,0.011139977090262737,HOLD,132300,10103.292332830373,1006803.0176639557,1016906.3099967861,0,1.6906309996786106,51.8962033104109
2003-08-27,7.619999885559082,-0.01641884271251648,-0.028363009020378117,0.011944166307861638,HOLD,132300,10103.292332830373,1008125.9848594666,1018229.2771922969,0,1.8229277192296944,52.09579915048752
2003-08-28,7.480000019073486,-0.02443025986989955,-0.027576459190282405,0.0031461993203828545,HOLD,132300,10103.292332830373,989604.0025234222,999707.2948562526,0,-0.029270514374735157,49.301390765463516
2003-08-29,7.75,-0.008890143667216854,-0.023839196085669298,0.014949052418452444,HOLD,132300,10103.292332830373,1025325.0,1035428.2923328304,0,3.5428292332830402,54.690611695434896
2003-09-01,7.929999828338623,0.017745433893717966,-0.015522270089791845,0.03326770398350981,HOLD,132300,10103.292332830373,1049138.9772891998,1059242.2696220302,0,5.9242269622030275,58.283422476180036
2003-09-02,7.820000171661377,0.02963663533736227,-0.006490489004361022,0.03612712434172329,HOLD,132300,10103.292332830373,1034586.0227108002,1044689.3150436305,0,4.4689315043630495,56.08782064680056
2003-09-03,7.909999847412109,0.04579482558429415,0.0039665739133700135,0.04182825167092414,HOLD,132300,10103.292332830373,1046492.9798126221,1056596.2721454524,0,5.659627214545249,57.88422127831947
2003-09-04,7.75,0.045168977402044064,0.012207054611104823,0.03296192279093924,HOLD,132300,10103.292332830373,1025325.0,1035428.2923328304,0,3.5428292332830402,54.690611695434896
2003-09-05,7.579999923706055,0.030602634678518648,0.015886170624587588,0.01471646405393106,HOLD,132300,10103.292332830373,1002833.989906311,1012937.2822391414,0,1.2937282239141368,51.29739675476637
2003-09-08,7.75,0.032402769574663814,0.019189490414602835,0.01321327916006098,HOLD,132300,10103.292332830373,1025325.0,1035428.2923328304,0,3.5428292332830402,54.690611695434896
2003-09-09,7.75,0.03344386934144783,0.022040366199971836,0.011403503141475993,HOLD,132300,10103.292332830373,1025325.0,1035428.2923328304,0,3.5428292332830402,54.690611695434896
2003-09-10,7.800000190734863,0.037867038284684185,0.02520570061691431,0.012661337667769876,HOLD,132300,10103.292332830373,1031940.0252342224,1042043.3175670528,0,4.204331756705271,55.68861944893997
2003-09-11,7.869999885559082,0.04648497207764546,0.02946155490906054,0.01702341716858492,HOLD,132300,10103.292332830373,1041200.9848594666,1051304.277192297,0,5.130427719229691,57.08581888259832
2003-09-12,7.670000076293945,0.03675277049738934,0.030919798026726304,0.0058329724706630386,HOLD,132300,10103.292332830373,1014741.010093689,1024844.3024265193,0,2.484430242651925,53.093806903992615
2003-09-15,7.610000133514404,0.023922671026200604,0.029520372626621164,-0.0055977016004205606,SELL,0,1016302.2281861877,0.0,1016302.2281861877,132300,1.6302228186187762,51.8962033104109
2003-09-16,7.739999771118164,0.0239683172205698,0.028409961545410894,-0.004441644324841093,HOLD,0,1016302.2281861877,0.0,1016302.2281861877,0,1.6302228186187762,54.49100633765094
2003-09-17,7.670000076293945,0.018146915452738277,0.026357352326876374,-0.008210436874138097,HOLD,0,1016302.2281861877,0.0,1016302.2281861877,0,1.6302228186187762,53.093806903992615
2003-09-18,7.789999961853027,0.022951826129917308,0.02567624708748456,-0.002724420957567253,HOLD,0,1016302.2281861877,0.0,1016302.2281861877,0,1.6302228186187762,55.48901409115603
2003-09-19,7.900000095367432,0.03522973744076552,0.027586945158140752,0.007642792282624766,BUY,127300,10028.814038629527,1005670.012140274,1015698.8261789036,127300,1.5698826178903502,57.68462543824284
2003-09-22,7.849999904632568,0.04045908593120373,0.03016137331275335,0.010297712618450382,HOLD,127300,10028.814038629527,999304.987859726,1009333.8018983555,0,0.9333801898355532,56.68661768473775
2003-09-23,8.0,0.05606090120594409,0.0353412788913915,0.020719622314552592,HOLD,127300,10028.814038629527,1018400.0,1028428.8140386295,0,2.8428814038629513,59.68063142754569
2003-09-24,7.96999979019165,0.0652524958529419,0.041323522283701584,0.02392897356924032,HOLD,127300,10028.814038629527,1014580.9732913971,1024609.7873300266,0,2.460978733002661,59.08182487190117
2003-09-25,7.840000152587891,0.06133992802276289,0.04532680343151385,0.01601312459124904,HOLD,127300,10028.814038629527,998032.0194244385,1008060.833463068,0,0.8060833463068073,56.48702184466112
2003-09-26,7.769999980926514,0.05199143608000245,0.04665972996121157,0.0053317061187908785,HOLD,127300,10028.814038629527,989120.9975719452,999149.8116105747,0,-0.08501883894252993,55.089812893295466
2003-09-29,7.690000057220459,0.03769286373712877,0.044866356716395016,-0.007173492979266248,SELL,0,988378.4591184234,0.0,988378.4591184234,127300,-1.162154088157663,53.49300810185318
2003-09-30,7.230000019073486,-0.010634429474705165,0.03376619947817498,-0.04440062895288015,HOLD,0,988378.4591184234,0.0,988378.4591184234,0,-1.162154088157663,44.31137103335272
2003-10-08,7.03000020980835,-0.06433090404672637,0.014146778773194714,-0.07847768281992108,HOLD,0,988378.4591184234,0.0,988378.4591184234,0,-1.162154088157663,40.319359054747
2003-10-09,7.03000020980835,-0.10566767581629577,-0.009816112144703383,-0.0958515636715924,HOLD,0,988378.4591184234,0.0,988378.4591184234,0,-1.162154088157663,40.319359054747
2003-10-10,7.269999980926514,-0.1177045645401078,-0.031393802623784266,-0.08631076191632353,HOLD,0,988378.4591184234,0.0,988378.4591184234,0,-1.162154088157663,45.109773429073854
2003-10-13,7.150000095367432,-0.13536645324820462,-0.05218833274866834,-0.08317812049953628,HOLD,0,988378.4591184234,0.0,988378.4591184234,0,-1.162154088157663,42.71456624191043
2003-10-14,7.039999961853027,-0.1564364171232393,-0.07303794962358254,-0.08339846749965676,HOLD,0,988378.4591184234,0.0,988378.4591184234,0,-1.162154088157663,40.51895489482362
2003-10-15,7.050000190734863,-0.1703637333296495,-0.09250310636479593,-0.07786062696485356,HOLD,0,988378.4591184234,0.0,988378.4591184234,0,-1.162154088157663,40.71856025260756
2003-10-16,7.050000190734863,-0.17933398125969013,-0.10986928134377477,-0.06946469991591536,HOLD,0,988378.4591184234,0.0,988378.4591184234,0,-1.162154088157663,40.71856025260756
2003-10-17,6.96999979019165,-0.19070005952445523,-0.12603543697991088,-0.06466462254454436,HOLD,0,988378.4591184234,0.0,988378.4591184234,0,-1.162154088157663,39.12174594345797
2003-10-20,6.650000095367432,-0.22295892772898718,-0.14542013512972615,-0.07753879259926102,HOLD,0,988378.4591184234,0.0,988378.4591184234,0,-1.162154088157663,32.73452677768882
2003-10-21,6.650000095367432,-0.24569212728833278,-0.16547453356144748,-0.0802175937268853,HOLD,0,988378.4591184234,0.0,988378.4591184234,0,-1.162154088157663,32.73452677768882
2003-10-22,6.889999866485596,-0.24155784745459474,-0.18069119634007694,-0.060866651114517806,HOLD,0,988378.4591184234,0.0,988378.4591184234,0,-1.162154088157663,37.52494115201568
2003-10-23,6.940000057220459,-0.23157732413644005,-0.19086842189934958,-0.04070890223709048,HOLD,0,988378.4591184234,0.0,988378.4591184234,0,-1.162154088157663,38.52294890552077
2003-10-24,6.820000171661377,-0.2306914084287932,-0.19883301920523833,-0.031858389223554884,HOLD,0,988378.4591184234,0.0,988378.4591184234,0,-1.162154088157663,36.12774171835733
2003-10-27,6.980000019073486,-0.2146048324149552,-0.2019873818471817,-0.012617450567773497,HOLD,0,988378.4591184234,0.0,988378.4591184234,0,-1.162154088157663,39.321351301241904
2003-10-28,7.099999904632568,-0.18998311010977087,-0.19958652749969955,0.009603417389928676,BUY,137800,9411.444267940475,978379.9868583679,987791.4311263084,137800,-1.2208568873691594,41.71655848840534
2003-10-29,7.050000190734863,-0.17251611841396208,-0.19417244568255207,0.021656327268589987,HOLD,137800,9411.444267940475,971490.0262832642,980901.4705512046,0,-1.909852944879542,40.71856025260756
2003-10-30,6.78000020980835,-0.1784036177756123,-0.19101868010116413,0.012615062325551818,HOLD,137800,9411.444267940475,934284.0289115906,943695.473179531,0,-5.630452682046894,35.3293393226362
2003-10-31,6.739999771118164,-0.18417415947554527,-0.18964977597604038,0.005475616500495106,HOLD,137800,9411.444267940475,928771.968460083,938183.4127280235,0,-6.1816587271976475,34.530927409207735
2003-11-03,6.860000133514404,-0.17702370985299432,-0.18712456275143116,0.010100852898436846,HOLD,137800,9411.444267940475,945308.0183982849,954719.4626662254,0,-4.528053733377457,36.92614411407848
2003-11-04,7.119999885559082,-0.14866342055708426,-0.17943233431256178,0.030768913755477523,HOLD,137800,9411.444267940475,981135.9842300415,990547.428497982,0,-0.9452571502018059,42.11575968626591
2003-11-05,7.159999847412109,-0.12155877049871311,-0.16785762154979206,0.04629885105107895,HOLD,137800,9411.444267940475,986647.9789733887,996059.4232413291,0,-0.39405767586708773,42.91416208198706
2003-11-06,7.059999942779541,-0.10691484879405433,-0.15566906699864452,0.048754218204590194,HOLD,137800,9411.444267940475,972867.9921150208,982279.4363829612,0,-1.7720563617038776,40.918156092684185
2003-11-07,7.0,-0.09900960814980841,-0.14433717522887732,0.0453275670790689,HOLD,137800,9411.444267940475,964600.0,974011.4442679405,0,-2.5988555732059493,39.72055249910249
2003-11-10,6.849999904632568,-0.10365354849317487,-0.13620044988173682,0.03254690138856195,HOLD,137800,9411.444267940475,943929.9868583679,953341.4311263084,0,-4.6658568873691575,36.726538756294545
2003-11-11,6.760000228881836,-0.11329018758569198,-0.13161839742252787,0.01832820983683589,HOLD,137800,9411.444267940475,931528.031539917,940939.4758078575,0,-5.906052419214259,34.93013812477561
2003-11-12,6.590000152587891,-0.1331104643273724,-0.1319168108034968,-0.0011936535238755985,SELL,0,916968.6040819358,0.0,916968.6040819358,137800,-8.303139591806419,31.536923184107103
2003-11-13,6.579999923706055,-0.14791998186396516,-0.13511744501559048,-0.01280253684837468,HOLD,0,916968.6040819358,0.0,916968.6040819358,0,-8.303139591806419,31.337317826323165
2003-11-14,6.639999866485596,-0.15305086219809638,-0.13870412845209165,-0.01434673374600473,HOLD,0,916968.6040819358,0.0,916968.6040819358,0,-8.303139591806419,32.53492141990488
2003-11-17,6.639999866485596,-0.1553266133180209,-0.1420286254252775,-0.01329798789274339,HOLD,0,916968.6040819358,0.0,916968.6040819358,0,-8.303139591806419,32.53492141990488
2003-11-18,6.400000095367432,-0.17448478624114294,-0.1485198575884506,-0.025964928652692343,HOLD,0,916968.6040819358,0.0,916968.6040819358,0,-8.303139591806419,27.744507045578025
2003-11-19,6.679999828338623,-0.16517015913487754,-0.151849917897736,-0.013320241237141539,HOLD,0,916968.6040819358,0.0,916968.6040819358,0,-8.303139591806419,33.33332381562602
2003-11-20,6.960000038146973,-0.13365389427619778,-0.14821071317342835,0.014556818897230567,BUY,130400,8840.048704585992,907584.0049743652,916424.0536789512,130400,-8.357594632104881,38.922150103381334
2003-11-21,6.710000038146973,-0.12738156261454048,-0.14404488306165078,0.016663320447110302,HOLD,130400,8840.048704585992,874984.0049743652,883824.0536789512,0,-11.617594632104877,33.93213037127054
2003-11-24,7.139999866485596,-0.08671372030429758,-0.13257865051018014,0.04586493020588256,HOLD,130400,8840.048704585992,931055.9825897217,939896.0312943077,0,-6.0103968705692346,42.514960884126474
2003-11-25,7.309999942779541,-0.040302000495851864,-0.1141233205073145,0.07382132001146263,HOLD,130400,8840.048704585992,953223.9925384521,962064.0412430381,0,-3.7935958756961874,45.90817582479501
2003-11-26,7.25,-0.008266580121268241,-0.09295197243010525,0.08468539230883701,HOLD,130400,8840.048704585992,945400.0,954240.048704586,0,-4.575995129541399,44.710572231213284
2003-11-27,7.019999980926514,-0.0014209778721570032,-0.0746457735185156,0.0732247956463586,HOLD,130400,8840.048704585992,915407.9975128174,924248.0462174034,0,-7.575195378259658,40.11975369696306
2003-11-28,7.099999904632568,0.010340339488992711,-0.057648550917013944,0.06798889040600666,HOLD,130400,8840.048704585992,925839.9875640869,934680.0362686729,0,-6.531996373132709,41.71655848840534
2003-12-01,7.28000020980835,0.03379620690005325,-0.039359599353600505,0.07315580625365375,HOLD,130400,8840.048704585992,949312.0273590088,958152.0760635948,0,-4.1847923936405245,45.30937878685779
2003-12-02,7.260000228881836,0.050192728964153055,-0.021449133690049794,0.07164186265420285,HOLD,130400,8840.048704585992,946704.0298461914,955544.0785507774,0,-4.445592144922261,44.91017758899722
2003-12-03,7.269999980926514,0.06326471104113818,-0.004506364743812199,0.06777107578495038,HOLD,130400,8840.048704585992,948007.9975128174,956848.0462174034,0,-4.315195378259662,45.109773429073854
2003-12-04,7.420000076293945,0.08475114664596539,0.01334513753414332,0.07140600911182207,HOLD,130400,8840.048704585992,967568.0099487305,976408.0586533165,0,-2.359194134668352,48.1037871718818
2003-12-05,7.449999809265137,0.10301256467427677,0.03127862296217001,0.07173394171210676,HOLD,130400,8840.048704585992,971479.9751281738,980320.0238327598,0,-1.9679976167240154,48.70258420981901
2003-12-08,7.25,0.10019161037132651,0.045061220444001314,0.0551303899273252,HOLD,130400,8840.048704585992,945400.0,954240.048704586,0,-4.575995129541399,44.710572231213284
2003-12-09,7.230000019073486,0.09524423618118671,0.055097823591438395,0.04014641258974832,HOLD,130400,8840.048704585992,942792.0024871826,951632.0511917686,0,-4.8367948808231365,44.31137103335272
2003-12-10,7.389999866485596,0.10304620450177371,0.06468749977350546,0.038358704728268245,HOLD,130400,8840.048704585992,963655.9825897217,972496.0312943077,0,-2.7503968705692383,47.50498061623729
2003-12-11,7.460000038146973,0.11356860130141122,0.07446372007908662,0.0391048812223246,HOLD,130400,8840.048704585992,972784.0049743652,981624.0536789512,0,-1.8375946321048775,48.902189567602946
2003-12-12,7.460000038146973,0.12051841530339047,0.08367465912394739,0.03684375617944308,HOLD,130400,8840.048704585992,972784.0049743652,981624.0536789512,0,-1.8375946321048775,48.902189567602946
2003-12-15,7.5,0.12778087718719533,0.09249590273659698,0.03528497445059835,HOLD,130400,8840.048704585992,978000.0,986840.048704586,0,-1.315995129541403,49.70059196332408
2003-12-16,7.409999847412109,0.12483514851721456,0.0989637518927205,0.02587139662449406,HOLD,130400,8840.048704585992,966263.9801025391,975104.028807125,0,-2.48959711928749,47.90418181409785
2003-12-17,7.239999771118164,0.10754335901708867,0.10067967331759414,0.006863685699494526,HOLD,130400,8840.048704585992,944095.9701538086,952936.0188583946,0,-4.706398114160537,44.510966873429346
2003-12-18,7.260000228881836,0.09436557345805596,0.09941685334568652,-0.005051279887630558,SELL,0,954976.0561328697,0.0,954976.0561328697,130400,-4.502394386713027,44.91017758899722
2003-12-19,7.300000190734863,0.08615658659001824,0.09676479999455287,-0.010608213404534633,HOLD,0,954976.0561328697,0.0,954976.0561328697,0,-4.502394386713027,45.70857998471838
2003-12-22,7.670000076293945,0.10825886311589805,0.0990636126188219,0.009195250497076146,BUY,123200,9465.080327816075,944944.0093994141,954409.0897272301,123200,-4.559091027276985,53.093806903992615
2003-12-23,7.690000057220459,0.12593718236973217,0.10443832656900397,0.021498855800728203,HOLD,123200,9465.080327816075,947408.0070495605,956873.0873773766,0,-4.3126912622623355,53.49300810185318
2003-12-24,7.889999866485596,0.15430693657129702,0.11441204856946258,0.03989488800183444,HOLD,123200,9465.080327816075,972047.9835510254,981513.0638788415,0,-1.8486936121158482,57.48502008045888
2003-12-25,7.78000020980835,0.16600056697637466,0.124729752250845,0.04127081472552967,HOLD,123200,9465.080327816075,958496.0258483887,967961.1061762047,0,-3.203889382379521,55.289418251079404
2003-12-26,7.769999980926514,0.1724727598105611,0.1342783537627882,0.03819440604777288,HOLD,123200,9465.080327816075,957263.9976501465,966729.0779779626,0,-3.327092202203741,55.089812893295466
2003-12-29,7.679999828338623,0.1683985652740887,0.14110239606504832,0.027296169209040377,HOLD,123200,9465.080327816075,946175.9788513184,955641.0591791344,0,-4.435894082086556,53.29340274406924
2003-12-30,7.800000190734863,0.17286013903040942,0.14745394465812056,0.02540619437228886,HOLD,123200,9465.080327816075,960960.0234985352,970425.1038263512,0,-2.9574896173648724,55.68861944893997
2003-12-31,7.809999942779541,0.17518345892817955,0.15299984751213236,0.02218361141604719,HOLD,123200,9465.080327816075,962191.9929504395,971657.0732782555,0,-2.8342926721744433,55.8882152890166
2004-01-02,7.980000019073486,0.1885685907583925,0.1601135961613844,0.028454994597008093,HOLD,123200,9465.080327816075,983136.0023498535,992601.0826776696,0,-0.7398917322330445,59.28143022968513
2004-01-05,8.270000457763672,0.22004052572591437,0.17209898207429042,0.04794154365162395,HOLD,123200,9465.080327816075,1018864.0563964844,1028329.1367243004,0,2.8329136724300374,65.06986187522439
2004-01-06,8.380000114440918,0.2509653416806943,0.1878722539955712,0.06309308768512309,HOLD,123200,9465.080327816075,1032416.0140991211,1041881.0944269372,0,4.1881094426937215,67.26546370460386
2004-01-07,8.649999618530273,0.29387260417455074,0.2090723240313671,0.08480028014318364,HOLD,123200,9465.080327816075,1065679.9530029297,1075145.0333307458,0,7.514503333074574,72.65467511686792
2004-01-08,8.670000076293945,0.32573590783977924,0.23240504079304955,0.09333086704672969,HOLD,123200,9465.080327816075,1068144.009399414,1077609.0897272301,0,7.760908972723013,73.05388583243581
2004-01-09,8.300000190734863,0.3174722841387094,0.24941848946218154,0.06805379467652789,HOLD,123200,9465.080327816075,1022560.0234985352,1032025.1038263512,0,3.2025103826351264,65.66865891316158
2004-01-12,8.520000457763672,0.3249298961685021,0.26452077080344566,0.06040912536505644,HOLD,123200,9465.080327816075,1049664.0563964844,1059129.1367243004,0,5.9129136724300535,70.05988160733519
2004-01-13,8.380000114440918,0.31590173124110077,0.2747969628909767,0.041104768350124055,HOLD,123200,9465.080327816075,1032416.0140991211,1041881.0944269372,0,4.1881094426937215,67.26546370460386
2004-01-14,8.170000076293945,0.2884762231268123,0.27753281493814386,0.010943408188668458,HOLD,123200,9465.080327816075,1006544.0093994141,1016009.0897272301,0,1.600908972723003,63.073846368214205
2004-01-15,8.1899995803833,0.26529692537913707,0.27508563702634253,-0.009788711647205461,SELL,0,1017867.6238620568,0.0,1017867.6238620568,123200,1.7867623862056758,63.47303804836746
2004-01-16,8.270000457763672,0.250495016503133,0.27016751292170066,-0.019672496418567664,HOLD,0,1017867.6238620568,0.0,1017867.6238620568,0,1.7867623862056758,65.06986187522439
2004-01-29,8.600000381469727,0.26236821552551426,0.2686076534424634,-0.006239437916949142,HOLD,0,1017867.6238620568,0.0,1017867.6238620568,0,1.7867623862056758,71.65668639877747
2004-01-30,8.279999732971191,0.24315351099871485,0.2635168249537137,-0.020363313954998852,HOLD,0,1017867.6238620568,0.0,1017867.6238620568,0,1.7867623862056758,65.2694481975937
2004-02-02,9.109999656677246,0.29153909525770416,0.2691212790145118,0.022417816243192334,BUY,110600,9697.122256336268,1007565.9620285034,1017263.0842848397,110600,1.726308428483958,81.8363121853684
2004-02-03,9.279999732971191,0.3396869055893905,0.2832344043294876,0.05645250125990292,HOLD,110600,9697.122256336268,1026367.9704666138,1036065.09272295,0,3.606509272295,85.22952712603691
2004-02-04,9.470000267028809,0.3886952109240607,0.3043265656484022,0.08436864527565846,HOLD,110600,9697.122256336268,1047382.0295333862,1057079.1517897225,0,5.707915178972245,89.02195278227332
2004-02-05,10.3100004196167,0.4896710154704973,0.34139545561282125,0.14827555985767604,HOLD,110600,9697.122256336268,1140286.046409607,1149983.1686659432,0,14.998316866594319,105.78842212783192
2004-02-06,10.25,0.5584164583169944,0.3847996561536559,0.17361680216333847,HOLD,110600,9697.122256336268,1133650.0,1143347.1222563363,0,14.334712225633627,104.59080901654292
2004-02-09,10.579999923706055,0.632237907927502,0.4342873065084252,0.19795060141907683,HOLD,110600,9697.122256336268,1170147.9915618896,1179845.113818226,0,17.9845113818226,111.17763354009602
2004-02-10,10.229999542236328,0.6549499772438185,0.47841984065550386,0.17653013658831468,HOLD,110600,9697.122256336268,1131437.949371338,1141135.0716276742,0,14.113507162767425,104.19159830097504
2004-02-11,10.289999961853027,0.670066874401309,0.5167492474046649,0.15331762699664409,HOLD,110600,9697.122256336268,1138073.9957809448,1147771.118037281,0,14.777111803728115,105.38921141226405
2004-02-12,9.960000038146973,0.6479497272700705,0.5429893433777461,0.10496038389232443,HOLD,110600,9697.122256336268,1101576.0042190552,1111273.1264753914,0,11.127312647539146,98.80238688871097
2004-02-13,9.819999694824219,0.6120693170615006,0.556805338114497,0.055263978947003634,HOLD,110600,9697.122256336268,1086091.9662475586,1095789.0885038949,0,9.578908850389478,96.00796898597966
2004-02-16,10.229999542236328,0.6096892761838255,0.5673821257283627,0.04230715045546285,HOLD,110600,9697.122256336268,1131437.949371338,1141135.0716276742,0,14.113507162767425,104.19159830097504
2004-02-17,10.239999771118164,0.6016742849091692,0.574240557564524,0.02743372734464522,HOLD,110600,9697.122256336268,1132543.974685669,1142241.0969420052,0,14.224109694200514,104.39120365875895
2004-02-18,10.130000114440918,0.5797631449458347,0.5753450750407861,0.0044180699050485606,HOLD,110600,9697.122256336268,1120378.0126571655,1130075.1349135018,0,13.007513491350187,102.19560182937948
2004-02-19,10.25,0.565561950432885,0.5733884501192059,-0.007826499686320876,SELL,0,1142666.9322563363,0.0,1142666.9322563363,110600,14.266693225633631,104.59080901654292
2004-02-20,10.289999961853027,0.551181388151095,0.5689470377255837,-0.017765649574488784,HOLD,0,1142666.9322563363,0.0,1142666.9322563363,0,14.266693225633631,105.38921141226405
2004-02-23,9.819999694824219,0.49614039767558893,0.5543857097155849,-0.058245312039995945,HOLD,0,1142666.9322563363,0.0,1142666.9322563363,0,14.266693225633631,96.00796898597966
2004-02-24,9.710000038146973,0.4385881915262164,0.5312262060777112,-0.09263801455149479,HOLD,0,1142666.9322563363,0.0,1142666.9322563363,0,14.266693225633631,93.81236715660017
2004-02-25,9.539999961853027,0.3749380160464071,0.4999685680714504,-0.12503055202504332,HOLD,0,1142666.9322563363,0.0,1142666.9322563363,0,14.266693225633631,90.41915221593165
2004-02-26,9.579999923706055,0.3239877271881486,0.4647723998947901,-0.14078467270664147,HOLD,0,1142666.9322563363,0.0,1142666.9322563363,0,14.266693225633631,91.2175546116528
2004-02-27,9.779999732971191,0.2963316426145042,0.43108424843873294,-0.13475260582422877,HOLD,0,1142666.9322563363,0.0,1142666.9322563363,0,14.266693225633631,95.20956659025852
2004-03-01,9.779999732971191,0.271286771309061,0.3991247530127986,-0.1278379817037376,HOLD,0,1142666.9322563363,0.0,1142666.9322563363,0,14.266693225633631,95.20956659025852
2004-03-02,9.869999885559082,0.25575263335529463,0.3704503290812978,-0.11469769572600319,HOLD,0,1142666.9322563363,0.0,1142666.9322563363,0,14.266693225633631,97.00597673948475
2004-03-03,9.489999771118164,0.2103540530844885,0.338431073881936,-0.12807702079744748,HOLD,0,1142666.9322563363,0.0,1142666.9322563363,0,14.266693225633631,89.42114446242657
2004-03-04,9.380000114440918,0.16361326626462436,0.3034675123584737,-0.13985424609384933,HOLD,0,1142666.9322563363,0.0,1142666.9322563363,0,14.266693225633631,87.22554263304707
2004-03-05,9.359999656677246,0.12353297493156568,0.2674806048730921,-0.14394762994152643,HOLD,0,1142666.9322563363,0.0,1142666.9322563363,0,14.266693225633631,86.8263319174792
2004-03-08,8.960000038146973,0.058814452609157186,0.22574737442030512,-0.16693292181114794,HOLD,0,1142666.9322563363,0.0,1142666.9322563363,0,14.266693225633631,78.84230796026776
2004-03-09,8.989999771118164,0.009831948546747071,0.18256428924559354,-0.17273234069884646,HOLD,0,1142666.9322563363,0.0,1142666.9322563363,0,14.266693225633631,79.44110499820496
2004-03-10,9.34000015258789,-0.0007364438469767975,0.14590414262707949,-0.14664058647405628,HOLD,0,1142666.9322563363,0.0,1142666.9322563363,0,14.266693225633631,86.42714023732594
2004-03-11,9.359999656677246,-0.007412728799639723,0.11524076834173565,-0.12265349714137537,HOLD,0,1142666.9322563363,0.0,1142666.9322563363,0,14.266693225633631,86.8263319174792
2004-03-12,9.369999885559082,-0.011761221785656417,0.08984037031625725,-0.10160159210191366,HOLD,0,1142666.9322563363,0.0,1142666.9322563363,0,14.266693225633631,87.02593727526313
2004-03-15,9.6899995803833,0.010492911465243893,0.07397087854605458,-0.06347796708081069,HOLD,0,1142666.9322563363,0.0,1142666.9322563363,0,14.266693225633631,93.41315644103227
2004-03-16,9.6899995803833,0.027808908610932548,0.06473848455903018,-0.036929575948097634,HOLD,0,1142666.9322563363,0.0,1142666.9322563363,0,14.266693225633631,93.41315644103227
2004-03-17,9.739999771118164,0.045047281605794964,0.06080024396838314,-0.015752962362588177,HOLD,0,1142666.9322563363,0.0,1142666.9322563363,0,14.266693225633631,94.41116419453736
2004-03-18,9.449999809265137,0.03490586996841394,0.055621369168389306,-0.020715499199975368,HOLD,0,1142666.9322563363,0.0,1142666.9322563363,0,14.266693225633631,88.62274206670541
2004-03-19,9.65999984741211,0.043314671643519986,0.053160029663415445,-0.009845358019895459,HOLD,0,1142666.9322563363,0.0,1142666.9322563363,0,14.266693225633631,92.81435940309508
2004-03-22,9.84000015258789,0.06376814833583211,0.05528165339789878,0.008486494937933325,BUY,114900,11372.54511346831,1130616.0175323486,1141988.562645817,114900,14.198856264581705,96.40717970154755
2004-03-23,9.680000305175781,0.06630272887572808,0.05748586849346465,0.008816860382263432,HOLD,114900,11372.54511346831,1112232.0350646973,1123604.5801781656,0,12.360458017816555,93.21357011866296
2004-03-24,9.569999694824219,0.05875794723220906,0.05774028424121353,0.0010176629909955312,HOLD,114900,11372.54511346831,1099592.9649353027,1110965.510048771,0,11.096551004877098,91.01794925386886
2004-03-25,9.579999923706055,0.05297492634273482,0.05678721266151779,-0.0038122863187829703,SELL,0,1111454.0911525537,0.0,1111454.0911525537,114900,11.145409115255367,91.2175546116528
2004-03-26,9.510000228881836,0.04225634541665357,0.053881039212544946,-0.011624693795891372,HOLD,0,1111454.0911525537,0.0,1111454.0911525537,0,11.145409115255367,89.82035517799444
2004-03-29,9.140000343322754,0.003861382647443179,0.04387710789952459,-0.04001572525208141,HOLD,0,1111454.0911525537,0.0,1111454.0911525537,0,11.145409115255367,82.43512825872021
2004-03-30,9.260000228881836,-0.016691504806884083,0.03176338535824286,-0.04845489016512694,HOLD,0,1111454.0911525537,0.0,1111454.0911525537,0,11.145409115255367,84.83033544588365
2004-03-31,9.319999694824219,-0.027817695645417473,0.019847169157510794,-0.04766486480292827,HOLD,0,1111454.0911525537,0.0,1111454.0911525537,0,11.145409115255367,86.02792952175804
2004-04-01,9.550000190734863,-0.01787016804575181,0.012303701716858274,-0.030173869762610085,HOLD,0,1111454.0911525537,0.0,1111454.0911525537,0,11.145409115255367,90.6187575737156
2004-04-02,9.609999656677246,-0.00508659024382041,0.008825643324722538,-0.013912233568542948,HOLD,0,1111454.0911525537,0.0,1111454.0911525537,0,11.145409115255367,91.81635164958999
2004-04-05,9.460000038146973,-0.006978781304621151,0.0056647583988538005,-0.01264353970347495,HOLD,0,1111454.0911525537,0.0,1111454.0911525537,0,11.145409115255367,88.82234742448935
2004-04-06,9.760000228881836,0.015549902239749613,0.0076417871670329636,0.007908115072716649,BUY,112700,10842.094142093789,1099952.025794983,1110794.1199370767,112700,11.079411993707676,94.81037491010524
2004-04-07,9.739999771118164,0.0314278952550211,0.012399008784630591,0.019028886470390506,HOLD,112700,10842.094142093789,1097697.974205017,1108540.0683471109,0,10.854006834711093,94.41116419453736
2004-04-08,9.579999923706055,0.030746245028925756,0.016068456033489626,0.01467778899543613,HOLD,112700,10842.094142093789,1079665.9914016724,1090508.0855437662,0,9.05080855437661,91.2175546116528
2004-04-09,9.220000267028809,0.001143882694865539,0.01308354136576481,-0.01193965867089927,SELL,0,1049312.667818184,0.0,1049312.667818184,112700,4.931266781818411,84.0319330501625
2004-04-12,9.029999732971191,-0.037218624787353605,0.003023108135141127,-0.04024173292249473,HOLD,0,1049312.667818184,0.0,1049312.667818184,0,4.931266781818411,80.23950739392612
2004-04-13,9.069999694824219,-0.06365969637304048,-0.010313452766495194,-0.05334624360654528,HOLD,0,1049312.667818184,0.0,1049312.667818184,0,4.931266781818411,81.03790978964724
2004-04-14,8.819999694824219,-0.10359318896726144,-0.028969400006648445,-0.074623788960613,HOLD,0,1049312.667818184,0.0,1049312.667818184,0,4.931266781818411,76.04789005753645
2004-04-15,8.640000343322754,-0.14805848682932066,-0.05278721737118289,-0.09527126945813777,HOLD,0,1049312.667818184,0.0,1049312.667818184,0,4.931266781818411,72.45508879449862
2004-04-16,8.680000305175781,-0.17801781455827914,-0.07783333680860215,-0.100184477749677,HOLD,0,1049312.667818184,0.0,1049312.667818184,0,4.931266781818411,73.25349119021976
2004-04-19,8.399999618530273,-0.22179776639105597,-0.10662622272509292,-0.11517154366596305,HOLD,0,1049312.667818184,0.0,1049312.667818184,0,4.931266781818411,67.66465538475713
2004-04-20,8.399999618530273,-0.25357068858037124,-0.1360151158961486,-0.11755557268422265,HOLD,0,1049312.667818184,0.0,1049312.667818184,0,4.931266781818411,67.66465538475713
2004-04-21,8.4399995803833,-0.27238342908138335,-0.16328877853319557,-0.10909465054818779,HOLD,0,1049312.667818184,0.0,1049312.667818184,0,4.931266781818411,68.46305778047828
2004-04-22,8.569999694824219,-0.2736482915232834,-0.18536068113121315,-0.08828761039207025,HOLD,0,1049312.667818184,0.0,1049312.667818184,0,4.931266781818411,71.05787032542563
2004-04-23,8.3100004196167,-0.29226146448977985,-0.2067408378029265,-0.08552062668685334,HOLD,0,1049312.667818184,0.0,1049312.667818184,0,4.931266781818411,65.86826427094552
2004-04-26,8.180000305175781,-0.3138841992822954,-0.2281695100988003,-0.08571468918349509,HOLD,0,1049312.667818184,0.0,1049312.667818184,0,4.931266781818411,63.27345172599814
2004-04-27,7.840000152587891,-0.3543705797474619,-0.2534097240285326,-0.10096085571892927,HOLD,0,1049312.667818184,0.0,1049312.667818184,0,4.931266781818411,56.48702184466112
2004-04-28,7.840000152587891,-0.38205226723729346,-0.2791382326702848,-0.10291403456700865,HOLD,0,1049312.667818184,0.0,1049312.667818184,0,4.931266781818411,56.48702184466112
2004-04-29,7.599999904632568,-0.4185316459652242,-0.3070169153292727,-0.11151473063595146,HOLD,0,1049312.667818184,0.0,1049312.667818184,0,4.931266781818411,51.69659795262695
2004-04-30,7.699999809265137,-0.4343655640182398,-0.33248664506706616,-0.10187891895117362,HOLD,0,1049312.667818184,0.0,1049312.667818184,0,4.931266781818411,53.692603941929804
2004-05-10,7.28000020980835,-0.47532526200483893,-0.36105436845462074,-0.11427089355021819,HOLD,0,1049312.667818184,0.0,1049312.667818184,0,4.931266781818411,45.30937878685779
2004-05-11,7.440000057220459,-0.48923586078192205,-0.386690666920081,-0.10254519386184102,HOLD,0,1049312.667818184,0.0,1049312.667818184,0,4.931266781818411,48.50298836974236
2004-05-12,7.71999979019165,-0.4722229795778663,-0.4037971294516381,-0.0684258501262282,HOLD,0,1049312.667818184,0.0,1049312.667818184,0,4.931266781818411,54.091805139790374
2004-05-13,7.659999847412109,-0.45829866091234184,-0.4146974357437789,-0.04360122516856296,HOLD,0,1049312.667818184,0.0,1049312.667818184,0,4.931266781818411,52.89420154620865
2004-05-14,7.409999847412109,-0.46210953761698814,-0.42417985611842074,-0.0379296814985674,HOLD,0,1049312.667818184,0.0,1049312.667818184,0,4.931266781818411,47.90418181409785
2004-05-17,7.539999961853027,-0.449458682172442,-0.429235621329225,-0.02022306084321701,HOLD,0,1049312.667818184,0.0,1049312.667818184,0,4.931266781818411,50.498994359045234
2004-05-18,7.670000076293945,-0.42405462752775325,-0.4281994225689307,0.004144795041177429,BUY,135400,10171.546681785723,1038518.0103302002,1048689.557011986,135400,4.868955701198585,53.093806903992615
2004-05-19,7.699999809265137,-0.39692549345198724,-0.421944636745542,0.025019143293554758,HOLD,135400,10171.546681785723,1042579.9741744995,1052751.5208562852,0,5.275152085628521,53.692603941929804
2004-05-20,7.71999979019165,-0.3695516663563021,-0.41146604266769404,0.04191437631139194,HOLD,135400,10171.546681785723,1045287.9715919495,1055459.5182737352,0,5.545951827373519,54.091805139790374
2004-05-21,7.710000038146973,-0.34469122174237743,-0.3981110784826307,0.05341985674025329,HOLD,135400,10171.546681785723,1043934.0051651001,1054105.5518468858,0,5.410555184688581,53.89220929971374
2004-05-24,7.5,-0.33803770012504497,-0.38609640281111357,0.0480587026860686,HOLD,135400,10171.546681785723,1015500.0,1025671.5466817857,0,2.5671546681785617,49.70059196332408
2004-05-25,7.360000133514404,-0.3401406260974955,-0.37690524746839,0.03676462137089448,HOLD,135400,10171.546681785723,996544.0180778503,1006715.5647596361,0,0.6715564759635972,46.90618357830007
2004-05-26,7.510000228881836,-0.32594615164662777,-0.3667134283040376,0.04076727665740981,HOLD,135400,10171.546681785723,1016854.0309906006,1027025.5776723863,0,2.7025577672386225,49.90019732110802
2004-05-27,7.71999979019165,-0.2943585368396482,-0.3522424500111597,0.057883913171511536,HOLD,135400,10171.546681785723,1045287.9715919495,1055459.5182737352,0,5.545951827373519,54.091805139790374
2004-05-28,7.599999904632568,-0.2758285327837404,-0.3369596665656759,0.061131133781935465,HOLD,135400,10171.546681785723,1029039.9870872498,1039211.5337690355,0,3.9211533769035523,51.69659795262695
2004-05-31,7.789999961853027,-0.24301067851398983,-0.3181698689553387,0.07515919044134889,HOLD,135400,10171.546681785723,1054765.9948349,1064937.5415166856,0,6.4937541516685515,55.48901409115603
2004-06-01,7.880000114440918,-0.20734983261456463,-0.2960058616871839,0.08865602907261927,HOLD,135400,10171.546681785723,1066952.0154953003,1077123.562177086,0,7.712356217708605,57.285424240382255
2004-06-02,7.800000190734863,-0.18342922267430595,-0.2734905338846083,0.09006131121030236,HOLD,135400,10171.546681785723,1056120.0258255005,1066291.5725072862,0,6.629157250728612,55.68861944893997
2004-06-03,7.639999866485596,-0.1753612011777559,-0.2538646673432378,0.07850346616548193,HOLD,135400,10171.546681785723,1034455.9819221497,1044627.5286039354,0,4.4627528603935485,52.495000348348086
2004-06-04,7.710000038146973,-0.16145762418977672,-0.23538325871254562,0.0739256345227689,HOLD,135400,10171.546681785723,1043934.0051651001,1054105.5518468858,0,5.410555184688581,53.89220929971374
2004-06-07,7.429999828338623,-0.17106073446379533,-0.22251875386279557,0.05145801939900024,HOLD,135400,10171.546681785723,1006021.9767570496,1016193.5234388353,0,1.6193523438835289,48.303383011958424
2004-06-08,7.190000057220459,-0.19578040961709586,-0.21717108501365565,0.021390675396559783,HOLD,135400,10171.546681785723,973526.0077476501,983697.5544294359,0,-1.630244557056415,43.512968637631566
2004-06-09,7.110000133514404,-0.21929832099162194,-0.2175965322092489,-0.001701788782373037,SELL,0,972287.9483487894,0.0,972287.9483487894,135400,-2.77120516512106,41.91616384618928
2004-06-10,7.159999847412109,-0.23123632770071723,-0.22032449130754259,-0.01091183639317464,HOLD,0,972287.9483487894,0.0,972287.9483487894,0,-2.77120516512106,42.91416208198706
2004-06-11,7.058440685272217,-0.24605588061842543,-0.22547076916971917,-0.020585111448706256,HOLD,0,972287.9483487894,0.0,972287.9483487894,0,-2.77120516512106,40.88703318976823
2004-06-14,6.906100273132324,-0.26701509734153905,-0.23377963480408315,-0.033235462537455907,HOLD,0,972287.9483487894,0.0,972287.9483487894,0,-2.77120516512106,37.846306539464415
2004-06-15,7.525618076324463,-0.23097300537604148,-0.23321830891847484,0.0022453035424333523,BUY,127900,9183.880455713486,962526.5519618988,971710.4324176123,127900,-2.8289567582387765,50.211930788755254
2004-06-16,7.444369792938232,-0.2065840726774617,-0.22789146167027222,0.02130738899281051,HOLD,127900,9183.880455713486,952134.8965167999,961318.7769725134,0,-3.8681223027486555,48.59020863956556
2004-06-17,7.261561393737793,-0.19970470628086012,-0.2222541105923898,0.022549404311529686,HOLD,127900,9183.880455713486,928753.7022590637,937937.5827147772,0,-6.2062417285222775,44.94133856274245
2004-06-18,7.29202938079834,-0.1896085575005637,-0.2157249999740246,0.0261164424734609,HOLD,127900,9183.880455713486,932650.5578041077,941834.4382598212,0,-5.816556174017884,45.54948198926174
2004-06-21,7.088909149169922,-0.1957410114635607,-0.21172820227193184,0.015987190808371132,HOLD,127900,9183.880455713486,906671.480178833,915855.3606345465,0,-8.414463936545346,41.49518613399486
2004-06-22,7.302185535430908,-0.18130147294123145,-0.20564285640579177,0.02434138346456033,HOLD,127900,9183.880455713486,933949.5299816132,943133.4104373266,0,-5.6866589562673315,45.75219963733728
2004-06-23,7.342809677124023,-0.1646816582608528,-0.19745061677680398,0.032768958515951185,HOLD,127900,9183.880455713486,939145.3577041626,948329.2381598761,0,-5.167076184012387,46.563060711932124
2004-06-24,7.28187370300293,-0.15464471126724355,-0.18888943567489191,0.034244724407648364,HOLD,127900,9183.880455713486,931351.6466140747,940535.5270697882,0,-5.946447293021184,45.34677385889352
2004-06-25,7.271717548370361,-0.145828851043313,-0.18027731874857614,0.034448467705263136,HOLD,127900,9183.880455713486,930052.6744365692,939236.5548922827,0,-6.076344510771725,45.144056210817986
2004-06-28,6.9467244148254395,-0.16318534897352333,-0.17685892479356558,0.01367357582004225,HOLD,127900,9183.880455713486,888486.0526561737,897669.9331118872,0,-10.233006688811287,38.65716761405926
2004-06-29,7.149845123291016,-0.15872072133214843,-0.17323128410128216,0.014510562769133734,HOLD,127900,9183.880455713486,914465.1912689209,923649.0717246344,0,-7.63509282753656,42.71147298703346
2004-06-30,7.068596839904785,-0.1598953550874418,-0.1705640982985141,0.010668743211072307,HOLD,127900,9183.880455713486,904073.535823822,913257.4162795355,0,-8.67425837204645,41.08975083784379
2004-07-01,7.383433818817139,-0.13387828230342436,-0.16322693509949615,0.029348652796071795,HOLD,127900,9183.880455713486,944341.185426712,953525.0658824255,0,-4.647493411757453,47.37392178652695
2004-07-02,7.36312198638916,-0.11358917450617412,-0.15329938298083176,0.03971020847465764,HOLD,127900,9183.880455713486,941743.3020591736,950927.1825148871,0,-4.907281748511294,46.96849600808319
2004-07-05,7.424057960510254,-0.09153769696298486,-0.1409470457772624,0.049409348814277526,HOLD,127900,9183.880455713486,949537.0131492615,958720.893604975,0,-4.127910639502508,48.1847828611218
2004-07-06,7.4748382568359375,-0.06916688383093916,-0.12659101338799775,0.057424129557058584,HOLD,127900,9183.880455713486,956031.8130493164,965215.6935050299,0,-3.4784306494970108,49.198361583792185
2004-07-07,7.393589973449707,-0.05733301143258629,-0.11273941299691546,0.055406401564329175,HOLD,127900,9183.880455713486,945640.1576042175,954824.038059931,0,-4.5175961940069005,47.576639434602505
2004-07-08,7.464682102203369,-0.04173692436597687,-0.09853891527072775,0.05680199090475088,HOLD,127900,9183.880455713486,954732.8408718109,963916.7213275244,0,-3.6083278672475627,48.99564393571665
2004-07-09,7.515462398529053,-0.024991283517256768,-0.08382938892003355,0.058838105402776786,HOLD,127900,9183.880455713486,961227.6407718658,970411.5212275793,0,-2.9588478772420657,50.00922265838703
2004-07-12,7.068596839904785,-0.04723407347170738,-0.07651032583036832,0.029276252358660937,HOLD,127900,9183.880455713486,904073.535823822,913257.4162795355,0,-8.67425837204645,41.08975083784379
2004-07-13,6.875632286071777,-0.07951566449994552,-0.07711139356428376,-0.0024042709356617564,SELL,0,888049.6138226606,0.0,888049.6138226606,127900,-11.195038617733932,37.2381631129451
2004-07-14,6.906100273132324,-0.1014708532095483,-0.08198328549333667,-0.01948756771621163,HOLD,0,888049.6138226606,0.0,888049.6138226606,0,-11.195038617733932,37.846306539464415
2004-07-15,6.8451642990112305,-0.1223768382742012,-0.09006199604950958,-0.03231484222469162,HOLD,0,888049.6138226606,0.0,888049.6138226606,0,-11.195038617733932,36.63001968642581
2004-07-16,7.129533290863037,-0.11467685755577328,-0.09498496835076232,-0.019691889205010957,HOLD,0,888049.6138226606,0.0,888049.6138226606,0,-11.195038617733932,42.3060472085897
2004-07-19,7.099064826965332,-0.10976778308667079,-0.09794153129794403,-0.01182625178872676,HOLD,0,888049.6138226606,0.0,888049.6138226606,0,-11.195038617733932,41.69789426436308
2004-07-20,7.220937252044678,-0.094948710398433,-0.09734296711804183,0.0023942567196088282,BUY,121700,8734.277410679148,878788.0635738373,887522.3409845164,121700,-11.247765901548357,44.130477488147605
2004-07-21,7.160001277923584,-0.08711727861647134,-0.09529782941772774,0.008180550801256403,HOLD,121700,8734.277410679148,871372.1555233002,880106.4329339793,0,-11.989356706602072,42.914190635108994
2004-07-22,6.906100273132324,-0.10024296317387904,-0.096286856168958,-0.003956107004921036,SELL,0,848702.3972089388,0.0,848702.3972089388,121700,-15.129760279106119,37.846306539464415
2004-07-23,6.967036724090576,-0.10452322178858164,-0.09793412929288274,-0.006589092495698903,HOLD,0,848702.3972089388,0.0,848702.3972089388,0,-15.129760279106119,39.06260291021033
2004-07-26,6.804540157318115,-0.11964824202082625,-0.10227695183847145,-0.017371290182354795,HOLD,0,848702.3972089388,0.0,848702.3972089388,0,-15.129760279106119,35.81915861183096
2004-07-27,6.459235191345215,-0.15768051165907426,-0.11335766380259202,-0.044322847856482245,HOLD,0,848702.3972089388,0.0,848702.3972089388,0,-15.129760279106119,28.92684423662848
2004-07-28,6.093617916107178,-0.2148469954498058,-0.1336555301320348,-0.081191465317771,HOLD,0,848702.3972089388,0.0,848702.3972089388,0,-15.129760279106119,21.629094565274908
2004-07-29,6.144398212432861,-0.2531363024684188,-0.1575516845993116,-0.09558461786910719,HOLD,0,848702.3972089388,0.0,848702.3972089388,0,-15.129760279106119,22.642673287945293
2004-07-30,6.093617916107178,-0.28430115294523883,-0.18290157826849704,-0.1013995746767418,HOLD,0,848702.3972089388,0.0,848702.3972089388,0,-15.129760279106119,21.629094565274908
2004-08-02,5.992057800292969,-0.31357982107100035,-0.20903722682899772,-0.10454259424200263,HOLD,0,848702.3972089388,0.0,848702.3972089388,0,-15.129760279106119,19.601946637641475
2004-08-03,5.9514336585998535,-0.3361860615772896,-0.2344669937786561,-0.10171906779863349,HOLD,0,848702.3972089388,0.0,848702.3972089388,0,-15.129760279106119,18.79108556304663
2004-08-04,6.195178508758545,-0.33062228974958874,-0.25369805297284265,-0.07692423677674609,HOLD,0,848702.3972089388,0.0,848702.3972089388,0,-15.129760279106119,23.656252010615674
2004-08-05,6.144398212432861,-0.3265462837253823,-0.2682676991233506,-0.058278584602031724,HOLD,0,848702.3972089388,0.0,848702.3972089388,0,-15.129760279106119,22.642673287945293
2004-08-06,6.124085903167725,-0.321251861696509,-0.27886453163798225,-0.04238733005852674,HOLD,0,848702.3972089388,0.0,848702.3972089388,0,-15.129760279106119,22.237237991794224
2004-08-09,6.063149929046631,-0.31830380976107886,-0.2867523872626016,-0.031551422498477255,HOLD,0,848702.3972089388,0.0,848702.3972089388,0,-15.129760279106119,21.020951138755617
2004-08-10,6.195178508758545,-0.30183449422483655,-0.2897688086550486,-0.012065685569787932,HOLD,0,848702.3972089388,0.0,848702.3972089388,0,-15.129760279106119,23.656252010615674
2004-08-11,6.195178508758545,-0.28549147499587413,-0.2889133419232137,0.0034218669273395896,BUY,135600,8132.151697807596,840066.2057876587,848198.3574854663,135600,-15.180164251453377,23.656252010615674
2004-08-12,6.124085903167725,-0.2751048561029812,-0.2861516447591672,0.011046788656186024,HOLD,135600,8132.151697807596,830426.0484695435,838558.200167351,0,-16.144179983264895,22.237237991794224
2004-08-13,6.205334186553955,-0.257350749109329,-0.2803914656291996,0.023040716519870608,HOLD,135600,8132.151697807596,841443.3156967163,849575.4673945239,0,-15.042453260547607,23.858960140983896
2004-08-16,6.15455436706543,-0.2445588759639934,-0.27322494769615835,0.028666071732164955,HOLD,135600,8132.151697807596,834557.5721740723,842689.7238718799,0,-15.73102761281201,22.845390936020827
2004-08-17,6.2865824699401855,-0.22121760103716603,-0.2628234783643599,0.04160587732719384,HOLD,135600,8132.151697807596,852460.5829238892,860592.7346216968,0,-13.940726537830328,25.480682290173572
2004-08-18,6.306894779205322,-0.198788923919075,-0.25001656747530293,0.05122764355622794,HOLD,135600,8132.151697807596,855214.9320602417,863347.0837580493,0,-13.665291624195074,25.886117586324666
2004-08-19,6.185022354125977,-0.18867321451471675,-0.2377478968831857,0.04907468236846896,HOLD,135600,8132.151697807596,838689.0312194824,846821.18291729,0,-15.317881708270997,23.45353436254014
2004-08-20,6.093617916107178,-0.18588920118214958,-0.22737615774297848,0.0414869565608289,HOLD,135600,8132.151697807596,826294.5894241333,834426.7411219409,0,-16.557325887805906,21.629094565274908
2004-08-23,6.083461761474609,-0.1823997762776699,-0.21838088144991677,0.03598110517224687,HOLD,135600,8132.151697807596,824917.414855957,833049.5665537646,0,-16.69504334462354,21.426376917199374
2004-08-24,6.256114482879639,-0.16381439977287382,-0.2074675851145082,0.04365318534163437,HOLD,135600,8132.151697807596,848329.123878479,856461.2755762866,0,-14.35387244237134,24.87253886365428
2004-08-25,6.134242057800293,-0.1571083934033899,-0.19739574677228455,0.04028735336889466,HOLD,135600,8132.151697807596,831803.2230377197,839935.3747355273,0,-16.00646252644726,22.43995563986976
2004-08-26,6.134242057800293,-0.15006399076743104,-0.18792939557131386,0.03786540480388281,HOLD,135600,8132.151697807596,831803.2230377197,839935.3747355273,0,-16.00646252644726,22.43995563986976
2004-08-27,6.0529937744140625,-0.1493160854878175,-0.18020673355461458,0.03089064806679709,HOLD,135600,8132.151697807596,820785.9558105469,828918.1075083545,0,-17.108189249164553,20.81823349068006
2004-08-30,6.256114482879639,-0.1308251506420035,-0.1703304169720924,0.039505266330088884,HOLD,135600,8132.151697807596,848329.123878479,856461.2755762866,0,-14.35387244237134,24.87253886365428
2004-08-31,6.5506391525268555,-0.09135222062693416,-0.15453477770306076,0.0631825570761266,HOLD,135600,8132.151697807596,888266.6690826416,896398.8207804492,0,-10.36011792195508,30.751274516186378
2004-09-01,6.601419448852539,-0.05533423506063517,-0.13469466917457565,0.07936043411394048,HOLD,135600,8132.151697807596,895152.4772644043,903284.6289622119,0,-9.671537103778816,31.76485323885676
2004-09-02,6.835008144378662,-0.007850569973153476,-0.10932584933429122,0.10147527936113775,HOLD,135600,8132.151697807596,926827.1043777466,934959.2560755542,0,-6.504074392444581,36.42730203835028
2004-09-03,6.753759860992432,0.022959852374811796,-0.08286870899247062,0.10582856136728241,HOLD,135600,8132.151697807596,915809.8371505737,923941.9888483813,0,-7.60580111516187,34.8055798891606
2004-09-06,6.570951461791992,0.03225441521976524,-0.05984408415002345,0.0920984993697887,HOLD,135600,8132.151697807596,891021.0182189941,899153.1699168017,0,-10.084683008319828,31.156709812337468
2004-09-07,6.763916015625,0.05456209222491459,-0.03696284887503584,0.09152494109995044,HOLD,135600,8132.151697807596,917187.01171875,925319.1634165576,0,-7.468083658344238,35.00829753723613
2004-09-08,6.702979564666748,0.06655679929239433,-0.016258919241549808,0.08281571853394414,HOLD,135600,8132.151697807596,908924.028968811,917056.1806666186,0,-8.294381933338135,33.792001166490216
2004-09-09,6.459235191345215,0.05575188417383092,-0.001856758558473662,0.05760864273230459,HOLD,135600,8132.151697807596,875872.2919464111,884004.4436442187,0,-11.59955563557813,28.92684423662848
2004-09-10,6.540483474731445,0.05313249027216216,0.009141091207653503,0.043991399064508656,HOLD,135600,8132.151697807596,886889.559173584,895021.7108713916,0,-10.49782891286084,30.548566385818155
2004-09-13,6.591263294219971,0.05452557192923102,0.018217987351969007,0.03630758457726201,HOLD,135600,8132.151697807596,893775.302696228,901907.4543940356,0,-9.809254560596436,31.562135590781224
2004-09-14,6.824851989746094,0.073629499686235,0.029300289818822208,0.04432920986741279,HOLD,135600,8132.151697807596,925449.9298095703,933582.0815073779,0,-6.641791849262213,36.22458439027474
2004-09-15,7.099064826965332,0.10963241016079284,0.04536671388721634,0.0642656962735765,HOLD,135600,8132.151697807596,962633.190536499,970765.3422343066,0,-2.923465776569334,41.69789426436308
2004-09-16,7.1092209815979,0.1374006240342176,0.06377349591661659,0.07362712811760101,HOLD,135600,8132.151697807596,964010.3651046753,972142.5168024829,0,-2.785748319751713,41.90061191243861
2004-09-17,7.251405239105225,0.168932862009318,0.08480536913515688,0.08412749287416113,HOLD,135600,8132.151697807596,983290.5504226685,991422.702120476,0,-0.8577297879523993,44.738620914666896
2004-09-20,7.566242218017578,0.2168276466379826,0.11120982463572203,0.10561782200226057,HOLD,135600,8132.151697807596,1025982.4447631836,1034114.5964609912,0,3.411459646099124,51.02279186335008
2004-09-21,7.434214115142822,0.2413489238625912,0.13723764448109588,0.10411127938149534,HOLD,135600,8132.151697807596,1008079.4340133667,1016211.5857111743,0,1.6211585711174203,48.38750050919734
2004-09-22,7.271717548370361,0.24484764657395264,0.15875964489966723,0.0860880016742854,HOLD,135600,8132.151697807596,986044.899559021,994177.0512568286,0,-0.5822948743171463,45.144056210817986
2004-09-23,7.515462398529053,0.26424255815165143,0.17985622755006409,0.08438633060158734,HOLD,135600,8132.151697807596,1019096.7012405396,1027228.8529383471,0,2.7228852938347092,50.00922265838703
2004-09-24,7.312341690063477,0.2602233291323479,0.19592964786652087,0.06429368126582705,HOLD,135600,8132.151697807596,991553.5331726074,999685.684870415,0,-0.031431512958501884,45.95491728541281
2004-09-27,7.271717548370361,0.2508681802313637,0.20691735433948943,0.04395082589187427,HOLD,135600,8132.151697807596,986044.899559021,994177.0512568286,0,-0.5822948743171463,45.144056210817986
2004-09-28,7.119377136230469,0.22852723946608489,0.21123933136480855,0.01728790810127634,HOLD,135600,8132.151697807596,965387.5396728516,973519.6913706592,0,-2.648030862934081,42.10332956051415
2004-09-29,7.119377136230469,0.2084193543711672,0.2106753359660803,-0.0022559815949130813,SELL,0,972940.4588468554,0.0,972940.4588468554,135600,-2.7059541153144573,42.10332956051415
2004-09-30,6.875632286071777,0.17084613037392948,0.20270949484765013,-0.03186336447372065,HOLD,0,972940.4588468554,0.0,972940.4588468554,0,-2.7059541153144573,37.2381631129451
2004-10-08,7.017816543579102,0.15080378874848588,0.1923283536278173,-0.04152456487933143,HOLD,0,972940.4588468554,0.0,972940.4588468554,0,-2.7059541153144573,40.07617211517341
2004-10-11,7.017816543579102,0.13338253774566233,0.18053919045138633,-0.047156652705724,HOLD,0,972940.4588468554,0.0,972940.4588468554,0,-2.7059541153144573,40.07617211517341
2004-10-12,6.936568260192871,0.1117320360032874,0.16677775956176655,-0.05504572355847914,HOLD,0,972940.4588468554,0.0,972940.4588468554,0,-2.7059541153144573,38.454449965983706
2004-10-13,7.312341690063477,0.12347232065630909,0.15811667178067507,-0.03464435112436598,HOLD,0,972940.4588468554,0.0,972940.4588468554,0,-2.7059541153144573,45.95491728541281
2004-10-14,6.804540157318115,0.09075507302122521,0.14464435202878512,-0.05388927900755991,HOLD,0,972940.4588468554,0.0,972940.4588468554,0,-2.7059541153144573,35.81915861183096
2004-10-15,6.7842278480529785,0.06246730079570728,0.12820894178216954,-0.06574164098646226,HOLD,0,972940.4588468554,0.0,972940.4588468554,0,-2.7059541153144573,35.41372331567989
2004-10-18,6.804540157318115,0.041212993371842366,0.11080975210010412,-0.06959675872826175,HOLD,0,972940.4588468554,0.0,972940.4588468554,0,-2.7059541153144573,35.81915861183096
2004-10-19,7.119377136230469,0.049206295065562955,0.09848906069319589,-0.04928276562763294,HOLD,0,972940.4588468554,0.0,972940.4588468554,0,-2.7059541153144573,42.10332956051415
2004-10-20,7.02797269821167,0.0476165757521283,0.08831456370498238,-0.04069798795285408,HOLD,0,972940.4588468554,0.0,972940.4588468554,0,-2.7059541153144573,40.27888976324894
2004-10-21,7.200625419616699,0.059601296792406444,0.08257191032246719,-0.022970613530060746,HOLD,0,972940.4588468554,0.0,972940.4588468554,0,-2.7059541153144573,43.72505170970384
2004-10-22,7.312341690063477,0.07722365767963346,0.08150225979390045,-0.004278602114266991,HOLD,0,972940.4588468554,0.0,972940.4588468554,0,-2.7059541153144573,45.95491728541281
2004-10-25,7.261561393737793,0.08609945915014539,0.08242169966514945,0.003677759484995935,BUY,132600,9479.688212738372,962883.0408096313,972362.7290223697,132600,-2.7637270977630246,44.94133856274245
2004-10-26,7.210781097412109,0.0880213943942234,0.08354163861096425,0.004479755783259154,HOLD,132600,9479.688212738372,956149.5735168457,965629.2617295841,0,-3.4370738270415924,43.92775984007207
2004-10-27,7.231093406677246,0.09014444645681063,0.08486220018013353,0.005282246276677102,HOLD,132600,9479.688212738372,958842.9857254028,968322.6739381412,0,-3.16773260618588,44.33319513622314
2004-10-28,7.271717548370361,0.09402119146761301,0.08669399843762943,0.007327193029983581,HOLD,132600,9479.688212738372,964229.7469139099,973709.4351266483,0,-2.6290564873351685,45.144056210817986
2004-10-29,6.936568260192871,0.06925150498080512,0.08320549974626457,-0.013953994765459443,SELL,0,928716.7661435321,0.0,928716.7661435321,132600,-7.128323385646784,38.454449965983706
2004-11-01,6.814696311950684,0.0393338857369967,0.074431176944411,-0.0350972912074143,HOLD,0,928716.7661435321,0.0,928716.7661435321,0,-7.128323385646784,36.02187625990651
2004-11-02,6.895944595336914,0.02192725069374646,0.0639303916942781,-0.04200314100053164,HOLD,0,928716.7661435321,0.0,928716.7661435321,0,-7.128323385646784,37.64359840909619
2004-11-03,7.048285007476807,0.02019220197650462,0.0551827537507234,-0.03499055177421878,HOLD,0,928716.7661435321,0.0,928716.7661435321,0,-7.128323385646784,40.68432505940001
2004-11-04,6.804540157318115,-0.0008413108713325457,0.04397794082631221,-0.04481925169764476,HOLD,0,928716.7661435321,0.0,928716.7661435321,0,-7.128323385646784,35.81915861183096
2004-11-05,6.916256427764893,-0.008399132002842258,0.03350252626048132,-0.04190165826332358,HOLD,0,928716.7661435321,0.0,928716.7661435321,0,-7.128323385646784,38.04902418753995
2004-11-08,7.02797269821167,-0.005312945993281026,0.025739431809728854,-0.03105237780300988,HOLD,0,928716.7661435321,0.0,928716.7661435321,0,-7.128323385646784,40.27888976324894
2004-11-09,7.0787529945373535,0.0012164022509395522,0.020834825897970994,-0.01961842364703144,HOLD,0,928716.7661435321,0.0,928716.7661435321,0,-7.128323385646784,41.29246848591932
2004-11-10,7.36312198638916,0.029002832250960786,0.022468427168568953,0.006534405082391833,BUY,124800,9247.791667824145,918917.6239013672,928165.4155691913,124800,-7.18345844308087,46.96849600808319
2004-11-11,7.28187370300293,0.043960966114743094,0.026766934957803783,0.01719403115693931,HOLD,124800,9247.791667824145,908777.8381347656,918025.6298025898,0,-8.197437019741027,45.34677385889352
2004-11-12,7.28187370300293,0.055179322092183014,0.03244941238467963,0.022729909707503382,HOLD,124800,9247.791667824145,908777.8381347656,918025.6298025898,0,-8.197437019741027,45.34677385889352
2004-11-15,7.36312198638916,0.06982115269116207,0.03992376044597612,0.02989739224518595,HOLD,124800,9247.791667824145,918917.6239013672,928165.4155691913,0,-7.18345844308087,46.96849600808319
2004-11-16,7.261561393737793,0.07239529004078005,0.04641806636493691,0.02597722367584314,HOLD,124800,9247.791667824145,906242.8619384766,915490.6536063007,0,-8.450934639369933,44.94133856274245
2004-11-17,7.190469264984131,0.06791587980112102,0.05071762905217373,0.017198250748947284,HOLD,124800,9247.791667824145,897370.5642700195,906618.3559378437,0,-9.338164406215633,43.522334061628285
2004-11-18,7.210781097412109,0.06525271733067228,0.053624646707873445,0.011628070622798838,HOLD,124800,9247.791667824145,899905.4809570312,909153.2726248554,0,-9.084672737514465,43.92775984007207
2004-11-19,7.37327766418457,0.07538526240455479,0.057976769847209716,0.01740849255734507,HOLD,124800,9247.791667824145,920185.0524902344,929432.8441580585,0,-7.056715584194151,47.171204138451415
2004-11-22,7.261561393737793,0.0735529355475455,0.06109200298727688,0.012460932560268617,HOLD,124800,9247.791667824145,906242.8619384766,915490.6536063007,0,-8.450934639369933,44.94133856274245
2004-11-23,7.1803131103515625,0.06479779719232592,0.06183316182828669,0.0029646353640392364,HOLD,124800,9247.791667824145,896103.076171875,905350.8678396991,0,-9.46491321603009,43.31961641355275
2004-11-24,7.1803131103515625,0.057199921874790505,0.06090651383758745,-0.0037065919627969485,SELL,0,904813.205993996,0.0,904813.205993996,124800,-9.518679400600405,43.31961641355275
2004-11-25,7.36312198638916,0.06517836383841313,0.06176088383775259,0.0034174800006605416,BUY,121600,8920.359068947262,895355.6335449219,904275.9926138691,121600,-9.572400738613085,46.96849600808319
2004-11-26,7.261561393737793,0.06258480683101819,0.06192566843640571,0.0006591383946124782,HOLD,121600,8920.359068947262,883005.8654785156,891926.2245474629,0,-10.807377545253715,44.94133856274245
2004-11-29,6.956880569458008,0.03553457753132694,0.05664745025538996,-0.021112872724063023,SELL,0,854369.4623086933,0.0,854369.4623086933,121600,-14.563053769130663,38.859885262134796
2004-11-30,6.926412582397461,0.011505930792763408,0.047619146362864656,-0.03611321557010125,HOLD,0,854369.4623086933,0.0,854369.4623086933,0,-14.563053769130663,38.25174183561548
2004-12-01,6.895944595336914,-0.009881548449320654,0.036119007400427595,-0.04600055584974825,HOLD,0,854369.4623086933,0.0,854369.4623086933,0,-14.563053769130663,37.64359840909619
2004-12-02,6.753759860992432,-0.037867882236845674,0.021321629472972944,-0.05918951170981862,HOLD,0,854369.4623086933,0.0,854369.4623086933,0,-14.563053769130663,34.8055798891606
2004-12-03,6.7842278480529785,-0.05693245951583936,0.0056708116752104834,-0.06260327119104984,HOLD,0,854369.4623086933,0.0,854369.4623086933,0,-14.563053769130663,35.41372331567989
2004-12-06,6.753759860992432,-0.07365078587297624,-0.010193507834426862,-0.06345727803854938,HOLD,0,854369.4623086933,0.0,854369.4623086933,0,-14.563053769130663,34.8055798891606
2004-12-07,6.621731758117676,-0.09644202087358522,-0.027443210442258534,-0.06899881043132669,HOLD,0,854369.4623086933,0.0,854369.4623086933,0,-14.563053769130663,32.17028853500785
2004-12-08,6.611575603485107,-0.1140095247806654,-0.04475647330993991,-0.06925305147072548,HOLD,0,854369.4623086933,0.0,854369.4623086933,0,-14.563053769130663,31.967570886932293
2004-12-09,6.702979564666748,-0.11918250074145842,-0.059641678796243616,-0.0595408219452148,HOLD,0,854369.4623086933,0.0,854369.4623086933,0,-14.563053769130663,33.792001166490216
2004-12-10,6.479547023773193,-0.13970087547442667,-0.07565351813188023,-0.06404735734254643,HOLD,0,854369.4623086933,0.0,854369.4623086933,0,-14.563053769130663,29.332270015072236
2004-12-13,6.296738624572754,-0.16876749862907303,-0.0942763142313188,-0.07449118439775423,HOLD,0,854369.4623086933,0.0,854369.4623086933,0,-14.563053769130663,25.683399938249106
2004-12-14,6.296738624572754,-0.18961721764050132,-0.1133444949131553,-0.07627272272734602,HOLD,0,854369.4623086933,0.0,854369.4623086933,0,-14.563053769130663,25.683399938249106
2004-12-15,6.23580265045166,-0.2086525769936971,-0.13240611132926366,-0.07624646566443344,HOLD,0,854369.4623086933,0.0,854369.4623086933,0,-14.563053769130663,24.4671130852105
2004-12-16,6.256114482879639,-0.21956819581469578,-0.1498385282263501,-0.06972966758834567,HOLD,0,854369.4623086933,0.0,854369.4623086933,0,-14.563053769130663,24.87253886365428
2004-12-17,6.16471004486084,-0.23290963928205244,-0.16645275043749058,-0.06645688884456186,HOLD,0,854369.4623086933,0.0,854369.4623086933,0,-14.563053769130663,23.04809906638905
2004-12-20,6.124085903167725,-0.2439487685236541,-0.18195195405472328,-0.06199681446893082,HOLD,0,854369.4623086933,0.0,854369.4623086933,0,-14.563053769130663,22.237237991794224
2004-12-21,6.15455436706543,-0.24738708327638914,-0.19503897989905647,-0.05234810337733267,HOLD,0,854369.4623086933,0.0,854369.4623086933,0,-14.563053769130663,22.845390936020827
2004-12-22,6.3475189208984375,-0.23186850981933027,-0.20240488588311126,-0.029463623936219013,HOLD,0,854369.4623086933,0.0,854369.4623086933,0,-14.563053769130663,26.69697866091949
2004-12-23,6.15455436706543,-0.23246089092290756,-0.20841608689107052,-0.024044804031837036,HOLD,0,854369.4623086933,0.0,854369.4623086933,0,-14.563053769130663,22.845390936020827
2004-12-24,6.103774070739746,-0.23432673005940696,-0.21359821552473782,-0.020728514534669146,HOLD,0,854369.4623086933,0.0,854369.4623086933,0,-14.563053769130663,21.831812213350442
2004-12-27,5.992057800292969,-0.24203001899048804,-0.21928457621788788,-0.022745442772600155,HOLD,0,854369.4623086933,0.0,854369.4623086933,0,-14.563053769130663,19.601946637641475
2004-12-28,6.073306083679199,-0.23882583792288425,-0.22319282855888717,-0.015633009363997086,HOLD,0,854369.4623086933,0.0,854369.4623086933,0,-14.563053769130663,21.22366878683115
2004-12-29,5.992057800292969,-0.2400751222235442,-0.22656928729181858,-0.013505834931725635,HOLD,0,854369.4623086933,0.0,854369.4623086933,0,-14.563053769130663,19.601946637641475
2004-12-30,5.9819016456604,-0.23912818496855603,-0.22908106682716609,-0.010047118141389949,HOLD,0,854369.4623086933,0.0,854369.4623086933,0,-14.563053769130663,19.39922898956592
2004-12-31,6.002213954925537,-0.23404081988473902,-0.2300730174386807,-0.003967802446058322,HOLD,0,854369.4623086933,0.0,854369.4623086933,0,-14.563053769130663,19.80466428571701
2005-01-04,5.9514336585998535,-0.23143871053867304,-0.23034615605867917,-0.0010925544799938736,HOLD,0,854369.4623086933,0.0,854369.4623086933,0,-14.563053769130663,18.79108556304663
2005-01-05,6.063149929046631,-0.2178507034593773,-0.2278470655388188,0.009996362079441518,BUY,139500,8052.561557627167,845809.415102005,853861.9766596322,139500,-14.613802334036786,21.020951138755617
2005-01-06,6.073306083679199,-0.2039120222902726,-0.2230600568891096,0.019148034598836988,HOLD,139500,8052.561557627167,847226.1986732483,855278.7602308755,0,-14.472123976912455,21.22366878683115
2005-01-07,6.083461761474609,-0.18985747987164991,-0.21641954148561768,0.026562061613967763,HOLD,139500,8052.561557627167,848642.915725708,856695.4772833352,0,-14.330452271666482,21.426376917199374
2005-01-10,6.15455436706543,-0.171011263230195,-0.20733788583453316,0.036326622604338166,HOLD,139500,8052.561557627167,858560.3342056274,866612.8957632546,0,-13.338710423674538,22.845390936020827
2005-01-11,6.185022354125977,-0.15186636788257069,-0.19624358224414068,0.044377214361569994,HOLD,139500,8052.561557627167,862810.6184005737,870863.1799582009,0,-12.913682004179904,23.45353436254014
2005-01-12,6.124085903167725,-0.1399971625683376,-0.18499429830898007,0.04499713574064246,HOLD,139500,8052.561557627167,854309.9834918976,862362.5450495247,0,-13.76374549504753,22.237237991794224
2005-01-13,6.042837619781494,-0.13558386291912683,-0.17511221123100942,0.039528348311882594,HOLD,139500,8052.561557627167,842975.8479595184,851028.4095171456,0,-14.897159048285435,20.615515842604527
2005-01-14,5.9819016456604,-0.13544202366038327,-0.1671781737168842,0.031736150056500934,HOLD,139500,8052.561557627167,834475.2795696259,842527.841127253,0,-15.747215887274702,19.39922898956592
2005-01-17,5.38269567489624,-0.18158730369058418,-0.1700599997116242,-0.011527303978959985,SELL,0,758488.0765776639,0.0,758488.0765776639,139500,-24.151192342233607,7.439030518718859
2005-01-18,5.403007984161377,-0.21405128697867237,-0.17885825716503384,-0.03519302981363853,HOLD,0,758488.0765776639,0.0,758488.0765776639,0,-24.151192342233607,7.8444658148699276
2005-01-19,5.331915855407715,-0.24271786778041626,-0.19163017928811032,-0.05108768849230594,HOLD,0,758488.0765776639,0.0,758488.0765776639,0,-24.151192342233607,6.425461313755787
2005-01-20,5.362383842468262,-0.25998092935210515,-0.2053003293009093,-0.05468060005119585,HOLD,0,758488.0765776639,0.0,758488.0765776639,0,-24.151192342233607,7.033604740275101
2005-01-21,5.575660705566406,-0.2535298354719284,-0.21494623053511314,-0.038583604936815286,HOLD,0,758488.0765776639,0.0,758488.0765776639,0,-24.151192342233607,11.290627761324835
2005-01-24,5.667064666748047,-0.2382948466627477,-0.21961595376064005,-0.01867889290210764,HOLD,0,758488.0765776639,0.0,758488.0765776639,0,-24.151192342233607,13.115058040882733
2005-01-25,5.6569085121154785,-0.22445316865857823,-0.2205833967402277,-0.0038697719183505286,HOLD,0,758488.0765776639,0.0,758488.0765776639,0,-24.151192342233607,12.912340392807199
2005-01-26,5.667064666748047,-0.21024050069421119,-0.21851481753102442,0.008274316836813234,BUY,132500,7151.476592541207,750886.0683441162,758037.5449366574,132500,-24.196245506334257,13.115058040882733
2005-01-27,5.484256267547607,-0.21129232258775588,-0.21707031854237072,0.00577799595461484,HOLD,132500,7151.476592541207,726663.955450058,733815.4320425992,0,-26.618456795740087,9.466187964059625
2005-01-28,5.362383842468262,-0.2194305266692247,-0.21754236016774153,-0.0018881665014831572,SELL,0,717241.0262041097,0.0,717241.0262041097,132500,-28.275897379589033,7.033604740275101
2005-01-31,5.057703018188477,-0.2476110027249545,-0.22355608867918414,-0.02405491404577037,HOLD,0,717241.0262041097,0.0,717241.0262041097,0,-28.275897379589033,0.952151439667448
2005-02-01,5.078014850616455,-0.26524762835584426,-0.2318943966145162,-0.033353231741328065,HOLD,0,717241.0262041097,0.0,717241.0262041097,0,-28.275897379589033,1.3575772181112056
2005-02-02,5.585816383361816,-0.23553434806582008,-0.232622386904777,-0.0029119611610430862,HOLD,0,717241.0262041097,0.0,717241.0262041097,0,-28.275897379589033,11.493335891693057
2005-02-03,5.403007984161377,-0.22415356660027008,-0.2309286228438756,0.006775056243605526,BUY,131400,6859.803935833508,709955.2491188049,716815.0530546384,131400,-28.318494694536156,7.8444658148699276
2005-02-04,5.677220821380615,-0.1908080150003677,-0.22290450127517403,0.032096486274806324,HOLD,131400,6859.803935833508,745986.8159294128,752846.6198652463,0,-24.715338013475364,13.317775688958289
2005-02-16,5.677220821380615,-0.16250813252180674,-0.21082522752450059,0.04831709500269385,HOLD,131400,6859.803935833508,745986.8159294128,752846.6198652463,0,-24.715338013475364,13.317775688958289
2005-02-17,5.626440525054932,-0.14253476524382336,-0.19716713506836514,0.05463236982454178,HOLD,131400,6859.803935833508,739314.284992218,746174.0889280515,0,-25.382591107194852,12.304196966287906
2005-02-18,5.565504550933838,-0.13012277724658716,-0.18375826350400956,0.0536354862574224,HOLD,131400,6859.803935833508,731307.2979927063,738167.1019285398,0,-26.183289807146014,11.0879101132493
2005-02-21,5.667064666748047,-0.11081374291318458,-0.16916935938584457,0.058355616472659994,HOLD,131400,6859.803935833508,744652.2972106934,751512.1011465269,0,-24.848789885347312,13.115058040882733
2005-02-22,5.829561233520508,-0.08146005834632586,-0.15162749917794083,0.07016744083161497,HOLD,131400,6859.803935833508,766004.3460845947,772864.1500204282,0,-22.71358499795718,16.358502339262103
2005-02-23,5.829561233520508,-0.057533837579170743,-0.13280876685818682,0.07527492927901608,HOLD,131400,6859.803935833508,766004.3460845947,772864.1500204282,0,-22.71358499795718,16.358502339262103
2005-02-24,5.829561233520508,-0.03813256674930088,-0.11387352683640964,0.07574096008710876,HOLD,131400,6859.803935833508,766004.3460845947,772864.1500204282,0,-22.71358499795718,16.358502339262103
2005-02-25,5.748312950134277,-0.028978926263840243,-0.09689460672189576,0.06791568045805552,HOLD,131400,6859.803935833508,755328.321647644,762188.1255834776,0,-23.78118744165224,14.73678019007243
2005-02-28,5.667064666748047,-0.027958370982521963,-0.083107359574021,0.05514898859149904,HOLD,131400,6859.803935833508,744652.2972106934,751512.1011465269,0,-24.848789885347312,13.115058040882733
2005-03-01,5.738156795501709,-0.021169009753475798,-0.07071968960991197,0.04955067985643617,HOLD,131400,6859.803935833508,753993.8029289246,760853.6068647581,0,-23.914639313524187,14.534062541996873
2005-03-02,5.616284370422363,-0.025330484184302726,-0.06164184852479013,0.0363113643404874,HOLD,131400,6859.803935833508,737979.7662734985,744839.570209332,0,-25.5160429790668,12.101479318212371
2005-03-03,5.677220821380615,-0.023441204711108554,-0.05400171976205381,0.03056051505094526,HOLD,131400,6859.803935833508,745986.8159294128,752846.6198652463,0,-24.715338013475364,13.317775688958289
2005-03-04,5.6365966796875,-0.02493453603143525,-0.0481882830159301,0.023253746984494852,HOLD,131400,6859.803935833508,740648.8037109375,747508.607646771,0,-25.249139235322904,12.50691461436344
2005-03-07,5.616284370422363,-0.02744072585590196,-0.044038771583924476,0.016598045728022516,HOLD,131400,6859.803935833508,737979.7662734985,744839.570209332,0,-25.5160429790668,12.101479318212371
2005-03-08,5.738156795501709,-0.019369533252149296,-0.039104923917569444,0.019735390665420148,HOLD,131400,6859.803935833508,753993.8029289246,760853.6068647581,0,-23.914639313524187,14.534062541996873
2005-03-09,5.728001117706299,-0.01363535342089861,-0.03401100981823528,0.02037565639733667,HOLD,131400,6859.803935833508,752659.3468666077,759519.1508024412,0,-24.048084919755887,14.331354411628649
2005-03-10,5.392851829528809,-0.03572292949409572,-0.03435339375340737,-0.001369535740688356,SELL,0,715055.3618976789,0.0,715055.3618976789,131400,-28.494463810232105,7.641748166794393
2005-03-11,5.260823726654053,-0.06315306790619246,-0.04011332858396439,-0.023039739322228074,HOLD,0,715055.3618976789,0.0,715055.3618976789,0,-28.494463810232105,5.006456812641646
2005-03-14,5.250667572021484,-0.08473440158543433,-0.049037543184258375,-0.03569685840117595,HOLD,0,715055.3618976789,0.0,715055.3618976789,0,-28.494463810232105,4.803739164566112
2005-03-15,5.230355262756348,-0.10229757484718238,-0.05968954951684318,-0.0426080253303392,HOLD,0,715055.3618976789,0.0,715055.3618976789,0,-28.494463810232105,4.398303868415021
2005-03-16,5.189731121063232,-0.11813278372182356,-0.07137819635783926,-0.0467545873639843,HOLD,0,715055.3618976789,0.0,715055.3618976789,0,-28.494463810232105,3.5874427938201947
2005-03-17,5.088171005249023,-0.1372947055122422,-0.08456149818871986,-0.05273320732352235,HOLD,0,715055.3618976789,0.0,715055.3618976789,0,-28.494463810232105,1.56029486618674
2005-03-18,5.088171005249023,-0.15074299517126288,-0.09779779758522847,-0.052945197586034415,HOLD,0,715055.3618976789,0.0,715055.3618976789,0,-28.494463810232105,1.56029486618674
2005-03-21,5.078014850616455,-0.16037171313495957,-0.11031258069517469,-0.05005913243978488,HOLD,0,715055.3618976789,0.0,715055.3618976789,0,-28.494463810232105,1.3575772181112056
2005-03-22,4.874894618988037,-0.18229130593573561,-0.12470832574328689,-0.05758298019244873,HOLD,0,715055.3618976789,0.0,715055.3618976789,0,-28.494463810232105,-2.6967186371556817
2005-03-23,4.651461601257324,-0.21521109879308753,-0.14280888035324701,-0.07240221843984052,HOLD,0,715055.3618976789,0.0,715055.3618976789,0,-28.494463810232105,-7.15645930628096
2005-03-24,4.742866039276123,-0.23125888903831004,-0.16049888209025964,-0.0707600069480504,HOLD,0,715055.3618976789,0.0,715055.3618976789,0,-28.494463810232105,-5.33201950901574
2005-03-25,4.661617755889893,-0.2476778596824616,-0.17793467760870005,-0.06974318207376154,HOLD,0,715055.3618976789,0.0,715055.3618976789,0,-28.494463810232105,-6.953741658205425
2005-03-28,4.50927734375,-0.26987169737000904,-0.19632208156096187,-0.07354961580904718,HOLD,0,715055.3618976789,0.0,715055.3618976789,0,-28.494463810232105,-9.994468308509251
2005-03-29,4.377248764038086,-0.29471676519487744,-0.216001018287745,-0.07871574690713243,HOLD,0,715055.3618976789,0.0,715055.3618976789,0,-28.494463810232105,-12.62976918036931
2005-03-30,4.306156635284424,-0.3164948455258232,-0.23609978373536067,-0.08039506179046252,HOLD,0,715055.3618976789,0.0,715055.3618976789,0,-28.494463810232105,-14.04877368148345
2005-03-31,4.346780776977539,-0.326709992937503,-0.25422182557578915,-0.07248816736171387,HOLD,0,715055.3618976789,0.0,715055.3618976789,0,-28.494463810232105,-13.237912606888614
2005-04-01,4.783490180969238,-0.29615290534403993,-0.26260804152943934,-0.03354486381460059,HOLD,0,715055.3618976789,0.0,715055.3618976789,0,-28.494463810232105,-4.521158434420903
2005-04-04,4.895206451416016,-0.2599253660788312,-0.2620715064393177,0.0021461403604864926,BUY,144600,6783.800911198254,707846.8528747559,714630.6537859541,144600,-28.536934621404587,-2.291292858711924
2005-04-05,4.783490180969238,-0.23749169317359442,-0.25715554378617306,0.019663850612578637,HOLD,144600,6783.800911198254,691692.6801681519,698476.4810793501,0,-30.15235189206499,-4.521158434420903
2005-04-06,5.03739070892334,-0.19695482250593255,-0.24511539953012496,0.04816057702419241,HOLD,144600,6783.800911198254,728406.6965103149,735190.4974215132,0,-26.48095025784868,0.546716143516357
2005-04-07,5.189731121063232,-0.15079815508841765,-0.2262519506417835,0.07545379555336584,HOLD,144600,6783.800911198254,750435.1201057434,757218.9210169417,0,-24.278107898305834,3.5874427938201947
2005-04-08,5.240511417388916,-0.10886617657762176,-0.20277479582895117,0.0939086192513294,HOLD,144600,6783.800911198254,757777.9509544373,764561.7518656355,0,-23.543824813436455,4.601021516490578
2005-04-11,5.098327159881592,-0.08611518060447487,-0.1794428727840559,0.09332769217958103,HOLD,144600,6783.800911198254,737218.1073188782,744001.9082300764,0,-25.59980917699236,1.7630125142622743
2005-04-12,4.915518283843994,-0.08189200087233672,-0.15993269840171206,0.07804069752937534,HOLD,144600,6783.800911198254,710783.9438438416,717567.7447550398,0,-28.24322552449602,-1.8858670802681554
2005-04-13,5.403007984161377,-0.03876193238597203,-0.13569854519856406,0.09693661281259203,HOLD,144600,6783.800911198254,781274.9545097351,788058.7554209334,0,-21.19412445790666,7.8444658148699276
2005-04-14,5.2912917137146,-0.013440676001970964,-0.11124697135924544,0.09780629535727448,HOLD,144600,6783.800911198254,765120.7818031311,771904.5827143294,0,-22.809541728567062,5.614600239160938
2005-04-15,5.138951301574707,-0.005601426230771089,-0.09011786233355057,0.08451643610277948,HOLD,144600,6783.800911198254,743092.3582077026,749876.1591189009,0,-25.012384088109908,2.573873588857123
2005-04-18,4.996766567230225,-0.010738101927757704,-0.074241910252392,0.0635038083246343,HOLD,144600,6783.800911198254,722532.4456214905,729316.2465326887,0,-27.068375346731123,-0.26414493107846937
2005-04-19,5.199887275695801,0.0015631699471017058,-0.05908089421249327,0.060644064159594974,HOLD,144600,6783.800911198254,751903.7000656128,758687.500976811,0,-24.131249902318896,3.790160441895729
2005-04-20,5.067859172821045,0.0006509483097936197,-0.04713452570803589,0.04778547401782951,HOLD,144600,6783.800911198254,732812.4363899231,739596.2373011213,0,-26.040376269887865,1.1548690877429824
2005-04-21,4.976454734802246,-0.007362695587714185,-0.03918015968397155,0.03181746409625737,HOLD,144600,6783.800911198254,719595.3546524048,726379.155563603,0,-27.362084443639702,-0.6695707095222381
2005-04-22,4.783490180969238,-0.028950469937537804,-0.03713422173468481,0.008183751797147004,HOLD,144600,6783.800911198254,691692.6801681519,698476.4810793501,0,-30.15235189206499,-4.521158434420903
2005-04-25,5.006922721862793,-0.027710369998596995,-0.03524945138746725,0.0075390813888702515,HOLD,144600,6783.800911198254,724001.0255813599,730784.8264925581,0,-26.921517350744185,-0.061427283002934985
2005-04-26,5.260823726654053,-0.006168782826635244,-0.029433317675300847,0.023264534848665603,HOLD,144600,6783.800911198254,760715.110874176,767498.9117853743,0,-23.250108821462568,5.006456812641646
2005-04-27,5.2201995849609375,0.007538156307805188,-0.02203902287867964,0.02957717918648483,HOLD,144600,6783.800911198254,754840.8599853516,761624.6608965498,0,-23.837533910345023,4.195595738046798
2005-04-28,5.4537882804870605,0.03682516232339328,-0.010266185838265057,0.04709134816165834,HOLD,144600,6783.800911198254,788617.785358429,795401.5862696272,0,-20.45984137303728,8.85804453754031
2005-04-29,5.4233198165893555,0.0569206296050373,0.003171177250395414,0.05374945235464188,HOLD,144600,6783.800911198254,784212.0454788208,790995.846390019,0,-20.900415360998092,8.249891593313707
2005-05-09,5.311603546142578,0.06310443419626921,0.015157828639570175,0.04794660555669904,HOLD,144600,6783.800911198254,768057.8727722168,774841.673683415,0,-22.515832631658494,6.020026017604718
2005-05-10,5.575660705566406,0.088294545277952,0.029785171967246542,0.05850937331070545,HOLD,144600,6783.800911198254,806240.5380249023,813024.3389361006,0,-18.69756610638994,11.290627761324835
2005-05-11,5.443632125854492,0.09649198725634989,0.04312653502506721,0.053365452231282674,HOLD,144600,6783.800911198254,787149.2053985596,793933.0063097578,0,-20.606699369024216,8.655326889464776
2005-05-12,5.403007984161377,0.09857418847466004,0.05421606571498578,0.04435812275967426,HOLD,144600,6783.800911198254,781274.9545097351,788058.7554209334,0,-21.19412445790666,7.8444658148699276
2005-05-13,5.281135559082031,0.08936017331487278,0.06124488723496318,0.028115286079909603,HOLD,144600,6783.800911198254,763652.2018432617,770436.00275446,0,-22.956399724554,5.411882591085404
2005-05-16,5.331915855407715,0.08517371586449762,0.06603065296087007,0.01914306290362755,HOLD,144600,6783.800911198254,770995.0326919556,777778.8336031538,0,-22.222116639684618,6.425461313755787
2005-05-17,5.4537882804870605,0.09064510401239101,0.07095354317117426,0.019691560841216746,HOLD,144600,6783.800911198254,788617.785358429,795401.5862696272,0,-20.45984137303728,8.85804453754031
2005-05-18,5.433475971221924,0.09227845633489018,0.07521852580391745,0.017059930530972725,HOLD,144600,6783.800911198254,785680.6254386902,792464.4263498884,0,-20.753557365011154,8.452609241389242
2005-05-19,5.37253999710083,0.08764555259687601,0.07770393116250918,0.009941621434366832,HOLD,144600,6783.800911198254,776869.28358078,783653.0844919783,0,-21.634691550802177,7.236322388350636
2005-05-20,5.484256267547607,0.09192881423268329,0.080548907776544,0.011379906456139288,HOLD,144600,6783.800911198254,793023.456287384,799807.2571985823,0,-20.019274280141776,9.466187964059625
2005-05-23,5.484256267547607,0.09423702418401181,0.08328653105803756,0.01095049312597425,HOLD,144600,6783.800911198254,793023.456287384,799807.2571985823,0,-20.019274280141776,9.466187964059625
2005-05-24,5.524880409240723,0.09821219685434457,0.08627166421729897,0.0119405326370456,HOLD,144600,6783.800911198254,798897.7071762085,805681.5080874067,0,-19.43184919125932,10.27704903865445
2005-05-25,5.535036563873291,0.10101759863963178,0.08922085110176553,0.011796747537866248,HOLD,144600,6783.800911198254,800366.2871360779,807150.0880472761,0,-19.284991195272383,10.479766686729985
2005-05-26,5.311603546142578,0.08424064878189785,0.088224810637792,-0.003984161855894147,SELL,0,774380.8389597517,0.0,774380.8389597517,144600,-22.56191610402484,6.020026017604718
2005-05-27,5.250667572021484,0.0652753180656731,0.08363491212336822,-0.01835959405769512,HOLD,0,774380.8389597517,0.0,774380.8389597517,0,-22.56191610402484,4.803739164566112
2005-05-30,5.311603546142578,0.05453355184392361,0.0778146400674793,-0.023281088223555693,HOLD,0,774380.8389597517,0.0,774380.8389597517,0,-22.56191610402484,6.020026017604718
2005-05-31,5.057703018188477,0.025241999989018993,0.06730011205178725,-0.04205811206276826,HOLD,0,774380.8389597517,0.0,774380.8389597517,0,-22.56191610402484,0.952151439667448
2005-06-01,5.057703018188477,0.002005120330743182,0.05424111370757844,-0.05223599337683526,HOLD,0,774380.8389597517,0.0,774380.8389597517,0,-22.56191610402484,0.952151439667448
2005-06-02,4.813958168029785,-0.03566729617008857,0.036259431732045044,-0.07192672790213361,HOLD,0,774380.8389597517,0.0,774380.8389597517,0,-22.56191610402484,-3.913015007901599
2005-06-03,4.885050296783447,-0.059105090323781084,0.01718652732087982,-0.0762916176446609,HOLD,0,774380.8389597517,0.0,774380.8389597517,0,-22.56191610402484,-2.4940105067874585
2005-06-06,5.078014850616455,-0.06140128839684689,0.0014689641773344784,-0.06287025257418137,HOLD,0,774380.8389597517,0.0,774380.8389597517,0,-22.56191610402484,1.3575772181112056
2005-06-07,5.03739070892334,-0.06574124647067325,-0.01197307795226707,-0.053768168518406184,HOLD,0,774380.8389597517,0.0,774380.8389597517,0,-22.56191610402484,0.546716143516357
2005-06-08,5.545192241668701,-0.02788392615030144,-0.015155247591873944,-0.012728678558427497,HOLD,0,774380.8389597517,0.0,774380.8389597517,0,-22.56191610402484,10.682474817098209
2005-06-09,6.103774070739746,0.04665336731606029,-0.0027935246102870977,0.04944689192634739,BUY,125600,7286.835260868655,766634.0232849121,773920.8585457808,125600,-22.607914145421926,21.831812213350442
2005-06-10,6.256114482879639,0.11667238091692056,0.021099656495154436,0.09557272442176612,HOLD,125600,7286.835260868655,785767.9790496826,793054.8143105513,0,-20.694518568944876,24.87253886365428
2005-06-13,6.296738624572754,0.1734416549453428,0.05156805618519211,0.12187359876015069,HOLD,125600,7286.835260868655,790870.3712463379,798157.2065072065,0,-20.184279349279343,25.683399938249106
2005-06-14,6.002213954925537,0.192447617873869,0.07974396852292749,0.1127036493509415,HOLD,125600,7286.835260868655,753878.0727386475,761164.9079995161,0,-23.88350920004839,19.80466428571701
2005-06-15,5.931121349334717,0.19947398931918592,0.10368997268217918,0.09578401663700674,HOLD,125600,7286.835260868655,744948.8414764404,752235.6767373091,0,-24.776432326269095,18.38565026689556
2005-06-16,6.0529937744140625,0.21242779015225466,0.12543753617619427,0.08699025397606039,HOLD,125600,7286.835260868655,760256.0180664062,767542.8533272749,0,-23.24571466727251,20.81823349068006
2005-06-17,6.012369632720947,0.2169152776197123,0.14373308446489788,0.07318219315481442,HOLD,125600,7286.835260868655,755153.625869751,762440.4611306196,0,-23.75595388693804,20.007372416085232
2005-06-20,6.012369632720947,0.21795914640339387,0.15857829685259708,0.05938084955079678,HOLD,125600,7286.835260868655,755153.625869751,762440.4611306196,0,-23.75595388693804,20.007372416085232
2005-06-21,6.012369632720947,0.21629312740025597,0.17012126296212887,0.0461718644381271,HOLD,125600,7286.835260868655,755153.625869751,762440.4611306196,0,-23.75595388693804,20.007372416085232
2005-06-22,6.012369632720947,0.21252296291175554,0.1786016029520542,0.03392135995970133,HOLD,125600,7286.835260868655,755153.625869751,762440.4611306196,0,-23.75595388693804,20.007372416085232
2005-06-23,6.012369632720947,0.2071472162280381,0.184310725607251,0.022836490620787103,HOLD,125600,7286.835260868655,755153.625869751,762440.4611306196,0,-23.75595388693804,20.007372416085232
2005-06-24,6.012369632720947,0.20057479684645863,0.18756353985509255,0.013011256991366071,HOLD,125600,7286.835260868655,755153.625869751,762440.4611306196,0,-23.75595388693804,20.007372416085232
2005-06-27,6.012369632720947,0.1931397127515293,0.18867877443437991,0.004460938317149388,HOLD,125600,7286.835260868655,755153.625869751,762440.4611306196,0,-23.75595388693804,20.007372416085232
2005-06-28,6.012369632720947,0.1851134820475071,0.18796571595700537,-0.002852233909498264,SELL,0,761987.3689550977,0.0,761987.3689550977,125600,-23.80126310449022,20.007372416085232
2005-06-29,6.012369632720947,0.17671556930734766,0.18571568662707383,-0.009000117319726164,HOLD,0,761987.3689550977,0.0,761987.3689550977,0,-23.80126310449022,20.007372416085232
2005-06-30,6.012369632720947,0.1681221554020107,0.1821969803820612,-0.014074824980050499,HOLD,0,761987.3689550977,0.0,761987.3689550977,0,-23.80126310449022,20.007372416085232
2005-07-01,6.012369632720947,0.15947350171091212,0.1776522846478314,-0.01817878293691927,HOLD,0,761987.3689550977,0.0,761987.3689550977,0,-23.80126310449022,20.007372416085232
2005-07-04,6.012369632720947,0.15088012914140858,0.17229785354654684,-0.021417724405138255,HOLD,0,761987.3689550977,0.0,761987.3689550977,0,-23.80126310449022,20.007372416085232
2005-07-05,6.012369632720947,0.14242799816368912,0.16632388246997531,-0.023895884306286197,HOLD,0,761987.3689550977,0.0,761987.3689550977,0,-23.80126310449022,20.007372416085232
2005-07-06,5.413164138793945,0.08638297867228317,0.1503357017104369,-0.06395272303815372,HOLD,0,761987.3689550977,0.0,761987.3689550977,0,-23.80126310449022,8.047183462945462
2005-07-07,5.463943958282471,0.04553945351801847,0.12937645207195322,-0.08383699855393476,HOLD,0,761987.3689550977,0.0,761987.3689550977,0,-23.80126310449022,9.060752667908535
2005-07-08,5.504568099975586,0.01626124478842428,0.10675341061524744,-0.09049216582682316,HOLD,0,761987.3689550977,0.0,761987.3689550977,0,-23.80126310449022,9.871613742503381
2005-07-11,5.474100112915039,-0.009293330759973628,0.08354406234020323,-0.09283739310017686,HOLD,0,761987.3689550977,0.0,761987.3689550977,0,-23.80126310449022,9.263470315984069
2005-07-12,6.012369632720947,0.013730064116938223,0.06958126269555023,-0.05585119857861201,HOLD,0,761987.3689550977,0.0,761987.3689550977,0,-23.80126310449022,20.007372416085232
2005-07-13,6.002213954925537,0.03080172895001887,0.06182535594644396,-0.031023626996425094,HOLD,0,761987.3689550977,0.0,761987.3689550977,0,-23.80126310449022,19.80466428571701
2005-07-14,5.971745491027832,0.041395415343640884,0.05773936782588335,-0.016343952482242463,HOLD,0,761987.3689550977,0.0,761987.3689550977,0,-23.80126310449022,19.196511341490385
2005-07-15,6.002474308013916,0.05167487110569802,0.05652646848184628,-0.0048515973761482645,HOLD,0,761987.3689550977,0.0,761987.3689550977,0,-23.80126310449022,19.80986095391031
2005-07-18,6.125391960144043,0.06894508509369413,0.05901019180421585,0.009934893289478275,BUY,123100,7499.197211189894,754035.7502937317,761534.9475049216,123100,-23.846505249507842,22.263306992126573
2005-07-19,6.0639328956604,0.07678746315859986,0.06256564607509266,0.014221817083507199,HOLD,123100,7499.197211189894,746470.1394557953,753969.3366669852,0,-24.60306633330148,21.036579214164774
2005-07-20,6.053689956665039,0.08123960510545114,0.06630043788116435,0.014939167224286787,HOLD,123100,7499.197211189894,745209.2336654663,752708.4308766562,0,-24.729156912334382,20.83212934335814
2005-07-21,6.115148544311523,0.08870462239623134,0.07078127478417776,0.01792334761205358,HOLD,123100,7499.197211189894,752774.7858047485,760273.9830159384,0,-23.97260169840616,22.05884760361261
2005-07-22,6.23806619644165,0.10334780053020065,0.07729457993338235,0.026053220596818305,HOLD,123100,7499.197211189894,767905.9487819672,775405.145993157,0,-22.459485400684297,24.512293641828876
2005-07-25,6.197093486785889,0.11037414501555443,0.08391049294981677,0.026463652065737656,HOLD,123100,7499.197211189894,762862.2082233429,770361.4054345328,0,-22.96385945654672,23.694475123187676
2005-07-26,6.422442436218262,0.13259784512243922,0.09364796338434127,0.03894988173809795,HOLD,123100,7499.197211189894,790602.663898468,798101.8611096579,0,-20.189813889034212,28.192457940299608
2005-07-27,6.401956081390381,0.14686425028974082,0.10429122076542119,0.04257302952431963,HOLD,123100,7499.197211189894,788080.7936191559,795579.9908303458,0,-20.44200091696542,27.78354868097901
2005-07-28,6.401956081390381,0.15636796658560748,0.11470656992945845,0.04166139665614903,HOLD,123100,7499.197211189894,788080.7936191559,795579.9908303458,0,-20.44200091696542,27.78354868097901
2005-07-29,6.401956081390381,0.16203192702726188,0.12417164134901915,0.03786028567824273,HOLD,123100,7499.197211189894,788080.7936191559,795579.9908303458,0,-20.44200091696542,27.78354868097901
2005-08-01,6.401956081390381,0.16462298518494212,0.13226191011620375,0.032361075068738365,HOLD,123100,7499.197211189894,788080.7936191559,795579.9908303458,0,-20.44200091696542,27.78354868097901
2005-08-02,6.401956081390381,0.16477697108984923,0.13876492231093285,0.026012048778916386,HOLD,123100,7499.197211189894,788080.7936191559,795579.9908303458,0,-20.44200091696542,27.78354868097901
2005-08-03,6.401956081390381,0.1630198150770008,0.14361590086414644,0.019403914212854367,HOLD,123100,7499.197211189894,788080.7936191559,795579.9908303458,0,-20.44200091696542,27.78354868097901
2005-08-04,6.401956081390381,0.15978535022275153,0.14684979073586746,0.012935559486884074,HOLD,123100,7499.197211189894,788080.7936191559,795579.9908303458,0,-20.44200091696542,27.78354868097901
2005-08-05,6.401956081390381,0.15543030966489013,0.148565894521672,0.006864415143218144,HOLD,123100,7499.197211189894,788080.7936191559,795579.9908303458,0,-20.44200091696542,27.78354868097901
2005-08-08,6.401956081390381,0.1502469552715242,0.14890210667164244,0.001344848599881765,HOLD,123100,7499.197211189894,788080.7936191559,795579.9908303458,0,-20.44200091696542,27.78354868097901
2005-08-09,6.401956081390381,0.14447370661265868,0.1480164266598457,-0.0035427200471870313,SELL,0,795107.1423541743,0.0,795107.1423541743,123100,-20.489285764582576,27.78354868097901
2005-08-10,6.401956081390381,0.13830408208947187,0.14607395774577095,-0.00776987565629908,HOLD,0,795107.1423541743,0.0,795107.1423541743,0,-20.489285764582576,27.78354868097901
2005-08-11,6.401956081390381,0.1318942157868106,0.1432380093539789,-0.011343793567168303,HOLD,0,795107.1423541743,0.0,795107.1423541743,0,-20.489285764582576,27.78354868097901
2005-08-12,6.401956081390381,0.12536917277718285,0.1396642420386197,-0.014295069261436866,HOLD,0,795107.1423541743,0.0,795107.1423541743,0,-20.489285764582576,27.78354868097901
2005-08-15,5.326427459716797,0.03303109606602472,0.11833761284410071,-0.08530651677807599,HOLD,0,795107.1423541743,0.0,795107.1423541743,0,-20.489285764582576,6.31591250257455
2005-08-16,5.121564865112305,-0.056032288916193274,0.08346363249204192,-0.1394959214082352,HOLD,0,795107.1423541743,0.0,795107.1423541743,0,-20.489285764582576,2.226838944783216
2005-08-17,5.2137532234191895,-0.11781869256819455,0.043207167479994625,-0.16102586004818917,HOLD,0,795107.1423541743,0.0,795107.1423541743,0,-20.489285764582576,4.066925852872227
2005-08-18,5.06010627746582,-0.17714091684375521,-0.0008624493847553436,-0.17627846745899986,HOLD,0,795107.1423541743,0.0,795107.1423541743,0,-20.489285764582576,1.0001206845287491
2005-08-19,5.029376983642578,-0.22405108275673236,-0.04550017605915075,-0.1785509066975816,HOLD,0,795107.1423541743,0.0,795107.1423541743,0,-20.489285764582576,0.3867615544014935
2005-08-22,5.019133567810059,-0.25906791164092713,-0.08821372317550603,-0.1708541884654211,HOLD,0,795107.1423541743,0.0,795107.1423541743,0,-20.489285764582576,0.182302165887549
2005-08-23,5.0908355712890625,-0.27783059027106294,-0.12613709659461741,-0.15169349367644552,HOLD,0,795107.1423541743,0.0,795107.1423541743,0,-20.489285764582576,1.6134798146559826
2005-08-24,5.0396199226379395,-0.2934501128478004,-0.15959969984525402,-0.1338504130025464,HOLD,0,795107.1423541743,0.0,795107.1423541743,0,-20.489285764582576,0.5912114252081491
2005-08-25,4.957674980163574,-0.30888038819393593,-0.1894558375149904,-0.11942455067894553,HOLD,0,795107.1423541743,0.0,795107.1423541743,0,-20.489285764582576,-1.044416094366929
2005-08-26,5.049862861633301,-0.3100956118015121,-0.21358379237229475,-0.09651181942921738,HOLD,0,795107.1423541743,0.0,795107.1423541743,0,-20.489285764582576,0.7956612960147824
2005-08-29,5.131808280944824,-0.3009769004173375,-0.2310624139813033,-0.06991448643603418,HOLD,0,795107.1423541743,0.0,795107.1423541743,0,-20.489285764582576,2.4312983332971605
2005-08-30,5.101078510284424,-0.29285405240073903,-0.24342074166519048,-0.04943331073554855,HOLD,0,795107.1423541743,0.0,795107.1423541743,0,-20.489285764582576,1.817929685462616
2005-08-31,5.06010627746582,-0.2864210697931986,-0.2520208072907921,-0.034400262502406465,HOLD,0,795107.1423541743,0.0,795107.1423541743,0,-20.489285764582576,1.0001206845287491
2005-09-01,5.101078510284424,-0.27484848570440246,-0.2565863429735142,-0.018262142730888276,HOLD,0,795107.1423541743,0.0,795107.1423541743,0,-20.489285764582576,1.817929685462616
2005-09-02,5.06010627746582,-0.26591791006817633,-0.25845265639244663,-0.0074652536757296994,HOLD,0,795107.1423541743,0.0,795107.1423541743,0,-20.489285764582576,1.0001206845287491
2005-09-05,5.172780513763428,-0.24690235862496213,-0.25614259683894974,0.009240238213987617,BUY,152100,7855.158261070959,786779.9161434174,794635.0744044883,152100,-20.536492559551167,3.2491073342310495
2005-09-06,5.06010627746582,-0.23817869063336516,-0.25254981559783285,0.014371124964467685,HOLD,152100,7855.158261070959,769642.1648025513,777497.3230636222,0,-22.25026769363778,1.0001206845287491
2005-09-07,5.1420512199401855,-0.22209270245813784,-0.24645839296989386,0.024365690511756022,HOLD,152100,7855.158261070959,782105.9905529022,789961.1488139732,0,-21.003885118602682,2.635748204103816
2005-09-08,5.131808280944824,-0.20777584984802377,-0.23872188434551986,0.030946034497496083,HOLD,152100,7855.158261070959,780548.0395317078,788403.1977927787,0,-21.159680220722134,2.4312983332971605
2005-09-09,5.049862861633301,-0.2007280831059992,-0.23112312409761573,0.030395040991616523,HOLD,152100,7855.158261070959,768084.141254425,775939.299515496,0,-22.4060700484504,0.7956612960147824
2005-09-12,5.049862861633301,-0.19291882901346113,-0.22348226508078484,0.0305634360673237,HOLD,152100,7855.158261070959,768084.141254425,775939.299515496,0,-22.4060700484504,0.7956612960147824
2005-09-13,5.101078510284424,-0.1805163835612289,-0.21488908877687365,0.034372705215644755,HOLD,152100,7855.158261070959,775874.0414142609,783729.1996753318,0,-21.627080032466818,1.817929685462616
2005-09-14,5.23423957824707,-0.15811966579324377,-0.2035352041801477,0.04541553838690393,HOLD,152100,7855.158261070959,796127.8398513794,803982.9981124504,0,-19.60170018875497,4.4758351121928275
2005-09-15,5.2649688720703125,-0.13631910660116464,-0.1900919846643511,0.05377287806318645,HOLD,152100,7855.158261070959,800801.7654418945,808656.9237029655,0,-19.13430762970345,5.089194242320061
2005-09-16,5.223996162414551,-0.12095388057875667,-0.1762643638472322,0.05531048326847554,HOLD,152100,7855.158261070959,794569.8163032532,802424.9745643241,0,-19.757502543567583,4.271375723678883
2005-09-19,5.336670875549316,-0.09854891007661859,-0.1607212730931095,0.0621723630164909,HOLD,152100,7855.158261070959,811707.640171051,819562.798432122,0,-18.043720156787803,6.5203718910884945
2005-09-20,5.398129463195801,-0.07496941439999194,-0.143570901354486,0.06860148695449406,HOLD,152100,7855.158261070959,821055.4913520813,828910.6496131523,0,-17.10893503868477,7.747090151342961
2005-09-21,5.23423957824707,-0.06871493522589489,-0.12859970812876778,0.05988477290287289,HOLD,152100,7855.158261070959,796127.8398513794,803982.9981124504,0,-19.60170018875497,4.4758351121928275
2005-09-22,5.223996162414551,-0.06384876465475653,-0.11564951943396554,0.05180075477920901,HOLD,152100,7855.158261070959,794569.8163032532,802424.9745643241,0,-19.757502543567583,4.271375723678883
2005-09-23,5.37764310836792,-0.047051880175051686,-0.10192999158218277,0.054878111407131086,HOLD,152100,7855.158261070959,817939.5167827606,825794.6750438316,0,-17.420532495616847,7.338180892022361
2005-09-26,5.633721351623535,-0.01292783013580312,-0.08412955929290684,0.07120172915710372,HOLD,152100,7855.158261070959,856889.0175819397,864744.1758430107,0,-13.525582415698933,12.44952283926153
2005-09-27,5.418615818023682,-0.0032045533821261074,-0.0679445581107507,0.0647400047286246,HOLD,152100,7855.158261070959,824171.465921402,832026.6241824729,0,-16.797337581752704,8.155999410663561
2005-09-28,5.3878865242004395,0.00199857793906677,-0.05395593090078721,0.05595450883985398,HOLD,152100,7855.158261070959,819497.5403308868,827352.6985919578,0,-17.264730140804218,7.542640280536328
2005-09-29,5.408372402191162,0.007686530603773889,-0.04162743859987499,0.04931396920364888,HOLD,152100,7855.158261070959,822613.4423732758,830468.6006343467,0,-16.953139936565332,7.951540022149617
2005-09-30,5.428858757019043,0.013689547115340872,-0.030564041456831822,0.044253588572172695,HOLD,152100,7855.158261070959,825729.4169425964,833584.5752036674,0,-16.641542479633266,8.360449281470196
2005-10-10,5.295698165893555,0.007614261647266751,-0.02292838083601211,0.03054264248327886,HOLD,152100,7855.158261070959,805475.6910324097,813330.8492934806,0,-18.666915070651935,5.702553372447294
2005-10-11,5.346913814544678,0.006853229202600453,-0.0169720588282896,0.02382528803089005,HOLD,152100,7855.158261070959,813265.5911922455,821120.7494533164,0,-17.88792505466835,6.724821761895128
2005-10-12,5.305941104888916,0.002910400970534077,-0.012995566868524863,0.01590596783905894,HOLD,152100,7855.158261070959,807033.6420536041,814888.8003146751,0,-18.511119968532498,5.90700324325395
2005-10-13,5.285455226898193,-0.001846077523598666,-0.010765668999539624,0.008919591475940958,HOLD,152100,7855.158261070959,803917.7400112152,811772.8982722862,0,-18.822710172771384,5.498103501640661
2005-10-14,5.070349216461182,-0.022711079141912727,-0.013154751028014245,-0.009556328113898482,SELL,0,778592.5540153224,0.0,778592.5540153224,152100,-22.140744598467766,1.2045705553353825
2005-10-17,5.008890628814697,-0.043702166271742726,-0.019264234076759944,-0.024437932194982782,HOLD,0,778592.5540153224,0.0,778592.5540153224,0,-22.140744598467766,-0.022147704919095457
2005-10-18,4.9679179191589355,-0.06291862258506953,-0.02799511177842186,-0.03492351080664767,HOLD,0,778592.5540153224,0.0,778592.5540153224,0,-22.140744598467766,-0.8399662235602845
2005-10-19,5.070349216461182,-0.06908607179122761,-0.03621330378098302,-0.032872768010244593,HOLD,0,778592.5540153224,0.0,778592.5540153224,0,-22.140744598467766,1.2045705553353825
2005-10-20,5.080592632293701,-0.0723136746437012,-0.043433377953526656,-0.028880296690174542,HOLD,0,778592.5540153224,0.0,778592.5540153224,0,-22.140744598467766,1.409029943849327
2005-10-21,5.1420512199401855,-0.06911565650054907,-0.04856983366293114,-0.02054582283761793,HOLD,0,778592.5540153224,0.0,778592.5540153224,0,-22.140744598467766,2.635748204103816
2005-10-24,5.008890628814697,-0.07644494121891032,-0.05414485517412698,-0.02230008604478334,HOLD,0,778592.5540153224,0.0,778592.5540153224,0,-22.140744598467766,-0.022147704919095457
2005-10-25,4.9679179191589355,-0.08458456914778445,-0.06023279796885848,-0.024351771178925972,HOLD,0,778592.5540153224,0.0,778592.5540153224,0,-22.140744598467766,-0.8399662235602845
2005-10-26,4.517220497131348,-0.1259509145056814,-0.07337642127622307,-0.05257449322945834,HOLD,0,778592.5540153224,0.0,778592.5540153224,0,-22.140744598467766,-9.83592234007682
2005-10-27,4.476247787475586,-0.16019358455058264,-0.09073985393109499,-0.06945373061948765,HOLD,0,778592.5540153224,0.0,778592.5540153224,0,-22.140744598467766,-10.653740858718008
2005-10-28,4.568436145782471,-0.1778422623042939,-0.10816033560573478,-0.06968192669855912,HOLD,0,778592.5540153224,0.0,778592.5540153224,0,-22.140744598467766,-8.813653950628986
2005-10-31,4.588922023773193,-0.18800868039350593,-0.12413000456328901,-0.06387867583021692,HOLD,0,778592.5540153224,0.0,778592.5540153224,0,-22.140744598467766,-8.404754209015708
2005-11-01,4.527463436126709,-0.1987339530631944,-0.1390507942632701,-0.05968315879992431,HOLD,0,778592.5540153224,0.0,778592.5540153224,0,-22.140744598467766,-9.631472469270175
2005-11-02,4.609408378601074,-0.19833525158920473,-0.15090768572845703,-0.0474275658607477,HOLD,0,778592.5540153224,0.0,778592.5540153224,0,-22.140744598467766,-7.995844949695108
2005-11-03,4.568436145782471,-0.19903108807700143,-0.1605323661981659,-0.03849872187883552,HOLD,0,778592.5540153224,0.0,778592.5540153224,0,-22.140744598467766,-8.813653950628986
2005-11-04,4.609408378601074,-0.1940396583417172,-0.1672338246268762,-0.02680583371484102,HOLD,0,778592.5540153224,0.0,778592.5540153224,0,-22.140744598467766,-7.995844949695108
2005-11-07,4.588922023773193,-0.18955195499302935,-0.17169745070010684,-0.017854504292922513,HOLD,0,778592.5540153224,0.0,778592.5540153224,0,-22.140744598467766,-8.404754209015708
2005-11-08,4.629894733428955,-0.1806073335935343,-0.17347942727879234,-0.007127906314741972,HOLD,0,778592.5540153224,0.0,778592.5540153224,0,-22.140744598467766,-7.586935690374519
2005-11-09,4.609408378601074,-0.17317547523440524,-0.17341863686991493,0.00024316163550969216,BUY,167200,7437.057264681556,770693.0809020996,778130.1381667812,167200,-22.18698618332189,-7.995844949695108
2005-11-10,4.517220497131348,-0.17273330352914584,-0.17328157020176113,0.0005482666726152885,HOLD,167200,7437.057264681556,755279.2671203613,762716.3243850429,0,-23.728367561495713,-9.83592234007682
2005-11-11,4.588922023773193,-0.1646986221073954,-0.171564980582888,0.006866358475492607,HOLD,167200,7437.057264681556,767267.7623748779,774704.8196395595,0,-22.52951803604405,-8.404754209015708
2005-11-14,4.568436145782471,-0.1581609375043449,-0.1688841719671794,0.010723234462834491,HOLD,167200,7437.057264681556,763842.5235748291,771279.5808395107,0,-22.872041916048936,-8.813653950628986
2005-11-15,4.54794979095459,-0.15287065522321797,-0.16568146861838712,0.012810813395169152,HOLD,167200,7437.057264681556,760417.2050476074,767854.262312289,0,-23.214573768771107,-9.222563209949586
2005-11-16,4.609408378601074,-0.1420810520827498,-0.16096138531125967,0.018880333228509877,HOLD,167200,7437.057264681556,770693.0809020996,778130.1381667812,0,-22.18698618332189,-7.995844949695108
2005-11-17,4.701596736907959,-0.1246544449472724,-0.15369999723846223,0.029045552291189825,HOLD,167200,7437.057264681556,786106.9744110107,793544.0316756923,0,-20.64559683243077,-6.155758041606085
2005-11-18,4.804028034210205,-0.10140939917374503,-0.1432418776255188,0.041832478451773764,HOLD,167200,7437.057264681556,803233.4873199463,810670.5445846278,0,-18.932945541537215,-4.111221262710418
2005-11-21,4.804028034210205,-0.08204180605575306,-0.13100186331156566,0.048960057255812595,HOLD,167200,7437.057264681556,803233.4873199463,810670.5445846278,0,-18.932945541537215,-4.111221262710418
2005-11-22,4.660624027252197,-0.07737245238952362,-0.12027598112715726,0.042903528737633645,HOLD,167200,7437.057264681556,779256.3373565674,786693.3946212489,0,-21.3306605378751,-6.973576560247274
2005-11-23,4.701596736907959,-0.0695639112552433,-0.11013356715277448,0.04056965589753117,HOLD,167200,7437.057264681556,786106.9744110107,793544.0316756923,0,-20.64559683243077,-6.155758041606085
2005-11-24,4.814270973205566,-0.053665099080652645,-0.09883987353835011,0.045174774457697464,HOLD,167200,7437.057264681556,804946.1067199707,812383.1639846523,0,-18.761683601534774,-3.906771391903785
2005-11-25,5.008890628814697,-0.025071981982674352,-0.08408629522721496,0.05901431324454061,HOLD,167200,7437.057264681556,837486.5131378174,844923.5704024989,0,-15.5076429597501,-0.022147704919095457
2005-11-28,4.9679179191589355,-0.005652724833063338,-0.06839958114838464,0.0627468563153213,HOLD,167200,7437.057264681556,830635.876083374,838072.9333480556,0,-16.192706665194446,-0.8399662235602845
2005-11-29,5.008890628814697,0.012894689656500091,-0.052140726987407696,0.06503541664390779,HOLD,167200,7437.057264681556,837486.5131378174,844923.5704024989,0,-15.5076429597501,-0.022147704919095457
2005-11-30,5.070349216461182,0.03218187108130177,-0.035276207373665804,0.06745807845496757,HOLD,167200,7437.057264681556,847762.3889923096,855199.4462569911,0,-14.480055374300882,1.2045705553353825
2005-12-01,4.9679179191589355,0.0387550080699981,-0.020469964284933025,0.05922497235493113,HOLD,167200,7437.057264681556,830635.876083374,838072.9333480556,0,-16.192706665194446,-0.8399662235602845
2005-12-02,4.9679179191589355,0.043463249208492094,-0.007683321586248001,0.051146570794740095,HOLD,167200,7437.057264681556,830635.876083374,838072.9333480556,0,-16.192706665194446,-0.8399662235602845
2005-12-05,4.8654866218566895,0.03848557682042664,0.0015504580950869264,0.03693511872533971,HOLD,167200,7437.057264681556,813509.3631744385,820946.42043912,0,-17.905357956087997,-2.8845030024559515
2005-12-06,5.019133567810059,0.046403845403601984,0.010521135556789938,0.03588270984681205,HOLD,167200,7437.057264681556,839199.1325378418,846636.1898025234,0,-15.33638101974767,0.182302165887549
2005-12-07,5.049862861633301,0.054530138012746754,0.019322936047981302,0.035207201964765455,HOLD,167200,7437.057264681556,844337.0704650879,851774.1277297694,0,-14.822587227023053,0.7956612960147824
2005-12-08,5.049862861633301,0.06027546540723083,0.02751344191983121,0.03276202348739962,HOLD,167200,7437.057264681556,844337.0704650879,851774.1277297694,0,-14.822587227023053,0.7956612960147824
2005-12-09,5.172780513763428,0.07389528714938898,0.03678981096574277,0.03710547618364621,HOLD,167200,7437.057264681556,864888.9019012451,872325.9591659267,0,-12.76740408340733,3.2491073342310495
2005-12-12,5.152294158935547,0.08208973699359223,0.045849796171312664,0.03623994082227957,HOLD,167200,7437.057264681556,861463.5833740234,868900.640638705,0,-13.109935936129503,2.8401980749104494
2005-12-13,5.244482517242432,0.09492845150007234,0.0556655272370646,0.03926292426300774,HOLD,167200,7437.057264681556,876877.4768829346,884314.5341476161,0,-11.568546585238392,4.680284982999461
2005-12-14,5.3161845207214355,0.10962528563310325,0.06645747891627234,0.04316780671683092,HOLD,167200,7437.057264681556,888866.051864624,896303.1091293056,0,-10.369689087069444,6.111462631767894
2005-12-15,5.244482517242432,0.11417079032438249,0.07600014119789437,0.03817064912648811,HOLD,167200,7437.057264681556,876877.4768829346,884314.5341476161,0,-11.568546585238392,4.680284982999461
2005-12-16,5.244482517242432,0.11643099154604641,0.08408631126752479,0.03234468027852162,HOLD,167200,7437.057264681556,876877.4768829346,884314.5341476161,0,-11.568546585238392,4.680284982999461
2005-12-19,5.244482517242432,0.11687495556249505,0.09064404012651885,0.026230915435976207,HOLD,167200,7437.057264681556,876877.4768829346,884314.5341476161,0,-11.568546585238392,4.680284982999461
2005-12-20,5.295698165893555,0.1199764611023948,0.09651052432169405,0.023465936780700747,HOLD,167200,7437.057264681556,885440.7333374023,892877.7906020839,0,-10.712220939791607,5.702553372447294
2005-12-21,5.254725456237793,0.11777068420410863,0.10076255629817697,0.01700812790593166,HOLD,167200,7437.057264681556,878590.096282959,886027.1535476405,0,-11.397284645235949,4.884734853806116
2005-12-22,5.20350980758667,0.11061481655146821,0.10273300834883523,0.007881808202632984,HOLD,167200,7437.057264681556,870026.8398284912,877463.8970931728,0,-12.253610290682726,3.862466464358283
2005-12-23,5.3161845207214355,0.11273609603036139,0.10473362588514046,0.00800247014522093,HOLD,167200,7437.057264681556,888866.051864624,896303.1091293056,0,-10.369689087069444,6.111462631767894
2005-12-26,5.4391021728515625,0.12291872204807586,0.10837064511772754,0.01454807693034832,HOLD,167200,7437.057264681556,909417.8833007812,916854.9405654628,0,-8.314505943453721,8.564908669984161
2005-12-27,5.37764310836792,0.12459306239319634,0.1116151285728213,0.012977933820375043,HOLD,167200,7437.057264681556,899141.9277191162,906578.9849837978,0,-9.342101501620226,7.338180892022361
2005-12-28,5.326427459716797,0.1203994247382223,0.1133719878059015,0.007027436932320788,HOLD,167200,7437.057264681556,890578.6712646484,898015.72852933,0,-10.198427147067001,6.31591250257455
2005-12-29,5.346913814544678,0.11737597710605652,0.11417278566593252,0.003203191440124001,HOLD,167200,7437.057264681556,894003.9897918701,901441.0470565517,0,-9.85589529434483,6.724821761895128
2005-12-30,5.285455226898193,0.10876688177451399,0.11309160488764881,-0.0043247231131348235,SELL,0,890634.934333697,0.0,890634.934333697,167200,-10.9365065666303,5.498103501640661
2006-01-04,5.367400169372559,0.10731927392838791,0.11193713869579663,-0.004617864767408719,HOLD,0,890634.934333697,0.0,890634.934333697,0,-10.9365065666303,7.133731021215728
2006-01-05,5.4903178215026855,0.11476749331940095,0.1125032096205175,0.002264283698883443,BUY,160500,8910.206376305316,881196.010351181,890106.2167274863,160500,-10.989378327251364,9.587177059431994
2006-01-06,5.572262763977051,0.12583201966849789,0.1151689716301136,0.01066304803838429,HOLD,160500,8910.206376305316,894348.1736183167,903258.379994622,0,-9.6741620005378,11.222804579007061
2006-01-09,5.930772304534912,0.16166587665695342,0.12446835263548156,0.03719752402147186,HOLD,160500,8910.206376305316,951888.9548778534,960799.1612541587,0,-3.9200838745841238,18.378683305141873
2006-01-10,5.920529365539551,0.18708138911657635,0.13699095993170052,0.05009042918487583,HOLD,160500,8910.206376305316,950244.9631690979,959155.1695454032,0,-4.084483045459675,18.174233434335243
2006-01-11,5.88979959487915,0.20241046829446319,0.15007486160425307,0.05233560669021012,HOLD,160500,8910.206376305316,945312.8349781036,954223.041354409,0,-4.5776958645591055,17.560864786500694
2006-01-12,5.9922308921813965,0.2202849162295175,0.16411687252930596,0.056168043700211556,HOLD,160500,8910.206376305316,961753.0581951141,970663.2645714195,0,-2.9336735428580507,19.605401565396363
2006-01-13,6.289281845092773,0.255475116225929,0.1823885212686306,0.07308659495729841,HOLD,160500,8910.206376305316,1009429.7361373901,1018339.9425136955,0,1.8339942513695418,25.534562031276707
2006-01-16,6.094662189483643,0.26460917371041237,0.19883265175698694,0.06577652195342543,HOLD,160500,8910.206376305316,978193.2814121246,987103.48778843,0,-1.2896512211570066,21.649938344292032
2006-01-17,6.1663641929626465,0.2744698153366336,0.21396008447291628,0.06050973086371733,HOLD,160500,8910.206376305316,989701.4529705048,998611.6593468101,0,-0.13883406531899345,23.081115993060443
2006-01-18,6.4121994972229,0.298678321619116,0.23090373190215624,0.06777458971695977,HOLD,160500,8910.206376305316,1029158.0193042755,1038068.2256805808,0,3.806822568058088,27.988008069492977
2006-01-19,6.596575736999512,0.3289494345961854,0.2505128724409621,0.07843656215522332,HOLD,160500,8910.206376305316,1058750.4057884216,1067660.612164727,0,6.766061216472696,31.66817236796371
2006-01-20,6.719493389129639,0.3587228037983303,0.2721548587124358,0.08656794508589455,HOLD,160500,8910.206376305316,1078478.688955307,1087388.8953316123,0,8.738889533161242,34.121618406179955
2006-01-23,6.596575736999512,0.36815611164947804,0.29135510929984426,0.07680100234963377,HOLD,160500,8910.206376305316,1058750.4057884216,1067660.612164727,0,6.766061216472696,31.66817236796371
2006-01-24,6.924355983734131,0.3974990806552823,0.31258390357093185,0.08491517708435042,HOLD,160500,8910.206376305316,1111359.135389328,1120269.3417656333,0,12.02693417656333,38.210691963971286
2006-01-25,7.159947872161865,0.43475233715087036,0.3370175902869196,0.09773474686395078,HOLD,160500,8910.206376305316,1149171.6334819794,1158081.8398582847,0,15.80818398582846,42.91312465188986
2006-02-06,7.211163520812988,0.46307049769193753,0.36222817176792316,0.10084232592401438,HOLD,160500,8910.206376305316,1157391.7450904846,1166301.95146679,0,16.630195146678982,43.93539304133769
2006-02-07,6.914112567901611,0.4562835617275711,0.38103924975985276,0.07524431196771836,HOLD,160500,8910.206376305316,1109715.0671482086,1118625.273524514,0,11.86252735245139,38.00623257545735
2006-02-08,6.811681270599365,0.43759519146667625,0.3923504381012175,0.045244753365458745,HOLD,160500,8910.206376305316,1093274.8439311981,1102185.0503075034,0,10.218505030750347,35.96169579656168
2006-02-09,6.7399797439575195,0.4122466862427894,0.3963296877295319,0.015916998513257452,HOLD,160500,8910.206376305316,1081766.748905182,1090676.9552814872,0,9.067695528148722,34.53052766550056
2006-02-10,6.750222682952881,0.38850587886481236,0.394764925956588,-0.00625904709177566,SELL,0,1091670.9005458744,0.0,1091670.9005458744,160500,9.167090054587446,34.734977536307184
2006-02-13,6.821924686431885,0.3711979317223877,0.390051527109748,-0.01885359538736031,HOLD,0,1091670.9005458744,0.0,1091670.9005458744,0,9.167090054587446,36.166155185075624
2006-02-14,6.893626689910889,0.35912721635588074,0.3838666649589746,-0.02473944860309385,HOLD,0,1091670.9005458744,0.0,1091670.9005458744,0,9.167090054587446,37.59733283384406
2006-02-15,7.0677595138549805,0.35946842284938985,0.3789870165370577,-0.01951859368766784,HOLD,0,1091670.9005458744,0.0,1091670.9005458744,0,9.167090054587446,41.073037743800825
2006-02-16,6.760465621948242,0.3311257707722639,0.36941476738409895,-0.03828899661183505,HOLD,0,1091670.9005458744,0.0,1091670.9005458744,0,9.167090054587446,34.93942740711384
2006-02-17,6.760465621948242,0.30514647617312196,0.3565611091419036,-0.051414632968781626,HOLD,0,1091670.9005458744,0.0,1091670.9005458744,0,9.167090054587446,34.93942740711384
2006-02-20,6.3404974937438965,0.24781314423814127,0.3348115161611511,-0.08699837192300985,HOLD,0,1091670.9005458744,0.0,1091670.9005458744,0,9.167090054587446,26.55683042072454
2006-02-21,6.5658464431762695,0.21804634003595957,0.31145848093611284,-0.09341214090015326,HOLD,0,1091670.9005458744,0.0,1091670.9005458744,0,9.167090054587446,31.054813237836477
2006-02-22,6.422442436218262,0.1808002753334863,0.28532683981558754,-0.10452656448210124,HOLD,0,1091670.9005458744,0.0,1091670.9005458744,0,9.167090054587446,28.192457940299608
2006-02-23,6.55560302734375,0.1601809809089838,0.2602976680342668,-0.10011668712528299,HOLD,0,1091670.9005458744,0.0,1091670.9005458744,0,9.167090054587446,30.85035384932251
2006-02-24,6.524873733520508,0.1397494990929582,0.2361880342460051,-0.0964385351530469,HOLD,0,1091670.9005458744,0.0,1091670.9005458744,0,9.167090054587446,30.236994719195277
2006-02-27,6.453171730041504,0.11642952304398158,0.2122363320056004,-0.09580680896161883,HOLD,0,1091670.9005458744,0.0,1091670.9005458744,0,9.167090054587446,28.80581707042684
2006-02-28,6.545360088348389,0.10418611143984524,0.1906262878924494,-0.08644017645260416,HOLD,0,1091670.9005458744,0.0,1091670.9005458744,0,9.167090054587446,30.645903978515875
2006-03-01,6.647791385650635,0.10157754644715578,0.1728165396033907,-0.07123899315623491,HOLD,0,1091670.9005458744,0.0,1091670.9005458744,0,9.167090054587446,32.690440757411544
2006-03-02,6.4121994972229,0.0795825651515587,0.1541697447130243,-0.0745871795614656,HOLD,0,1091670.9005458744,0.0,1091670.9005458744,0,9.167090054587446,27.988008069492977
2006-03-03,6.309768199920654,0.053271948509512335,0.13399018547232192,-0.08071823696280958,HOLD,0,1091670.9005458744,0.0,1091670.9005458744,0,9.167090054587446,25.94347129059731
2006-03-06,6.268795490264893,0.02878265152671311,0.11294867868320016,-0.08416602715648705,HOLD,0,1091670.9005458744,0.0,1091670.9005458744,0,9.167090054587446,25.12565277195611
2006-03-07,6.197093486785889,0.003548055020193175,0.09106855395059876,-0.08752049893040559,HOLD,0,1091670.9005458744,0.0,1091670.9005458744,0,9.167090054587446,23.694475123187676
2006-03-08,6.330254554748535,-0.005640538587840638,0.07172673544291089,-0.07736727403075153,HOLD,0,1091670.9005458744,0.0,1091670.9005458744,0,9.167090054587446,26.35238054991791
2006-03-09,6.3917131423950195,-0.007872620165493949,0.05580686432122992,-0.06367948448672386,HOLD,0,1091670.9005458744,0.0,1091670.9005458744,0,9.167090054587446,27.579098810172376
2006-03-10,6.268795490264893,-0.019337082310325826,0.04077807499491878,-0.0601151573052446,HOLD,0,1091670.9005458744,0.0,1091670.9005458744,0,9.167090054587446,25.12565277195611
2006-03-13,6.371226787567139,-0.019927687541450467,0.02863692248764493,-0.0485646100290954,HOLD,0,1091670.9005458744,0.0,1091670.9005458744,0,9.167090054587446,27.170189550851774
2006-03-14,6.299524784088135,-0.0258831342246566,0.017732911145184625,-0.043616045369841226,HOLD,0,1091670.9005458744,0.0,1091670.9005458744,0,9.167090054587446,25.73901190208334
2006-03-15,6.453171730041504,-0.017997381558813252,0.01058685260438505,-0.028584234163198302,HOLD,0,1091670.9005458744,0.0,1091670.9005458744,0,9.167090054587446,28.80581707042684
2006-03-16,6.55560302734375,-0.0034428293257500187,0.007780916218358036,-0.011223745544108054,HOLD,0,1091670.9005458744,0.0,1091670.9005458744,0,9.167090054587446,30.85035384932251
2006-03-17,6.668277740478516,0.01698784061490155,0.009622301097666739,0.007365539517234811,BUY,162000,10761.749991980381,1080260.9939575195,1091022.7439495,162000,9.102274394949994,33.09935001673212
2006-03-20,6.924355983734131,0.05322907617722894,0.01834365611357918,0.03488542006364976,HOLD,162000,10761.749991980381,1121745.6693649292,1132507.4193569096,0,13.250741935690957,38.210691963971286
2006-03-21,6.944842338562012,0.0826508465764082,0.031205094206144986,0.05144575237026321,HOLD,162000,10761.749991980381,1125064.458847046,1135826.2088390263,0,13.58262088390263,38.61960122329189
2006-03-22,6.965328216552734,0.10639440229495101,0.046242955823906196,0.06015144647104481,HOLD,162000,10761.749991980381,1128383.171081543,1139144.9210735234,0,13.914492107352338,39.02850096490518
2006-03-23,7.088245868682861,0.13358982814413345,0.06371233028795165,0.0698774978561818,HOLD,162000,10761.749991980381,1148295.8307266235,1159057.580718604,0,15.905758071860387,41.48194700312142
2006-03-24,7.016543865203857,0.1476545765730135,0.08050077954496403,0.06715379702804948,HOLD,162000,10761.749991980381,1136680.106163025,1147441.8561550053,0,14.744185615500527,40.05076935435299
2006-03-27,6.934598922729492,0.15045437464243605,0.09449149856445843,0.05596287607797762,HOLD,162000,10761.749991980381,1123405.0254821777,1134166.775474158,0,13.416677547415802,38.41514183477792
2006-03-28,7.272622108459473,0.17789818139731128,0.111172835131029,0.06672534626628228,HOLD,162000,10761.749991980381,1178164.7815704346,1188926.531562415,0,18.89265315624149,45.162111301592155
2006-03-29,7.159947872161865,0.18838415152742094,0.1266150984103074,0.06176905311711353,HOLD,162000,10761.749991980381,1159911.5552902222,1170673.3052822025,0,17.067330528220246,42.91312465188986
2006-03-30,7.088245868682861,0.1887330093116324,0.13903868059057242,0.04969432872105997,HOLD,162000,10761.749991980381,1148295.8307266235,1159057.580718604,0,15.905758071860387,41.48194700312142
2006-03-31,7.795022010803223,0.24323653020274794,0.15987825051300752,0.08335827968974041,HOLD,162000,10761.749991980381,1262793.565750122,1273555.3157421025,0,27.355531574210247,55.58925458458444
2006-04-03,8.194503784179688,0.31503428455826654,0.19090945732205933,0.12412482723620721,HOLD,162000,10761.749991980381,1327509.6130371094,1338271.3630290898,0,33.82713630290897,63.56294231165314
2006-04-04,8.419853210449219,0.3856725445157636,0.2298620747608002,0.1558104697549634,HOLD,162000,10761.749991980381,1364016.2200927734,1374777.9700847538,0,37.47779700847538,68.06093464647238
2006-04-05,8.327664375305176,0.42926668675569335,0.26974299715977884,0.1595236895959145,HOLD,162000,10761.749991980381,1349081.6287994385,1359843.3787914189,0,35.98433787914188,66.22083822067604
2006-04-06,8.348151206970215,0.46016399061774216,0.3078271958513715,0.15233679476637063,HOLD,162000,10761.749991980381,1352400.4955291748,1363162.2455211552,0,36.316224552115514,66.62975699770395
2006-04-07,8.28669261932373,0.4742245665308209,0.3411066699872614,0.1331178965435595,HOLD,162000,10761.749991980381,1342444.2043304443,1353205.9543224247,0,35.32059543224246,65.40303873744948
2006-04-10,8.614472389221191,0.505984092647922,0.37408215451939353,0.13190193812852846,HOLD,162000,10761.749991980381,1395544.527053833,1406306.2770458134,0,40.63062770458134,71.94554881574975
2006-04-11,8.665687561035156,0.5291862525408053,0.4051029741236759,0.1240832784171294,HOLD,162000,10761.749991980381,1403841.3848876953,1414603.1348796757,0,41.46031348796757,72.96780768749028
2006-04-12,8.378880500793457,0.5184547746878492,0.4277733342365106,0.09068144045133858,HOLD,162000,10761.749991980381,1357378.64112854,1368140.3911205204,0,36.81403911205203,67.24311612783119
2006-04-13,7.999884605407715,0.4739053143484897,0.4369997302589064,0.036905584089583277,HOLD,162000,10761.749991980381,1295981.3060760498,1306743.0560680302,0,30.67430560680302,59.67832814237577
2006-04-14,8.798849105834961,0.49733632050588295,0.44906704830830174,0.0482692721975812,HOLD,162000,10761.749991980381,1425413.5551452637,1436175.305137244,0,43.61753051372441,75.6257226319278
2006-04-17,9.485137939453125,0.5647729836186128,0.472208235370364,0.09256474824824884,HOLD,162000,10761.749991980381,1536592.3461914062,1547354.0961833866,0,54.73540961833867,89.32410191865559
2006-04-18,9.392950057983398,0.6038177976937531,0.49853014783504185,0.10528764985871125,HOLD,162000,10761.749991980381,1521657.9093933105,1532419.659385291,0,53.2419659385291,87.48402452827386
2006-04-19,9.372464179992676,0.625893148395031,0.5240027479470397,0.10189040044799125,HOLD,162000,10761.749991980381,1518339.1971588135,1529100.9471507939,0,52.910094715079396,87.0751247866606
2006-04-20,9.546597480773926,0.6499469411903185,0.5491915865956954,0.10075535459462304,HOLD,162000,10761.749991980381,1546548.791885376,1557310.5418773564,0,55.73105418773563,90.55083921432467
2006-04-21,10.499208450317383,0.7373774608517412,0.5868287614469047,0.1505486994048365,HOLD,162000,10761.749991980381,1700871.768951416,1711633.5189433964,0,71.16335189433964,109.56502935451292
2006-04-24,11.134282112121582,0.8481351406067326,0.6390900372788703,0.2090451033278623,HOLD,162000,10761.749991980381,1803753.7021636963,1814515.4521556767,0,81.45154521556768,122.24114976950018
2006-04-25,11.369874000549316,0.9440393977183348,0.7000799093667632,0.24395948835157155,HOLD,162000,10761.749991980381,1841919.5880889893,1852681.3380809696,0,85.26813380809696,126.94358245741873
2006-04-26,12.271269798278809,1.0803259944455235,0.7761291263825153,0.30419686806300816,HOLD,162000,10761.749991980381,1987945.707321167,1998707.4573131474,0,99.87074573131474,144.93551372586643
2006-04-27,11.195740699768066,1.088994642205904,0.8387022295471931,0.25029241265871094,HOLD,162000,10761.749991980381,1813709.9933624268,1824471.7433544071,0,82.4471743354407,123.46786802975464
2006-04-28,12.086893081665039,1.1544652013466337,0.9018548239070813,0.2526103774395524,HOLD,162000,10761.749991980381,1958076.6792297363,1968838.4292217167,0,96.88384292217167,141.2553399096884
2006-05-08,12.086893081665039,1.1926035003731705,0.9600045592002991,0.2325989411728714,HOLD,162000,10761.749991980381,1958076.6792297363,1968838.4292217167,0,96.88384292217167,141.2553399096884
2006-05-09,13.29558277130127,1.3053127013435972,1.0290661876289589,0.2762465137146384,HOLD,162000,10761.749991980381,2153884.4089508057,2164646.158942786,0,116.4646158942786,165.38088151482307
2006-05-10,14.463299751281738,1.4718934845371745,1.117631647010602,0.3542618375265725,HOLD,162000,10761.749991980381,2343054.5597076416,2353816.309699622,0,135.3816309699622,188.68860460131657
2006-05-11,14.115033149719238,1.5578498281164759,1.205675283231777,0.3521745448846989,HOLD,162000,10761.749991980381,2286635.3702545166,2297397.120246497,0,129.7397120246497,181.73717574598837
2006-05-12,14.115033149719238,1.6074412673524936,1.2860284800559203,0.3214127872965733,HOLD,162000,10761.749991980381,2286635.3702545166,2297397.120246497,0,129.7397120246497,181.73717574598837
2006-05-15,15.528585433959961,1.7407385456409123,1.3769704931729188,0.3637680524679936,HOLD,162000,10761.749991980381,2515630.8403015137,2526392.590293494,0,152.6392590293494,209.9517909089144
2006-05-16,17.085540771484375,1.9495378242660841,1.4914839593915519,0.45805386487453226,HOLD,162000,10761.749991980381,2767857.6049804688,2778619.354972449,0,177.86193549724493,241.02874233396264
2006-05-17,16.67581558227539,2.058225416935617,1.604832250900365,0.4533931660352519,HOLD,162000,10761.749991980381,2701482.1243286133,2712243.8743205937,0,171.22438743205936,232.85059521838002
2006-05-18,15.549071311950684,2.030041219634443,1.6898740446471807,0.3401671749872621,HOLD,162000,10761.749991980381,2518949.5525360107,2529711.302527991,0,152.9711302527991,210.36069065052766
2006-05-19,16.99335289001465,2.1000385559576067,1.771906946909266,0.3281316090483406,HOLD,162000,10761.749991980381,2752923.168182373,2763684.9181743534,0,176.36849181743534,239.18866494358096
2006-05-22,16.214874267578125,2.068846851788992,1.8312949278852113,0.23755192390378066,HOLD,162000,10761.749991980381,2626809.6313476562,2637571.3813396366,0,163.75713813396368,223.6501701956422
2006-05-23,14.688648223876953,1.899082078919598,1.8448523580920888,0.0542297208275091,HOLD,162000,10761.749991980381,2379561.0122680664,2390322.762260047,0,139.03227622600468,193.18657790072118
2006-05-24,14.903754234313965,1.7615929832998667,1.8282004831336445,-0.06660749983377778,SELL,0,2423721.291039267,0.0,2423721.291039267,162000,142.37212910392668,197.48011084702645
2006-05-25,15.241777420043945,1.660763285213866,1.794713043549689,-0.1339497583358229,HOLD,0,2423721.291039267,0.0,2423721.291039267,0,142.37212910392668,204.22708031384067
2006-05-26,15.241777420043945,1.562839581183935,1.7483383510765382,-0.18549876989260317,HOLD,0,2423721.291039267,0.0,2423721.291039267,0,142.37212910392668,204.22708031384067
2006-05-29,15.241777420043945,1.4683085927709243,1.6923323994154156,-0.22402380664449129,HOLD,0,2423721.291039267,0.0,2423721.291039267,0,142.37212910392668,204.22708031384067
2006-05-30,15.4876127243042,1.3971237846074658,1.6332906764538258,-0.23616689184635997,HOLD,0,2423721.291039267,0.0,2423721.291039267,0,142.37212910392668,209.13397239027321
2006-05-31,15.610529899597168,1.3352359314018294,1.5736797274434267,-0.23844379604159727,HOLD,0,2423721.291039267,0.0,2423721.291039267,0,142.37212910392668,211.58740891078213
2006-06-01,17.1674861907959,1.395733574696436,1.5380904968940285,-0.14235692219759244,HOLD,0,2423721.291039267,0.0,2423721.291039267,0,142.37212910392668,242.66437937124502
2006-06-02,16.686058044433594,1.3888216929559434,1.5082367361064115,-0.11941504315046814,HOLD,0,2423721.291039267,0.0,2423721.291039267,0,142.37212910392668,233.05503557147932
2006-06-05,16.36852264404297,1.342248913863644,1.4750391716578581,-0.13279025779421416,HOLD,0,2423721.291039267,0.0,2423721.291039267,0,142.37212910392668,226.71700391710763
2006-06-06,16.030498504638672,1.2634990967435389,1.4327311566749943,-0.1692320599314554,HOLD,0,2423721.291039267,0.0,2423721.291039267,0,142.37212910392668,219.97001541487876
2006-06-07,14.985699653625488,1.1040558946826486,1.3669961042765253,-0.26294020959387665,HOLD,0,2423721.291039267,0.0,2423721.291039267,0,142.37212910392668,199.11574788430886
2006-06-08,14.975456237792969,0.9657370348855387,1.286744290398328,-0.3210072555127892,HOLD,0,2423721.291039267,0.0,2423721.291039267,0,142.37212910392668,198.91128849579488
2006-06-09,13.961385726928711,0.7654674938942385,1.1824889310975102,-0.41702143720327167,HOLD,0,2423721.291039267,0.0,2423721.291039267,0,142.37212910392668,178.67036105993756
2006-06-12,13.531174659729004,0.5655190505045606,1.0590949549789204,-0.49357590447435973,HOLD,0,2423721.291039267,0.0,2423721.291039267,0,142.37212910392668,170.08331420274163
2006-06-13,13.879441261291504,0.43020157674265214,0.9333162793316667,-0.5031147025890146,HOLD,0,2423721.291039267,0.0,2423721.291039267,0,142.37212910392668,177.03474305806984
2006-06-14,13.316068649291992,0.2743396259521056,0.8015209486557545,-0.5271813227036489,HOLD,0,2423721.291039267,0.0,2423721.291039267,0,142.37212910392668,165.78978125643636
2006-06-15,13.561903953552246,0.16870997794093334,0.6749587545127903,-0.506248776571857,HOLD,0,2423721.291039267,0.0,2423721.291039267,0,142.37212910392668,170.6966733328689
2006-06-16,14.637433052062988,0.16982627891946578,0.5739322593941254,-0.4041059804746596,HOLD,0,2423721.291039267,0.0,2423721.291039267,0,142.37212910392668,192.16431902898066
2006-06-19,14.96521282196045,0.19491320544524093,0.4981284486043485,-0.3032152431591076,HOLD,0,2423721.291039267,0.0,2423721.291039267,0,142.37212910392668,198.70682910728092
2006-06-20,14.821808815002441,0.20090733586684628,0.4386842260568481,-0.2377768901900018,HOLD,0,2423721.291039267,0.0,2423721.291039267,0,142.37212910392668,195.84447380974404
2006-06-21,14.67840576171875,0.19187448979998223,0.38932227880547493,-0.1974477890054927,HOLD,0,2423721.291039267,0.0,2423721.291039267,0,142.37212910392668,192.98213754762185
2006-06-22,14.760350227355957,0.18914775022805586,0.34928737308999114,-0.16013962286193528,HOLD,0,2423721.291039267,0.0,2423721.291039267,0,142.37212910392668,194.6177555494896
2006-06-23,14.7910795211792,0.1873072255666859,0.3168913435853301,-0.12958411801864422,HOLD,0,2423721.291039267,0.0,2423721.291039267,0,142.37212910392668,195.23111467961684
2006-06-26,15.385181427001953,0.23112340841253598,0.2997377565507713,-0.0686143481382353,HOLD,0,2423721.291039267,0.0,2423721.291039267,0,142.37212910392668,207.08943561137752
2006-06-27,15.30323600769043,0.2562814850741759,0.29104650225545226,-0.034765017181276336,HOLD,0,2423721.291039267,0.0,2423721.291039267,0,142.37212910392668,205.45379857409517
2006-06-28,16.071470260620117,0.33435528628125866,0.29970825906061355,0.03464702722064511,BUY,149300,22811.09882273758,2399470.5099105835,2422281.608733321,149300,142.2281608733321,220.78781489810532
2006-06-29,16.389007568359375,0.41704451364172,0.32317550997683486,0.09386900366488515,HOLD,149300,22811.09882273758,2446878.8299560547,2469689.9287787923,0,146.96899287787923,227.12588462330626
2006-06-30,16.22511863708496,0.4640031159034752,0.3513410311621629,0.11266208474131229,HOLD,149300,22811.09882273758,2422410.2125167847,2445221.3113395222,0,144.52213113395223,223.85464861957075
2006-07-03,17.618183135986328,0.6066339111388235,0.40239960715749507,0.2042343039813284,HOLD,149300,22811.09882273758,2630394.742202759,2653205.8410254964,0,165.32058410254962,251.66032597005423
2006-07-04,17.26747703552246,0.6834919231963088,0.4586180703652578,0.224873852831051,HOLD,149300,22811.09882273758,2578034.3214035034,2600845.420226241,0,160.0845420226241,244.6602045241089
2006-07-05,16.545419692993164,0.6783192167353462,0.5025582996392756,0.17576091709607067,HOLD,149300,22811.09882273758,2470231.1601638794,2493042.258986617,0,149.3042258986617,230.2478829763622
2006-07-06,17.009599685668945,0.7035649963684403,0.5427596389851085,0.1608053573833318,HOLD,149300,22811.09882273758,2539533.2330703735,2562344.331893111,0,156.23443318931112,239.51295226717497
2006-07-07,16.80329704284668,0.6988694277490772,0.5739815967379023,0.12488783101117495,HOLD,149300,22811.09882273758,2508732.2484970093,2531543.347319747,0,153.15433473197467,235.39513523329614
2006-07-10,16.40100860595703,0.6551348542042614,0.5902122482311741,0.0649226059730873,HOLD,149300,22811.09882273758,2448670.5848693848,2471481.6836921223,0,147.14816836921221,227.36542628097868
2006-07-11,16.504159927368164,0.6216325461070245,0.5964963078063442,0.025136238300680236,HOLD,149300,22811.09882273758,2464071.077156067,2486882.1759788045,0,148.68821759788045,229.42433479791814
2006-07-12,16.586681365966797,0.5948830742255229,0.59617366109018,-0.0012905868646571061,SELL,0,2497716.791844817,0.0,2497716.791844817,149300,149.77167918448168,231.07146922563552
2006-07-13,14.936264991760254,0.4354890698320819,0.5640367428385604,-0.1285476730064785,HOLD,0,2497716.791844817,0.0,2497716.791844817,0,149.77167918448168,198.12902813167787
2006-07-14,14.791852951049805,0.2941248401243417,0.5100543622957167,-0.21592952217137495,HOLD,0,2497716.791844817,0.0,2497716.791844817,0,149.77167918448168,195.24655240087975
2006-07-17,14.925950050354004,0.19071474397160948,0.44618643863089524,-0.25547169465928576,HOLD,0,2497716.791844817,0.0,2497716.791844817,0,149.77167918448168,197.92314108706685
2006-07-18,14.936264991760254,0.10834489480205711,0.37861812986512766,-0.27027323506307055,HOLD,0,2497716.791844817,0.0,2497716.791844817,0,149.77167918448168,198.12902813167787
2006-07-19,14.028535842895508,-0.029836029041383938,0.29692729808382534,-0.3267633271252093,HOLD,0,2497716.791844817,0.0,2497716.791844817,0,149.77167918448168,180.01068267468895
2006-07-20,14.399879455566406,-0.10813457259122927,0.21591492394881442,-0.32404949654004367,HOLD,0,2497716.791844817,0.0,2497716.791844817,0,149.77167918448168,187.42273049317336
2006-07-21,14.946579933166504,-0.12463584841185593,0.14780476947668036,-0.2724406178885363,HOLD,0,2497716.791844817,0.0,2497716.791844817,0,149.77167918448168,198.3349151762889
2006-07-24,14.946579933166504,-0.13614384686491654,0.09101504620836098,-0.22715889307327752,HOLD,0,2497716.791844817,0.0,2497716.791844817,0,149.77167918448168,198.3349151762889
2006-07-25,15.111621856689453,-0.13044285064978745,0.0467234668367313,-0.17716631748651873,HOLD,0,2497716.791844817,0.0,2497716.791844817,0,149.77167918448168,201.62916499630904
2006-07-26,14.956894874572754,-0.13683262312132172,0.010012248845120697,-0.14684487196644241,HOLD,0,2497716.791844817,0.0,2497716.791844817,0,149.77167918448168,198.5408022208999
2006-07-27,15.03941535949707,-0.13369667827603848,-0.01872953657911114,-0.11496714169692734,HOLD,0,2497716.791844817,0.0,2497716.791844817,0,149.77167918448168,200.18791761320264
2006-07-28,14.441140174865723,-0.17744178831626733,-0.05047198692654238,-0.12696980138972497,HOLD,0,2497716.791844817,0.0,2497716.791844817,0,149.77167918448168,188.246297707032
2006-07-31,13.811919212341309,-0.2598871588532514,-0.0923550213118842,-0.16753213754136723,HOLD,0,2497716.791844817,0.0,2497716.791844817,0,149.77167918448168,175.68699763161374
2006-08-01,13.512781143188477,-0.3453822990200237,-0.1429604768535121,-0.2024218221665116,HOLD,0,2497716.791844817,0.0,2497716.791844817,0,149.77167918448168,169.7161781608211
2006-08-02,13.595301628112793,-0.40184685962373123,-0.19473775340755592,-0.20710910621617531,HOLD,0,2497716.791844817,0.0,2497716.791844817,0,149.77167918448168,171.36329355312384
2006-08-03,13.378684997558594,-0.4587859832221408,-0.2475473993704729,-0.2112385838516679,HOLD,0,2497716.791844817,0.0,2497716.791844817,0,149.77167918448168,167.0396085100486
2006-08-04,13.069231986999512,-0.5228537876447312,-0.30260867702532457,-0.22024511061940666,HOLD,0,2497716.791844817,0.0,2497716.791844817,0,149.77167918448168,160.86290199464494
2006-08-07,12.687573432922363,-0.597536609809385,-0.3615942635821367,-0.23594234622724836,HOLD,0,2497716.791844817,0.0,2497716.791844817,0,149.77167918448168,153.24496713154957
2006-08-08,13.223958015441895,-0.6064507446968364,-0.41056555980507664,-0.1958851848917597,HOLD,0,2497716.791844817,0.0,2497716.791844817,0,149.77167918448168,163.95124573463949
2006-08-09,12.656627655029297,-0.6517807566820633,-0.458808599180474,-0.19297215750158925,HOLD,0,2497716.791844817,0.0,2497716.791844817,0,149.77167918448168,152.6272869623019
2006-08-10,12.74946403503418,-0.6724622712948047,-0.5015393336033401,-0.1709229376914646,HOLD,0,2497716.791844817,0.0,2497716.791844817,0,149.77167918448168,154.48030843463027
2006-08-11,13.182698249816895,-0.6464423551107839,-0.5305199379048289,-0.11592241720595498,HOLD,0,2497716.791844817,0.0,2497716.791844817,0,149.77167918448168,163.12769755619541
2006-08-14,12.862929344177246,-0.6441981470961444,-0.553255579743092,-0.0909425673530524,HOLD,0,2497716.791844817,0.0,2497716.791844817,0,149.77167918448168,156.74508496076612
2006-08-15,13.203328132629395,-0.6079442557312689,-0.5641933149407274,-0.043750940790541426,HOLD,0,2497716.791844817,0.0,2497716.791844817,0,149.77167918448168,163.53947164541745
2006-08-16,13.100176811218262,-0.5808406655638798,-0.5675227850653579,-0.013317880498521895,HOLD,0,2497716.791844817,0.0,2497716.791844817,0,149.77167918448168,161.480563128478
2006-08-17,12.687573432922363,-0.5859006217860934,-0.571198352409505,-0.014702269376588362,HOLD,0,2497716.791844817,0.0,2497716.791844817,0,149.77167918448168,153.24496713154957
2006-08-18,12.656627655029297,-0.5856566538515366,-0.5740900126979114,-0.011566641153625268,HOLD,0,2497716.791844817,0.0,2497716.791844817,0,149.77167918448168,152.6272869623019
2006-08-21,12.625682830810547,-0.5812598939675357,-0.5755239889518363,-0.005735905015699427,HOLD,0,2497716.791844817,0.0,2497716.791844817,0,149.77167918448168,152.00962582846884
2006-08-22,12.883560180664062,-0.5506196821730374,-0.5705431275960766,0.019923445423039254,BUY,191900,23878.180056181736,2472355.1986694336,2496233.3787256153,191900,149.62333787256154,157.15687808540278
2006-08-23,13.45089054107666,-0.47508182729061055,-0.5514508675349834,0.07636904024437285,HOLD,191900,23878.180056181736,2581225.894832611,2605104.074888793,0,160.51040748887928,168.48083685774037
2006-08-24,13.43026065826416,-0.41213139799408793,-0.5235869736268044,0.11145557563271646,HOLD,191900,23878.180056181736,2577267.0203208923,2601145.200377074,0,160.1145200377074,168.0690627685183
2006-08-25,13.45089054107666,-0.3564689183152563,-0.49016336256449483,0.13369444424923854,HOLD,191900,23878.180056181736,2581225.894832611,2605104.074888793,0,160.51040748887928,168.48083685774037
2006-08-28,14.441140174865723,-0.22980211680233964,-0.4380911134120638,0.20828899660972416,HOLD,191900,23878.180056181736,2771254.799556732,2795132.979612914,0,179.5132979612914,188.246297707032
2006-08-29,14.34830379486084,-0.13534866881622953,-0.377542624492897,0.24219395567666746,HOLD,191900,23878.180056181736,2753439.498233795,2777317.678289977,0,177.7317678289977,186.39327623470362
2006-08-30,14.451455116271973,-0.05157564924085278,-0.31234922944248816,0.2607735802016354,HOLD,191900,23878.180056181736,2773234.2368125916,2797112.4168687733,0,179.71124168687732,188.45218475164302
2006-08-31,14.31735897064209,0.003949111165287178,-0.2490895613209331,0.25303867248622025,HOLD,191900,23878.180056181736,2747501.186466217,2771379.366522399,0,177.13793665223986,185.77561510087057
2006-09-01,13.750028610229492,0.0021492894429933074,-0.19884179116814782,0.20099108061114113,HOLD,191900,23878.180056181736,2638630.4903030396,2662508.6703592213,0,166.25086703592214,174.45165632853298
2006-09-04,13.946015357971191,0.01634894985713764,-0.15580364296309074,0.17215259282022838,HOLD,191900,23878.180056181736,2676240.3471946716,2700118.5272508534,0,170.01185272508533,178.36356728238619
2006-09-05,14.13168716430664,0.042099153252731725,-0.11622308371992625,0.15832223697265796,HOLD,191900,23878.180056181736,2711870.7668304443,2735748.946886626,0,173.5748946886626,182.06959119162835
2006-09-06,14.059481620788574,0.056034065225015084,-0.08177165393093798,0.13780571915595308,HOLD,191900,23878.180056181736,2698014.5230293274,2721892.703085509,0,172.18927030855093,180.62836284393663
2006-09-07,13.708767890930176,0.03833600281886973,-0.05775012258097644,0.09608612539984618,HOLD,191900,23878.180056181736,2630712.5582695007,2654590.7383256825,0,165.45907383256827,173.62808911467428
2006-09-08,13.966645240783691,0.04460453450813695,-0.037279191163153765,0.08188372567129071,HOLD,191900,23878.180056181736,2680199.2217063904,2704077.401762572,0,170.4077401762572,178.77534137160822
2006-09-11,13.904754638671875,0.044070321452254646,-0.021009288640072083,0.06507961009232673,HOLD,191900,23878.180056181736,2668322.415161133,2692200.5952173145,0,169.22005952173146,177.5400000685275
2006-09-12,14.13168716430664,0.06125243211207376,-0.004556944489642913,0.06580937660171668,HOLD,191900,23878.180056181736,2711870.7668304443,2735748.946886626,0,173.5748946886626,182.06959119162835
2006-09-13,13.822234153747559,0.0493304560646326,0.0062205356212121895,0.04310992044342041,HOLD,191900,23878.180056181736,2652486.7341041565,2676364.914160338,0,167.6364914160338,175.89288467622475
2006-09-14,13.512781143188477,0.014741995856770274,0.007924827668323807,0.006817168188446467,HOLD,191900,23878.180056181736,2593102.7013778687,2616980.8814340504,0,161.69808814340504,169.7161781608211
2006-09-15,13.976960182189941,0.024503302271162042,0.011240522588891454,0.013262779682270588,HOLD,191900,23878.180056181736,2682178.6589622498,2706056.8390184315,0,170.60568390184315,178.98122841621924
2006-09-18,14.523660659790039,0.07548324366055326,0.024089066803223817,0.05139417685732944,HOLD,191900,23878.180056181736,2787090.4806137085,2810968.66066989,0,181.09686606698904,189.8934130993348
2006-09-19,14.533975601196289,0.11538742960589587,0.04234873936375823,0.07303869024213765,HOLD,191900,23878.180056181736,2789069.917869568,2812948.0979257496,0,181.29480979257497,190.0993001439458
2006-09-20,14.410194396972656,0.13546215239303017,0.06097142196961262,0.07449073042341756,HOLD,191900,23878.180056181736,2765316.3047790527,2789194.4848352345,0,178.91944848352344,187.62861753778432
2006-09-21,14.616497039794922,0.16610367420474859,0.08199787241663982,0.08410580178810877,HOLD,191900,23878.180056181736,2804905.7819366455,2828783.9619928272,0,182.87839619928272,191.7464345716632
2006-09-22,14.595866203308105,0.18657188041492745,0.10291267401629735,0.0836592063986301,HOLD,191900,23878.180056181736,2800946.7244148254,2824824.904471007,0,182.4824904471007,191.33464144702654
2006-09-25,14.606181144714355,0.20130489336511026,0.12259111788605995,0.07871377547905031,HOLD,191900,23878.180056181736,2802926.161670685,2826804.3417268666,0,182.68043417268666,191.54052849163756
2006-09-26,14.111056327819824,0.17105664297990586,0.13228422290482914,0.038772420075076724,HOLD,191900,23878.180056181736,2707911.7093086243,2731789.889364806,0,173.17898893648058,181.6577980669917
2006-09-27,14.193577766418457,0.15199141464061938,0.13622566125198718,0.015765753388632203,HOLD,191900,23878.180056181736,2723747.573375702,2747625.7534318836,0,174.7625753431884,183.3049324947091
2006-09-28,14.956894874572754,0.19621356728008976,0.1482232424576077,0.047990324822482056,HOLD,191900,23878.180056181736,2870228.1264305115,2894106.306486693,0,189.41063064866933,198.5408022208999
2006-09-29,15.441704750061035,0.2672987929792523,0.17203835256193664,0.09526044041731566,HOLD,191900,23878.180056181736,2963263.1415367126,2987141.3215928944,0,198.71413215928945,208.21764560093473
2006-10-09,15.89556884765625,0.3561518887855737,0.20886105980666406,0.14729082897890963,HOLD,191900,23878.180056181736,3050359.6618652344,3074237.841921416,0,207.42378419214162,217.27680881172185
2006-10-10,15.606746673583984,0.39866748114333106,0.24682234407399747,0.15184513706933359,HOLD,191900,23878.180056181736,2994934.6866607666,3018812.8667169483,0,201.88128667169485,211.51189542095486
2006-10-11,15.926514625549316,0.45294275359016645,0.2880464259772313,0.16489632761293516,HOLD,191900,23878.180056181736,3056298.156642914,3080176.3366990956,0,208.01763366990954,217.89448898096953
2006-10-12,15.369499206542969,0.4458700959729054,0.31961115997636613,0.12625893599653926,HOLD,191900,23878.180056181736,2949406.8977355957,2973285.0777917774,0,197.32850777917776,206.77641725324295
2006-10-13,15.245718002319336,0.4253734152125066,0.34076361102359426,0.08460980418891234,HOLD,191900,23878.180056181736,2925653.2846450806,2949531.4647012623,0,194.95314647012623,204.30573464708152
2006-10-16,14.98784065246582,0.3838957893838497,0.3493900466956454,0.03450574268820433,HOLD,191900,23878.180056181736,2876166.621208191,2900044.8012643727,0,190.00448012643724,199.15848239014758
2006-10-17,15.049731254577637,0.3519613352491344,0.34990430440634324,0.0020570308427911854,HOLD,191900,23878.180056181736,2888043.4277534485,2911921.60780963,0,191.192160780963,200.39382369322828
2006-10-18,15.328238487243652,0.3451476095699473,0.34895296543906407,-0.003805355869116789,SELL,0,2963602.252378817,0.0,2963602.252378817,191900,196.36022523788174,205.95285003938426
2006-10-19,15.6686372756958,0.36303023371981524,0.35176841909521434,0.011261814624600908,BUY,187200,28673.453029757366,2933168.898010254,2961842.3510400113,187200,196.18423510400112,212.7472367240356
2006-10-20,15.6686372756958,0.3729037400056683,0.3559954832773051,0.016908256728363158,HOLD,187200,28673.453029757366,2933168.898010254,2961842.3510400113,0,196.18423510400112,212.7472367240356
2006-10-23,15.060046195983887,0.3278412016485568,0.35036462695155546,-0.022523425302998668,SELL,0,2846222.556529208,0.0,2846222.556529208,187200,184.6222556529208,200.5997107378393
2006-10-24,15.69958209991455,0.3398168211792072,0.3482550657970858,-0.00843824461787862,HOLD,0,2846222.556529208,0.0,2846222.556529208,0,184.6222556529208,213.36489785786864
2006-10-25,15.813048362731934,0.3543783124757862,0.3494797151328259,0.004898597342960331,BUY,178100,28228.86077860929,2816303.9134025574,2844532.7741811667,178100,184.45327741811667,215.6296934194191
2006-10-26,15.823363304138184,0.3625712333191782,0.3520980187700964,0.010473214549081789,HOLD,178100,28228.86077860929,2818141.0044670105,2846369.86524562,0,184.63698652456196,215.83558046403013
2006-10-27,15.276662826538086,0.3212468883785906,0.34592779269179524,-0.024680904313204632,SELL,0,2747370.0459953984,0.0,2747370.0459953984,178100,174.73700459953983,204.92339578091455
2006-10-30,15.276662826538086,0.28520933164874407,0.333784100483185,-0.04857476883444095,HOLD,0,2747370.0459953984,0.0,2747370.0459953984,0,174.73700459953983,204.92339578091455
2006-10-31,15.18382740020752,0.24631885482664018,0.3162910513518761,-0.0699721965252359,HOLD,0,2747370.0459953984,0.0,2747370.0459953984,0,174.73700459953983,203.0703933440008
2006-11-01,15.431389808654785,0.23279062374726145,0.2995909658309532,-0.06680034208369173,HOLD,0,2747370.0459953984,0.0,2747370.0459953984,0,174.73700459953983,208.0117585563237
2006-11-02,14.843428611755371,0.17263581020024787,0.27419993470481213,-0.10156412450456426,HOLD,0,2747370.0459953984,0.0,2747370.0459953984,0,174.73700459953983,196.27600665934946
2006-11-03,14.750593185424805,0.11613293583134343,0.2425865349301184,-0.12645359909877496,HOLD,0,2747370.0459953984,0.0,2747370.0459953984,0,174.73700459953983,194.42300422243565
2006-11-06,14.503030776977539,0.05079228161112326,0.20422768426631938,-0.15343540265519612,HOLD,0,2747370.0459953984,0.0,2747370.0459953984,0,174.73700459953983,189.48163901011276
2006-11-07,14.760908126831055,0.0195920444569726,0.16730055630445004,-0.14770851184747744,HOLD,0,2747370.0459953984,0.0,2747370.0459953984,0,174.73700459953983,194.62889126704667
2006-11-08,14.740278244018555,-0.006721545611314994,0.13249613592129703,-0.13921768153261202,HOLD,0,2747370.0459953984,0.0,2747370.0459953984,0,174.73700459953983,194.21711717782463
2006-11-09,15.152881622314453,0.0056532222119081155,0.10712755317941924,-0.10147433096751113,HOLD,0,2747370.0459953984,0.0,2747370.0459953984,0,174.73700459953983,202.45271317475311
2006-11-10,15.462334632873535,0.03996983918681529,0.09369601038089846,-0.05372617119408317,HOLD,0,2747370.0459953984,0.0,2747370.0459953984,0,174.73700459953983,208.62941969015677
2006-11-13,16.607311248779297,0.1577377467558012,0.10650435765587901,0.0512333890999222,BUY,163700,27122.02445937274,2718616.851425171,2745738.8758845436,163700,174.57388758845437,231.48324331485756
2006-11-14,16.493844985961914,0.2391570294781964,0.1330348920203425,0.1061221374578539,HOLD,163700,27122.02445937274,2700042.4242019653,2727164.448661338,0,172.7164448661338,229.21844775330712
2006-11-15,16.823928833007812,0.32655310454381237,0.17173853452503648,0.15481457001877588,HOLD,163700,27122.02445937274,2754077.149963379,2781199.1744227516,0,178.11991744227518,235.80694739334743
2006-11-16,16.658885955810547,0.3781385964621755,0.2130185469124643,0.1651200495497112,HOLD,163700,27122.02445937274,2727059.6309661865,2754181.6554255593,0,175.41816554255593,232.51267853791268
2006-11-17,16.813613891601562,0.4265882776412351,0.2557324930582185,0.1708557845830166,HOLD,163700,27122.02445937274,2752388.594055176,2779510.6185145485,0,177.95106185145485,235.6010603487364
2006-11-20,17.731657028198242,0.5329202350155455,0.3111700414496839,0.22175019356586162,HOLD,163700,27122.02445937274,2902672.2555160522,2929794.279975425,0,192.97942799754247,253.92527381492172
2006-11-21,17.57693099975586,0.5978127664727726,0.36849858645430167,0.22931418001847093,HOLD,163700,27122.02445937274,2877343.604660034,2904465.629119407,0,190.44656291194067,250.83693007492718
2006-11-22,18.649700164794922,0.7274188397090704,0.44028263710525545,0.28713620260381495,HOLD,163700,27122.02445937274,3052955.9169769287,3080077.9414363015,0,208.00779414363015,272.249487281107
2006-11-23,18.783796310424805,0.8313695145204143,0.5185000125882873,0.31286950193212704,HOLD,163700,27122.02445937274,3074907.4560165405,3102029.4804759133,0,210.20294804759132,274.9260569318795
2006-11-24,18.412452697753906,0.8737152021564647,0.5895430505019228,0.2841721516545419,HOLD,163700,27122.02445937274,3014118.5066223145,3041240.531081687,0,204.1240531081687,267.5140091133951
2006-11-27,18.598125457763672,0.9117466567762946,0.6539837717567972,0.2577628850194974,HOLD,163700,27122.02445937274,3044513.137435913,3071635.161895286,0,207.16351618952856,271.2200520580519
2006-11-28,17.803863525390625,0.8677931789612039,0.6967456531976786,0.17104752576352533,HOLD,163700,27122.02445937274,2914492.4591064453,2941614.483565818,0,194.1614483565818,255.3665211980281
2006-11-29,18.402137756347656,0.8711928922142036,0.7316351010009836,0.13955779121321998,HOLD,163700,27122.02445937274,3012429.9507141113,3039551.975173484,0,203.9551975173484,267.3081220687841
2006-11-30,19.278921127319336,0.9338711941028777,0.7720823196213624,0.16178887448151524,HOLD,163700,27122.02445937274,3155959.3885421753,3183081.413001548,0,218.3081413001548,284.80878735652533
2006-12-01,20.000978469848633,1.029935734939901,0.8236530026850701,0.20628273225483085,HOLD,163700,27122.02445937274,3274160.175514221,3301282.199973594,0,230.12821999735937,299.22110890427206
2006-12-04,20.826187133789062,1.1592914283323594,0.890780687814528,0.2685107405178314,HOLD,163700,27122.02445937274,3409246.8338012695,3436368.8582606423,0,243.63688582606423,315.6923389689582
2006-12-05,22.373451232910156,1.37085565837506,0.9867956819266345,0.3840599764484255,HOLD,163700,27122.02445937274,3662533.9668273926,3689655.9912867653,0,268.9655991286765,346.5758525105618
2006-12-06,22.239355087280273,1.5102916941317694,1.0914948843676615,0.41879680976410794,HOLD,163700,27122.02445937274,3640582.4277877808,3667704.4522471535,0,266.77044522471533,343.8992828597893
2006-12-07,21.465723037719727,1.540610912561604,1.1813180900064502,0.35929282255515393,HOLD,163700,27122.02445937274,3513938.8612747192,3541060.885734092,0,254.1060885734092,328.45752608898755
2006-12-08,20.423898696899414,1.463699972034508,1.2377944664120617,0.22590550562244638,HOLD,163700,27122.02445937274,3343392.216682434,3370514.241141807,0,237.0514241141807,307.6626300166407
2006-12-11,22.46628761291504,1.5496873826195454,1.3001730496535586,0.2495143329659868,HOLD,163700,27122.02445937274,3677731.282234192,3704853.3066935646,0,270.4853306693565,348.42887398289025
2006-12-12,23.116138458251953,1.6512361348982978,1.3703856667025065,0.2808504681957913,HOLD,163700,27122.02445937274,3784111.8656158447,3811233.8900752175,0,281.1233890075218,361.39994814753055
2006-12-13,23.30181121826172,1.7267911195630745,1.4416667572746202,0.2851243622884543,HOLD,163700,27122.02445937274,3814506.4964294434,3841628.520888816,0,284.1628520888816,365.1059910921874
2006-12-14,24.73560905456543,1.8806851244663925,1.5294704307129747,0.35121469375341774,HOLD,163700,27122.02445937274,4049219.202232361,4076341.2266917336,0,307.63412266917334,393.72470907224056
2006-12-15,26.10751724243164,2.0892650108219506,1.64142934673477,0.44783566408718056,HOLD,163700,27122.02445937274,4273800.57258606,4300922.597045433,0,330.09225970454327,421.10810478462764
2006-12-18,26.36539649963379,2.249444577506143,1.7630323928890448,0.4864121846170981,HOLD,163700,27122.02445937274,4316015.406990051,4343137.4314494245,0,334.3137431449424,426.25539511239083
2006-12-19,25.746490478515625,2.299935272482834,1.8704129688078028,0.4295223036750313,HOLD,163700,27122.02445937274,4214700.491333008,4241822.515792381,0,324.18225157923814,413.9019820815835
2006-12-20,26.09720230102539,2.3412604321948933,1.964582461485221,0.37667797070967235,HOLD,163700,27122.02445937274,4272112.016677856,4299234.04113723,0,329.923404113723,420.90221774001657
2006-12-21,25.313255310058594,2.284419581610752,2.028549885510327,0.255869696100425,HOLD,163700,27122.02445937274,4143779.894256592,4170901.9187159645,0,317.09019187159646,405.2545739246038
2006-12-22,24.71497917175293,2.1661271482499522,2.0560653380582523,0.11006181019169992,HOLD,163700,27122.02445937274,4045842.0904159546,4072964.1148753273,0,307.2964114875328,393.3129349830185
2006-12-25,25.808380126953125,2.135985549897775,2.072049380426157,0.06393616947161807,HOLD,163700,27122.02445937274,4224831.826782227,4251953.8512416,0,325.19538512416,415.13730434924963
2006-12-26,25.715543746948242,2.0806228707337375,2.0737640784876734,0.006858792246064116,HOLD,163700,27122.02445937274,4209634.511375427,4236756.5358348,0,323.67565358348,413.28428287692117
2006-12-27,26.200353622436523,2.052211042416438,2.0694534712734263,-0.017242428856988123,SELL,0,4313546.513719436,0.0,4313546.513719436,163700,331.35465137194353,422.961126256956
2006-12-28,26.87083625793457,2.0600498368239073,2.0675727443835226,-0.007522907559615266,HOLD,0,4313546.513719436,0.0,4313546.513719436,0,331.35465137194353,436.34401258164763
2006-12-29,28.24274444580078,2.1521549603994394,2.084489187586706,0.06766577281273323,BUY,151200,40681.371738234535,4270302.960205078,4310984.331943313,151200,331.0984331943312,463.7274082940348
2007-01-04,28.572826385498047,2.226122434625072,2.1128158369943795,0.11330659763069262,HOLD,151200,40681.371738234535,4320211.349487305,4360892.721225539,0,336.08927212255395,470.3158698632458
2007-01-05,28.31494903564453,2.2381338302878966,2.137879435653083,0.10025439463481378,HOLD,151200,40681.371738234535,4281220.294189453,4321901.665927688,0,332.1901665927688,465.16861760631184
2007-01-08,28.67597770690918,2.250838677243838,2.160471283971234,0.0903673932726039,HOLD,151200,40681.371738234535,4335807.829284668,4376489.2010229025,0,337.6489201022903,472.3747783801852
2007-01-09,30.40891456604004,2.3733820113166892,2.2030534294403252,0.17032858187636402,HOLD,151200,40681.371738234535,4597827.882385254,4638509.254123488,0,363.85092541234883,506.96433486644565
2007-01-10,33.45186996459961,2.685087538337875,2.2994602512198354,0.3856272871180395,HOLD,151200,40681.371738234535,5057922.738647461,5098604.1103856955,0,409.8604110385695,567.7019647974271
2007-01-11,33.61690902709961,2.9118674914076053,2.4219416992573897,0.4899257921502156,HOLD,151200,40681.371738234535,5082876.644897461,5123558.0166356955,0,412.35580166356954,570.9961575112033
2007-01-12,34.75157165527344,3.146874815388834,2.5669283224836787,0.5799464929051554,HOLD,151200,40681.371738234535,5254437.634277344,5295119.006015578,0,429.5119006015578,593.6441131267078
2007-01-15,37.36129379272461,3.5033185039413013,2.7542063587752033,0.749112145166098,HOLD,151200,40681.371738234535,5649027.621459961,5689708.9931981955,0,468.9708993198195,645.7343729715386
2007-01-16,37.722320556640625,3.771459500311135,2.9576569870823897,0.8138025132287452,HOLD,151200,40681.371738234535,5703614.8681640625,5744296.239902297,0,474.42962399022974,652.9404956745827
2007-01-17,33.94699478149414,3.6373962931782486,3.0936048483015615,0.5437914448766872,HOLD,151200,40681.371738234535,5132785.610961914,5173466.982700149,0,417.3466982700148,577.5846952220728
2007-01-18,34.78251647949219,3.5575605108696706,3.1863959808151834,0.37116453005448724,HOLD,151200,40681.371738234535,5259116.491699219,5299797.863437453,0,429.9797863437453,594.2617742605407
2007-01-19,34.83409118652344,3.4585833302957028,3.2408334507112873,0.2177498795844155,HOLD,151200,40681.371738234535,5266914.587402344,5307595.959140578,0,430.75959591405785,595.2912094835958
2007-01-22,35.762451171875,3.4156802579618564,3.2758028121614013,0.13987744580045502,HOLD,151200,40681.371738234535,5407282.6171875,5447963.988925735,0,444.79639889257345,613.8213480652214
2007-01-23,35.75213623046875,3.3423187642780086,3.289106002584723,0.05321276169328559,HOLD,151200,40681.371738234535,5405722.998046875,5446404.36978511,0,444.64043697851093,613.6154610206104
2007-01-24,38.9498176574707,3.501838405690787,3.3316524832059358,0.1701859224848512,HOLD,151200,40681.371738234535,5889212.42980957,5929893.801547805,0,492.98938015478046,677.4414346915863
2007-01-25,39.59967041015625,3.638751296975535,3.3930722459598557,0.24567905101567922,HOLD,151200,40681.371738234535,5987470.166015625,6028151.53775386,0,502.81515377538597,690.4125469270559
2007-01-26,40.60023498535156,3.7843690976048023,3.4713316162888455,0.3130374813159569,HOLD,151200,40681.371738234535,6138755.529785156,6179436.901523391,0,517.9436901523391,710.3838948209585
2007-01-29,40.19794464111328,3.8232388672457063,3.541713066480218,0.2815258007654884,HOLD,151200,40681.371738234535,6077929.229736328,6118610.601474563,0,511.86106014745627,702.354147797812
2007-01-30,38.85698318481445,3.7031514325046757,3.57400073968511,0.12915069281956582,HOLD,151200,40681.371738234535,5875175.857543945,5915857.22928218,0,491.585722928218,675.5884512900872
2007-01-31,36.061588287353516,3.343870214804653,3.5279746347090186,-0.18410441990436555,SELL,0,5489922.013496657,0.0,5489922.013496657,151200,448.9922013496657,619.7921485005994
2007-02-01,36.89711380004883,3.0909269060546336,3.440565088978142,-0.34963818292350846,HOLD,0,5489922.013496657,0.0,5489922.013496657,0,448.9922013496657,636.4693036807258
2007-02-02,34.204872131347656,2.6427619936497706,3.281004469912468,-0.6382424762626973,HOLD,0,5489922.013496657,0.0,5489922.013496657,0,448.9922013496657,582.7319474790067
2007-02-05,34.142982482910156,2.256581626008213,3.076119901131617,-0.8195382751234042,HOLD,0,5489922.013496657,0.0,5489922.013496657,0,448.9922013496657,581.4966252113406
2007-02-06,34.42148971557617,1.9505197311625935,2.8509998671378125,-0.900480135975219,HOLD,0,5489922.013496657,0.0,5489922.013496657,0,448.9922013496657,587.0556515574966
2007-02-07,35.886234283447266,1.8053452237357988,2.64186893845741,-0.8365237147216114,HOLD,0,5489922.013496657,0.0,5489922.013496657,0,448.9922013496657,616.2920687422121
2007-02-08,35.79339599609375,1.663624874780787,2.4462201257220855,-0.7825952509412986,HOLD,0,5489922.013496657,0.0,5489922.013496657,0,448.9922013496657,614.4390091990545
2007-02-09,35.679931640625,1.524580437701367,2.261892188117942,-0.7373117504165752,HOLD,0,5489922.013496657,0.0,5489922.013496657,0,448.9922013496657,612.1742517083333
2007-02-12,39.19738006591797,1.6788625287570866,2.1452862562457713,-0.46642372748868466,HOLD,0,5489922.013496657,0.0,5489922.013496657,0,448.9922013496657,682.3827999039092
2007-02-13,39.15612030029297,1.7773150970983735,2.0716920244162917,-0.2943769273179182,HOLD,0,5489922.013496657,0.0,5489922.013496657,0,448.9922013496657,681.5592517254652
2007-02-14,41.703948974609375,2.0374415893670914,2.064841937406452,-0.027400348039360534,HOLD,0,5489922.013496657,0.0,5489922.013496657,0,448.9922013496657,732.4141131609714
2007-02-15,43.08617401123047,2.328288655013303,2.1175312809278224,0.21075737408548045,BUY,126100,53495.57075480558,5433166.542816162,5486662.113570968,126100,448.66621135709676,760.0034339887989
2007-02-16,42.178443908691406,2.4572155654451038,2.1854681378312786,0.2717474276138252,HOLD,126100,53495.57075480558,5318701.776885986,5372197.347640792,0,437.21973476407913,741.8850694963952
2007-02-26,41.36355209350586,2.4652186061339094,2.2414182314918047,0.22380037464210467,HOLD,126100,53495.57075480558,5215943.918991089,5269439.489745894,0,426.9439489745895,725.6197645471493
2007-02-27,37.35097885131836,2.123303822611504,2.2177953497157445,-0.09449152710424036,SELL,0,4760628.02884616,0.0,4760628.02884616,126100,376.06280288461596,645.5284859269276
2007-02-28,38.279335021972656,1.9052815776519907,2.1552925953029938,-0.2500110176510031,HOLD,0,4760628.02884616,0.0,4760628.02884616,0,376.06280288461596,664.0585483668947
2007-03-01,36.12348175048828,1.5407769187459053,2.032389459991576,-0.4916125412456709,HOLD,0,4760628.02884616,0.0,4760628.02884616,0,376.06280288461596,621.027546909924
2007-03-02,38.114295959472656,1.3964490240946432,1.9052013728121897,-0.5087523487175465,HOLD,0,4760628.02884616,0.0,4760628.02884616,0,376.06280288461596,660.7643556531184
2007-03-05,36.3607292175293,1.12757199873883,1.7496754979975178,-0.6221034992586878,HOLD,0,4760628.02884616,0.0,4760628.02884616,0,376.06280288461596,625.7630250776359
2007-03-06,38.05240249633789,1.039011833037506,1.6075427650055154,-0.5685309319680094,HOLD,0,4760628.02884616,0.0,4760628.02884616,0,376.06280288461596,659.5289572437938
2007-03-07,41.198509216308594,1.2087579733770113,1.5277858066798147,-0.3190278333028034,HOLD,0,4760628.02884616,0.0,4760628.02884616,0,376.06280288461596,722.3254956917145
2007-03-08,43.69476318359375,1.5271063146415145,1.5276499082721546,-0.0005435936306401601,HOLD,0,4760628.02884616,0.0,4760628.02884616,0,376.06280288461596,772.1509219041659
2007-03-09,43.436885833740234,1.738550197243434,1.5698299660664106,0.1687202311770235,BUY,108500,44898.17461756803,4712902.112960815,4757800.287578383,108500,375.7800287578384,767.003669647232
2007-03-12,43.77728271484375,1.911552988119368,1.638174570477002,0.2733784176423659,HOLD,108500,44898.17461756803,4749835.174560547,4794733.349178115,0,379.4733349178115,773.798018261054
2007-03-13,44.72627258300781,2.1010153010737724,1.7307427165963563,0.3702725844774162,HOLD,108500,44898.17461756803,4852800.575256348,4897698.749873916,0,389.7698749873916,792.7399309319017
2007-03-14,42.69419860839844,2.0634084736353273,1.7972758680041505,0.2661326056311768,HOLD,108500,44898.17461756803,4632320.5490112305,4677218.7236287985,0,367.7218723628799,752.1795740102631
2007-03-15,42.84892654418945,2.022772777800668,1.842375249963454,0.18039752783721408,HOLD,108500,44898.17461756803,4649108.530044556,4694006.704662124,0,369.40067046621243,755.2679558210868
2007-03-16,40.52802658081055,1.7827411355204816,1.8304484270748596,-0.04770729155437792,SELL,0,4439550.684105101,0.0,4439550.684105101,108500,343.95506841051014,708.942609367023
2007-03-19,42.47758102416992,1.7298860308051829,1.8103359478209244,-0.08044991701574156,HOLD,0,4439550.684105101,0.0,4439550.684105101,0,343.95506841051014,747.8558699317732
2007-03-20,41.662689208984375,1.6037559204202196,1.7690199423407835,-0.16526402192056389,HOLD,0,4439550.684105101,0.0,4439550.684105101,0,343.95506841051014,731.5905649825273
2007-03-21,41.91025161743164,1.506408180816166,1.71649759003586,-0.2100894092196941,HOLD,0,4439550.684105101,0.0,4439550.684105101,0,343.95506841051014,736.5319301948502
2007-03-22,42.8592414855957,1.4886744349307364,1.6709329590148354,-0.18225852408409904,HOLD,0,4439550.684105101,0.0,4439550.684105101,0,343.95506841051014,755.4738428656979
2007-03-23,41.683319091796875,1.3640097486498775,1.6095483169418439,-0.2455385682919664,HOLD,0,4439550.684105101,0.0,4439550.684105101,0,343.95506841051014,732.0023390717495
2007-03-26,41.786468505859375,1.2590221585413701,1.5394430852617491,-0.280420926720379,HOLD,0,4439550.684105101,0.0,4439550.684105101,0,343.95506841051014,734.0612095178595
2007-03-27,42.54978561401367,1.2233104865023776,1.476216565509875,-0.2529060790074973,HOLD,0,4439550.684105101,0.0,4439550.684105101,0,343.95506841051014,749.2970792440505
2007-03-28,42.52915573120117,1.1797447073699487,1.4169221938818897,-0.23717748651194093,HOLD,0,4439550.684105101,0.0,4439550.684105101,0,343.95506841051014,748.8853051548283
2007-03-29,44.43745040893555,1.2843962255627233,1.3904170002180565,-0.10602077465533322,HOLD,0,4439550.684105101,0.0,4439550.684105101,0,343.95506841051014,786.9750175411345
2007-03-30,44.3858757019043,1.347636940103719,1.381860988195189,-0.03422404809147017,HOLD,0,4439550.684105101,0.0,4439550.684105101,0,343.95506841051014,785.9455823180795
2007-04-02,47.65576171875,1.642672430730606,1.4340232767022725,0.2086491540283335,BUY,92200,43053.13689806964,4393861.23046875,4436914.36736682,92200,343.69143673668196,851.2127653013325
2007-04-03,47.356624603271484,1.8312428893234056,1.5134671992264992,0.3177756900969064,HOLD,92200,43053.13689806964,4366280.788421631,4409333.9253197005,0,340.93339253197,845.2419648659545
2007-04-04,48.32624435424805,2.0354629963976834,1.617866358660736,0.41759663773694733,HOLD,92200,43053.13689806964,4455679.72946167,4498732.86635974,0,349.873286635974,864.5956516260242
2007-04-05,51.59613037109375,2.433113953467526,1.7809158776220941,0.6521980758454318,HOLD,92200,43053.13689806964,4757163.220214844,4800216.357112913,0,380.0216357112913,929.8628346092771
2007-04-06,51.565185546875,2.714467521280092,1.9676262063536938,0.7468413149263982,HOLD,92200,43053.13689806964,4754310.107421875,4797363.244319945,0,379.73632443199443,929.2451734754442
2007-04-09,51.565185546875,2.9039671254491424,2.1548943901727835,0.7490727352763589,HOLD,92200,43053.13689806964,4754310.107421875,4797363.244319945,0,379.73632443199443,929.2451734754442
2007-04-10,52.74110794067383,3.1131476088424677,2.3465450339067204,0.7666025749357472,HOLD,92200,43053.13689806964,4862730.152130127,4905783.289028197,0,390.57832890281964,952.7166772693926
2007-04-11,51.5445556640625,3.1461065226677647,2.5064573316589294,0.6396491910088353,HOLD,92200,43053.13689806964,4752408.0322265625,4795461.169124632,0,379.5461169124632,928.833399386222
2007-04-12,51.967472076416016,3.1698128894973436,2.639128443226612,0.5306844462707314,HOLD,92200,43053.13689806964,4791400.925445557,4834454.062343626,0,383.4454062343626,937.2748443569324
2007-04-13,50.46146774291992,3.0321259321818346,2.7177279410176567,0.3143979911641779,HOLD,92200,43053.13689806964,4652547.325897217,4695600.462795286,0,369.56004627952865,907.2148789937728
2007-04-16,52.38007736206055,3.042748873336947,2.782732127481515,0.26001674585543233,HOLD,92200,43053.13689806964,4829443.132781982,4872496.269680052,0,387.24962696800526,945.5104784246901
2007-04-17,51.358882904052734,2.934933683878512,2.8131724387609145,0.12176124511759756,HOLD,92200,43053.13689806964,4735289.003753662,4778342.140651732,0,377.83421406517317,925.1273564415653
2007-04-18,51.02880096435547,2.7906852333141074,2.8086749976715533,-0.017989764357445814,SELL,0,4745085.672542295,0.0,4745085.672542295,92200,374.50856725422955,918.5388948723541
2007-04-19,48.97609329223633,2.482118624602407,2.7433637230577244,-0.2612450984553174,HOLD,0,4745085.672542295,0.0,4745085.672542295,0,374.50856725422955,877.5666877198353
2007-04-20,51.854007720947266,2.4416551263396755,2.6830220037141146,-0.24136687737443907,HOLD,0,4745085.672542295,0.0,4745085.672542295,0,374.50856725422955,935.010086866211
2007-04-23,54.54624938964844,2.5968935428525626,2.665796311541804,-0.06890276868924161,HOLD,0,4745085.672542295,0.0,4745085.672542295,0,374.50856725422955,988.7474430679301
2007-04-24,53.514739990234375,2.6066392043512465,2.6539648901036927,-0.04732568575244622,HOLD,0,4745085.672542295,0.0,4745085.672542295,0,374.50856725422955,968.1584340401944
2007-04-25,51.946842193603516,2.4594949359440434,2.615070899271763,-0.1555759633277196,HOLD,0,4745085.672542295,0.0,4745085.672542295,0,374.50856725422955,936.8630702677102
2007-04-26,55.10326385498047,2.567976853216969,2.6056520900608042,-0.037675236843835336,HOLD,0,4745085.672542295,0.0,4745085.672542295,0,374.50856725422955,999.8654957602421
2007-04-27,55.392086029052734,2.6467450603714084,2.6138706841229253,0.032874376248483106,BUY,84800,45018.42794146575,4697248.895263672,4742267.323205138,84800,374.22673232051375,1005.6304091510091
2007-04-30,60.920982360839844,3.1193472655452723,2.714966000407395,0.4043812651378773,HOLD,84800,45018.42794146575,5166099.304199219,5211117.7321406845,0,421.1117732140685,1115.98761632066
2007-05-08,61.71524429321289,3.517431457759166,2.875459091877749,0.6419723658814167,HOLD,84800,45018.42794146575,5233452.716064453,5278471.144005919,0,427.84711440059186,1131.8411471806837
2007-05-09,58.7032356262207,3.5489618975084625,3.010159653003892,0.5388022445045704,HOLD,84800,45018.42794146575,4978034.381103516,5023052.809044981,0,402.3052809044981,1071.7212164543646
2007-05-10,58.56913757324219,3.522523942686881,3.11263251094049,0.4098914317463911,HOLD,84800,45018.42794146575,4966662.8662109375,5011681.294152403,0,401.1681294152403,1069.044608732763
2007-05-11,57.74393081665039,3.395839263110666,3.1692738613745255,0.2265654017361407,HOLD,84800,45018.42794146575,4896685.333251953,4941703.761193419,0,394.1703761193419,1052.573416738906
2007-05-14,57.90896987915039,3.271051370843132,3.189629363268247,0.08142200757488505,HOLD,84800,45018.42794146575,4910680.645751953,4955699.073693419,0,395.5699073693419,1055.8676094526825
2007-05-15,57.41384506225586,3.0965090040910255,3.171005291432803,-0.07449628734177738,SELL,0,4910791.272783995,0.0,4910791.272783995,84800,391.0791272783995,1045.9848790280364
2007-05-16,58.64134216308594,3.022391431299134,3.141282519406069,-0.11889108810693516,HOLD,0,4910791.272783995,0.0,4910791.272783995,0,391.0791272783995,1070.48581804504
2007-05-17,60.74562454223633,3.0977418825049625,3.132574392025848,-0.03483250952088568,HOLD,0,4910791.272783995,0.0,4910791.272783995,0,391.0791272783995,1112.487460420614
2007-05-18,60.50837707519531,3.102549510637253,3.1265694157481296,-0.024019905110876483,HOLD,0,4910791.272783995,0.0,4910791.272783995,0,391.0791272783995,1107.7519822529023
2007-05-21,60.032203674316406,3.032974138754689,3.107850360349442,-0.07487622159475293,HOLD,0,4910791.272783995,0.0,4910791.272783995,0,391.0791272783995,1098.247523587734
2007-05-22,60.270263671875,2.9628902530251082,3.0788583388845754,-0.11596808585946716,HOLD,0,4910791.272783995,0.0,4910791.272783995,0,391.0791272783995,1102.9992199287087
2007-05-23,61.025840759277344,2.9344900503457083,3.0499846811768023,-0.11549463083109401,HOLD,0,4910791.272783995,0.0,4910791.272783995,0,391.0791272783995,1118.0805982297827
2007-05-24,62.40243911743164,2.9886118112861766,3.037710107198677,-0.04909829591250059,HOLD,0,4910791.272783995,0.0,4910791.272783995,0,391.0791272783995,1145.5576101113077
2007-05-25,66.57364654541016,3.3297025377730165,3.096108593313545,0.23359394445947146,BUY,73000,47999.14925036486,4859876.197814941,4907875.347065306,73000,390.7875347065306,1228.8152396006674
2007-05-28,66.41838836669922,3.5466082660604314,3.1862085278629224,0.36039973819750903,HOLD,73000,47999.14925036486,4848542.350769043,4896541.500019408,0,389.6541500019408,1225.7162740993108
2007-05-29,66.242431640625,3.662095029264762,3.2813858281432906,0.38070920112147144,HOLD,73000,47999.14925036486,4835697.509765625,4883696.65901599,0,388.369665901599,1222.204163958879
2007-05-30,59.618186950683594,3.182413059024796,3.261591274319592,-0.07917821529479596,SELL,0,4397515.520061827,0.0,4397515.520061827,73000,339.75155200618275,1089.9837171063277
2007-05-31,55.974853515625,2.4796907506665917,3.1052111695889923,-0.6255204189224006,HOLD,0,4397515.520061827,0.0,4397515.520061827,0,339.75155200618275,1017.2624941799219
2007-06-01,57.74477005004883,2.0420561784805358,2.8925801713673014,-0.8505239928867656,HOLD,0,4397515.520061827,0.0,4397515.520061827,0,339.75155200618275,1052.5901679037784
2007-06-04,55.96450424194336,1.5338932876200175,2.620842794617845,-1.0869495069978274,HOLD,0,4397515.520061827,0.0,4397515.520061827,0,339.75155200618275,1017.0559218603844
2007-06-05,60.529022216796875,1.4824007951948843,2.393154394733253,-0.9107535995383689,HOLD,0,4397515.520061827,0.0,4397515.520061827,0,339.75155200618275,1108.1640609087583
2007-06-06,59.9286994934082,1.37727522581433,2.1899785609494686,-0.8127033351351387,HOLD,0,4397515.520061827,0.0,4397515.520061827,0,339.75155200618275,1096.1815719673825
2007-06-07,62.67155075073242,1.4980193931139567,2.0515867273823662,-0.5535673342684095,HOLD,0,4397515.520061827,0.0,4397515.520061827,0,339.75155200618275,1150.9290995525537
2007-06-08,62.80610656738281,1.586281875453416,1.9585257569965764,-0.37224388154316035,HOLD,0,4397515.520061827,0.0,4397515.520061827,0,339.75155200618275,1153.6148442731765
2007-06-11,62.72330093383789,1.6307505290211708,1.8929707114014953,-0.2622201823803245,HOLD,0,4397515.520061827,0.0,4397515.520061827,0,339.75155200618275,1151.9620372919
2007-06-12,63.12696838378906,1.6792079826213993,1.8502181656454761,-0.1710101830240769,HOLD,0,4397515.520061827,0.0,4397515.520061827,0,339.75155200618275,1160.0192714537689
2007-06-13,63.3753776550293,1.7178530749413525,1.8237451475046516,-0.10589207256329902,HOLD,0,4397515.520061827,0.0,4397515.520061827,0,339.75155200618275,1164.977540114281
2007-06-14,62.0919303894043,1.6261706380488192,1.7842302456134853,-0.15805960756466608,HOLD,0,4397515.520061827,0.0,4397515.520061827,0,339.75155200618275,1139.3598313919115
2007-06-15,61.864219665527344,1.5176428518203409,1.7309127668548565,-0.21326991503451564,HOLD,0,4397515.520061827,0.0,4397515.520061827,0,339.75155200618275,1134.8147073704745
2007-06-18,65.69386291503906,1.7208174910403287,1.728893711691951,-0.008076220651622279,HOLD,0,4397515.520061827,0.0,4397515.520061827,0,339.75155200618275,1211.2546888985082
2007-06-19,64.3069076538086,1.7497491392080846,1.7330647971951778,0.016684342012906805,BUY,67600,47760.27448992804,4347146.957397461,4394907.231887389,67600,339.4907231887389,1183.5709524141284
2007-06-20,64.3069076538086,1.7524762237929892,1.7369470825147402,0.015529141278249003,HOLD,67600,47760.27448992804,4347146.957397461,4394907.231887389,0,339.4907231887389,1183.5709524141284
2007-06-21,63.70658874511719,1.6867529016343425,1.7269082463386607,-0.04015534470431814,SELL,0,4351741.734420348,0.0,4351741.734420348,67600,335.1741734420348,1171.588539614411
2007-06-22,60.29096221923828,1.343566383330142,1.650239873736957,-0.30667349040681513,HOLD,0,4351741.734420348,0.0,4351741.734420348,0,335.1741734420348,1103.4123645677837
2007-06-25,57.22724914550781,0.8149779954913114,1.483187498087828,-0.6682095025965165,HOLD,0,4351741.734420348,0.0,4351741.734420348,0,335.1741734420348,1042.2604098020204
2007-06-26,58.06563186645508,0.45843382896390494,1.2782367642630434,-0.8198029352991385,HOLD,0,4351741.734420348,0.0,4351741.734420348,0,335.1741734420348,1058.9945950843705
2007-06-27,59.03856658935547,0.2514788179391729,1.0728851749982693,-0.8214063570590964,HOLD,0,4351741.734420348,0.0,4351741.734420348,0,335.1741734420348,1078.4144489456855
2007-06-28,56.59587860107422,-0.1083895780022317,0.8366302243981691,-0.9450198024004008,HOLD,0,4351741.734420348,0.0,4351741.734420348,0,335.1741734420348,1029.6582039020316
2007-06-29,54.82596206665039,-0.5302924655684578,0.5632456864048437,-1.0935381519733016,HOLD,0,4351741.734420348,0.0,4351741.734420348,0,335.1741734420348,994.3305301781752
2007-07-02,52.74553680419922,-1.0207597919703701,0.24644459072980096,-1.267204382700171,HOLD,0,4351741.734420348,0.0,4351741.734420348,0,335.1741734420348,952.8050777349227
2007-07-03,54.08073425292969,-1.2868849971788876,-0.06022132685193674,-1.226663670326951,HOLD,0,4351741.734420348,0.0,4351741.734420348,0,335.1741734420348,979.4557241966389
2007-07-04,52.642032623291016,-1.5954905159068318,-0.36727516466291577,-1.228215351243916,HOLD,0,4351741.734420348,0.0,4351741.734420348,0,335.1741734420348,950.7391261145711
2007-07-05,51.24473190307617,-1.930558822894227,-0.679931896309178,-1.250626926585049,HOLD,0,4351741.734420348,0.0,4351741.734420348,0,335.1741734420348,922.8488934523123
2007-07-06,54.743160247802734,-1.8919991518902748,-0.9223453474253974,-0.9696538044648774,HOLD,0,4351741.734420348,0.0,4351741.734420348,0,335.1741734420348,992.6777993385574
2007-07-09,55.95415496826172,-1.7436237720996743,-1.0866010323602528,-0.6570227397394215,HOLD,0,4351741.734420348,0.0,4351741.734420348,0,335.1741734420348,1016.8493495408468
2007-07-10,58.458946228027344,-1.407692490606081,-1.1508193240094187,-0.2568731665966624,HOLD,0,4351741.734420348,0.0,4351741.734420348,0,335.1741734420348,1066.8451807850433
2007-07-11,57.75511932373047,-1.1846021229341446,-1.157575883794364,-0.02702623913978064,HOLD,0,4351741.734420348,0.0,4351741.734420348,0,335.1741734420348,1052.796740223316
2007-07-12,57.27900314331055,-1.0342972609690122,-1.1329201592292937,0.09862289826028148,BUY,75200,41776.26942156907,4307381.036376953,4349157.305798522,75200,334.91573057985227,1043.2934236830254
2007-07-13,57.703369140625,-0.8708976199174714,-1.0805156513669292,0.2096180314494578,HOLD,75200,41776.26942156907,4339293.359375,4381069.628796569,0,338.10696287965686,1051.7638024839694
2007-07-16,54.83631134033203,-0.9616643624797447,-1.0567453935894924,0.09508103110974764,HOLD,75200,41776.26942156907,4123690.6127929688,4165466.882214538,0,316.5466882214538,994.5371024977129
2007-07-17,56.57517623901367,-0.8831058997778101,-1.022017494827156,0.13891159504934603,HOLD,75200,41776.26942156907,4254453.253173828,4296229.522595397,0,329.6229522595398,1029.244983121298
2007-07-18,56.7200813293457,-0.7999339813406579,-0.9776007921298565,0.17766681078919866,HOLD,75200,41776.26942156907,4265350.115966797,4307126.385388366,0,330.7126385388366,1032.1373001614584
2007-07-19,57.35145568847656,-0.6752886948698773,-0.9171383726778607,0.2418496778079834,HOLD,75200,41776.26942156907,4312829.4677734375,4354605.737195007,0,335.46057371950064,1044.7395822031058
2007-07-20,60.021854400634766,-0.35691327464374467,-0.8050933530710376,0.4481800784272929,HOLD,75200,41776.26942156907,4513643.450927734,4555419.720349303,0,355.5419720349303,1098.0409512681965
2007-07-23,64.24481201171875,0.23346765632808797,-0.5973811511912125,0.8308488075193005,HOLD,75200,41776.26942156907,4831209.86328125,4872986.132702819,0,387.2986132702819,1182.3315184969028
2007-07-24,64.24481201171875,0.6933562186982911,-0.33923367721331177,1.0325898959116029,HOLD,75200,41776.26942156907,4831209.86328125,4872986.132702819,0,387.2986132702819,1182.3315184969028
2007-07-25,65.86981964111328,1.1753965132853565,-0.0363076391135781,1.2117041523989347,HOLD,75200,41776.26942156907,4953410.437011719,4995186.706433288,0,399.51867064332885,1214.76679903894
2007-07-26,69.2440414428711,1.8088372694321393,0.3327213425955654,1.4761159268365738,HOLD,75200,41776.26942156907,5207151.916503906,5248928.185925475,0,424.89281859254754,1282.1165325240997
2007-07-27,67.50518035888672,2.145796666899585,0.6953364074563694,1.4504602594432159,HOLD,75200,41776.26942156907,5076389.562988281,5118165.83240985,0,411.8165832409851,1247.4087280421734
2007-07-30,67.61903381347656,2.3944249984222807,1.0351541256495518,1.359270872772729,HOLD,75200,41776.26942156907,5084951.3427734375,5126727.612195007,0,412.67276121950067,1249.6812519820626
2007-07-31,67.9295425415039,2.5867023077095084,1.3454637620615433,1.241238545647965,HOLD,75200,41776.26942156907,5108301.599121094,5150077.868542663,0,415.0077868542663,1255.8790307014588
2007-08-01,66.09752655029297,2.5617251084765797,1.5887160313445505,0.9730090771320292,HOLD,75200,41776.26942156907,4970533.996582031,5012310.2660036,0,401.23102660036005,1219.3118469187184
2007-08-02,67.7225341796875,2.642592867451178,1.7994913985658763,0.8431014688853018,HOLD,75200,41776.26942156907,5092734.5703125,5134510.839734069,0,413.45108397340687,1251.7471274607556
2007-08-03,74.47098541259766,3.214173769928948,2.082427872838491,1.131745897090457,HOLD,75200,41776.26942156907,5600218.103027344,5641994.372448913,0,464.1994372448913,1386.4467467143922
2007-08-06,75.54742431640625,3.7112345745110247,2.4081892131729976,1.303045361338027,HOLD,75200,41776.26942156907,5681166.30859375,5722942.578015319,0,472.2942578015319,1407.9325521960589
2007-08-07,76.87226867675781,4.164061996311233,2.7593637698006446,1.4046982265105883,HOLD,75200,41776.26942156907,5780794.6044921875,5822570.873913757,0,482.25708739137565,1434.3765501965788
2007-08-08,75.619873046875,4.371481413328581,3.081787298506232,1.2896941148223493,HOLD,75200,41776.26942156907,5686614.453125,5728390.722546569,0,472.8390722546569,1409.3786345744804
2007-08-09,80.805419921875,4.897833910554965,3.444996620915979,1.4528372896389863,HOLD,75200,41776.26942156907,6076567.578125,6118343.847546569,0,511.8343847546569,1512.8825594866225
2007-08-10,79.69792938232422,5.1660557509755165,3.7892084469278866,1.37684730404763,HOLD,75200,41776.26942156907,5993284.289550781,6035060.55897235,0,503.50605589723506,1490.7769609046848
2007-08-13,78.6732406616211,5.235587086964301,4.07848417493517,1.1571029120291314,HOLD,75200,41776.26942156907,5916227.697753906,5958003.967175475,0,495.8003967175475,1470.3240931623648
2007-08-14,85.36993408203125,5.764607556538493,4.415708851255835,1.3488987052826582,HOLD,75200,41776.26942156907,6419819.04296875,6461595.312390319,0,546.1595312390319,1603.9906223933378
2007-08-15,83.90017700195312,5.996143170967443,4.731795715198157,1.2643474557692862,HOLD,75200,41776.26942156907,6309293.310546875,6351069.579968444,0,535.1069579968444,1574.6541550693405
2007-08-16,81.22978210449219,5.896190647193038,4.964674701597133,0.9315159455959048,HOLD,75200,41776.26942156907,6108479.6142578125,6150255.883679382,0,515.0255883679382,1521.352862145908
2007-08-17,80.48455810546875,5.691239141211881,5.109987589520083,0.581251551691798,HOLD,75200,41776.26942156907,6052438.76953125,6094215.038952819,0,509.4215038952819,1506.4781323060301
2007-08-20,87.78157043457031,6.047905022993021,5.297571076214671,0.7503339467783503,HOLD,75200,41776.26942156907,6601174.0966796875,6642950.366101257,0,564.2950366101256,1652.1270743367204
2007-08-21,91.39385223388672,6.546581341450846,5.547373129261906,0.9992082121889396,HOLD,75200,41776.26942156907,6872817.687988281,6914593.95740985,0,591.459395740985,1724.2285041628547
2007-08-22,92.79115295410156,6.97414282970189,5.832727069349904,1.141415760351986,HOLD,75200,41776.26942156907,6977894.7021484375,7019670.971570007,0,601.9670971570006,1752.1187368251137
2007-08-23,98.27685546875,7.667255389133189,6.1996327333065615,1.4676226558266272,HOLD,75200,41776.26942156907,7390419.53125,7432195.800671569,0,643.2195800671569,1861.6137919954558
2007-08-24,97.57302856445312,8.066770428924542,6.573060272430158,1.4937101564943838,HOLD,75200,41776.26942156907,7337491.748046875,7379268.017468444,0,637.9268017468444,1847.5653514337284
2007-08-27,97.57302856445312,8.287851779998391,6.916018573943806,1.3718332060545855,HOLD,75200,41776.26942156907,7337491.748046875,7379268.017468444,0,637.9268017468444,1847.5653514337284
2007-08-28,97.57302856445312,8.366615211409552,7.206137901436955,1.1604773099725971,HOLD,75200,41776.26942156907,7337491.748046875,7379268.017468444,0,637.9268017468444,1847.5653514337284
2007-08-29,97.57302856445312,8.332978410248373,7.431506003199239,0.901472407049134,HOLD,75200,41776.26942156907,7337491.748046875,7379268.017468444,0,637.9268017468444,1847.5653514337284
2007-08-30,97.57302856445312,8.211662074179088,7.58753721739521,0.6241248567838786,HOLD,75200,41776.26942156907,7337491.748046875,7379268.017468444,0,637.9268017468444,1847.5653514337284
2007-08-31,92.1080322265625,7.587079344330931,7.587445642782354,-0.00036629845142321926,SELL,0,6964144.378445006,0.0,6964144.378445006,75200,596.4144378445006,1738.4835931857783
2007-09-03,94.18846130371094,7.177231612349701,7.505402836695824,-0.3281712243461232,HOLD,0,6964144.378445006,0.0,6964144.378445006,0,596.4144378445006,1780.0091217706897
2007-09-04,90.10005950927734,6.448193712097904,7.293961011776241,-0.8457672996783367,HOLD,0,6964144.378445006,0.0,6964144.378445006,0,596.4144378445006,1698.4042992626062
2007-09-05,87.88507843017578,5.626832835652095,6.960535376551412,-1.333702540899317,HOLD,0,6964144.378445006,0.0,6964144.378445006,0,596.4144378445006,1654.1931020987306
2007-09-06,88.61995697021484,4.977815817862606,6.563991464813651,-1.5861756469510455,HOLD,0,6964144.378445006,0.0,6964144.378445006,0,596.4144378445006,1668.8613357607296
2007-09-07,84.94557189941406,4.119486116592,6.075090395169322,-1.9556042785773213,HOLD,0,6964144.378445006,0.0,6964144.378445006,0,596.4144378445006,1595.5203197340525
2007-09-10,86.7361831665039,3.5429006555171583,5.56865244723889,-2.0257517917217314,HOLD,0,6964144.378445006,0.0,6964144.378445006,0,596.4144378445006,1631.2610619553254
2007-09-11,82.82373809814453,2.7386810933185473,5.002658176454822,-2.2639770831362744,HOLD,0,6964144.378445006,0.0,6964144.378445006,0,596.4144378445006,1553.168349587674
2007-09-12,84.73856353759766,2.230134108494596,4.448153362862777,-2.2180192543681807,HOLD,0,6964144.378445006,0.0,6964144.378445006,0,596.4144378445006,1591.3884164933493
2007-09-13,92.03557586669922,2.388383077025324,4.036199305695287,-1.6478162286699627,HOLD,0,6964144.378445006,0.0,6964144.378445006,0,596.4144378445006,1737.0373585240397
2007-09-14,91.16614532470703,2.4157929883132567,3.712118042218881,-1.2963250539056244,HOLD,0,6964144.378445006,0.0,6964144.378445006,0,596.4144378445006,1719.6834562830763
2007-09-17,89.59288787841797,2.284235567101959,3.4265415471954968,-1.1423059800935378,HOLD,0,6964144.378445006,0.0,6964144.378445006,0,596.4144378445006,1688.2811134803856
2007-09-18,88.61995697021484,2.0775196168706174,3.156737161130521,-1.0792175442599037,HOLD,0,6964144.378445006,0.0,6964144.378445006,0,596.4144378445006,1668.8613357607296
2007-09-19,87.5745620727539,1.8084939134233053,2.887088511589078,-1.0785945981657727,HOLD,0,6964144.378445006,0.0,6964144.378445006,0,596.4144378445006,1647.9951710960172
2007-09-20,90.8349380493164,1.8371961448821281,2.6771100382476885,-0.8399138933655603,HOLD,0,6964144.378445006,0.0,6964144.378445006,0,596.4144378445006,1713.0725329246052
2007-09-21,92.00452423095703,1.9320472621401876,2.528097483026188,-0.5960502208860006,HOLD,0,6964144.378445006,0.0,6964144.378445006,0,596.4144378445006,1736.4175654237683
2007-09-24,89.9758529663086,1.822511856975666,2.3869803578160838,-0.5644685008404178,HOLD,0,6964144.378445006,0.0,6964144.378445006,0,596.4144378445006,1695.9251268615208
2007-09-25,92.49099731445312,1.9165624492830773,2.2928967761094827,-0.37633432682640544,HOLD,0,6964144.378445006,0.0,6964144.378445006,0,596.4144378445006,1746.1276065669135
2007-09-26,95.42015075683594,2.2020723053347098,2.274731881954528,-0.07265957661981837,HOLD,0,6964144.378445006,0.0,6964144.378445006,0,596.4144378445006,1804.5937404703957
2007-09-27,95.64786529541016,2.4188327847447937,2.303552062512581,0.11528072223221253,BUY,72000,73366.08939471375,6886646.301269531,6960012.390664245,72000,596.0012390664244,1809.1389406334908
2007-09-28,100.09852600097656,2.9161327860400945,2.426068207218084,0.4900645788220106,HOLD,72000,73366.08939471375,7207093.8720703125,7280459.961465026,0,628.0459961465026,1897.9744796003172
2007-10-08,103.56590270996094,3.5491228631444045,2.650679138403348,0.8984437247410564,HOLD,72000,73366.08939471375,7456744.9951171875,7530111.084511901,0,653.0111084511901,1967.1835923862911
2007-10-09,103.41064453125,3.992224147324464,2.9189881401875715,1.0732360071368925,HOLD,72000,73366.08939471375,7445566.40625,7518932.495644714,0,651.8932495644714,1964.0846268849346
2007-10-10,101.76493835449219,4.1626064368144995,3.1677117995129573,0.9948946373015422,HOLD,72000,73366.08939471375,7327075.5615234375,7400441.650918151,0,640.0441650918151,1931.2362017038217
2007-10-11,103.32784271240234,4.37333585528738,3.408836610667842,0.9644992446195375,HOLD,72000,73366.08939471375,7439604.675292969,7512970.7646876825,0,651.2970764687682,1962.4318960453163
2007-10-12,108.00621795654297,4.861802389460692,3.6994297664264124,1.1623726230342797,HOLD,72000,73366.08939471375,7776447.692871094,7849813.7822658075,0,684.9813782265808,2055.812635175238
2007-10-15,109.71402740478516,5.325334446129062,4.024610702366942,1.30072374376212,HOLD,72000,73366.08939471375,7899409.973144531,7972776.062539245,0,697.2776062539245,2089.900646556893
2007-10-16,116.59703063964844,6.176884498480803,4.455065461589715,1.7218190368910875,HOLD,72000,73366.08939471375,8394986.206054688,8468352.295449402,0,746.8352295449403,2227.2859343894943
2007-10-17,112.90194702148438,6.478896991626698,4.859831767597112,1.619065224029586,HOLD,72000,73366.08939471375,8128940.185546875,8202306.274941589,0,720.230627494159,2153.531773723742
2007-10-18,110.76976776123047,6.471594508326149,5.182184315742919,1.2894101925832295,HOLD,72000,73366.08939471375,7975423.278808594,8048789.3682033075,0,704.8789368203308,2110.973307399485
2007-10-19,109.6415786743164,6.302124834894386,5.406172419573213,0.8959524153211724,HOLD,72000,73366.08939471375,7894193.664550781,7967559.753945495,0,696.7559753945495,2088.4545641784716
2007-10-22,109.6415786743164,6.097530363289508,5.544444008316472,0.5530863549730354,HOLD,72000,73366.08939471375,7894193.664550781,7967559.753945495,0,696.7559753945495,2088.4545641784716
2007-10-23,109.6415786743164,5.867748023846488,5.609104811422476,0.2586432124240119,HOLD,72000,73366.08939471375,7894193.664550781,7967559.753945495,0,696.7559753945495,2088.4545641784716
2007-10-24,109.6415786743164,5.6208502020737825,5.611453889552738,0.009396312521044337,HOLD,72000,73366.08939471375,7894193.664550781,7967559.753945495,0,696.7559753945495,2088.4545641784716
2007-10-25,109.6415786743164,5.363356464763839,5.561834404594959,-0.19847793983111917,SELL,0,7962823.237746764,0.0,7962823.237746764,72000,696.2823237746763,2088.4545641784716
2007-10-26,109.6415786743164,5.100495485791498,5.469566620834267,-0.3690711350427689,HOLD,0,7962823.237746764,0.0,7962823.237746764,0,696.2823237746763,2088.4545641784716
2007-10-29,109.6415786743164,4.836424969664563,5.342938290600326,-0.5065133209357633,HOLD,0,7962823.237746764,0.0,7962823.237746764,0,696.2823237746763,2088.4545641784716
2007-10-30,109.6415786743164,4.574416161078901,5.189233864696042,-0.6148177036171409,HOLD,0,7962823.237746764,0.0,7962823.237746764,0,696.2823237746763,2088.4545641784716
2007-10-31,109.6415786743164,4.317008505792941,5.014788792915422,-0.6977802871224803,HOLD,0,7962823.237746764,0.0,7962823.237746764,0,696.2823237746763,2088.4545641784716
2007-11-01,109.6415786743164,4.0661391632664134,4.8250588669856205,-0.758919703719207,HOLD,0,7962823.237746764,0.0,7962823.237746764,0,696.2823237746763,2088.4545641784716
2007-11-02,120.60263061523438,4.697637250154855,4.7995745436194674,-0.10193729346461211,HOLD,0,7962823.237746764,0.0,7962823.237746764,0,696.2823237746763,2307.23802605796
2007-11-05,110.53170776367188,4.335487919812834,4.706757218858141,-0.3712692990453066,HOLD,0,7962823.237746764,0.0,7962823.237746764,0,696.2823237746763,2106.2216110585096
2007-11-06,110.75941467285156,4.020510073470163,4.569507789780546,-0.5489977163103825,HOLD,0,7962823.237746764,0.0,7962823.237746764,0,696.2823237746763,2110.7666589382884
2007-11-07,107.47834777832031,3.466177249866206,4.348841681797678,-0.882664431931472,HOLD,0,7962823.237746764,0.0,7962823.237746764,0,696.2823237746763,2045.2763047539424
2007-11-08,99.68450927734375,2.3706396045160716,3.953201266341357,-1.5825616618252853,HOLD,0,7962823.237746764,0.0,7962823.237746764,0,696.2823237746763,1889.7106731189108
2007-11-09,97.71794128417969,1.3284193347213602,3.428244880017358,-2.0998255452959977,HOLD,0,7962823.237746764,0.0,7962823.237746764,0,696.2823237746763,1850.457820757206
2007-11-12,103.06908416748047,0.923598107370907,2.927315525488068,-2.003717418117161,HOLD,0,7962823.237746764,0.0,7962823.237746764,0,696.2823237746763,1957.2670550652667
2007-11-13,103.34854125976562,0.6181980180065949,2.4654920239917733,-1.8472940059851783,HOLD,0,7962823.237746764,0.0,7962823.237746764,0,696.2823237746763,1962.8450406843917
2007-11-14,107.43694305419922,0.6980197661459897,2.1119975724226165,-1.4139778062766268,HOLD,0,7962823.237746764,0.0,7962823.237746764,0,696.2823237746763,2044.4498631924753
2007-11-15,106.30875396728516,0.662605541758964,1.8221191662898861,-1.159513624530922,HOLD,0,7962823.237746764,0.0,7962823.237746764,0,696.2823237746763,2021.931119971462
2007-11-16,103.10013580322266,0.37135015011446626,1.5319653630548022,-1.160615212940336,HOLD,0,7962823.237746764,0.0,7962823.237746764,0,696.2823237746763,1957.8868481655381
2007-11-19,99.01173400878906,-0.1872136206742283,1.1881295663089961,-1.3753431869832244,HOLD,0,7962823.237746764,0.0,7962823.237746764,0,696.2823237746763,1876.2820256574546
2007-11-20,99.28084564208984,-0.6012337253801405,0.8302569079711688,-1.4314906333513093,HOLD,0,7962823.237746764,0.0,7962823.237746764,0,696.2823237746763,1881.6535150987004
2007-11-21,96.46553802490234,-1.143339728724456,0.43553758063204384,-1.5788773093564998,HOLD,0,7962823.237746764,0.0,7962823.237746764,0,696.2823237746763,1825.4597528517907
2007-11-22,90.29671478271484,-2.0471370016191486,-0.060997335818194644,-1.986139665800954,HOLD,0,7962823.237746764,0.0,7962823.237746764,0,696.2823237746763,1702.3295540421132
2007-11-23,91.60086059570312,-2.627876657675813,-0.5743732001897184,-2.0535034574860944,HOLD,0,7962823.237746764,0.0,7962823.237746764,0,696.2823237746763,1728.360407403558
2007-11-26,88.17488861083984,-3.3262217128355047,-1.1247429027188758,-2.2014788101166287,HOLD,0,7962823.237746764,0.0,7962823.237746764,0,696.2823237746763,1659.9777361790516
2007-11-27,84.33489990234375,-4.141776377096093,-1.7281495975943193,-2.413626779501774,HOLD,0,7962823.237746764,0.0,7962823.237746764,0,696.2823237746763,1583.3312584731389
2007-11-28,85.7322006225586,-4.622078391333304,-2.3069353563421164,-2.3151430349911872,HOLD,0,7962823.237746764,0.0,7962823.237746764,0,696.2823237746763,1611.2214911353976
2007-11-29,90.67967987060547,-4.551039420976011,-2.755756169268895,-1.7952832517071156,HOLD,0,7962823.237746764,0.0,7962823.237746764,0,696.2823237746763,1709.9735674232484
2007-11-30,86.82933807373047,-4.750668183882951,-3.1547385721917065,-1.5959296116912443,HOLD,0,7962823.237746764,0.0,7962823.237746764,0,696.2823237746763,1633.1204412561394
2007-12-03,87.53316497802734,-4.796788080588271,-3.4831484738710197,-1.3136396067172518,HOLD,0,7962823.237746764,0.0,7962823.237746764,0,696.2823237746763,1647.168881817867
2007-12-04,89.52043914794922,-4.619728657550652,-3.7104645106069465,-0.9092641469437059,HOLD,0,7962823.237746764,0.0,7962823.237746764,0,696.2823237746763,1686.835031101964
2007-12-05,93.13272094726562,-4.140201175082268,-3.796411843502011,-0.34378933158025715,HOLD,0,7962823.237746764,0.0,7962823.237746764,0,696.2823237746763,1758.9364609280985
2007-12-06,91.4766616821289,-3.849428517089933,-3.8070151782195953,-0.042413338870337824,HOLD,0,7962823.237746764,0.0,7962823.237746764,0,696.2823237746763,1725.8813872857895
2007-12-07,92.749755859375,-3.4761896795425145,-3.740850078484179,0.2646603989416647,BUY,84900,83644.29272234999,7874454.2724609375,7958098.5651832875,84900,695.8098565183287,1751.292447546963
2007-12-10,92.749755859375,-3.1441513916687,-3.6215103411210836,0.47735894945238355,HOLD,84900,83644.29272234999,7874454.2724609375,7958098.5651832875,0,695.8098565183287,1751.292447546963
2007-12-11,93.88829803466797,-2.7573527716112096,-3.448678827219109,0.6913260556078993,HOLD,84900,83644.29272234999,7971116.503143311,8054760.7958656605,0,705.4760795865661,1774.0178392291725
2007-12-12,90.8349380493164,-2.666455472430556,-3.2922341562613986,0.6257786838308426,HOLD,84900,83644.29272234999,7711886.240386963,7795530.533109313,0,679.5530533109312,1713.0725329246052
2007-12-13,86.3428726196289,-2.923194084586811,-3.2184261419264812,0.2952320573396703,HOLD,84900,83644.29272234999,7330509.885406494,7414154.178128844,0,641.4154178128844,1623.4105523963112
2007-12-14,87.93682861328125,-2.9638766321148893,-3.167516239964163,0.20363960784927393,HOLD,84900,83644.29272234999,7465836.749267578,7549481.041989928,0,654.9481041989928,1655.226039838077
2007-12-17,83.44476318359375,-3.320315452835729,-3.1980760825384764,-0.1222393702972524,SELL,0,7163854.010772887,0.0,7163854.010772887,84900,616.3854010772886,1565.5640593097835
2007-12-18,81.90255737304688,-3.6847632493662132,-3.295413515904024,-0.3893497334621894,HOLD,0,7163854.010772887,0.0,7163854.010772887,0,616.3854010772886,1534.7815096073641
2007-12-19,85.16292572021484,-3.6682213044309293,-3.3699750736094054,-0.2982462308215239,HOLD,0,7163854.010772887,0.0,7163854.010772887,0,616.3854010772886,1599.8587191526346
2007-12-20,86.59127807617188,-3.4995153612921257,-3.3958831311459496,-0.10363223014617606,HOLD,0,7163854.010772887,0.0,7163854.010772887,0,616.3854010772886,1628.368744915165
2007-12-21,87.12950134277344,-3.2845226340180886,-3.373611031720378,0.08908839770228916,BUY,81300,75975.37452990655,7083628.4591674805,7159603.833697387,81300,615.9603833697387,1639.1117237976566
2007-12-24,91.74576568603516,-2.710401573768067,-3.240969140129916,0.530567566361849,HOLD,81300,75975.37452990655,7458930.750274658,7534906.124804565,0,653.4906124804564,1731.2527244437185
2007-12-25,90.88668823242188,-2.2982342542163394,-3.0524221629472006,0.7541879087308612,HOLD,81300,75975.37452990655,7389087.753295898,7465063.127825805,0,646.5063127825805,1714.1054706639516
2007-12-26,91.27999877929688,-1.9177452365351684,-2.8254867776647945,0.9077415411296261,HOLD,81300,75975.37452990655,7421063.900756836,7497039.2752867425,0,649.7039275286743,1721.9559802229658
2007-12-27,92.99816131591797,-1.4607252598005402,-2.5525344740919436,1.0918092142914033,HOLD,81300,75975.37452990655,7560750.514984131,7636725.889514037,0,663.6725889514038,1756.250640065817
2007-12-28,92.39784240722656,-1.133903421629995,-2.268808263599554,1.134904841969559,HOLD,81300,75975.37452990655,7511944.5877075195,7587919.962237426,0,658.7919962237426,1744.2682272660995
2008-01-02,89.62393951416016,-1.08620445246315,-2.032287501372273,0.9460830489091232,HOLD,81300,75975.37452990655,7286426.282501221,7362401.657031127,0,636.2401657031128,1688.900906580657
2008-01-03,87.98857879638672,-1.1669111925398425,-1.859212239605787,0.6923010470659445,HOLD,81300,75975.37452990655,7153471.45614624,7229446.830676147,0,622.9446830676147,1656.2589775774238
2008-01-04,91.60086059570312,-0.928685603850596,-1.6731069124547489,0.7444213086041529,HOLD,81300,75975.37452990655,7447149.966430664,7523125.340960571,0,652.312534096057,1728.360407403558
2008-01-07,93.70198822021484,-0.5638469919096423,-1.4512549283457277,0.8874079364360854,HOLD,81300,75975.37452990655,7617971.642303467,7693947.016833373,0,669.3947016833373,1770.2990806275445
2008-01-08,96.13433074951172,-0.0775461455514801,-1.1765131717868782,1.098967026235398,HOLD,81300,75975.37452990655,7815721.089935303,7891696.464465209,0,689.1696464465209,1818.848829493319
2008-01-09,97.33497619628906,0.40012049217064316,-0.861186438995374,1.261306931166017,HOLD,81300,75975.37452990655,7913333.564758301,7989308.939288207,0,698.9308939288208,1842.813807376071
2008-01-10,96.46553802490234,0.7004440665469218,-0.5488603378869148,1.2493044044338366,HOLD,81300,75975.37452990655,7842648.241424561,7918623.615954467,0,691.8623615954467,1825.4597528517907
2008-01-11,98.04914855957031,1.0540859516124215,-0.22827107998704754,1.282357031599469,HOLD,81300,75975.37452990655,7971395.777893066,8047371.152422973,0,704.7371152422973,1857.0687441156774
2008-01-14,101.03005981445312,1.5569369194850111,0.1287705199073642,1.428166399577647,HOLD,81300,75975.37452990655,8213743.862915039,8289719.237444946,0,728.9719237444946,1916.567968041823
2008-01-15,97.33497619628906,1.6384010994805323,0.43069663582199785,1.2077044636585343,HOLD,81300,75975.37452990655,7913333.564758301,7989308.939288207,0,698.9308939288208,1842.813807376071
2008-01-16,91.95277404785156,1.254205614992216,0.5953984316560416,0.6588071833361745,HOLD,81300,75975.37452990655,7475760.530090332,7551735.904620239,0,655.1735904620239,1735.3846276844215
2008-01-17,88.92011260986328,0.6969831051405748,0.6157153663529482,0.08126773878762661,HOLD,81300,75975.37452990655,7229205.155181885,7305180.529711791,0,630.518052971179,1674.8524660189296
2008-01-18,88.75450897216797,0.2392593886584251,0.5404241708140436,-0.3011647821556185,SELL,0,7287387.5090195,0.0,7287387.5090195,81300,628.73875090195,1671.5470043396938
2008-01-21,82.78234100341797,-0.5984949210630077,0.31264035243863336,-0.9111352735016411,HOLD,0,7287387.5090195,0.0,7287387.5090195,0,628.73875090195,1552.3420603095235
2008-01-22,75.11270904541016,-1.859857172668029,-0.12185915258269911,-1.73799802008533,HOLD,0,7287387.5090195,0.0,7287387.5090195,0,628.73875090195,1399.255601075577
2008-01-23,77.30699157714844,-2.65186651629206,-0.6278606253245713,-2.0240058909674885,HOLD,0,7287387.5090195,0.0,7287387.5090195,0,628.73875090195,1443.0536536003774
2008-01-24,76.2719497680664,-3.3247333940292094,-1.167235179065499,-2.1574982149637103,HOLD,0,7287387.5090195,0.0,7287387.5090195,0,628.73875090195,1422.3941373968614
2008-01-25,78.68358612060547,-3.6216383510961805,-1.6581158134716354,-1.963522537624545,HOLD,0,7287387.5090195,0.0,7287387.5090195,0,628.73875090195,1470.530589340244
2008-01-28,70.81729888916016,-4.440494055567697,-2.2145914618908478,-2.2259025936768495,HOLD,0,7287387.5090195,0.0,7287387.5090195,0,628.73875090195,1313.5188753267905
2008-01-29,70.17557525634766,-5.082635378149305,-2.7882002451425394,-2.294435133006766,HOLD,0,7287387.5090195,0.0,7287387.5090195,0,628.73875090195,1300.7100209656057
2008-01-30,68.30215454101562,-5.677262450020066,-3.366012686118045,-2.3112497639020213,HOLD,0,7287387.5090195,0.0,7287387.5090195,0,628.73875090195,1263.3163956213978
2008-01-31,70.50679016113281,-5.902571844895007,-3.8733245178734377,-2.0292473270215696,HOLD,0,7287387.5090195,0.0,7287387.5090195,0,628.73875090195,1307.321096607394
2008-02-01,71.73848724365234,-5.913575485637111,-4.281374711426173,-1.6322007742109381,HOLD,0,7287387.5090195,0.0,7287387.5090195,0,628.73875090195,1331.905867590417
2008-02-04,77.65889739990234,-5.3825219667953235,-4.501604162500003,-0.8809178042953203,HOLD,0,7287387.5090195,0.0,7287387.5090195,0,628.73875090195,1450.0777215979242
2008-02-05,76.19950103759766,-5.021534196413143,-4.605590169282632,-0.4159440271305108,HOLD,0,7287387.5090195,0.0,7287387.5090195,0,628.73875090195,1420.9480550184396
2008-02-13,72.34915924072266,-4.988633332230094,-4.682198801872125,-0.3064345303579694,HOLD,0,7287387.5090195,0.0,7287387.5090195,0,628.73875090195,1344.0949288513307
2008-02-14,73.33244323730469,-4.8275671701686775,-4.711272475531436,-0.11629469463724185,HOLD,0,7287387.5090195,0.0,7287387.5090195,0,628.73875090195,1363.721355032183
2008-02-15,70.70344543457031,-4.856081344610274,-4.740234249347203,-0.1158470952630708,HOLD,0,7287387.5090195,0.0,7287387.5090195,0,628.73875090195,1311.2463513869013
2008-02-18,72.19390106201172,-4.704184806218919,-4.733024360721546,0.02883955450262743,BUY,99900,70889.49049487244,7212170.716094971,7283060.206589843,99900,628.3060206589843,1340.995963349974
2008-02-19,73.12543487548828,-4.4572582134558445,-4.6778711312684065,0.22061291781256198,HOLD,99900,70889.49049487244,7305230.944061279,7376120.434556152,0,637.6120434556152,1359.58945179148
2008-02-20,70.61029052734375,-4.413640537912755,-4.625025012597276,0.21138447468452082,HOLD,99900,70889.49049487244,7053968.023681641,7124857.514176513,0,612.4857514176514,1309.3869720860873
2008-02-21,69.54420471191406,-4.414213130237627,-4.582862636125347,0.16864950588771954,HOLD,99900,70889.49049487244,6947466.050720215,7018355.541215087,0,601.8355541215087,1288.107815065617
2008-02-22,64.53462219238281,-4.763982135694221,-4.619086536039122,-0.1448955996550989,SELL,0,6514030.042259703,0.0,6514030.042259703,99900,551.4030042259703,1188.1161525772238
2008-02-25,60.74637985229492,-5.285923256720565,-4.752453880175411,-0.5334693765451544,HOLD,0,6514030.042259703,0.0,6514030.042259703,0,551.4030042259703,1112.502536468999
2008-02-26,62.06087875366211,-5.5297527325527085,-4.907913650650871,-0.6218390819018378,HOLD,0,6514030.042259703,0.0,6514030.042259703,0,551.4030042259703,1138.74003829164
2008-02-27,65.65245819091797,-5.371262335630959,-5.000583387646889,-0.37067894798407064,HOLD,0,6514030.042259703,0.0,6514030.042259703,0,551.4030042259703,1210.4282473370408
2008-02-28,65.14529418945312,-5.226335508123867,-5.045733811742284,-0.18060169638158285,HOLD,0,6514030.042259703,0.0,6514030.042259703,0,551.4030042259703,1200.3052138381372
2008-02-29,65.06249237060547,-5.059834742684515,-5.048553997930731,-0.011280744753784155,HOLD,0,6514030.042259703,0.0,6514030.042259703,0,551.4030042259703,1198.6524829985194
2008-03-03,67.83638763427734,-4.650444096390018,-4.968932017622588,0.3184879212325704,BUY,95000,65706.54290820193,6444456.825256348,6510163.36816455,95000,551.016336816455,1254.0196514006448
2008-03-04,64.63812255859375,-4.531832181867486,-4.881512050471568,0.34967986860408207,HOLD,95000,65706.54290820193,6140621.643066406,6206328.185974608,0,520.6328185974609,1190.182028055917
2008-03-05,63.43748092651367,-4.483035488069973,-4.801816737991249,0.3187812499212761,HOLD,95000,65706.54290820193,6026560.688018799,6092267.230927001,0,509.22672309270007,1166.2171263148236
2008-03-06,65.35230255126953,-4.240966433255849,-4.689646677044169,0.4486802437883197,HOLD,95000,65706.54290820193,6208468.7423706055,6274175.285278807,0,527.4175285278807,1204.4371170788406
2008-03-07,63.44783020019531,-4.154904809390246,-4.582698303513385,0.42779349412313916,HOLD,95000,65706.54290820193,6027543.869018555,6093250.411926757,0,509.3250411926757,1166.4236986343615
2008-03-10,62.588748931884766,-4.108658968114142,-4.487890436433537,0.3792314683193947,HOLD,95000,65706.54290820193,5945931.148529053,6011637.691437255,0,501.16376914372546,1149.2763687129357
2008-03-11,63.427127838134766,-3.9587249179762978,-4.382057332742089,0.42333241476579087,HOLD,95000,65706.54290820193,6025577.144622803,6091283.687531005,0,509.12836875310046,1166.0104778536277
2008-03-12,61.04654312133789,-3.986045740228448,-4.302855014239361,0.31680927401091274,HOLD,95000,65706.54290820193,5799421.5965271,5865128.139435302,0,486.5128139435302,1118.4938190105163
2008-03-13,57.941429138183594,-4.209727320532565,-4.284229475498002,0.07450215496543677,HOLD,95000,65706.54290820193,5504435.768127441,5570142.311035643,0,457.0142311035643,1056.515498824944
2008-03-14,60.021854400634766,-4.171042471395445,-4.26159207467749,0.09054960328204498,HOLD,95000,65706.54290820193,5702076.168060303,5767782.710968505,0,476.7782710968505,1098.0409512681965
2008-03-17,60.54972457885742,-4.051091279405341,-4.219491915623061,0.1684006362177195,HOLD,95000,65706.54290820193,5752223.834991455,5817930.377899657,0,481.7930377899657,1108.577281689492
2008-03-18,58.107032775878906,-4.10580474826147,-4.196754482150743,0.09094973388927308,HOLD,95000,65706.54290820193,5520168.113708496,5585874.656616698,0,458.58746566166985,1059.8209605041798
2008-03-19,60.021854400634766,-3.9491323250398906,-4.147230050728573,0.19809772568868222,HOLD,95000,65706.54290820193,5702076.168060303,5767782.710968505,0,476.7782710968505,1098.0409512681965
2008-03-20,60.96373748779297,-3.7062429457620496,-4.059032629735269,0.35278968397321897,HOLD,95000,65706.54290820193,5791555.061340332,5857261.604248534,0,485.7261604248534,1116.84101202924
2008-03-21,61.19144821166992,-3.4555436541580278,-3.9383348346198206,0.4827911804617928,HOLD,95000,65706.54290820193,5813187.580108643,5878894.1230168445,0,487.88941230168444,1121.386136050677
2008-03-24,57.68266677856445,-3.4996502077740175,-3.85059790925066,0.35094770147664267,HOLD,95000,65706.54290820193,5479853.343963623,5545559.886871825,0,454.5559886871825,1051.3505817032358
2008-03-25,55.81959915161133,-3.642945350132969,-3.809067397427122,0.16612204729415314,HOLD,95000,65706.54290820193,5302861.919403076,5368568.462311278,0,436.8568462311278,1014.1636048202239
2008-03-26,56.11975860595703,-3.6897542333993485,-3.7852047646215676,0.09545053122221914,HOLD,95000,65706.54290820193,5331377.067565918,5397083.61047412,0,439.7083610474119,1020.1548112200826
2008-03-27,52.89044189453125,-3.9419886889109677,-3.816561549479448,-0.12542713943151984,SELL,0,5087283.767700682,0.0,5087283.767700682,95000,408.7283767700683,955.6973947750831
2008-03-28,56.96849060058594,-3.7693709018469264,-3.807123419952944,0.03775251810601743,BUY,88400,48247.58986743074,5036014.569091797,5084262.158959228,88400,408.4262158959228,1037.0955688219706
2008-03-31,54.33949661254883,-3.800893570265842,-3.8058774500155237,0.00498387974968173,HOLD,88400,48247.58986743074,4803611.500549316,4851859.090416747,0,385.18590904167473,984.6206413183472
2008-04-01,51.037723541259766,-4.045665095993002,-3.8538349792110194,-0.19183011678198225,SELL,0,4557275.310058165,0.0,4557275.310058165,88400,355.72753100581656,918.7169902116091
2008-04-02,52.07276153564453,-4.108766079891069,-3.9048211993470296,-0.20394488054403936,HOLD,0,4557275.310058165,0.0,4557275.310058165,0,355.72753100581656,939.3764302734664
2008-04-03,53.72882080078125,-3.979273335812941,-3.919711626640212,-0.05956170917272896,HOLD,0,4557275.310058165,0.0,4557275.310058165,0,355.72753100581656,972.4315039157751
2008-04-07,58.84191131591797,-3.424589197953779,-3.8206871409029257,0.3960979429491469,BUY,76600,47280.52901476994,4507290.406799316,4554570.935814086,76600,355.4570935814087,1074.4891941661783
2008-04-08,59.700992584228516,-2.8824502514700754,-3.633039763016356,0.7505895115462806,HOLD,76600,47280.52901476994,4573096.031951904,4620376.560966674,0,362.03765609666743,1091.636524087604
2008-04-09,56.492374420166016,-2.680807223848575,-3.4425932551828002,0.7617860313342253,HOLD,76600,47280.52901476994,4327315.880584717,4374596.409599487,0,337.45964095994873,1027.59225228168
2008-04-10,56.492374420166016,-2.4922742851268964,-3.2525294611716196,0.7602551760447231,HOLD,76600,47280.52901476994,4327315.880584717,4374596.409599487,0,337.45964095994873,1027.59225228168
2008-04-11,58.779808044433594,-2.133687969547239,-3.0287611628467435,0.8950731932995044,HOLD,76600,47280.52901476994,4502533.296203613,4549813.825218383,0,354.98138252183827,1073.2496079656357
2008-04-14,54.256690979003906,-2.189247197950195,-2.860858369867434,0.6716111719172391,HOLD,76600,47280.52901476994,4156062.528991699,4203343.058006469,0,320.3343058006469,982.9678343370707
2008-04-15,56.08871078491211,-2.061683791835037,-2.701023454260955,0.6393396624259178,HOLD,76600,47280.52901476994,4296395.246124268,4343675.7751390375,0,334.36757751390377,1019.5350942614697
2008-04-16,54.00828170776367,-2.1042061346018386,-2.5816599903291317,0.47745385572729315,HOLD,76600,47280.52901476994,4137034.3788146973,4184314.907829467,0,318.43149078294675,978.0095656765585
2008-04-17,53.977230072021484,-2.1160188568902853,-2.4885317636413626,0.3725129067510773,HOLD,76600,47280.52901476994,4134655.8235168457,4181936.3525316156,0,318.1936352531616,977.3897725762873
2008-04-18,54.753509521484375,-2.0392342375649335,-2.398672258426077,0.3594380208611434,HOLD,76600,47280.52901476994,4194118.829345703,4241399.358360473,0,324.1399358360473,992.884371658095
2008-04-21,56.93743896484375,-1.7816196173974248,-2.275261730220347,0.49364211282292203,HOLD,76600,47280.52901476994,4361407.824707031,4408688.353721801,0,340.8688353721801,1036.4757757216992
2008-04-22,58.15878677368164,-1.4620519887275876,-2.112619781921795,0.6505677931942073,HOLD,76600,47280.52901476994,4454963.066864014,4502243.595878784,0,350.2243595878784,1060.8539743851845
2008-04-23,60.984439849853516,-0.9696087067562758,-1.8840175668886912,0.9144088601324154,HOLD,76600,47280.52901476994,4671408.092498779,4718688.621513549,0,371.8688621513549,1117.2542328099735
2008-04-24,67.08081817626953,-0.08642087054891334,-1.5244982276207357,1.4380773570718224,HOLD,76600,47280.52901476994,5138390.672302246,5185671.201317016,0,418.5671201317016,1238.9384253828878
2008-04-25,73.78263854980469,1.141138414061352,-0.9913708992843182,2.13250931334567,HOLD,76600,47280.52901476994,5651750.112915039,5699030.641929809,0,469.90306419298093,1372.7072890028983
2008-04-28,73.32332611083984,2.0532566514418704,-0.38244538913908055,2.435702040580951,HOLD,76600,47280.52901476994,5616566.780090332,5663847.309105102,0,466.3847309105102,1363.5393764683442
2008-04-29,76.9143295288086,3.0309420770173645,0.30023210409220846,2.730709972925156,HOLD,76600,47280.52901476994,5891637.641906738,5938918.170921508,0,493.8918170921508,1435.2160881233099
2008-04-30,82.7601547241211,4.228727915176748,1.0859312663091165,3.1427966488676313,HOLD,76600,47280.52901476994,6339427.851867676,6386708.380882446,0,538.6708380882446,1551.8992204236295
2008-05-05,83.78317260742188,5.200581745847813,1.908861362216856,3.2917203836309574,HOLD,76600,47280.52901476994,6417791.021728516,6465071.550743286,0,546.5071550743286,1572.3187381195216
2008-05-06,85.2237548828125,6.017658042605902,2.7306206982946652,3.2870373443112366,HOLD,76600,47280.52901476994,6528139.6240234375,6575420.153038207,0,557.5420153038207,1601.0728740392349
2008-05-07,78.8768539428711,6.082934746650608,3.4010835079658537,2.681851238684754,HOLD,76600,47280.52901476994,6041967.012023926,6089247.541038696,0,508.9247541038696,1474.3882303269943
2008-05-08,80.0460205078125,6.158023118286081,3.9524714300298998,2.2055516882561816,HOLD,76600,47280.52901476994,6131525.1708984375,6178805.699913207,0,517.8805699913207,1497.7248872437215
2008-05-09,77.10223388671875,5.911844156280338,4.344345975279988,1.5674981810003503,HOLD,76600,47280.52901476994,5906031.115722656,5953311.644737426,0,495.33116447374266,1438.966673938195
2008-05-12,77.62418365478516,5.693234476306429,4.614123675485277,1.0791108008211525,HOLD,76600,47280.52901476994,5946012.467956543,5993292.996971313,0,499.3292996971313,1449.384832505483
2008-05-13,74.15843963623047,5.1806093127235755,4.7274208029329365,0.45318850979063896,HOLD,76600,47280.52901476994,5680536.476135254,5727817.005150024,0,472.78170051500234,1380.2083083493517
2008-05-14,76.35062408447266,4.894816740970313,4.760899990540413,0.1339167504299006,HOLD,76600,47280.52901476994,5848457.8048706055,5895738.333885375,0,489.5738333885375,1423.9644829619713
2008-05-15,76.47589111328125,4.625116605957814,4.733743313623893,-0.10862670766607874,SELL,0,5901818.956336547,0.0,5901818.956336547,76600,490.1818956336546,1426.4648227441226
2008-05-16,78.48017883300781,4.520991399690217,4.691192930837158,-0.17020153114694025,HOLD,0,5901818.956336547,0.0,5901818.956336547,0,490.1818956336546,1466.4705638251742
2008-05-19,76.20448303222656,4.2063535656610895,4.594225057801944,-0.3878714921408548,HOLD,0,5901818.956336547,0.0,5901818.956336547,0,490.1818956336546,1421.0474960244535
2008-05-20,71.61133575439453,3.5455018779119456,4.384480421823945,-0.838978543911999,HOLD,0,5901818.956336547,0.0,5901818.956336547,0,490.1818956336546,1329.3679138289622
2008-05-21,73.26068878173828,3.118908325555708,4.131366002570298,-1.0124576770145897,HOLD,0,5901818.956336547,0.0,5901818.956336547,0,490.1818956336546,1362.2891304356103
2008-05-22,71.19377899169922,2.584257800423856,3.8219443621410094,-1.2376865617171533,HOLD,0,5901818.956336547,0.0,5901818.956336547,0,490.1818956336546,1321.0334478884586
2008-05-23,69.71144104003906,2.017672648687551,3.461090019450318,-1.4434173707627669,HOLD,0,5901818.956336547,0.0,5901818.956336547,0,490.1818956336546,1291.445865374695
2008-05-26,65.86990356445312,1.244326048577463,3.017737225275747,-1.7734111766982839,HOLD,0,5901818.956336547,0.0,5901818.956336547,0,490.1818956336546,1214.7684741554272
2008-05-27,67.47750091552734,0.7524887454592175,2.564687529312441,-1.8121987838532236,HOLD,0,5901818.956336547,0.0,5901818.956336547,0,490.1818956336546,1246.856244168025
2008-05-28,71.63220977783203,0.690000525530948,2.1897501285561427,-1.4997496030251947,HOLD,0,5901818.956336547,0.0,5901818.956336547,0,490.1818956336546,1329.784560984329
2008-05-29,68.27086639404297,0.36503791205946357,1.824807685256807,-1.4597697731973434,HOLD,0,5901818.956336547,0.0,5901818.956336547,0,490.1818956336546,1262.691881738299
2008-05-30,71.48606872558594,0.36276097453897194,1.53239834311324,-1.169637368574268,HOLD,0,5901818.956336547,0.0,5901818.956336547,0,490.1818956336546,1326.8675740468111
2008-06-02,70.96411895751953,0.31520600239608143,1.2889598749698084,-0.9737538725737269,HOLD,0,5901818.956336547,0.0,5901818.956336547,0,490.1818956336546,1316.449415479523
2008-06-03,70.35865783691406,0.2260568493310302,1.0763792698420527,-0.8503224205110225,HOLD,0,5901818.956336547,0.0,5901818.956336547,0,490.1818956336546,1304.3643637241341
2008-06-04,69.16861724853516,0.058702487607902754,0.8728439133952227,-0.81414142578732,HOLD,0,5901818.956336547,0.0,5901818.956336547,0,490.1818956336546,1280.6110596520402
2008-06-05,71.29816436767578,0.09679382638752543,0.7176338959936833,-0.6208400696061579,HOLD,0,5901818.956336547,0.0,5901818.956336547,0,490.1818956336546,1323.116988231926
2008-06-06,70.90148162841797,0.09389019721265868,0.5928851562374784,-0.4989949590248197,HOLD,0,5901818.956336547,0.0,5901818.956336547,0,490.1818956336546,1315.199169446789
2008-06-10,65.32707214355469,-0.3541369377961985,0.40348073743074303,-0.7576176752269415,HOLD,0,5901818.956336547,0.0,5901818.956336547,0,490.1818956336546,1203.9335161494555
2008-06-11,67.18521118164062,-0.5528919842629989,0.21220619309199465,-0.7650981773549935,HOLD,0,5901818.956336547,0.0,5901818.956336547,0,490.1818956336546,1241.0221180096723
2008-06-12,62.299774169921875,-1.0920324576802045,-0.048641537062445186,-1.0433909206177594,HOLD,0,5901818.956336547,0.0,5901818.956336547,0,490.1818956336546,1143.5084096558282
2008-06-13,57.45608901977539,-1.8883819863500406,-0.41658962691996426,-1.4717923594300764,HOLD,0,5901818.956336547,0.0,5901818.956336547,0,490.1818956336546,1046.8280717543762
2008-06-16,55.57707595825195,-2.6406753144453745,-0.8614067644250464,-1.779268550020328,HOLD,0,5901818.956336547,0.0,5901818.956336547,0,490.1818956336546,1009.3228227387928
2008-06-17,51.69377899169922,-3.5097644284964105,-1.3910782972393192,-2.1186861312570913,HOLD,0,5901818.956336547,0.0,5901818.956336547,0,490.1818956336546,931.811908783816
2008-06-18,54.84634780883789,-3.8991904164455917,-1.8927007210805737,-2.006489695365018,HOLD,0,5901818.956336547,0.0,5901818.956336547,0,490.1818956336546,994.7374312012525
2008-06-19,49.35544967651367,-4.59788139287101,-2.433736855438661,-2.1641445374323487,HOLD,0,5901818.956336547,0.0,5901818.956336547,0,490.1818956336546,885.1386710920199
2008-06-20,54.178253173828125,-4.70816627896987,-2.888622740144903,-1.8195435388249668,HOLD,0,5901818.956336547,0.0,5901818.956336547,0,490.1818956336546,981.4022095547884
2008-06-23,52.52889633178711,-4.872490125518183,-3.285396217219559,-1.5870939082986242,HOLD,0,5901818.956336547,0.0,5901818.956336547,0,490.1818956336546,948.4809168064818
2008-06-24,54.032108306884766,-4.82579258134718,-3.5934754900450834,-1.2323170913020967,HOLD,0,5901818.956336547,0.0,5901818.956336547,0,490.1818956336546,978.4851464756119
2008-06-25,56.078147888183594,-4.570994566393388,-3.7889793053147445,-0.7820152610786435,HOLD,0,5901818.956336547,0.0,5901818.956336547,0,490.1818956336546,1019.3242580090555
2008-06-26,55.91112518310547,-4.33259913438291,-3.897703271128378,-0.43489586325453233,HOLD,0,5901818.956336547,0.0,5901818.956336547,0,490.1818956336546,1015.990471632854
2008-06-27,51.25534439086914,-4.467849054161263,-4.011732427734955,-0.4561166264263079,HOLD,0,5901818.956336547,0.0,5901818.956336547,0,490.1818956336546,923.0607195462871
2008-06-30,49.940032958984375,-4.627823560757207,-4.134950654339406,-0.49287290641780146,HOLD,0,5901818.956336547,0.0,5901818.956336547,0,490.1818956336546,896.8069995503836
2008-07-01,46.28639221191406,-4.991879503745309,-4.306336424220587,-0.6855430795247228,HOLD,0,5901818.956336547,0.0,5901818.956336547,0,490.1818956336546,823.8800418626839
2008-07-02,44.99196243286133,-5.323480358788686,-4.509765211134207,-0.813715147654479,HOLD,0,5901818.956336547,0.0,5901818.956336547,0,490.1818956336546,798.043121305464
2008-07-03,46.516048431396484,-5.401035645805173,-4.6880192980684,-0.7130163477367732,HOLD,0,5901818.956336547,0.0,5901818.956336547,0,490.1818956336546,828.4639981299609
2008-07-04,47.53907012939453,-5.3186395027919815,-4.814143339013117,-0.5044961637788647,HOLD,0,5901818.956336547,0.0,5901818.956336547,0,490.1818956336546,848.8835919675118
2008-07-07,51.77729034423828,-4.855381202634085,-4.822390911737311,-0.03299029089677408,HOLD,0,5901818.956336547,0.0,5901818.956336547,0,490.1818956336546,933.4788019719166
2008-07-08,51.79816818237305,-4.435432094879872,-4.744999148365824,0.30956705348595204,BUY,112700,60662.810050612316,5837653.554153442,5898316.364204055,112700,489.83163642040546,933.8955252689418
2008-07-09,54.26176452636719,-3.8593396998833924,-4.567867258669338,0.7085275587859456,HOLD,112700,60662.810050612316,6115300.862121582,6175963.672172194,0,517.5963672172195,983.0691027428891
2008-07-10,51.944313049316406,-3.5488721042533555,-4.364068227786142,0.815196123532786,HOLD,112700,60662.810050612316,5854124.080657959,5914786.890708571,0,491.4786890708571,936.8125883481181
2008-07-11,50.963050842285156,-3.34346260163683,-4.15994710255628,0.8164845009194499,HOLD,112700,60662.810050612316,5743535.829925537,5804198.639976149,0,480.419863997615,917.226517246276
2008-07-14,51.109195709228516,-3.132768812746498,-3.9545114445943237,0.8217426318478256,HOLD,112700,60662.810050612316,5760006.356430054,5820669.166480666,0,482.06691664806664,920.1435803254523
2008-07-15,48.08189392089844,-3.173488422083871,-3.7983068400922333,0.6248184180083625,HOLD,112700,60662.810050612316,5418829.444885254,5479492.254935866,0,447.9492254935866,859.7183976901666
2008-07-16,46.28639221191406,-3.3124570452491255,-3.701136881123612,0.3886798358744863,HOLD,112700,60662.810050612316,5216476.402282715,5277139.212333327,0,427.7139212333327,823.8800418626839
2008-07-17,45.22161865234375,-3.4685259992588584,-3.6546147047506614,0.186088705491803,HOLD,112700,60662.810050612316,5096476.422119141,5157139.232169753,0,415.7139232169753,802.627077572741
2008-07-18,48.269798278808594,-3.308115255140983,-3.5853148148287257,0.2771995596877428,HOLD,112700,60662.810050612316,5440006.2660217285,5500669.076072341,0,450.06690760723404,863.4689835050517
2008-07-21,50.775150299072266,-2.944880861350775,-3.4572280241331357,0.5123471627823606,HOLD,112700,60662.810050612316,5722359.438705444,5783022.248756057,0,478.30222487560565,913.4760075730494
2008-07-22,50.1696891784668,-2.675034507046618,-3.300789320715832,0.6257548136692139,HOLD,112700,60662.810050612316,5654123.970413208,5714786.78046382,0,471.478678046382,901.3909558176605
2008-07-23,50.48286056518555,-2.408149366619405,-3.122261329896547,0.714111963277142,HOLD,112700,60662.810050612316,5689418.385696411,5750081.195747023,0,475.0081195747024,907.6418814146967
2008-07-24,53.196990966796875,-1.9550961975906844,-2.888828303435375,0.9337321058446904,HOLD,112700,60662.810050612316,5995300.881958008,6055963.69200862,0,505.59636920086206,961.8161384529461
2008-07-25,51.63114547729492,-1.702770463780979,-2.6516167355044957,0.9488462717235167,HOLD,112700,60662.810050612316,5818830.095291138,5879492.90534175,0,487.949290534175,930.5617388927404
2008-07-28,51.17182922363281,-1.522315183011024,-2.4257564250058015,0.9034412419947775,HOLD,112700,60662.810050612316,5767065.153503418,5827727.96355403,0,482.77279635540305,921.3937502165278
2008-07-29,49.54335021972656,-1.4934916763603,-2.239303475276701,0.7458117989164013,HOLD,112700,60662.810050612316,5583535.569763184,5644198.379813796,0,464.4198379813796,888.8891807652465
2008-07-30,49.292816162109375,-1.473874931570812,-2.0862177665355235,0.6123428349647115,HOLD,112700,60662.810050612316,5555300.381469727,5615963.191520339,0,461.5963191520339,883.8885012009443
2008-07-31,47.18414306640625,-1.6099226299648208,-1.990958739221383,0.38103610925656217,HOLD,112700,60662.810050612316,5317652.923583984,5378315.733634597,0,437.83157336345965,841.7992197764253
2008-08-01,49.104915618896484,-1.544941989135097,-1.901755389204126,0.35681340006902884,HOLD,112700,60662.810050612316,5534123.990249634,5594786.800300246,0,459.4786800300246,880.1379915277178
2008-08-04,46.7874641418457,-1.661292978231124,-1.8536629070095256,0.19236992877840153,HOLD,112700,60662.810050612316,5272947.208786011,5333610.018836623,0,433.3610018836623,833.8814771329467
2008-08-05,46.47429275512695,-1.7585013797029418,-1.834630601548209,0.07612922184526716,HOLD,112700,60662.810050612316,5237652.793502808,5298315.60355342,0,429.83156035534205,827.6305515359105
2008-08-06,47.706092834472656,-1.7163586522506904,-1.8109762116887054,0.09461755943801498,HOLD,112700,60662.810050612316,5376476.662445068,5437139.472495681,0,443.7139472495681,852.2173783437134
2008-08-07,46.7874641418457,-1.7370621244306932,-1.7961933942371031,0.059131269806409925,HOLD,112700,60662.810050612316,5272947.208786011,5333610.018836623,0,433.3610018836623,833.8814771329467
2008-08-08,44.65791320800781,-1.9033659207248235,-1.8176278995346473,-0.08573802119017615,SELL,0,5090589.860501967,0.0,5090589.860501967,112700,409.0589860501967,791.3754724114025
2008-08-11,40.837249755859375,-2.31675240778506,-1.91745280118473,-0.39929960660033004,HOLD,0,5090589.860501967,0.0,5090589.860501967,0,409.0589860501967,715.1147283475015
2008-08-12,37.55941390991211,-2.875708755354715,-2.1091039920187273,-0.7666047633359878,HOLD,0,5090589.860501967,0.0,5090589.860501967,0,409.0589860501967,649.6888661479136
2008-08-13,37.78907012939453,-3.26254575368727,-2.339792344352436,-0.9227534093348342,HOLD,0,5090589.860501967,0.0,5090589.860501967,0,409.0589860501967,654.2728224151905
2008-08-14,37.8099479675293,-3.526777696875108,-2.5771894148569703,-0.9495882820181376,HOLD,0,5090589.860501967,0.0,5090589.860501967,0,409.0589860501967,654.6895457122157
2008-08-15,37.97697448730469,-3.6802817738991607,-2.7978078866654084,-0.8824738872337523,HOLD,0,5090589.860501967,0.0,5090589.860501967,0,409.0589860501967,658.0234082300757
2008-08-18,34.67825698852539,-4.021753523334603,-3.0425970139992473,-0.9791565093353554,HOLD,0,5090589.860501967,0.0,5090589.860501967,0,409.0589860501967,592.1807465918042
2008-08-19,35.492496490478516,-4.178502842271129,-3.269778179653624,-0.9087246626175052,HOLD,0,5090589.860501967,0.0,5090589.860501967,0,409.0589860501967,608.4330313174448
2008-08-20,39.041748046875,-3.9705626934373868,-3.4099350824103767,-0.5606276110270101,HOLD,0,5090589.860501967,0.0,5090589.860501967,0,409.0589860501967,679.2763725200186
2008-08-21,40.503204345703125,-3.6458146362572847,-3.4571109931797586,-0.18870364307752618,HOLD,0,5090589.860501967,0.0,5090589.860501967,0,409.0589860501967,708.4471555950986
2008-08-22,39.250526428222656,-3.449763375345313,-3.4556414696128694,0.005878094267556477,BUY,128300,51725.81423655618,5035842.540740967,5087568.354977523,128300,408.7568354977523,683.4436054902704
2008-08-25,39.12525939941406,-3.2668412287768334,-3.4178814214456623,0.15104019266882895,HOLD,128300,51725.81423655618,5019770.780944824,5071496.59518138,0,407.14965951813804,680.9432657081193
2008-08-26,37.434146881103516,-3.2212007595211603,-3.378545289060762,0.15734452953960165,HOLD,128300,51725.81423655618,4802801.044845581,4854526.859082137,0,385.4526859082137,647.1885263657624
2008-08-27,39.41754913330078,-2.990513593866126,-3.300938950021835,0.3104253561557089,HOLD,128300,51725.81423655618,5057271.55380249,5108997.368039046,0,410.89973680390466,686.7773918664719
2008-08-28,40.89988327026367,-2.657446981998433,-3.1722405564171545,0.5147935744187215,HOLD,128300,51725.81423655618,5247455.023574829,5299180.837811385,0,429.91808378113853,716.364898238577
2008-08-29,41.985538482666016,-2.2796080870158804,-2.9937140625369,0.7141059755210195,HOLD,128300,51725.81423655618,5386744.58732605,5438470.401562606,0,443.8470401562606,738.0346619672035
2008-09-01,39.87686538696289,-2.1258152614073964,-2.8201343023109993,0.6943190409036029,HOLD,128300,51725.81423655618,5116201.829147339,5167927.643383895,0,416.79276433838953,695.9453805426845
2008-09-02,40.002132415771484,-1.971103680511085,-2.6503281779510166,0.6792244974399315,HOLD,128300,51725.81423655618,5132273.588943481,5183999.403180038,0,418.39994031800376,698.4457203248356
2008-09-03,40.56583786010742,-1.7824602277762267,-2.4767545879160586,0.6942943601398319,HOLD,128300,51725.81423655618,5204596.997451782,5256322.811688338,0,425.63228116883386,709.6973254861741
2008-09-04,40.02301025390625,-1.6576522008829073,-2.3129341105094285,0.6552819096265212,HOLD,128300,51725.81423655618,5134952.215576172,5186678.029812728,0,418.6678029812728,698.8624436218607
2008-09-05,38.74945831298828,-1.642571397881504,-2.178861567983844,0.5362901701023399,HOLD,128300,51725.81423655618,4971555.5015563965,5023281.315792953,0,402.32813157929525,673.442246361666
2008-09-08,37.538536071777344,-1.7086349771891776,-2.0848162498249105,0.376181272635733,HOLD,128300,51725.81423655618,4816194.178009033,4867919.992245589,0,386.79199922455894,649.2721428508884
2008-09-09,38.35277557373047,-1.675968989571416,-2.003046797774212,0.32707780820279586,HOLD,128300,51725.81423655618,4920661.106109619,4972386.920346175,0,397.23869203461754,665.524427576529
2008-09-10,39.98125457763672,-1.5013694606182995,-1.9027113303430294,0.40134186972472996,HOLD,128300,51725.81423655618,5129594.962310791,5181320.776547347,0,418.1320776547347,698.0289970278103
2008-09-11,40.48232650756836,-1.3074937844283667,-1.783667821160097,0.4761740367317302,HOLD,128300,51725.81423655618,5193882.4909210205,5245608.305157577,0,424.56083051575763,708.0304322980732
2008-09-12,39.60545349121094,-1.2106466572718446,-1.6690635883824465,0.4584169311106019,HOLD,128300,51725.81423655618,5081379.682922363,5133105.497158919,0,413.31054971589197,690.5279776813571
2008-09-16,37.16273498535156,-1.3158334708528514,-1.5984175648765275,0.2825840940236761,HOLD,128300,51725.81423655618,4767978.8986206055,4819704.712857162,0,381.97047128571614,641.7711235044351
2008-09-17,35.763912200927734,-1.4948365415515212,-1.5777013602115264,0.08286481866000517,HOLD,128300,51725.81423655618,4588509.935379028,4640235.7496155845,0,364.02357496155844,613.8505103204308
2008-09-18,33.92665100097656,-1.7646080853536859,-1.6150827052399583,-0.1495253801137275,SELL,0,4401903.464067793,0.0,4401903.464067793,128300,340.1903464067794,577.1786317572391
2008-09-19,37.32975769042969,-1.6843851648394264,-1.628943197159852,-0.05544196767957432,HOLD,0,4401903.464067793,0.0,4401903.464067793,0,340.1903464067794,645.1049098806366
2008-09-22,41.06690979003906,-1.3042167813925758,-1.5639979140063969,0.2597811326138211,BUY,106100,42090.015867414884,4357199.1287231445,4399289.144590559,106100,339.92891445905593,719.6987607564369
2008-09-23,42.06904983520508,-0.9115583943894379,-1.4335100100830052,0.5219516156935673,HOLD,106100,42090.015867414884,4463526.187515259,4505616.203382674,0,350.5616203382674,739.7015551553043
2008-09-24,43.801918029785156,-0.4552974272906809,-1.2378674935245404,0.7825700662338595,HOLD,106100,42090.015867414884,4647383.502960205,4689473.51882762,0,368.94735188276195,774.2897410917114
2008-09-25,48.18628692626953,0.2571107914069941,-0.9388718365382336,1.1959826279452277,HOLD,106100,42090.015867414884,5112565.042877197,5154655.058744612,0,415.4655058744612,861.8020903169511
2008-09-26,51.69377899169922,1.0921352780402174,-0.5326704136225434,1.6248056916627607,HOLD,106100,42090.015867414884,5484709.951019287,5526799.966886702,0,452.6799966886702,931.811908783816
2008-10-06,51.69377899169922,1.733910755852115,-0.07935417972761176,1.8132649355797268,HOLD,106100,42090.015867414884,5484709.951019287,5526799.966886702,0,452.6799966886702,931.811908783816
2008-10-07,46.516048431396484,1.8039282991181764,0.2973023160415459,1.5066259830766304,HOLD,106100,42090.015867414884,4935352.738571167,4977442.754438582,0,397.74427544385816,828.4639981299609
2008-10-08,43.426116943359375,1.5917375000773077,0.5561893528486983,1.0355481472286094,HOLD,106100,42090.015867414884,4607511.00769043,4649601.023557845,0,364.96010235578444,766.7887217452583
2008-10-09,44.094207763671875,1.4606466830750335,0.7370808188939654,0.7235658641810682,HOLD,106100,42090.015867414884,4678395.443725586,4720485.459593001,0,372.0485459593001,780.123867250064
2008-10-10,43.09206771850586,1.2613518606460445,0.8419350272443813,0.41941683340166325,HOLD,106100,42090.015867414884,4572068.384933472,4614158.400800887,0,361.4158400800886,760.1210728511967
2008-10-13,47.35116958618164,1.4305922272681713,0.9596664672491393,0.47092576001903197,HOLD,106100,42090.015867414884,5023959.093093872,5066049.108961287,0,406.6049108961287,845.1330822942853
2008-10-14,42.61187744140625,1.1688217197419632,1.0014975177477041,0.16732420199425913,HOLD,106100,42090.015867414884,4521120.196533203,4563210.212400618,0,356.3210212400618,750.5364370196174
2008-10-15,41.35919952392578,0.8504822378669559,0.9712944617715545,-0.12081222390459867,SELL,0,4427668.158714247,0.0,4427668.158714247,106100,342.7668158714247,725.5328869147895
2008-10-16,38.185752868652344,0.33822641788191277,0.8446808529936263,-0.5064544351117135,HOLD,0,4427668.158714247,0.0,4427668.158714247,0,342.7668158714247,662.1906412003276
2008-10-17,39.08350372314453,0.004647408646491158,0.6766741641241993,-0.6720267554777082,HOLD,0,4427668.158714247,0.0,4427668.158714247,0,342.7668158714247,680.109819114069
2008-10-20,42.8832893371582,0.04636017223069189,0.5506113657454978,-0.504251193514806,HOLD,0,4427668.158714247,0.0,4427668.158714247,0,342.7668158714247,755.9538398809449
2008-10-21,41.42183303833008,-0.038070617143823426,0.4328749691676336,-0.47094558631145705,HOLD,0,4427668.158714247,0.0,4427668.158714247,0,342.7668158714247,726.783056805865
2008-10-22,40.2735481262207,-0.19538731842154533,0.30722251164979786,-0.5026098300713432,HOLD,0,4427668.158714247,0.0,4427668.158714247,0,342.7668158714247,703.8631993278213
2008-10-23,41.73500061035156,-0.19983140395437005,0.2058117285289643,-0.40564313248333433,HOLD,0,4427668.158714247,0.0,4427668.158714247,0,342.7668158714247,733.0339062612428
2008-10-24,40.37793731689453,-0.30929171769370356,0.10279103928443073,-0.4120827569781343,HOLD,0,4427668.158714247,0.0,4427668.158714247,0,342.7668158714247,705.9468158129473
2008-10-27,36.80780792236328,-0.6763231776777943,-0.05303180410801428,-0.62329137356978,HOLD,0,4427668.158714247,0.0,4427668.158714247,0,342.7668158714247,634.6867513133485
2008-10-28,39.87686538696289,-0.7113509548177532,-0.18469563424996208,-0.5266553205677912,HOLD,0,4427668.158714247,0.0,4427668.158714247,0,342.7668158714247,695.9453805426845
2008-10-29,36.91219711303711,-0.9671855604135899,-0.34119361948268767,-0.6259919409309023,HOLD,0,4427668.158714247,0.0,4427668.158714247,0,342.7668158714247,636.7703677984744
2008-10-30,38.185752868652344,-1.0550095294733524,-0.48395680148082065,-0.5710527279925317,HOLD,0,4427668.158714247,0.0,4427668.158714247,0,342.7668158714247,662.1906412003276
2008-10-31,37.246246337890625,-1.1867409717379331,-0.6245136355322431,-0.56222733620569,HOLD,0,4427668.158714247,0.0,4427668.158714247,0,342.7668158714247,643.4380166925358
2008-11-03,34.88703918457031,-1.464624114270059,-0.7925357312798064,-0.6720883829902525,HOLD,0,4427668.158714247,0.0,4427668.158714247,0,342.7668158714247,596.3480557037145
2008-11-04,33.529972076416016,-1.7739040195907876,-0.9888093889420027,-0.7850946306487849,HOLD,0,4427668.158714247,0.0,4427668.158714247,0,342.7668158714247,569.2608891137606
2008-11-05,34.99142837524414,-1.8794184968490484,-1.1669312105234118,-0.7124872863256366,HOLD,0,4427668.158714247,0.0,4427668.158714247,0,342.7668158714247,598.4316721888405
2008-11-06,35.55513000488281,-1.8957010086118444,-1.3126851701410984,-0.583015838470746,HOLD,0,4427668.158714247,0.0,4427668.158714247,0,342.7668158714247,609.6832012085204
2008-11-07,36.91219711303711,-1.7785984663668373,-1.4058678293862463,-0.37273063698059095,HOLD,0,4427668.158714247,0.0,4427668.158714247,0,342.7668158714247,636.7703677984744
2008-11-10,40.58671569824219,-1.3734585422398098,-1.399385971956959,0.02592742971714923,BUY,108000,41672.84412684478,4383365.295410156,4425038.139537001,108000,342.50381395370016,710.1140487831992
2008-11-11,39.020870208740234,-1.1653000248670509,-1.3525687825389774,0.18726875767192652,HOLD,108000,41672.84412684478,4214253.982543945,4255926.82667079,0,325.59268266707903,678.8596492229934
2008-11-12,40.691104888916016,-0.8556950008730411,-1.2531940262057901,0.39749902533274906,HOLD,108000,41672.84412684478,4394639.32800293,4436312.1721297745,0,343.63121721297745,712.1976652683252
2008-11-13,41.90202713012695,-0.506777666526169,-1.1039107542698658,0.5971330877436969,HOLD,108000,41672.84412684478,4525418.930053711,4567091.774180556,0,356.70917741805556,736.3677687791027
2008-11-14,43.948062896728516,-0.06441761217762831,-0.8960121258514184,0.8315945136737901,HOLD,108000,41672.84412684478,4746390.79284668,4788063.6369735245,0,378.8063636973525,777.2068041708877
2008-11-17,42.966800689697266,0.20461755476734567,-0.6758861897276657,0.8805037444950113,HOLD,108000,41672.84412684478,4640414.474487305,4682087.3186141495,0,368.20873186141495,757.6207330690456
2008-11-18,39.563697814941406,0.14159567498852255,-0.5123898167844281,0.6539854917729506,HOLD,108000,41672.84412684478,4272879.364013672,4314552.208140517,0,331.45522081405164,689.6945310873067
2008-11-19,42.11080551147461,0.2937940107828254,-0.3511530512709774,0.6449470620538028,HOLD,108000,41672.84412684478,4547966.995239258,4589639.839366103,0,358.9639839366103,740.5350017493547
2008-11-20,41.25481033325195,0.3414051256263164,-0.21264141589151866,0.5540465415178351,HOLD,108000,41672.84412684478,4455519.515991211,4497192.360118056,0,349.71923601180555,723.4492704296637
2008-11-21,41.484466552734375,0.3931367786888913,-0.09148577697543668,0.484622555664328,HOLD,108000,41672.84412684478,4480322.3876953125,4521995.231822157,0,352.1995231822157,728.0332266969406
2008-11-24,39.521942138671875,0.27263243077920407,-0.01866213542450853,0.2912945662037126,HOLD,108000,41672.84412684478,4268369.7509765625,4310042.595103407,0,331.0042595103408,688.8610844932563
2008-11-25,40.837249755859375,0.2800380942634533,0.041077910513083835,0.23896018375036943,HOLD,108000,41672.84412684478,4410422.9736328125,4452095.817759657,0,345.2095817759657,715.1147283475015
2008-11-26,40.58671569824219,0.2626633121205302,0.08539499083457311,0.17726832128595707,HOLD,108000,41672.84412684478,4383365.295410156,4425038.139537001,0,342.50381395370016,710.1140487831992
2008-11-27,42.2360725402832,0.37762990254606166,0.14384197317687084,0.23378792936919082,HOLD,108000,41672.84412684478,4561495.834350586,4603168.678477431,0,360.3168678477431,743.0353415315058
2008-11-28,40.837249755859375,0.35181296463429135,0.18543617146835495,0.1663767931659364,HOLD,108000,41672.84412684478,4410422.9736328125,4452095.817759657,0,345.2095817759657,715.1147283475015
2008-12-01,41.630611419677734,0.3908648643569208,0.22652191004606814,0.16434295431085266,HOLD,108000,41672.84412684478,4496106.033325195,4537778.87745204,0,353.777887745204,730.9502897761168
2008-12-02,42.173439025878906,0.4603092687441759,0.2732793817856897,0.18702988695848616,HOLD,108000,41672.84412684478,4554731.414794922,4596404.258921767,0,359.64042589217667,741.7851716404302
2008-12-03,43.63489532470703,0.626054996660713,0.3438345047606944,0.2822204919000186,HOLD,108000,41672.84412684478,4712568.695068359,4754241.539195204,0,375.42415391952045,770.9559547155101
2008-12-04,44.908447265625,0.8503721178462129,0.4451420273777981,0.4052300904684148,HOLD,108000,41672.84412684478,4850112.3046875,4891785.148814345,0,389.17851488143447,796.3761519757048
2008-12-05,46.09849166870117,1.1113606168227363,0.5783857452667858,0.5329748715559506,HOLD,108000,41672.84412684478,4978637.100219727,5020309.944346571,0,402.03099443465715,820.1295321894571
2008-12-08,47.205020904541016,1.3914438457536988,0.7409973653641685,0.6504464803895303,HOLD,108000,41672.84412684478,5098142.25769043,5139815.1018172745,0,413.9815101817274,842.2159430734505
2008-12-09,44.80405807495117,1.4034955646838583,0.8734970052281065,0.5299985594557518,HOLD,108000,41672.84412684478,4838838.272094727,4880511.116221571,0,388.0511116221571,794.2925354905788
2008-12-10,47.45555877685547,1.608459268673542,1.0204894579171937,0.5879698107563482,HOLD,108000,41672.84412684478,5125200.347900391,5166873.192027235,0,416.6873192027236,847.2166987794111
2008-12-11,45.430397033691406,1.5891619829580819,1.1342239629253714,0.45493802003271044,HOLD,108000,41672.84412684478,4906482.879638672,4948155.723765517,0,394.8155723765517,806.7943105429928
2008-12-12,43.63489532470703,1.4127020132853048,1.1899195729973582,0.22278244028794658,HOLD,108000,41672.84412684478,4712568.695068359,4754241.539195204,0,375.42415391952045,770.9559547155101
2008-12-15,43.760162353515625,1.2683435434661732,1.2056043670911212,0.062739176375052,HOLD,108000,41672.84412684478,4726097.5341796875,4767770.378306532,0,376.7770378306532,773.4562944976611
2008-12-16,44.82493591308594,1.2257273220811058,1.2096289580891182,0.016098363991987608,HOLD,108000,41672.84412684478,4841093.078613281,4882765.922740126,0,388.2765922740126,794.7092587876039
2008-12-17,44.53264617919922,1.1550535821436512,1.1987138829000248,-0.043660300756373616,SELL,0,4848312.916007948,0.0,4848312.916007948,108000,384.83129160079477,788.8751326292514
2008-12-18,44.699668884277344,1.0998431631431203,1.178939738948644,-0.07909657580552376,HOLD,0,4848312.916007948,0.0,4848312.916007948,0,384.83129160079477,792.2089190054528
2008-12-19,45.242496490478516,1.0873557987440137,1.160622950907718,-0.07326715216370427,HOLD,0,4848312.916007948,0.0,4848312.916007948,0,384.83129160079477,803.0438008697662
2008-12-22,43.88542938232422,0.9569246664561248,1.1198832940173993,-0.16295862756127444,HOLD,0,4848312.916007948,0.0,4848312.916007948,0,384.83129160079477,775.9566342798122
2008-12-23,40.62847137451172,0.584015594479645,1.0127097541098484,-0.4286941596302034,HOLD,0,4848312.916007948,0.0,4848312.916007948,0,384.83129160079477,710.9474953772497
2008-12-24,39.31315994262695,0.180269790308067,0.8462217613494922,-0.6659519710414252,HOLD,0,4848312.916007948,0.0,4848312.916007948,0,384.83129160079477,684.693775381346
2008-12-25,39.41754913330078,-0.1297822836792477,0.6510209523437442,-0.780803236022992,HOLD,0,4848312.916007948,0.0,4848312.916007948,0,384.83129160079477,686.7773918664719
2008-12-26,39.45930480957031,-0.367890637742633,0.4472386343264688,-0.8151292720691018,HOLD,0,4848312.916007948,0.0,4848312.916007948,0,384.83129160079477,687.6108384605222
2008-12-29,38.89560317993164,-0.5952179324615585,0.23874732096886336,-0.8339652534304218,HOLD,0,4848312.916007948,0.0,4848312.916007948,0,384.83129160079477,676.3593094408424
2008-12-30,37.8099479675293,-0.8531452266641963,0.02036881144225141,-0.8735140381064478,HOLD,0,4848312.916007948,0.0,4848312.916007948,0,384.83129160079477,654.6895457122157
2008-12-31,37.51765823364258,-1.0688191228120516,-0.19746877540860922,-0.8713503474034424,HOLD,0,4848312.916007948,0.0,4848312.916007948,0,384.83129160079477,648.8554195538632
2009-01-05,39.37579345703125,-1.0773868114004443,-0.3734523826069763,-0.7039344287934681,HOLD,0,4848312.916007948,0.0,4848312.916007948,0,384.83129160079477,685.9439452724215
2009-01-06,40.44057083129883,-0.9868819699096107,-0.4961383000675032,-0.49074366984210754,HOLD,0,4848312.916007948,0.0,4848312.916007948,0,384.83129160079477,707.1969857040228
2009-01-07,40.02301025390625,-0.9380367758280528,-0.5845179952196131,-0.35351878060843966,HOLD,0,4848312.916007948,0.0,4848312.916007948,0,384.83129160079477,698.8624436218607
2009-01-08,39.6263313293457,-0.9207217741527103,-0.6517587510062326,-0.2689630231464777,HOLD,0,4848312.916007948,0.0,4848312.916007948,0,384.83129160079477,690.9447009783822
2009-01-09,39.79335403442383,-0.8833395852651975,-0.6980749178580257,-0.18526466740717185,HOLD,0,4848312.916007948,0.0,4848312.916007948,0,384.83129160079477,694.2784873545837
2009-01-12,39.33403778076172,-0.8806256103860264,-0.7345850563636258,-0.14604055402240057,HOLD,0,4848312.916007948,0.0,4848312.916007948,0,384.83129160079477,685.1104986783712
2009-01-13,38.49892044067383,-0.9350827043721992,-0.7746845859653405,-0.1603981184068587,HOLD,0,4848312.916007948,0.0,4848312.916007948,0,384.83129160079477,668.4414906557053
2009-01-14,42.04817199707031,-0.683961127305551,-0.7565398942333826,0.0725787669278316,BUY,114100,47737.87328730617,4797696.424865723,4845434.298153029,114100,384.54342981530283,739.2848318582791
2009-01-15,41.27568817138672,-0.5410416655294483,-0.7134402484925958,0.17239858296314747,HOLD,114100,47737.87328730617,4709556.020355225,4757293.893642531,0,375.72938936425305,723.8659937266889
2009-01-16,42.9459228515625,-0.2896639171093227,-0.6286849822159413,0.33902106510661856,HOLD,114100,47737.87328730617,4900129.797363281,4947867.670650587,0,394.7867670650587,757.2040097720205
2009-01-19,43.32172393798828,-0.05943609117230153,-0.5148352040072134,0.45539911283491186,HOLD,114100,47737.87328730617,4943008.701324463,4990746.574611769,0,399.0746574611769,764.7050291184737
2009-01-20,44.38650131225586,0.20655867514354753,-0.37055642817706125,0.5771151033206088,HOLD,114100,47737.87328730617,5064499.799728394,5112237.6730157,0,411.22376730157,785.9580695500752
2009-01-21,45.26337432861328,0.48255517227828193,-0.19993410808599263,0.6824892803642746,HOLD,114100,47737.87328730617,5164551.010894775,5212288.884182082,0,421.22888841820816,803.4605241667913
2009-01-22,45.4930305480957,0.7116126941257122,-0.017624747643651687,0.7292374417693639,HOLD,114100,47737.87328730617,5190754.78553772,5238492.658825026,0,423.84926588250255,808.0444804340683
2009-01-23,45.45127487182617,0.8796332320060358,0.16182684828628582,0.71780638371975,HOLD,114100,47737.87328730617,5185990.462875366,5233728.336162672,0,423.3728336162672,807.211033840018
2009-02-02,45.26337432861328,0.9862597271031959,0.32671342404966786,0.659546303053528,HOLD,114100,47737.87328730617,5164551.010894775,5212288.884182082,0,421.22888841820816,803.4605241667913
2009-02-03,46.369903564453125,1.1468297152707763,0.49073668229388956,0.6560930329768867,HOLD,114100,47737.87328730617,5290805.996704102,5338543.869991408,0,433.85438699914073,825.5469350507847
2009-02-04,48.24892044067383,1.4094562121915217,0.6744805882734161,0.7349756239181057,HOLD,114100,47737.87328730617,5505201.822280884,5552939.69556819,0,455.293969556819,863.0522602080266
2009-02-05,47.83135986328125,1.5658458578822518,0.8527536421951832,0.7130922156870686,HOLD,114100,47737.87328730617,5457558.160400391,5505296.033687697,0,450.52960336876964,854.7177181258645
2009-02-06,50.0444221496582,1.8470695420759213,1.051616822171331,0.7954527199045904,HOLD,114100,47737.87328730617,5710068.567276001,5757806.440563307,0,475.78064405633074,898.8906160355094
2009-02-09,50.50373840332031,2.082992875658519,1.2578920328687686,0.8251008427897504,HOLD,114100,47737.87328730617,5762476.551818848,5810214.425106154,0,481.02144251061543,908.0586047117218
2009-02-10,50.37846755981445,2.23410216800729,1.453134059896473,0.7809681081108168,HOLD,114100,47737.87328730617,5748183.148574829,5795921.021862135,0,479.59210218621354,905.5581887879123
2009-02-11,52.0487060546875,2.460271183905661,1.6545614846983108,0.8057096992073502,HOLD,114100,47737.87328730617,5938757.360839844,5986495.23412715,0,498.64952341271504,938.8962809749027
2009-02-12,50.545494079589844,2.489517506793682,1.821552689117385,0.6679648176762969,HOLD,114100,47737.87328730617,5767240.874481201,5814978.747768507,0,481.4978747768508,908.8920513057724
2009-02-13,53.07172393798828,2.6855833324409346,1.994358817782095,0.6912245146588396,HOLD,114100,47737.87328730617,6055483.701324463,6103221.574611769,0,510.3221574611769,959.3157986707951
2009-02-16,55.26390838623047,2.9834663332215996,2.192180320869996,0.7912860123516037,HOLD,114100,47737.87328730617,6305611.9468688965,6353349.820156203,0,535.3349820156203,1003.0719732834149
2009-02-17,52.96733474731445,2.99964837878327,2.3536739324526508,0.6459744463306194,HOLD,114100,47737.87328730617,6043572.894668579,6091310.767955885,0,509.13107679558857,957.2321821856692
2009-02-18,50.274078369140625,2.7632959298529585,2.4355983319327126,0.3276975979202459,HOLD,114100,47737.87328730617,5736272.341918945,5784010.2152062515,0,478.40102152062514,903.4745723027864
2009-02-19,49.940032958984375,2.5199814607372204,2.4524749576936142,0.06750650304360617,HOLD,114100,47737.87328730617,5698157.760620117,5745895.633907423,0,474.58956339074234,896.8069995503836
2009-02-20,50.39934539794922,2.337273037492892,2.4294345736534697,-0.09216153616057765,SELL,0,5794852.844007368,0.0,5794852.844007368,114100,479.4852844007369,905.9749120849375
2009-02-23,51.81904602050781,2.2807422935882684,2.3996961176404294,-0.11895382405216104,HOLD,0,5794852.844007368,0.0,5794852.844007368,0,479.4852844007369,934.312248565967
2009-02-24,46.724830627441406,1.8040843028361806,2.2805737546795797,-0.4764894518433991,HOLD,0,5794852.844007368,0.0,5794852.844007368,0,479.4852844007369,832.6313072418711
2009-02-25,47.12150955200195,1.4417188476211535,2.1128027732678945,-0.6710839256467409,HOLD,0,5794852.844007368,0.0,5794852.844007368,0,479.4852844007369,840.5490498853497
2009-02-26,44.38650131225586,0.9232071487963438,1.8748836483735845,-0.9516764995772407,HOLD,0,5794852.844007368,0.0,5794852.844007368,0,479.4852844007369,785.9580695500752
2009-02-27,44.61615753173828,0.5247650643903654,1.6048599315769407,-1.0800948671865753,HOLD,0,5794852.844007368,0.0,5794852.844007368,0,479.4852844007369,790.5420258173522
2009-03-02,44.67879104614258,0.21161151719410753,1.3262102487003742,-1.1145987315062666,HOLD,0,5794852.844007368,0.0,5794852.844007368,0,479.4852844007369,791.7921957084277
2009-03-03,44.01069641113281,-0.08944352932446975,1.0430794930954055,-1.1325230224198752,HOLD,0,5794852.844007368,0.0,5794852.844007368,0,479.4852844007369,778.4569740619633
2009-03-04,47.956626892089844,-0.00951848718348458,0.8325598970396275,-0.8420783842231121,HOLD,0,5794852.844007368,0.0,5794852.844007368,0,479.4852844007369,857.2180579080156
2009-03-05,47.93574905395508,0.05154385204652101,0.6763566880410062,-0.6248128359944852,HOLD,0,5794852.844007368,0.0,5794852.844007368,0,479.4852844007369,856.8013346109904
2009-03-06,47.89399337768555,0.09546638465198498,0.560178627363202,-0.464712242711217,HOLD,0,5794852.844007368,0.0,5794852.844007368,0,479.4852844007369,855.96788801694
2009-03-09,44.365623474121094,-0.15267471612268224,0.4176079586660252,-0.5702826747887074,HOLD,0,5794852.844007368,0.0,5794852.844007368,0,479.4852844007369,785.5413462530499
2009-03-10,45.59741973876953,-0.2470844267733554,0.2846694815781491,-0.5317539083515045,HOLD,0,5794852.844007368,0.0,5794852.844007368,0,479.4852844007369,810.1280969191944
2009-03-11,45.576541900634766,-0.31990184041898573,0.16375521717872213,-0.48365705759770783,HOLD,0,5794852.844007368,0.0,5794852.844007368,0,479.4852844007369,809.7113736221692
2009-03-12,45.242496490478516,-0.3999544127131429,0.051013291200349115,-0.45096770391349206,HOLD,0,5794852.844007368,0.0,5794852.844007368,0,479.4852844007369,803.0438008697662
2009-03-13,44.47001266479492,-0.5197384208304712,-0.06313705120581493,-0.45660136962465625,HOLD,0,5794852.844007368,0.0,5794852.844007368,0,479.4852844007369,787.6249627381759
2009-03-16,45.6182975769043,-0.5160622698614645,-0.15372209493694486,-0.36234017492451964,HOLD,0,5794852.844007368,0.0,5794852.844007368,0,479.4852844007369,810.5448202162196
2009-03-17,47.205020904541016,-0.3807248232239999,-0.1991226405943559,-0.18160218262964403,HOLD,0,5794852.844007368,0.0,5794852.844007368,0,479.4852844007369,842.2159430734505
2009-03-18,47.4346809387207,-0.2520320081948526,-0.20970451411445523,-0.042327494080397376,HOLD,0,5794852.844007368,0.0,5794852.844007368,0,479.4852844007369,846.7999754823859
2009-03-19,48.791744232177734,-0.04007638317322204,-0.1757788879262086,0.13570250475298656,BUY,117500,58383.07875811588,5733029.947280884,5791413.026039,117500,479.1413026039,873.8870659306814
2009-03-20,48.311553955078125,0.08813665003147975,-0.12299578033467094,0.2111324303661507,HOLD,117500,58383.07875811588,5676607.58972168,5734990.668479796,0,473.4990668479796,864.3024300991021
2009-03-23,49.91915512084961,0.31582573884278986,-0.035231476499178786,0.35105721534196865,HOLD,117500,58383.07875811588,5865500.726699829,5923883.805457945,0,492.38838054579446,896.3902762533584
2009-03-24,50.37846755981445,0.5272557808905205,0.07726597497876107,0.4499898059117594,HOLD,117500,58383.07875811588,5919469.938278198,5977853.017036314,0,497.78530170363143,905.5581887879123
2009-03-25,48.603843688964844,0.5453320488556912,0.1708791897541471,0.37445285910154413,HOLD,117500,58383.07875811588,5710951.633453369,5769334.712211485,0,476.9334712211485,870.1365562574548
2009-03-26,50.19056701660156,0.6798559766871151,0.2726745471407407,0.4071814295463744,HOLD,117500,58383.07875811588,5897391.624450684,5955774.7032087995,0,495.57747032087997,901.8076791146857
2009-03-27,50.50373840332031,0.8024869028267645,0.37863701827794544,0.42384988454881906,HOLD,117500,58383.07875811588,5934189.262390137,5992572.341148253,0,499.2572341148253,908.0586047117218
2009-03-30,52.00695037841797,1.009334459464462,0.5047765065152487,0.5045579529492132,HOLD,117500,58383.07875811588,6110816.669464111,6169199.748222227,0,516.9199748222227,938.0628343808522
2009-03-31,53.17611312866211,1.2531586681378002,0.6544529388397591,0.5987057292980411,HOLD,117500,58383.07875811588,6248193.292617798,6306576.371375914,0,530.6576371375913,961.3994151559209
2009-04-01,53.46840286254883,1.4532245805635782,0.814207267184523,0.6390173133790552,HOLD,117500,58383.07875811588,6282537.336349487,6340920.415107603,0,534.0920415107603,967.2335413142737
2009-04-02,54.19913101196289,1.6517021183938567,0.9817062374263897,0.669995880967467,HOLD,117500,58383.07875811588,6368397.89390564,6426780.9726637555,0,542.6780972663755,981.8189328518135
2009-04-03,53.67718505859375,1.7467449324548667,1.1347139764320853,0.6120309560227815,HOLD,117500,58383.07875811588,6307069.244384766,6365452.3231428815,0,536.5452323142881,971.4008504261839
2009-04-07,52.92557907104492,1.7413455777129627,1.256040296688261,0.48530528102470183,HOLD,117500,58383.07875811588,6218755.540847778,6277138.619605894,0,527.7138619605895,956.3987355916188
2009-04-08,50.33671188354492,1.5107516001776986,1.3069825573861484,0.20376904279155017,HOLD,117500,58383.07875811588,5914563.646316528,5972946.725074644,0,497.29467250746444,904.724742193862
2009-04-09,51.04656219482422,1.3694964961689067,1.3194853451427002,0.05001115102620646,HOLD,117500,58383.07875811588,5997971.057891846,6056354.136649962,0,505.6354136649961,918.8934104343767
2009-04-10,53.32225799560547,1.4247567321654344,1.3405396225472472,0.08421710961818718,HOLD,117500,58383.07875811588,6265365.314483643,6323748.393241758,0,532.3748393241758,964.3164782350972
2009-04-13,54.28264236450195,1.528427103389042,1.3781171187156063,0.1503099846734357,HOLD,117500,58383.07875811588,6378210.4778289795,6436593.556587095,0,543.6593556587096,983.4858260399143
2009-04-14,55.932003021240234,1.7238052859007453,1.4472547521526342,0.2765505337481111,HOLD,117500,58383.07875811588,6572010.354995728,6630393.433753843,0,563.0393433753843,1016.4071949298792
2009-04-15,56.05727005004883,1.867227667250475,1.5312493351722025,0.33597833207827255,HOLD,117500,58383.07875811588,6586729.230880737,6645112.309638853,0,564.5112309638853,1018.9075347120303
2009-04-16,55.138641357421875,1.8850357607223245,1.602006620282227,0.2830291404400975,HOLD,117500,58383.07875811588,6478790.35949707,6537173.438255186,0,553.7173438255186,1000.5716335012638
2009-04-17,56.495704650878906,1.985761842997725,1.6787576648253266,0.30700417817239845,HOLD,117500,58383.07875811588,6638245.2964782715,6696628.375236387,0,569.6628375236387,1027.6587239495593
2009-04-20,56.66272735595703,2.0553722731855615,1.7540805864973736,0.30129168668818784,HOLD,117500,58383.07875811588,6657870.464324951,6716253.543083067,0,571.6253543083068,1030.9925103257606
2009-04-21,55.013370513916016,1.9549146880908808,1.7942474068160752,0.16066728127480556,HOLD,117500,58383.07875811588,6464071.035385132,6522454.114143248,0,552.2454114143247,998.0712175774543
2009-04-22,52.34099578857422,1.64074948306817,1.7635478220664942,-0.12279833899832426,SELL,0,6204760.043712492,0.0,6204760.043712492,117500,520.4760043712491,944.7304071332551
2009-04-23,52.67504119873047,1.4025581502216085,1.6913498876975173,-0.2887917374759088,HOLD,0,6204760.043712492,0.0,6204760.043712492,0,520.4760043712491,951.397979885658
2009-04-24,51.4014892578125,1.0983635534142167,1.5727526208408573,-0.47438906742664066,HOLD,0,6204760.043712492,0.0,6204760.043712492,0,520.4760043712491,925.9777826254634
2009-04-27,49.981788635253906,0.7342650184645549,1.4050551003655969,-0.670790081901042,HOLD,0,6204760.043712492,0.0,6204760.043712492,0,520.4760043712491,897.6404461444339
2009-04-28,51.29710006713867,0.5455600694838125,1.23315609418924,-0.6875960247054276,HOLD,0,6204760.043712492,0.0,6204760.043712492,0,520.4760043712491,923.8941661403376
2009-04-29,52.67504119873047,0.5014183328368915,1.0868085419187705,-0.585390209081879,HOLD,0,6204760.043712492,0.0,6204760.043712492,0,520.4760043712491,951.397979885658
2009-04-30,50.629005432128906,0.297903653708417,0.9290275642766999,-0.6311239105682829,HOLD,0,6204760.043712492,0.0,6204760.043712492,0,520.4760043712491,910.5589444938731
2009-05-04,52.94645690917969,0.31992784169205635,0.8072076197597712,-0.48727977806771483,HOLD,0,6204760.043712492,0.0,6204760.043712492,0,520.4760043712491,956.815458888644
2009-05-05,52.508018493652344,0.2985622140395421,0.7054785386157254,-0.4069163245761833,HOLD,0,6204760.043712492,0.0,6204760.043712492,0,520.4760043712491,948.0641935094566
2009-05-06,52.15309524536133,0.2501073781057812,0.6144043065137366,-0.36429692840795536,HOLD,0,6204760.043712492,0.0,6204760.043712492,0,520.4760043712491,940.9798974600285
2009-05-07,51.65202331542969,0.16932241106221113,0.5253879274234315,-0.3560655163612204,HOLD,0,6204760.043712492,0.0,6204760.043712492,0,520.4760043712491,930.9784621897655
2009-05-08,53.384891510009766,0.2423342454411639,0.468777191026978,-0.22644294558581413,HOLD,0,6204760.043712492,0.0,6204760.043712492,0,520.4760043712491,965.5666481261727
2009-05-11,52.46626281738281,0.22349468441237264,0.41972068970405696,-0.19622600529168432,HOLD,0,6204760.043712492,0.0,6204760.043712492,0,520.4760043712491,947.2307469154063
2009-05-12,53.009090423583984,0.24948988370885417,0.38567452850501643,-0.13618464479616227,HOLD,0,6204760.043712492,0.0,6204760.043712492,0,520.4760043712491,958.0656287797195
2009-05-13,54.76283645629883,0.40691327170802793,0.3899222771456188,0.016990994562409156,BUY,112100,62162.728581342846,6138913.966751099,6201076.6953324415,112100,520.1076695332442,993.0705380131519
2009-05-14,54.533180236816406,0.5072933414158172,0.4133964899996585,0.09389685141615867,HOLD,112100,62162.728581342846,6113169.504547119,6175332.233128462,0,517.5332233128462,988.4865817458749
2009-05-15,54.491424560546875,0.5768266373372768,0.4460825194671822,0.1307441178700946,HOLD,112100,62162.728581342846,6108488.693237305,6170651.4218186475,0,517.0651421818648,987.6531351518246
2009-05-18,53.78157424926758,0.568104532246771,0.4704869220231,0.09761761022367105,HOLD,112100,62162.728581342846,6028914.4733428955,6091077.201924238,0,509.10772019242387,973.4844669113098
2009-05-19,53.82332992553711,0.5581277855421263,0.4880150947269053,0.07011269081522098,HOLD,112100,62162.728581342846,6033595.28465271,6095758.013234053,0,509.5758013234053,974.3179135053601
2009-05-20,53.07172393798828,0.4839936427007814,0.4872108043216805,-0.003217161620899134,SELL,0,6007933.37787776,0.0,6007933.37787776,112100,500.79333778777595,959.3157986707951
2009-05-21,51.65202331542969,0.3071432686728244,0.4511972971919093,-0.14405402851908494,HOLD,0,6007933.37787776,0.0,6007933.37787776,0,500.79333778777595,930.9784621897655
2009-05-22,51.77729034423828,0.175077886548209,0.3959734150631693,-0.2208955285149603,HOLD,0,6007933.37787776,0.0,6007933.37787776,0,500.79333778777595,933.4788019719166
2009-05-25,51.77729034423828,0.06961266822780487,0.3307012656960964,-0.26108859746829155,HOLD,0,6007933.37787776,0.0,6007933.37787776,0,500.79333778777595,933.4788019719166
2009-05-26,52.46626281738281,0.041150684002801086,0.27279114935743737,-0.23164046535463628,HOLD,0,6007933.37787776,0.0,6007933.37787776,0,500.79333778777595,947.2307469154063
2009-05-27,53.09260177612305,0.06834681632997786,0.23190228275194547,-0.1635554664219676,HOLD,0,6007933.37787776,0.0,6007933.37787776,0,500.79333778777595,959.7325219678203
2009-06-01,54.971614837646484,0.23876822615137883,0.23327547143183214,0.005492754719546689,BUY,108100,61936.35498980526,5942431.563949585,6004367.91893939,108100,500.4367918939391,997.2377709834038
2009-06-02,54.449668884277344,0.32793155407713925,0.25220668796089357,0.07572486611624568,HOLD,108100,61936.35498980526,5886009.206390381,5947945.561380186,0,494.79455613801855,986.8196885577742
2009-06-03,56.161659240722656,0.5306207818370936,0.3078895067361336,0.22273127510096002,HOLD,108100,61936.35498980526,6071075.363922119,6133011.718911924,0,513.3011718911924,1020.9911511971562
2009-06-04,56.85063171386719,0.7383366899701045,0.39397894338292777,0.3443577465871767,HOLD,108100,61936.35498980526,6145553.288269043,6207489.643258848,0,520.7489643258849,1034.7430961406458
2009-06-05,56.161659240722656,0.8377022134135572,0.4827235973890537,0.35497861602450353,HOLD,108100,61936.35498980526,6071075.363922119,6133011.718911924,0,513.3011718911924,1020.9911511971562
2009-06-08,56.5583381652832,0.9376501335873186,0.5737089046287067,0.3639412289586119,HOLD,108100,61936.35498980526,6113956.355667114,6175892.7106569195,0,517.589271065692,1028.9088938406348
2009-06-09,58.95930099487305,1.1968012354162383,0.6983273707862131,0.4984738646300252,HOLD,108100,61936.35498980526,6373500.437545776,6435436.792535582,0,543.5436792535581,1076.8323014235064
2009-06-10,58.875789642333984,1.3795392131660762,0.8345697392621858,0.5449694739038904,HOLD,108100,61936.35498980526,6364472.860336304,6426409.215326109,0,542.6409215326108,1075.1654082354057
2009-06-11,57.706783294677734,1.4137346812406264,0.950402727657874,0.46333195358275236,HOLD,108100,61936.35498980526,6238103.274154663,6300039.629144468,0,530.0039629144468,1051.8319492683356
2009-06-12,57.898075103759766,1.439674811297138,1.048257144385727,0.3914176669114111,HOLD,108100,61936.35498980526,6258781.918716431,6320718.273706236,0,532.0718273706236,1055.6501488759777
2009-06-15,58.663246154785156,1.5046310105822158,1.1395319176250247,0.3650990929571911,HOLD,108100,61936.35498980526,6341496.909332275,6403433.264322081,0,540.3433264322081,1070.9230234482045
2009-06-16,60.7249641418457,1.7028433592966437,1.2521942059593485,0.45064915333729516,HOLD,108100,61936.35498980526,6564368.6237335205,6626304.978723326,0,562.6304978723326,1112.075077198124
2009-06-17,60.7249641418457,1.838732312172084,1.3695018272018957,0.46923048497018827,HOLD,108100,61936.35498980526,6564368.6237335205,6626304.978723326,0,562.6304978723326,1112.075077198124
2009-06-18,61.10755157470703,1.9547635968221542,1.4865541811259475,0.46820941569620667,HOLD,108100,61936.35498980526,6605726.32522583,6667662.680215635,0,566.7662680215635,1119.7115525550666
2009-06-19,62.786678314208984,2.1573422224561654,1.6207117893919911,0.5366304330641742,HOLD,108100,61936.35498980526,6787239.925765991,6849176.2807557965,0,584.9176280755796,1153.227054806385
2009-06-22,61.97899627685547,2.2270420974237695,1.7419778509983468,0.4850642464254227,HOLD,108100,61936.35498980526,6699929.497528076,6761865.852517881,0,576.1865852517882,1137.1056575917232
2009-06-23,60.1935920715332,2.113845457758167,1.8163513723503109,0.29749408540785605,HOLD,108100,61936.35498980526,6506927.302932739,6568863.6579225445,0,556.8863657922544,1101.4688487343162
2009-06-24,61.00127410888672,2.0654997007975453,1.8661810380397579,0.19931866275778742,HOLD,108100,61936.35498980526,6594237.731170654,6656174.08616046,0,565.617408616046,1117.5902459489782
2009-06-25,59.98104476928711,1.922697696591996,1.8774843697502057,0.04521332684179025,HOLD,108100,61936.35498980526,6483950.9395599365,6545887.294549742,0,554.5887294549741,1097.2263878054566
2009-06-26,59.38591003417969,1.7414295640395707,1.8502734086080788,-0.10884384456850804,SELL,0,6477701.459559812,0.0,6477701.459559812,108100,547.7701459559812,1085.3474515196542
2009-06-29,59.38591003417969,1.5795650207117191,1.796131731028807,-0.21656671031708785,HOLD,0,6477701.459559812,0.0,6477701.459559812,0,547.7701459559812,1085.3474515196542
2009-06-30,60.066062927246094,1.489004540677115,1.7347062929584687,-0.2457017522813536,HOLD,0,6477701.459559812,0.0,6477701.459559812,0,547.7701459559812,1098.9233569486687
2009-07-01,61.66017532348633,1.5282495461543277,1.6934149435976407,-0.16516539744331293,HOLD,0,6477701.459559812,0.0,6477701.459559812,0,547.7701459559812,1130.7419661984336
2009-07-02,61.93648910522461,1.5636232333631241,1.6674566015507375,-0.10383336818761335,HOLD,0,6477701.459559812,0.0,6477701.459559812,0,547.7701459559812,1136.2572110909464
2009-07-03,62.89295196533203,1.6498176240525098,1.663928806051092,-0.01411118199858219,HOLD,0,6477701.459559812,0.0,6477701.459559812,0,547.7701459559812,1155.348285270815
2009-07-06,67.1864242553711,2.0410467154042564,1.739352387921725,0.30169432748253144,BUY,95400,64270.834673033096,6409584.873962402,6473855.708635435,95400,547.3855708635435,1241.0463310570785
2009-07-07,67.50524139404297,2.349738148859892,1.8614295401093583,0.4883086087505335,HOLD,95400,64270.834673033096,6440000.028991699,6504270.863664732,0,550.4270863664733,1247.4099463087096
2009-07-08,69.41817474365234,2.71741144058047,2.032625920203581,0.6847855203768893,HOLD,95400,64270.834673033096,6622493.870544434,6686764.705217467,0,568.6764705217466,1285.5922469517639
2009-07-09,69.94954681396484,3.0168955643114828,2.2294798490251613,0.7874157152863215,HOLD,95400,64270.834673033096,6673186.766052246,6737457.600725279,0,573.7457600725279,1296.1984754155717
2009-07-10,69.4394302368164,3.1764604862733847,2.4188759764748062,0.7575845097985785,HOLD,95400,64270.834673033096,6624521.644592285,6688792.479265318,0,568.8792479265319,1286.0165082729816
2009-07-13,66.91011047363281,3.0635076607044027,2.5478023133207257,0.515705347383677,HOLD,95400,64270.834673033096,6383224.53918457,6447495.373857603,0,544.7495373857604,1235.5310861645657
2009-07-14,69.69448852539062,3.162215717043239,2.6706849940652284,0.49153072297801037,HOLD,95400,64270.834673033096,6648854.205322266,6713125.039995299,0,571.3125039995299,1291.1074918442766
2009-07-15,69.67323303222656,3.20181884757433,2.776911764767049,0.4249070828072812,HOLD,95400,64270.834673033096,6646826.431274414,6711097.265947447,0,571.1097265947446,1290.683230523059
2009-07-16,69.6519775390625,3.194663382324066,2.8604620882784526,0.3342012940456134,HOLD,95400,64270.834673033096,6644798.6572265625,6709069.491899596,0,570.9069491899595,1290.2589692018414
2009-07-17,68.67425537109375,3.0746558974914677,2.903300850121056,0.17135504737041174,HOLD,95400,64270.834673033096,6551523.962402344,6615794.797075377,0,561.5794797075376,1270.7435575590964
2009-07-20,69.75825500488281,3.0320670309021978,2.9290540862772847,0.10301294462491306,HOLD,95400,64270.834673033096,6654937.52746582,6719208.362138853,0,571.9208362138853,1292.3802758079296
2009-07-21,70.5021743774414,3.023490210377929,2.9479413110974138,0.07554889928051534,HOLD,95400,64270.834673033096,6725907.43560791,6790178.270280943,0,579.0178270280943,1307.228965200597
2009-07-22,73.90293884277344,3.253600804519266,3.0090732097817843,0.24452759473748165,HOLD,95400,64270.834673033096,7050340.365600586,7114611.200273619,0,611.4611200273619,1375.1084923456694
2009-07-23,73.392822265625,3.3561157504185104,3.0784817179091295,0.2776340325093809,HOLD,95400,64270.834673033096,7001675.244140625,7065946.078813658,0,606.5946078813658,1364.9265252030793
2009-07-24,73.75415802001953,3.4270118992608616,3.1481877541794763,0.2788241450813853,HOLD,95400,64270.834673033096,7036146.675109863,7100417.509782896,0,610.0417509782897,1372.1388153804628
2009-07-27,77.32495880126953,3.7283532531343724,3.2642208539704556,0.4641323991639168,HOLD,95400,64270.834673033096,7376801.069641113,7441071.904314146,0,644.1071904314147,1443.4122808119594
2009-07-28,79.4079360961914,4.088121981226934,3.4290010794217514,0.6591209018051822,HOLD,95400,64270.834673033096,7575517.10357666,7639787.938249693,0,663.9787938249693,1484.9886720247553
2009-07-29,76.17720031738281,4.065681270383365,3.5563371176140746,0.5093441527692906,HOLD,95400,64270.834673033096,7267304.91027832,7331575.744951353,0,633.1575744951353,1420.5029308827902
2009-07-30,78.57899475097656,4.1933631039363775,3.6837423148785353,0.5096207890578421,HOLD,95400,64270.834673033096,7496436.099243164,7560706.933916197,0,656.0706933916198,1468.4429373472171
2009-07-31,80.83200073242188,4.425338087673708,3.83206146943757,0.5932766182361382,HOLD,95400,64270.834673033096,7711372.869873047,7775643.70454608,0,677.564370454608,1513.4131145631202
2009-08-03,81.15082550048828,4.582086981357264,3.9820665718215094,0.6000204095357549,HOLD,95400,64270.834673033096,7741788.752746582,7806059.587419615,0,680.6059587419616,1519.776882098068
2009-08-04,79.7692642211914,4.54246841160581,4.09414693977837,0.4483214718274402,HOLD,95400,64270.834673033096,7609987.80670166,7674258.641374693,0,667.4258641374693,1492.2008099188215
2009-08-05,77.32495880126953,4.26467487289959,4.128252526402615,0.1364223464969756,HOLD,95400,64270.834673033096,7376801.069641113,7441071.904314146,0,644.1071904314147,1443.4122808119594
2009-08-06,74.41305541992188,3.766141490239903,4.055830319170073,-0.2896888289301698,SELL,0,7159016.918441343,0.0,7159016.918441343,95400,615.9016918441342,1385.2904594882596
2009-08-07,74.30677795410156,3.324155691848631,3.9094953937057846,-0.5853397018571536,HOLD,0,7159016.918441343,0.0,7159016.918441343,0,615.9016918441342,1383.1691528821711
2009-08-10,73.26529693603516,2.856907299168128,3.6989777747982533,-0.8420704756301252,HOLD,0,7159016.918441343,0.0,7159016.918441343,0,615.9016918441342,1362.3811095590902
2009-08-11,73.41407775878906,2.4701407061575793,3.4532103610701186,-0.9830696549125393,HOLD,0,7159016.918441343,0.0,7159016.918441343,0,615.9016918441342,1365.350786524297
2009-08-12,68.86555480957031,1.7761235594890508,3.117793000753905,-1.3416694412648544,HOLD,0,7159016.918441343,0.0,7159016.918441343,0,615.9016918441342,1274.5619094500555
2009-08-13,68.86555480957031,1.212137207432633,2.736661842089651,-1.524524634657018,HOLD,0,7159016.918441343,0.0,7159016.918441343,0,615.9016918441342,1274.5619094500555
2009-08-14,69.20562744140625,0.783582330071269,2.346045939685975,-1.562463609614706,HOLD,0,7159016.918441343,0.0,7159016.918441343,0,615.9016918441342,1281.3497860229043
2009-08-17,65.99615478515625,0.18286393984432436,1.913409539717645,-1.7305455998733206,HOLD,0,7159016.918441343,0.0,7159016.918441343,0,615.9016918441342,1217.288458485474
2009-08-18,63.29679489135742,-0.5052018439111094,1.4296872629918942,-1.9348891069030036,HOLD,0,7159016.918441343,0.0,7159016.918441343,0,615.9016918441342,1163.4090219489751
2009-08-19,58.38693618774414,-1.4301970771255554,0.8577103949684043,-2.2879074720939596,HOLD,0,7159016.918441343,0.0,7159016.918441343,0,615.9016918441342,1065.4078546973503
2009-08-20,60.873748779296875,-1.9402316875585797,0.2981219784630075,-2.2383536660215873,HOLD,0,7159016.918441343,0.0,7159016.918441343,0,615.9016918441342,1115.044830304989
2009-08-21,61.17131423950195,-2.293983135516143,-0.22029904433282266,-2.0736840911833205,HOLD,0,7159016.918441343,0.0,7159016.918441343,0,615.9016918441342,1120.984260377061
2009-08-24,61.38386154174805,-2.5280412300556776,-0.6818474814773936,-1.846193748578284,HOLD,0,7159016.918441343,0.0,7159016.918441343,0,615.9016918441342,1125.2267213059208
2009-08-25,57.96183776855469,-2.955592445803717,-1.1365964743426582,-1.8189959714610586,HOLD,0,7159016.918441343,0.0,7159016.918441343,0,615.9016918441342,1056.9228566979723
2009-08-26,59.06708908081055,-3.168718308494121,-1.543020841172951,-1.6256974673211702,HOLD,0,7159016.918441343,0.0,7159016.918441343,0,615.9016918441342,1078.9837601263648
2009-08-27,59.173362731933594,-3.2911088406150313,-1.892638441061367,-1.3984703995536643,HOLD,0,7159016.918441343,0.0,7159016.918441343,0,615.9016918441342,1081.1049905907944
2009-08-28,56.282711029052734,-3.5800866430408362,-2.230128081457261,-1.3499585615835752,HOLD,0,7159016.918441343,0.0,7159016.918441343,0,615.9016918441342,1023.4073544466538
2009-08-31,52.07426071166992,-4.101411879455796,-2.604384841056968,-1.4970270383988278,HOLD,0,7159016.918441343,0.0,7159016.918441343,0,615.9016918441342,939.406353945261
2009-09-01,52.64813995361328,-4.417338300315841,-2.9669755329087426,-1.450362767407098,HOLD,0,7159016.918441343,0.0,7159016.918441343,0,615.9016918441342,950.8610289098456
2009-09-02,52.96696090698242,-4.5890859522842575,-3.2913976167838457,-1.2976883355004118,HOLD,0,7159016.918441343,0.0,7159016.918441343,0,615.9016918441342,957.2247203031352
2009-09-03,56.4527473449707,-4.393280368861198,-3.5117741671993166,-0.8815062016618818,HOLD,0,7159016.918441343,0.0,7159016.918441343,0,615.9016918441342,1026.801292733078
2009-09-04,56.325218200683594,-4.199978827901802,-3.649415099339814,-0.550563728561988,HOLD,0,7159016.918441343,0.0,7159016.918441343,0,615.9016918441342,1024.2558009474305
2009-09-07,56.729061126708984,-3.9684533549555,-3.7132227504629514,-0.25523060449254853,HOLD,0,7159016.918441343,0.0,7159016.918441343,0,615.9016918441342,1032.3165376255909
2009-09-08,57.38795852661133,-3.6892725980400556,-3.7084327199783726,0.019160121938317065,BUY,123500,67351.59267802257,7087412.878036499,7154764.470714522,123500,615.4764470714522,1045.4681817333878
2009-09-09,58.280662536621094,-3.3572853877147537,-3.638203253525649,0.2809178658108955,HOLD,123500,67351.59267802257,7197661.823272705,7265013.415950728,0,626.5013415950727,1063.2866242329203
2009-09-10,56.75031661987305,-3.181000662012842,-3.546762735223088,0.365762073210246,HOLD,123500,67351.59267802257,7008664.102554321,7076015.695232344,0,607.6015695232344,1032.7407989468086
2009-09-11,58.344425201416016,-2.879469771701501,-3.4133041425187707,0.5338343708172695,HOLD,123500,67351.59267802257,7205536.512374878,7272888.1050529005,0,627.28881050529,1064.5593320549149
2009-09-14,60.32112121582031,-2.452727998693682,-3.2211889137537533,0.7684609150600714,HOLD,123500,67351.59267802257,7449658.470153809,7517010.062831831,0,651.7010062831831,1104.0143405199638
2009-09-15,59.93853759765625,-2.1209543284277785,-3.0011419966885584,0.8801876682607799,HOLD,123500,67351.59267802257,7402409.393310547,7469760.985988569,0,646.976098598857,1096.3779413046798
2009-09-16,58.53572082519531,-1.9487528839607506,-2.790664174142997,0.8419112901822463,HOLD,123500,67351.59267802257,7229161.521911621,7296513.114589644,0,629.6513114589643,1068.3776078042154
2009-09-17,59.68347930908203,-1.7000701309319624,-2.5725453655007904,0.872475234568828,HOLD,123500,67351.59267802257,7370909.694671631,7438261.287349653,0,643.8261287349653,1091.2869577333847
2009-09-18,57.43046951293945,-1.665586474764865,-2.3911535873536054,0.7255671125887404,HOLD,123500,67351.59267802257,7092662.984848022,7160014.577526045,0,616.0014577526046,1046.316704375823
2009-09-21,56.77157211303711,-1.6721499387314012,-2.247352857629165,0.5752029188977636,HOLD,123500,67351.59267802257,7011289.155960083,7078640.748638106,0,607.8640748638105,1033.1650602680263
2009-09-22,54.96491241455078,-1.8023574156359246,-2.158353769230517,0.3559963535945925,HOLD,123500,67351.59267802257,6788166.6831970215,6855518.275875044,0,585.5518275875044,997.1039900894017
2009-09-23,54.11471939086914,-1.951653800676631,-2.11701377551974,0.16535997484310894,HOLD,123500,67351.59267802257,6683167.844772339,6750519.437450361,0,575.0519437450362,980.1340702323043
2009-09-24,54.858638763427734,-1.9870388384311823,-2.0910187881020286,0.10397994967084623,HOLD,123500,67351.59267802257,6775041.887283325,6842393.479961348,0,584.2393479961347,994.9827596249719
2009-09-25,54.07221221923828,-2.054852722380133,-2.0837855749576497,0.028932852577516766,HOLD,123500,67351.59267802257,6677918.209075928,6745269.80175395,0,574.5269801753951,979.2856237315275
2009-09-28,52.47809982299805,-2.2117317944347334,-2.1093748188530665,-0.1023569755816669,SELL,0,6544508.293621397,0.0,6544508.293621397,123500,554.4508293621396,947.4670144817628
2009-09-29,51.882965087890625,-2.3569129631534977,-2.158882447713153,-0.19803051544034478,HOLD,0,6544508.293621397,0.0,6544508.293621397,0,554.4508293621396,935.5880781959604
2009-09-30,53.15825653076172,-2.342066835360491,-2.195519325242621,-0.14654751011787015,HOLD,0,6544508.293621397,0.0,6544508.293621397,0,554.4508293621396,961.0429960524357
2009-10-09,55.623809814453125,-2.1070627201813537,-2.1778280042303675,0.07076528404901383,BUY,116400,66012.06434161216,6474611.462402344,6540623.526743956,116400,554.0623526743956,1010.2556341971984
2009-10-12,54.94365692138672,-1.9531877869929488,-2.132899960782884,0.1797121737899352,HOLD,116400,66012.06434161216,6395441.665649414,6461453.729991026,0,546.1453729991026,996.6797287681841
2009-10-13,55.66632080078125,-1.7527235522412994,-2.0568646790745673,0.3041411268332679,HOLD,116400,66012.06434161216,6479559.7412109375,6545571.80555255,0,554.557180555255,1011.1041568396338
2009-10-14,56.64404296875,-1.4976956905068448,-1.9450308813610229,0.44733519085417806,HOLD,116400,66012.06434161216,6593366.6015625,6659378.665904112,0,565.9378665904112,1030.6195684823788
2009-10-15,57.66427230834961,-1.1994339633051538,-1.7959114977498492,0.5964775344446953,HOLD,116400,66012.06434161216,6712121.2966918945,6778133.361033507,0,577.8133361033507,1050.9834266259004
2009-10-16,57.55799865722656,-0.9605620299654376,-1.628841604192967,0.6682795742275294,HOLD,116400,66012.06434161216,6699751.043701172,6765763.108042784,0,576.5763108042785,1048.8621961614706
2009-10-19,59.06708908081055,-0.6420817973482471,-1.4314896428240231,0.789407845475776,HOLD,116400,66012.06434161216,6875409.169006348,6941421.23334796,0,594.142123334796,1078.9837601263648
2009-10-20,59.768497467041016,-0.3292902703580083,-1.2110497683308201,0.8817594979728118,HOLD,116400,66012.06434161216,6957053.105163574,7023065.169505186,0,602.3065169505187,1092.9839268765968
2009-10-21,61.10755157470703,0.026346043084714665,-0.9635706060477132,0.9899166491324278,HOLD,116400,66012.06434161216,7112919.003295898,7178931.067637511,0,617.893106763751,1119.7115525550666
2009-10-22,60.51241683959961,0.257203107020338,-0.719415863434103,0.976618970454441,HOLD,116400,66012.06434161216,7043645.3201293945,7109657.384471007,0,610.9657384471006,1107.8326162692645
2009-10-23,61.192569732666016,0.4894001473624243,-0.4776526612747976,0.9670528086372219,HOLD,116400,66012.06434161216,7122815.116882324,7188827.181223936,0,618.8827181223936,1121.4085216982787
2009-10-26,60.23610305786133,0.5894443599267944,-0.2642332570344792,0.8536776169612736,HOLD,116400,66012.06434161216,7011482.395935059,7077494.460276671,0,607.7494460276671,1102.3173713767517
2009-10-27,57.770545959472656,0.46442664556956004,-0.11850127651367136,0.5829279220832314,HOLD,116400,66012.06434161216,6724491.549682617,6790503.614024229,0,579.0503614024229,1053.1046570903304
2009-10-28,58.81203079223633,0.4442670936802884,-0.005947602474879415,0.4502146961551678,HOLD,116400,66012.06434161216,6845720.384216309,6911732.448557921,0,591.1732448557921,1073.8927765550698
2009-10-29,57.34545135498047,0.30641760824600084,0.05652543966929664,0.2498921685767042,HOLD,116400,66012.06434161216,6675010.537719727,6741022.602061339,0,574.1022602061339,1044.619735232611
2009-10-30,57.451725006103516,0.20340160626318493,0.0859006729880743,0.11750093327511063,HOLD,116400,66012.06434161216,6687380.790710449,6753392.855052061,0,575.3392855052061,1046.7409656970408
2009-11-02,58.599483489990234,0.2119321777119083,0.11110697393284111,0.1008252037790672,HOLD,116400,66012.06434161216,6820979.878234863,6886991.942576475,0,588.6991942576476,1069.65031562621
2009-11-03,59.577205657958984,0.29419542312694347,0.1477246637716616,0.14647075935528187,HOLD,116400,66012.06434161216,6934786.738586426,7000798.802928038,0,600.0798802928039,1089.1657272689547
2009-11-04,60.57617950439453,0.43498425075321734,0.20517658116797277,0.22980766958524457,HOLD,116400,66012.06434161216,7051067.294311523,7117079.358653136,0,611.7079358653136,1109.1053240912588
2009-11-05,60.40614318847656,0.5267676517461197,0.2694947952836022,0.2572728564625175,HOLD,116400,66012.06434161216,7031275.067138672,7097287.131480284,0,609.7287131480284,1105.7113858048344
2009-11-06,60.57617950439453,0.6062388241443131,0.3368436010557444,0.26939522308856867,HOLD,116400,66012.06434161216,7051067.294311523,7117079.358653136,0,611.7079358653136,1109.1053240912588
2009-11-09,61.065040588378906,0.7005913240431383,0.4095931456532232,0.2909981783899151,HOLD,116400,66012.06434161216,7107970.724487305,7173982.788828917,0,617.3982788828916,1118.8630299126312
2009-11-10,60.873748779296875,0.7512705306576919,0.47792862265411695,0.27334190800357494,HOLD,116400,66012.06434161216,7085704.357910156,7151716.422251768,0,615.1716422251768,1115.044830304989
2009-11-11,62.63789749145508,0.9231447860331983,0.5669718553299332,0.35617293070326506,HOLD,116400,66012.06434161216,7291051.268005371,7357063.332346983,0,635.7063332346983,1150.2573778411784
2009-11-12,62.42534637451172,1.030328289764583,0.6596431422168632,0.37068514754771975,HOLD,116400,66012.06434161216,7266310.317993164,7332322.382334776,0,633.2322382334776,1146.0148407706602
2009-11-13,61.893978118896484,1.0601739855191354,0.7397493108773177,0.3204246746418178,HOLD,116400,66012.06434161216,7204459.053039551,7270471.117381163,0,627.0471117381163,1135.408688448511
2009-11-16,65.14596557617188,1.3308934134226504,0.8579781313863842,0.4729152820362662,HOLD,116400,66012.06434161216,7582990.393066406,7649002.457408018,0,664.9002457408019,1200.318614770035
2009-11-17,64.25325775146484,1.456615492989549,0.9777056037070172,0.47890988928253175,HOLD,116400,66012.06434161216,7479079.202270508,7545091.26661212,0,654.509126661212,1182.5000961288438
2009-11-18,63.99820327758789,1.518169865184369,1.0857984560024876,0.4323714091818813,HOLD,116400,66012.06434161216,7449390.8615112305,7515402.925852843,0,651.5402925852842,1177.4091886992073
2009-11-19,64.61459350585938,1.5982658745417453,1.1882919397103393,0.409973934831406,HOLD,116400,66012.06434161216,7521138.684082031,7587150.748423643,0,658.7150748423643,1189.7123863062272
2009-11-20,65.61357116699219,1.722495827780584,1.2951327173243883,0.4273631104561957,HOLD,116400,66012.06434161216,7637419.683837891,7703431.748179503,0,670.3431748179503,1209.6520592701897
2009-11-23,65.80486297607422,1.8154571510964033,1.3991976040787915,0.4162595470176118,HOLD,116400,66012.06434161216,7659686.050415039,7725698.114756651,0,672.5698114756651,1213.4702588778318
2009-11-24,63.27553939819336,1.6658317241072353,1.4525244280844802,0.2133072960227551,HOLD,116400,66012.06434161216,7365272.785949707,7431284.850291319,0,643.1284850291319,1162.9847606277576
2009-11-25,63.7856559753418,1.5703130484425856,1.4760821521561014,0.09423089628648418,HOLD,116400,66012.06434161216,7424650.355529785,7490662.419871397,0,649.0662419871397,1173.1667277703475
2009-11-26,60.12982940673828,1.1859482851307632,1.418055378751034,-0.2321070936202707,SELL,0,7060924.740000181,0.0,7060924.740000181,116400,606.0924740000181,1100.1961409123217
2009-11-27,58.04685974121094,0.7051298985608483,1.275470282712997,-0.5703403841521486,HOLD,0,7060924.740000181,0.0,7060924.740000181,0,606.0924740000181,1058.619901982843
2009-11-30,62.042762756347656,0.6391461621587382,1.1482054586021453,-0.5090592964434071,HOLD,0,7060924.740000181,0.0,7060924.740000181,0,606.0924740000181,1138.378441555376
2009-12-01,63.360557556152344,0.6852890175300033,1.0556221703877169,-0.3703331528577136,HOLD,0,7060924.740000181,0.0,7060924.740000181,0,606.0924740000181,1164.6817297709697
2009-12-02,63.27553939819336,0.7068491905617122,0.985867574422516,-0.2790183838608038,HOLD,0,7060924.740000181,0.0,7060924.740000181,0,606.0924740000181,1162.9847606277576
2009-12-03,64.04071044921875,0.7767250887103785,0.9440390772800886,-0.16731398856971014,HOLD,0,7060924.740000181,0.0,7060924.740000181,0,606.0924740000181,1178.2576351999842
2009-12-04,67.14391326904297,1.0701685376879269,0.9692649693616563,0.10090356832627057,BUY,104100,67049.55987002421,6989681.371307373,7056730.931177397,104100,605.6730931177398,1240.197808414643
2009-12-07,67.27143859863281,1.2980516816953056,1.035022311828386,0.2630293698669195,HOLD,104100,67049.55987002421,7002956.758117676,7070006.3179877,0,607.0006317987701,1242.7432240586322
2009-12-08,65.48603820800781,1.3193748923441575,1.0918928279315405,0.22748206441261698,HOLD,104100,67049.55987002421,6817096.577453613,6884146.1373236375,0,588.4146137323637,1207.1064913428838
2009-12-09,63.74314498901367,1.1820112833049095,1.1099165190062144,0.0720947642986951,HOLD,104100,67049.55987002421,6635661.393356323,6702710.953226347,0,570.2710953226348,1172.3182051279123
2009-12-10,64.40204620361328,1.113481928290021,1.1106296008629757,0.0028523274270453314,HOLD,104100,67049.55987002421,6704253.009796143,6771302.569666167,0,577.1302569666167,1185.4699253773676
2009-12-11,63.764400482177734,0.9962352600779241,1.0877507327059655,-0.09151547262804138,SELL,0,6700940.925610609,0.0,6700940.925610609,104100,570.094092561061,1172.74246644913
2009-12-14,63.97694778442383,0.90997756681368,1.0521960995275084,-0.14221853271382834,HOLD,0,6700940.925610609,0.0,6700940.925610609,0,570.094092561061,1176.9849273779896
2009-12-15,62.42534637451172,0.7082521668351589,0.9834073129890385,-0.2751551461538796,HOLD,0,6700940.925610609,0.0,6700940.925610609,0,570.094092561061,1146.0148407706602
2009-12-16,62.44660186767578,0.5438295461717928,0.8954917596255894,-0.35166221345379656,HOLD,0,6700940.925610609,0.0,6700940.925610609,0,570.094092561061,1146.4391020918779
2009-12-17,61.235076904296875,0.31216505089623325,0.7788264178797182,-0.4666613669834849,HOLD,0,6700940.925610609,0.0,6700940.925610609,0,570.094092561061,1122.2569681990556
2009-12-18,60.63994598388672,0.07962926122144864,0.6389869865480643,-0.5593577253266157,HOLD,0,6700940.925610609,0.0,6700940.925610609,0,570.094092561061,1110.378108054912
2009-12-21,62.021507263183594,0.006745661833591043,0.5125387216051697,-0.5057930597715786,HOLD,0,6700940.925610609,0.0,6700940.925610609,0,570.094092561061,1137.9541802341585
2009-12-22,59.98104476928711,-0.21320568377352345,0.3673898405294311,-0.5805955243029546,HOLD,0,6700940.925610609,0.0,6700940.925610609,0,570.094092561061,1097.2263878054566
2009-12-23,60.3848876953125,-0.35088715208733845,0.22373444200607717,-0.5746215940934156,HOLD,0,6700940.925610609,0.0,6700940.925610609,0,570.094092561061,1105.287124483617
2009-12-24,61.8089599609375,-0.34115732798606047,0.11075608800764966,-0.45191341599371015,HOLD,0,6700940.925610609,0.0,6700940.925610609,0,570.094092561061,1133.7117193052989
2009-12-25,61.277587890625,-0.37203506880928927,0.014197856644261871,-0.38623292545355115,HOLD,0,6700940.925610609,0.0,6700940.925610609,0,570.094092561061,1123.105490841491
2009-12-28,63.46683120727539,-0.2173468226125408,-0.03211107920709866,-0.18523574340544213,HOLD,0,6700940.925610609,0.0,6700940.925610609,0,570.094092561061,1166.8029602353995
2009-12-29,65.44352722167969,0.06400971128454813,-0.0128869211087693,0.07689663239331743,BUY,101300,67533.96046992391,6629429.307556152,6696963.268026076,101300,569.6963268026076,1206.2579687004484
2009-12-30,66.93136596679688,0.4024042777798229,0.07017131866894914,0.33223295911087375,HOLD,101300,67533.96046992391,6780147.372436523,6847681.332906447,0,584.7681332906448,1235.9553474857835
2009-12-31,67.52649688720703,0.7104172534110589,0.19822050561737112,0.5121967477936877,HOLD,101300,67533.96046992391,6840434.134674072,6907968.095143996,0,590.7968095143996,1247.8342076299273
2010-01-04,66.50627136230469,0.8622565257406336,0.33102770964202366,0.53122881609861,HOLD,101300,67533.96046992391,6737085.289001465,6804619.249471389,0,580.4619249471389,1227.4704256280638
2010-01-05,69.75825500488281,1.2308101319510598,0.5109841941038309,0.7198259378472289,HOLD,101300,67533.96046992391,7066511.231994629,7134045.192464553,0,613.4045192464553,1292.3802758079296
2010-01-06,68.95056915283203,1.4411058508189853,0.6970085254468618,0.7440973253721236,HOLD,101300,67533.96046992391,6984692.655181885,7052226.615651809,0,605.2226615651808,1276.2588024516092
2010-01-07,67.27143859863281,1.455496858704521,0.8487061920983937,0.6067906666061272,HOLD,101300,67533.96046992391,6814596.730041504,6882130.690511428,0,588.2130690511427,1242.7432240586322
2010-01-08,68.56798553466797,1.5536132517036378,0.9896876040194426,0.5639256476841953,HOLD,101300,67533.96046992391,6945936.934661865,7013470.895131789,0,601.3470895131788,1268.622403236325
2010-01-11,71.03353881835938,1.8094623884879724,1.1536425609131487,0.6558198275748237,HOLD,101300,67533.96046992391,7195697.482299805,7263231.442769729,0,626.3231442769728,1317.8350413810879
2010-01-12,71.37361907958984,2.0164222471096025,1.3261984981524395,0.690223748957163,HOLD,101300,67533.96046992391,7230147.612762451,7297681.573232375,0,629.7681573232376,1324.6230702372536
2010-01-13,67.56900787353516,1.852089364952846,1.431376671512521,0.42071269344032514,HOLD,101300,67533.96046992391,6844740.497589111,6912274.458059035,0,591.2274458059035,1248.6827302723625
2010-01-14,68.56798553466797,1.781922625519229,1.5014858623138627,0.28043676320536637,HOLD,101300,67533.96046992391,6945936.934661865,7013470.895131789,0,601.3470895131788,1268.622403236325
2010-01-15,67.97284698486328,1.659166433949835,1.5330219766410573,0.12614445730877777,HOLD,101300,67533.96046992391,6885649.39956665,6953183.360036574,0,595.3183360036574,1256.7433908088642
2010-01-18,65.6985855102539,1.3626594832192325,1.4989494779566925,-0.13628999473746006,SELL,0,6718807.512631331,0.0,6718807.512631331,101300,571.880751263133,1211.3489522717434
2010-01-19,65.88987731933594,1.1300843301437453,1.4251764483941032,-0.29509211825035786,HOLD,0,6718807.512631331,0.0,6718807.512631331,0,571.880751263133,1215.1671518793855
2010-01-20,62.85044479370117,0.6925270220693704,1.2786465631291568,-0.5861195410597864,HOLD,0,6718807.512631331,0.0,6718807.512631331,0,571.880751263133,1154.4998387700382
2010-01-21,63.33930587768555,0.38081688686376935,1.0990806278760794,-0.71826374101231,HOLD,0,6718807.512631331,0.0,6718807.512631331,0,571.880751263133,1164.2575445914104
2010-01-22,62.085269927978516,0.03222269506663622,0.8857090413141908,-0.8534863462475546,HOLD,0,6718807.512631331,0.0,6718807.512631331,0,571.880751263133,1139.2268880561528
2010-01-25,62.00025177001953,-0.24804169794570896,0.6589588934622109,-0.9070005914079199,HOLD,0,6718807.512631331,0.0,6718807.512631331,0,571.880751263133,1137.5299189129407
2010-01-26,60.49116134643555,-0.5851786584783554,0.4101313830740977,-0.9953100415524531,HOLD,0,6718807.512631331,0.0,6718807.512631331,0,571.880751263133,1107.4083549480467
2010-01-27,60.087318420410156,-0.874863990219886,0.15313230841530096,-1.027996298635187,HOLD,0,6718807.512631331,0.0,6718807.512631331,0,571.880751263133,1099.3476182698864
2010-01-28,60.51241683959961,-1.0579444874584496,-0.08908305075944917,-0.9688614366990005,HOLD,0,6718807.512631331,0.0,6718807.512631331,0,571.880751263133,1107.8326162692645
2010-01-29,60.10857391357422,-1.2215426661464406,-0.31557497383684746,-0.9059676923095932,HOLD,0,6718807.512631331,0.0,6718807.512631331,0,571.880751263133,1099.7718795911042
2010-02-01,56.19769287109375,-1.6477762777249723,-0.5820152346144725,-1.0657610431104998,HOLD,0,6718807.512631331,0.0,6718807.512631331,0,571.880751263133,1021.7103853034416
2010-02-02,55.39000701904297,-2.0273726934817162,-0.8710867263879213,-1.1562859670937948,HOLD,0,6718807.512631331,0.0,6718807.512631331,0,571.880751263133,1005.5889119471212
2010-02-03,57.706783294677734,-2.116859268528451,-1.1202412348160273,-0.9966180337124235,HOLD,0,6718807.512631331,0.0,6718807.512631331,0,571.880751263133,1051.8319492683356
2010-02-04,57.132904052734375,-2.2086256213436997,-1.3379181121215618,-0.8707075092221379,HOLD,0,6718807.512631331,0.0,6718807.512631331,0,571.880751263133,1040.3772743037512
2010-02-05,55.85761260986328,-2.3570854644753467,-1.541751582592319,-0.8153338818830278,HOLD,0,6718807.512631331,0.0,6718807.512631331,0,571.880751263133,1014.9223564472759
2010-02-08,57.005374908447266,-2.3549793979310465,-1.7043971456600646,-0.6505822522709819,HOLD,0,6718807.512631331,0.0,6718807.512631331,0,571.880751263133,1037.8317825181036
2010-02-09,57.09039306640625,-2.319709898460225,-1.8274596962200969,-0.49225020224012805,HOLD,0,6718807.512631331,0.0,6718807.512631331,0,571.880751263133,1039.5287516613157
2010-02-10,57.91933059692383,-2.1995155884807147,-1.9018708746722206,-0.2976447138084941,HOLD,0,6718807.512631331,0.0,6718807.512631331,0,571.880751263133,1056.0744101971954
2010-02-11,57.91933059692383,-2.0802805525881567,-1.9375528102554078,-0.14272774233274887,HOLD,0,6718807.512631331,0.0,6718807.512631331,0,571.880751263133,1056.0744101971954
2010-02-12,58.068115234375,-1.951287028572665,-1.9402996539188593,-0.010987374653805615,HOLD,0,6718807.512631331,0.0,6718807.512631331,0,571.880751263133,1059.0441633040607
2010-02-22,58.49320983886719,-1.794076156366586,-1.9110549544084048,0.11697879804181888,BUY,113700,64139.14717692416,6650677.958679199,6714817.105856123,113700,571.4817105856123,1067.5290851617801
2010-02-23,57.047882080078125,-1.7657567340416733,-1.8819953103350586,0.1162385762933853,HOLD,113700,64139.14717692416,6486344.192504883,6550483.339681807,0,555.0483339681807,1038.6802290188805
2010-02-24,57.66427230834961,-1.674275838123954,-1.8404514158928378,0.1661755777688838,HOLD,113700,64139.14717692416,6556427.761459351,6620566.908636275,0,562.0566908636275,1050.9834266259004
2010-02-25,58.68450164794922,-1.5021368887260707,-1.7727885104594845,0.27065162173341384,HOLD,113700,64139.14717692416,6672427.837371826,6736566.98454875,0,573.656698454875,1071.3472847694222
2010-02-26,58.068115234375,-1.399322247531643,-1.6980952578739164,0.29877301034227344,HOLD,113700,64139.14717692416,6602344.7021484375,6666483.849325362,0,566.6483849325361,1059.0441633040607
2010-03-01,58.9608154296875,-1.231610222496471,-1.6047982507984273,0.3731880283019564,HOLD,113700,64139.14717692416,6703844.714355469,6767983.861532393,0,576.7983861532393,1076.8625296619348
2010-03-02,58.4081916809082,-1.1302604139242831,-1.5098906834235986,0.37963026949931544,HOLD,113700,64139.14717692416,6641011.394119263,6705150.541296187,0,570.5150541296188,1065.8321160185678
2010-03-03,58.663246154785156,-1.0176286068541955,-1.411438268109718,0.3938096612555224,HOLD,113700,64139.14717692416,6670011.087799072,6734150.234975996,0,573.4150234975997,1070.9230234482045
2010-03-04,56.601531982421875,-1.0822546337900363,-1.3456015412457816,0.2633469074557453,HOLD,113700,64139.14717692416,6435594.186401367,6499733.333578291,0,549.9733333578291,1029.7710458399433
2010-03-05,57.64301681518555,-1.0374727635758276,-1.2839757857117908,0.2465030221359632,HOLD,113700,64139.14717692416,6554011.011886597,6618150.159063521,0,561.8150159063521,1050.559165304683
2010-03-08,57.55799865722656,-0.9973462765662546,-1.2266498838826836,0.22930360731642896,HOLD,113700,64139.14717692416,6544344.44732666,6608483.594503584,0,560.8483594503584,1048.8621961614706
2010-03-09,57.79180145263672,-0.9358914409383843,-1.1684981952938238,0.23260675435543954,HOLD,113700,64139.14717692416,6570927.825164795,6635066.972341719,0,563.506697234172,1053.528918411548
2010-03-10,57.898075103759766,-0.868599965745048,-1.1085185493840688,0.23991858363902074,HOLD,113700,64139.14717692416,6583011.139297485,6647150.2864744095,0,564.7150286474409,1055.6501488759777
2010-03-11,59.173362731933594,-0.7042478029814703,-1.027664400103549,0.3234165971220788,HOLD,113700,64139.14717692416,6728011.34262085,6792150.489797774,0,579.2150489797773,1081.1049905907944
2010-03-12,58.89704895019531,-0.5894983725448952,-0.9400311945918184,0.35053282204692315,HOLD,113700,64139.14717692416,6696594.465637207,6760733.612814131,0,576.0733612814131,1075.5897456982818
2010-03-15,59.02457809448242,-0.4827037773874139,-0.8485657111509375,0.3658619337635236,HOLD,113700,64139.14717692416,6711094.529342651,6775233.6765195755,0,577.5233676519575,1078.1352374839294
2010-03-16,59.768497467041016,-0.3341879049956802,-0.745690149919886,0.41150224492420584,HOLD,113700,64139.14717692416,6795678.1620025635,6859817.309179488,0,585.9817309179488,1092.9839268765968
2010-03-17,60.57617950439453,-0.14959043042699705,-0.6264702060213083,0.4768797755943113,HOLD,113700,64139.14717692416,6887511.609649658,6951650.756826582,0,595.1650756826583,1109.1053240912588
2010-03-18,60.00230026245117,-0.04903758582960904,-0.5109836819829685,0.46194609615335946,HOLD,113700,64139.14717692416,6822261.539840698,6886400.687017622,0,588.6400687017623,1097.6506491266741
2010-03-19,60.00230026245117,0.030301965758994243,-0.402726552434576,0.43302851819357024,HOLD,113700,64139.14717692416,6822261.539840698,6886400.687017622,0,588.6400687017623,1097.6506491266741
2010-03-22,59.66222381591797,0.06498865613193061,-0.3091835107212747,0.3741721668532053,HOLD,113700,64139.14717692416,6783594.847869873,6847733.995046797,0,584.7733995046797,1090.862696412167
2010-03-23,58.790775299072266,0.021906965979077597,-0.24296541538120425,0.26487238136028185,HOLD,113700,64139.14717692416,6684511.151504517,6748650.298681441,0,574.8650298681441,1073.468515233852
2010-03-24,58.727012634277344,-0.017182627383334648,-0.19780885778163035,0.1806262303982957,HOLD,113700,64139.14717692416,6677261.336517334,6741400.483694258,0,574.1400483694258,1072.1958074118575
2010-03-25,57.579254150390625,-0.13917164508692537,-0.18608141524268937,0.046909770155764,HOLD,113700,64139.14717692416,6546761.196899414,6610900.344076338,0,561.0900344076338,1049.286457482688
2010-03-26,58.25940704345703,-0.17890387381137174,-0.18464590695642585,0.005742033145054115,HOLD,113700,64139.14717692416,6624094.580841064,6688233.728017989,0,568.8233728017989,1062.8623629117026
2010-03-29,60.27861404418945,-0.04691798031697658,-0.15710032162853602,0.11018234131155943,HOLD,113700,64139.14717692416,6853678.416824341,6917817.564001265,0,591.7817564001265,1103.165894019187
2010-03-30,60.087318420410156,0.04176439907449492,-0.11732737748792983,0.15909177656242474,HOLD,113700,64139.14717692416,6831928.104400635,6896067.251577559,0,589.6067251577559,1099.3476182698864
2010-03-31,60.40614318847656,0.13620226301242866,-0.06662144938785813,0.2028237124002868,HOLD,113700,64139.14717692416,6868178.480529785,6932317.627706709,0,593.2317627706709,1105.7113858048344
2010-04-01,61.192569732666016,0.27137476092749324,0.0009777926752121426,0.2703969682522811,HOLD,113700,64139.14717692416,6957595.178604126,7021734.32578105,0,602.173432578105,1121.4085216982787
2010-04-02,61.235076904296875,0.3775774352539756,0.07629772119096484,0.30127971406301074,HOLD,113700,64139.14717692416,6962428.244018555,7026567.391195479,0,602.6567391195479,1122.2569681990556
2010-04-06,61.447628021240234,0.47343742663056076,0.15572566227888404,0.3177117643516767,HOLD,113700,64139.14717692416,6986595.306015015,7050734.453191939,0,605.0734453191939,1126.4995052695738
2010-04-07,60.342376708984375,0.45497791431966306,0.21557611268703986,0.2394018016326232,HOLD,113700,64139.14717692416,6860928.231811523,6925067.378988448,0,592.5067378988448,1104.4386018411815
2010-04-08,59.40716552734375,0.36072665896720224,0.24460622194307233,0.11612043702412991,HOLD,113700,64139.14717692416,6754594.720458984,6818733.867635909,0,581.8733867635909,1085.771712840872
2010-04-09,59.98104476928711,0.3285517783877694,0.26139533323201175,0.06715644515575764,HOLD,113700,64139.14717692416,6819844.790267944,6883983.9374448685,0,588.3983937444868,1097.2263878054566
2010-04-12,59.23712921142578,0.2402556675814651,0.2571674001019024,-0.016911732520437317,SELL,0,6795359.581561232,0.0,6795359.581561232,113700,579.5359581561231,1082.3777745544476
2010-04-13,61.192569732666016,0.32432940391385046,0.27059980086429203,0.05372960304955843,BUY,109900,66261.12989306543,6725063.413619995,6791324.543513061,109900,579.132454351306,1121.4085216982787
2010-04-14,60.95876693725586,0.3678521435271449,0.2900502693968626,0.07780187413028228,HOLD,109900,66261.12989306543,6699368.486404419,6765629.616297484,0,576.5629616297484,1116.7417994482014
2010-04-15,61.511390686035156,0.4418430545965677,0.32040882643680363,0.12143422815976407,HOLD,109900,66261.12989306543,6760101.836395264,6826362.966288329,0,582.636296628833,1127.7722130915683
2010-04-16,61.511390686035156,0.49477789313134224,0.3552826397757114,0.13949525335563084,HOLD,109900,66261.12989306543,6760101.836395264,6826362.966288329,0,582.636296628833,1127.7722130915683
2010-04-19,61.511390686035156,0.5306125627169109,0.39034862436395135,0.14026393835295958,HOLD,109900,66261.12989306543,6760101.836395264,6826362.966288329,0,582.636296628833,1127.7722130915683
2010-04-20,61.511390686035156,0.5526412917344743,0.42280715783805595,0.12983413389641835,HOLD,109900,66261.12989306543,6760101.836395264,6826362.966288329,0,582.636296628833,1127.7722130915683
2010-04-21,61.511390686035156,0.5636023610019762,0.45096619847084,0.11263616253113623,HOLD,109900,66261.12989306543,6760101.836395264,6826362.966288329,0,582.636296628833,1127.7722130915683
2010-04-22,61.511390686035156,0.5657672744052675,0.47392641365772553,0.091840860747542,HOLD,109900,66261.12989306543,6760101.836395264,6826362.966288329,0,582.636296628833,1127.7722130915683
2010-04-23,61.511390686035156,0.5610159413234541,0.4913443191908713,0.06967162213258282,HOLD,109900,66261.12989306543,6760101.836395264,6826362.966288329,0,582.636296628833,1127.7722130915683
2010-04-26,61.511390686035156,0.5509000428539608,0.5032554639234892,0.04764457893047158,HOLD,109900,66261.12989306543,6760101.836395264,6826362.966288329,0,582.636296628833,1127.7722130915683
2010-04-27,61.511390686035156,0.5366964182085852,0.5099436547805084,0.026752763428076753,HOLD,109900,66261.12989306543,6760101.836395264,6826362.966288329,0,582.636296628833,1127.7722130915683
2010-04-28,61.511390686035156,0.5194520237632503,0.5118453285770568,0.007606695186193502,HOLD,109900,66261.12989306543,6760101.836395264,6826362.966288329,0,582.636296628833,1127.7722130915683
2010-04-29,61.511390686035156,0.5000217771321331,0.5094806182880721,-0.00945884115593898,SELL,0,6822306.905186492,0.0,6822306.905186492,109900,582.2306905186492,1127.7722130915683
2010-04-30,61.511390686035156,0.479100395559243,0.5034045737423063,-0.024304178183063296,HOLD,0,6822306.905186492,0.0,6822306.905186492,0,582.2306905186492,1127.7722130915683
2010-05-04,55.36875534057617,-0.03276163061634918,0.3961713328705752,-0.4289329634869244,HOLD,0,6822306.905186492,0.0,6822306.905186492,0,582.2306905186492,1005.1647267675619
2010-05-05,51.09653854370117,-0.7742233998138488,0.1620923863336904,-0.9363157861475392,HOLD,0,6822306.905186492,0.0,6822306.905186492,0,582.2306905186492,919.8909423025162
2010-05-06,47.01561737060547,-1.6718612510296182,-0.2046983411389713,-1.467162909890647,HOLD,0,6822306.905186492,0.0,6822306.905186492,0,582.2306905186492,838.4354335867708
2010-05-07,46.8455810546875,-2.369650370476691,-0.6376887470065153,-1.7319616234701758,HOLD,0,6822306.905186492,0.0,6822306.905186492,0,582.2306905186492,835.0414953003465
2010-05-10,46.73930358886719,-2.8978246593912402,-1.0897159294834604,-1.8081087299077798,HOLD,0,6822306.905186492,0.0,6822306.905186492,0,582.2306905186492,832.9201886942581
2010-05-11,44.528804779052734,-3.454948868760873,-1.562762517338943,-1.89218635142193,HOLD,0,6822306.905186492,0.0,6822306.905186492,0,582.2306905186492,788.7984579791319
2010-05-12,44.656333923339844,-3.8418962934377063,-2.0185892725586956,-1.8233070208790108,HOLD,0,6822306.905186492,0.0,6822306.905186492,0,582.2306905186492,791.3439497647794
2010-05-13,45.93162155151367,-3.999545589800981,-2.414780536007153,-1.584765053793828,HOLD,0,6822306.905186492,0.0,6822306.905186492,0,582.2306905186492,816.7987914795962
2010-05-14,45.0814323425293,-4.145302490063827,-2.7608849268184876,-1.3844175632453393,HOLD,0,6822306.905186492,0.0,6822306.905186492,0,582.2306905186492,799.8289477641572
2010-05-17,41.4893684387207,-4.4988059855586044,-3.108469138566511,-1.3903368469920934,HOLD,0,6822306.905186492,0.0,6822306.905186492,0,582.2306905186492,728.1310687281259
2010-05-18,42.658382415771484,-4.631244293140966,-3.4130241694814023,-1.218220123659564,HOLD,0,6822306.905186492,0.0,6822306.905186492,0,582.2306905186492,751.4646799785128
2010-05-19,42.06324768066406,-4.729703922758041,-3.67636012013673,-1.053343802621311,HOLD,0,6822306.905186492,0.0,6822306.905186492,0,582.2306905186492,739.5857436927106
2010-05-20,41.7019157409668,-4.7817690987272385,-3.897441915854832,-0.8843271828724064,HOLD,0,6822306.905186492,0.0,6822306.905186492,0,582.2306905186492,732.3735296569856
2010-05-21,42.06324768066406,-4.739243607801583,-4.065802254244183,-0.6734413535574006,HOLD,0,6822306.905186492,0.0,6822306.905186492,0,582.2306905186492,739.5857436927106
2010-05-24,44.613826751708984,-4.448452444197542,-4.142332292234855,-0.3061201519626877,HOLD,0,6822306.905186492,0.0,6822306.905186492,0,582.2306905186492,790.4955032640025
2010-05-25,43.6573600769043,-4.246229330598197,-4.163111699907524,-0.08311763069067357,HOLD,0,6822306.905186492,0.0,6822306.905186492,0,582.2306905186492,771.4043529424753
2010-05-26,43.784889221191406,-4.029229075321126,-4.136335174990244,0.10710609966911822,BUY,154200,66626.00932803284,6751629.917907715,6818255.927235748,154200,581.8255927235748,773.9498447281228
2010-05-27,44.358768463134766,-3.7675179491761313,-4.062571729827422,0.2950537806512905,HOLD,154200,66626.00932803284,6840122.097015381,6906748.106343414,0,590.6748106343414,785.4045196927075
2010-05-28,43.86990737915039,-3.558536407480929,-3.9617646653581233,0.4032282578771942,HOLD,154200,66626.00932803284,6764739.71786499,6831365.727193023,0,583.1365727193023,775.646813871335
2010-05-31,42.084503173828125,-3.4966767156089062,-3.86874707540828,0.37207035979937375,HOLD,154200,66626.00932803284,6489430.389404297,6556056.39873233,0,555.6056398732329,740.0100050139281
2010-06-01,41.42560577392578,-3.4609245933012787,-3.78718257898688,0.32625798568560116,HOLD,154200,66626.00932803284,6387828.4103393555,6454454.419667388,0,545.4454419667388,726.8583609061315
2010-06-02,42.29705047607422,-3.3239559788626494,-3.694537258962034,0.3705812800993846,HOLD,154200,66626.00932803284,6522205.1834106445,6588831.192738677,0,558.8831192738677,744.252465942788
2010-06-03,41.7019157409668,-3.2262396817029213,-3.6008777435102117,0.3746380618072904,HOLD,154200,66626.00932803284,6430435.40725708,6497061.416585113,0,549.7061416585112,732.3735296569856
2010-06-04,42.38207244873047,-3.0586575498991593,-3.4924337047880014,0.43377615488884214,HOLD,154200,66626.00932803284,6535315.571594238,6601941.580922271,0,560.1941580922271,745.9495112276587
2010-06-07,41.40435028076172,-2.9704994423706523,-3.388046852304532,0.4175474099338796,HOLD,154200,66626.00932803284,6384550.813293457,6451176.82262149,0,545.1176822621491,726.4340995849137
2010-06-08,41.638153076171875,-2.8489269192615154,-3.280222865695929,0.4312959464344135,HOLD,154200,66626.00932803284,6420603.204345703,6487229.213673736,0,548.7229213673736,731.1008218349912
2010-06-09,43.062225341796875,-2.6076101814565007,-3.145700328848043,0.5380901473915425,HOLD,154200,66626.00932803284,6640195.147705078,6706821.157033111,0,570.6821157033111,759.5254166566731
2010-06-10,42.25454330444336,-2.453258481808909,-3.0072119594402165,0.5539534776313073,HOLD,154200,66626.00932803284,6515650.577545166,6582276.586873199,0,558.22765868732,743.4040194420112
2010-06-11,42.63712692260742,-2.2738508104729576,-2.860539729646765,0.5866889191738074,HOLD,154200,66626.00932803284,6574644.971466064,6641270.980794097,0,564.1270980794097,751.0404186572952
2010-06-17,42.63712692260742,-2.107376414862486,-2.7099070666899094,0.6025306518274234,HOLD,154200,66626.00932803284,6574644.971466064,6641270.980794097,0,564.1270980794097,751.0404186572952
2010-06-18,42.55210876464844,-1.9597141469722317,-2.5598684827463742,0.6001543357741426,HOLD,154200,66626.00932803284,6561535.171508789,6628161.180836822,0,562.8161180836821,749.343449514083
2010-06-21,44.10371017456055,-1.6979169397493052,-2.3874781741469606,0.6895612343976554,HOLD,154200,66626.00932803284,6800792.108917236,6867418.118245269,0,586.741811824527,780.3135361214124
2010-06-22,44.25249481201172,-1.4615868269460748,-2.2022999047067837,0.7407130777607089,HOLD,154200,66626.00932803284,6823734.700012207,6890360.70934024,0,589.036070934024,783.2832892282777
2010-06-23,44.3375129699707,-1.2529895712437167,-2.0124378380141703,0.7594482667704536,HOLD,154200,66626.00932803284,6836844.499969482,6903470.509297515,0,590.3470509297515,784.9802583714899
2010-06-24,44.46821212768555,-1.0648534458330658,-1.8229209595779494,0.7580675137448836,HOLD,154200,66626.00932803284,6856998.310089111,6923624.319417144,0,592.3624319417145,787.5890238753591
2010-06-25,43.0959358215332,-1.0147876005367849,-1.6612942877697165,0.6465066872329317,HOLD,154200,66626.00932803284,6645393.30368042,6712019.313008453,0,571.2019313008452,760.1982804929258
2010-06-28,41.91970443725586,-1.05782811592465,-1.5406010534007033,0.4827729374760532,HOLD,154200,66626.00932803284,6464018.4242248535,6530644.433552886,0,553.0644433552886,736.7206092246381
2010-06-29,39.240501403808594,-1.2932198942850164,-1.491124821577566,0.19790492729254971,HOLD,154200,66626.00932803284,6050885.316467285,6117511.325795318,0,511.7511325795318,683.2435052117062
2010-06-30,38.227630615234375,-1.543704912951796,-1.5016408398524121,-0.04206407309938376,SELL,0,5957789.8298126515,0.0,5957789.8298126515,154200,495.77898298126513,663.0265243274503
2010-07-01,37.28010940551758,-1.7979475179478825,-1.5609021754715062,-0.23704534247637632,HOLD,0,5957789.8298126515,0.0,5957789.8298126515,0,495.77898298126513,644.113926195129
2010-07-02,37.868228912353516,-1.92973549547132,-1.634668839471469,-0.29506665599985094,HOLD,0,5957789.8298126515,0.0,5957789.8298126515,0,495.77898298126513,655.8528379709313
2010-07-05,37.312782287597656,-2.055306029175661,-1.7187962774123076,-0.3365097517633533,HOLD,0,5957789.8298126515,0.0,5957789.8298126515,0,495.77898298126513,644.7660795002671
2010-07-06,37.868228912353516,-2.0859560780612085,-1.792228237542088,-0.2937278405191206,HOLD,0,5957789.8298126515,0.0,5957789.8298126515,0,495.77898298126513,655.8528379709313
2010-07-07,38.2929801940918,-2.052314776758095,-1.8442455453852895,-0.20806923137280564,HOLD,0,5957789.8298126515,0.0,5957789.8298126515,0,495.77898298126513,664.3309070793849
2010-07-08,37.83555221557617,-2.039059410470486,-1.883208318402329,-0.15585109206815706,HOLD,0,5957789.8298126515,0.0,5957789.8298126515,0,495.77898298126513,655.2006085241347
2010-07-09,38.71773147583008,-1.9350637333819307,-1.8935794013982494,-0.04148433198368129,HOLD,0,5957789.8298126515,0.0,5957789.8298126515,0,495.77898298126513,672.8089761878384
2010-07-12,39.43653869628906,-1.77419288350805,-1.8697020978202097,0.09550921431215964,BUY,149500,58489.8371963799,5895762.535095215,5954252.372291595,149500,495.42523722915945,687.1564250425347
2010-07-13,38.45634460449219,-1.7061278673284619,-1.8369872517218602,0.13085938439339828,HOLD,149500,58489.8371963799,5749223.518371582,5807713.355567962,0,480.7713355567962,667.5916736050752
2010-07-14,38.750404357910156,-1.6098997647233162,-1.7915697543221514,0.18166998959883518,HOLD,149500,58489.8371963799,5793185.451507568,5851675.288703948,0,485.1675288703948,673.4611294929765
2010-07-15,37.606842041015625,-1.6073852849447974,-1.7547328604466808,0.14734757550188338,HOLD,149500,58489.8371963799,5622222.885131836,5680712.722328216,0,468.07127223282157,650.6355353881683
2010-07-16,37.41080093383789,-1.6027360767456642,-1.7243335037064775,0.12159742696081333,HOLD,149500,58489.8371963799,5592914.739608765,5651404.576805145,0,465.14045768051443,646.7225394156812
2010-07-19,38.39099884033203,-1.502636310524636,-1.6799940650701093,0.1773577545454732,HOLD,149500,58489.8371963799,5739454.326629639,5797944.163826019,0,479.79441638260187,666.2873669947992
2010-07-20,39.403865814208984,-1.3262880022014585,-1.6092528524963792,0.2829648502949207,HOLD,149500,58489.8371963799,5890877.939224243,5949367.776420623,0,494.93677764206234,686.5042717373965
2010-07-21,39.469215393066406,-1.1677959081681593,-1.5209614636307354,0.3531655554625761,HOLD,149500,58489.8371963799,5900647.701263428,5959137.538459808,0,495.91375384598075,687.8086544893313
2010-07-22,39.861289978027344,-0.9990363700748972,-1.416576444919568,0.4175400748446707,HOLD,149500,58489.8371963799,5959262.851715088,6017752.688911468,0,501.7752688911468,695.6344941509881
2010-07-23,40.77614212036133,-0.782452670811935,-1.2897516900980415,0.5072990192861064,HOLD,149500,58489.8371963799,6096033.246994019,6154523.084190398,0,515.4523084190399,713.8950151198297
2010-07-26,40.51475524902344,-0.6246991221421325,-1.1567411765068598,0.5320420543647273,HOLD,149500,58489.8371963799,6056955.909729004,6115445.746925384,0,511.5445746925384,708.6777125370667
2010-07-27,40.384063720703125,-0.504409493709673,-1.0262748399474224,0.5218653462377494,HOLD,149500,58489.8371963799,6037417.526245117,6095907.363441497,0,509.59073634414966,706.0690993165144
2010-07-28,41.723663330078125,-0.2975545795892529,-0.8805307878757885,0.5829762082865356,HOLD,149500,58489.8371963799,6237687.66784668,6296177.50504306,0,529.617750504306,732.8076132521511
2010-07-29,42.34445571899414,-0.08257592833250271,-0.7209398159671314,0.6383638876346287,HOLD,149500,58489.8371963799,6330496.129989624,6388985.967186004,0,538.8985967186004,745.1986783330916
2010-07-30,41.887027740478516,0.05030569391963269,-0.5666907139897787,0.6169964079094113,HOLD,149500,58489.8371963799,6262110.647201538,6320600.484397918,0,532.0600484397918,736.0683797778415
2010-08-02,42.54049301147461,0.205970226488148,-0.41215852589419333,0.6181287523823413,HOLD,149500,58489.8371963799,6359803.705215454,6418293.542411834,0,541.8293542411834,749.1115981639201
2010-08-03,42.4098014831543,0.31515684403066047,-0.26669545190922256,0.5818522959398831,HOLD,149500,58489.8371963799,6340265.321731567,6398755.158927947,0,539.8755158927947,746.5029849433677
2010-08-04,42.47514724731445,0.4023231512800933,-0.1328917312713594,0.5352148825514527,HOLD,149500,58489.8371963799,6350034.513473511,6408524.350669891,0,540.8524350669891,747.8072915536438
2010-08-05,41.62564468383789,0.3982643766679317,-0.02666050968350118,0.4249248863514329,HOLD,149500,58489.8371963799,6223033.880233765,6281523.717430145,0,528.1523717430144,730.851153336737
2010-08-06,42.54049301147461,0.4635251534451754,0.07137662294223414,0.3921485305029413,HOLD,149500,58489.8371963799,6359803.705215454,6418293.542411834,0,541.8293542411834,749.1115981639201
2010-08-09,42.50782012939453,0.5067666699742901,0.15845463234864535,0.3483120376256448,HOLD,149500,58489.8371963799,6354919.109344482,6413408.946540862,0,541.3408946540862,748.4594448587819
2010-08-10,40.74346923828125,0.3941242922376418,0.20558856432644465,0.18853572791119713,HOLD,149500,58489.8371963799,6091148.651123047,6149638.488319427,0,514.9638488319428,713.2428618146918
2010-08-11,40.64544677734375,0.2935608165886947,0.22318301477889468,0.07037780180980002,HOLD,149500,58489.8371963799,6076494.293212891,6134984.1304092705,0,513.4984130409271,711.286325757619
2010-08-12,39.6325798034668,0.13062784126570648,0.20467198007625706,-0.07404413881055058,SELL,0,5980005.475406295,0.0,5980005.475406295,149500,498.0005475406295,691.0694210150216
2010-08-13,39.926639556884766,0.02494292251019914,0.16872616856304548,-0.14378324605284634,HOLD,0,5980005.475406295,0.0,5980005.475406295,0,498.0005475406295,696.9388769029229
2010-08-16,41.462276458740234,0.06435804759324526,0.14785254436908546,-0.0834944967758402,HOLD,0,5980005.475406295,0.0,5980005.475406295,0,498.0005475406295,727.590310669388
2010-08-17,41.462276458740234,0.09450541855468231,0.13718311920620482,-0.042677700651522515,HOLD,0,5980005.475406295,0.0,5980005.475406295,0,498.0005475406295,727.590310669388
2010-08-18,41.07019805908203,0.08577125943715203,0.12690074725239428,-0.041129487815242255,HOLD,0,5980005.475406295,0.0,5980005.475406295,0,498.0005475406295,719.7643948660726
2010-08-19,41.462276458740234,0.10922771640399276,0.12336614108271399,-0.014138424678721229,HOLD,0,5980005.475406295,0.0,5980005.475406295,0,498.0005475406295,727.590310669388
2010-08-20,40.15534973144531,0.0221042589567233,0.10311376465751586,-0.08100950570079256,HOLD,0,5980005.475406295,0.0,5980005.475406295,0,498.0005475406295,701.5039500388892
2010-08-23,39.926639556884766,-0.06465144680259982,0.06956072236549272,-0.13421216916809253,HOLD,0,5980005.475406295,0.0,5980005.475406295,0,498.0005475406295,696.9388769029229
2010-08-24,39.99198532104492,-0.1266729052074922,0.030313996850895746,-0.15698690205838794,HOLD,0,5980005.475406295,0.0,5980005.475406295,0,498.0005475406295,698.2431835131989
2010-08-25,38.91376876831055,-0.2598332269085759,-0.02771544790099859,-0.23211777900757732,HOLD,0,5980005.475406295,0.0,5980005.475406295,0,498.0005475406295,676.7218960186668
2010-08-26,38.652381896972656,-0.3820514262180481,-0.0985826435644085,-0.2834687826536396,HOLD,0,5980005.475406295,0.0,5980005.475406295,0,498.0005475406295,671.5045934359038
2010-08-27,38.45634460449219,-0.4890908658040445,-0.1766842880123357,-0.3124065777917088,HOLD,0,5980005.475406295,0.0,5980005.475406295,0,498.0005475406295,667.5916736050752
2010-08-30,38.946441650390625,-0.5282839288746288,-0.24700421618479435,-0.2812797126898345,HOLD,0,5980005.475406295,0.0,5980005.475406295,0,498.0005475406295,677.3740493238049
2010-08-31,38.2929801940918,-0.6050983944167427,-0.31862305183118406,-0.2864753425855587,HOLD,0,5980005.475406295,0.0,5980005.475406295,0,498.0005475406295,664.3309070793849
2010-09-01,37.802879333496094,-0.6974813247389449,-0.3943947064127362,-0.30308661832620865,HOLD,0,5980005.475406295,0.0,5980005.475406295,0,498.0005475406295,654.5484552189968
2010-09-02,37.802879333496094,-0.761912608327691,-0.4678982867957272,-0.29401432153196383,HOLD,0,5980005.475406295,0.0,5980005.475406295,0,498.0005475406295,654.5484552189968
2010-09-03,37.443477630615234,-0.8323804152628966,-0.5407947124891611,-0.2915857027737355,HOLD,0,5980005.475406295,0.0,5980005.475406295,0,498.0005475406295,647.3747688624779
2010-09-06,39.0771369934082,-0.7477840138040008,-0.5821925727521291,-0.16559144105187174,HOLD,0,5980005.475406295,0.0,5980005.475406295,0,498.0005475406295,679.9827386860158
2010-09-07,38.91376876831055,-0.6860152498334102,-0.6029571081683853,-0.0830581416650249,HOLD,0,5980005.475406295,0.0,5980005.475406295,0,498.0005475406295,676.7218960186668
2010-09-08,38.35832595825195,-0.6741119096351085,-0.61718806846173,-0.05692384117337845,HOLD,0,5980005.475406295,0.0,5980005.475406295,0,498.0005475406295,665.6352136896611
2010-09-09,37.868228912353516,-0.696199804484344,-0.6329904156662529,-0.06320938881809113,HOLD,0,5980005.475406295,0.0,5980005.475406295,0,498.0005475406295,655.8528379709313
2010-09-10,37.41080093383789,-0.7420612154930026,-0.6548045756316029,-0.08725663986139975,HOLD,0,5980005.475406295,0.0,5980005.475406295,0,498.0005475406295,646.7225394156812
2010-09-13,37.606842041015625,-0.7538973755056304,-0.6746231356064084,-0.079274239899222,HOLD,0,5980005.475406295,0.0,5980005.475406295,0,498.0005475406295,650.6355353881683
2010-09-14,37.37812805175781,-0.7728242877582545,-0.6942633660367776,-0.07856092172147688,HOLD,0,5980005.475406295,0.0,5980005.475406295,0,498.0005475406295,646.0703861105432
2010-09-15,36.626644134521484,-0.8387933857669552,-0.7231693699828132,-0.11562401578414194,HOLD,0,5980005.475406295,0.0,5980005.475406295,0,498.0005475406295,631.0707078090504
2010-09-16,36.724666595458984,-0.8731002219580475,-0.7531555403778601,-0.11994468158018734,HOLD,0,5980005.475406295,0.0,5980005.475406295,0,498.0005475406295,633.0272438661232
2010-09-17,36.36526107788086,-0.9186994628609213,-0.7862643248744724,-0.1324351379864489,HOLD,0,5980005.475406295,0.0,5980005.475406295,0,498.0005475406295,625.8534813679458
2010-09-20,35.711795806884766,-0.9960841380311081,-0.8282282875057996,-0.1678558505253085,HOLD,0,5980005.475406295,0.0,5980005.475406295,0,498.0005475406295,612.8102629818673
2010-09-21,35.67912292480469,-1.047968154606373,-0.8721762609259143,-0.17579189368045878,HOLD,0,5980005.475406295,0.0,5980005.475406295,0,498.0005475406295,612.1581096767292
2010-09-27,35.744468688964844,-1.0714626005986503,-0.9120335288604615,-0.15942907173818877,HOLD,0,5980005.475406295,0.0,5980005.475406295,0,498.0005475406295,613.4624162870053
2010-09-28,34.73160171508789,-1.1584580351115719,-0.9613184301106836,-0.19713960500088823,HOLD,0,5980005.475406295,0.0,5980005.475406295,0,498.0005475406295,593.2455115444079
2010-09-29,34.372196197509766,-1.2420855759742366,-1.0174718592833942,-0.2246137166908424,HOLD,0,5980005.475406295,0.0,5980005.475406295,0,498.0005475406295,586.0717490462306
2010-09-30,34.76427459716797,-1.2621739983187013,-1.0664122870904558,-0.19576171122824548,HOLD,0,5980005.475406295,0.0,5980005.475406295,0,498.0005475406295,593.897664849546
2010-10-08,36.888031005859375,-1.094112575834636,-1.0719523448392918,-0.022160230995344143,HOLD,0,5980005.475406295,0.0,5980005.475406295,0,498.0005475406295,636.2880103918136
2010-10-11,40.580101013183594,-0.6554478986507775,-0.988651455601589,0.3332035569508115,BUY,145800,59876.80044749379,5916578.727722168,5976455.528169662,145800,497.64555281696613,709.9820191473428
2010-10-12,42.24643325805664,-0.1713684665236812,-0.8251948577860074,0.6538263912623262,HOLD,145800,59876.80044749379,6159529.969024658,6219406.769472152,0,521.9406769472153,743.242142276019
2010-10-13,41.95237731933594,0.18639150902294688,-0.6228775844242166,0.8092690934471635,HOLD,145800,59876.80044749379,6116656.61315918,6176533.4136066735,0,517.6533413606674,737.3727625297761
2010-10-14,44.59890365600586,0.6756825764474144,-0.36316555224989044,1.0388481286973048,HOLD,145800,59876.80044749379,6502520.153045654,6562396.953493148,0,556.2396953493148,790.1976370959115
2010-10-15,48.879093170166016,1.3927698118674243,-0.011978479426427473,1.4047482912938518,HOLD,145800,59876.80044749379,7126571.784210205,7186448.584657699,0,618.6448584657699,875.6305576272432
2010-10-18,49.761268615722656,2.0090912448264504,0.3922354654241481,1.6168557794023024,HOLD,145800,59876.80044749379,7255192.964172363,7315069.764619857,0,631.5069764619858,893.2388491492883
2010-10-19,50.57809829711914,2.534228738169837,0.820634119973286,1.713594618196551,HOLD,145800,59876.80044749379,7374286.731719971,7434163.5321674645,0,643.4163532167464,909.5428340610573
2010-10-20,52.24443054199219,3.049707936384074,1.2664488832554437,1.7832590531286303,HOLD,145800,59876.80044749379,7617237.973022461,7677114.773469955,0,667.7114773469955,942.8029571897332
2010-10-21,50.57809829711914,3.2858921099080973,1.6703375285859745,1.6155545813221228,HOLD,145800,59876.80044749379,7374286.731719971,7434163.5321674645,0,643.4163532167464,909.5428340610573
2010-10-22,49.14047622680664,3.318808523898767,2.000031727648533,1.318776796250234,HOLD,145800,59876.80044749379,7164681.433868408,7224558.234315902,0,622.4558234315901,880.8477840683478
2010-10-25,54.00878143310547,3.6951313886514896,2.339051659849124,1.3560797288023654,HOLD,145800,59876.80044749379,7874480.332946777,7934357.133394271,0,693.4357133394271,978.0195402338235
2010-10-26,54.466209411621094,3.984351461730782,2.668111620225456,1.3162398415053258,HOLD,145800,59876.80044749379,7941173.3322143555,8001050.132661849,0,700.1050132661849,987.1498387890736
2010-10-27,53.028587341308594,4.050860567944831,2.9446614097693313,1.1061991581754995,HOLD,145800,59876.80044749379,7731568.034362793,7791444.834810287,0,679.1444834810287,958.4547887963641
2010-10-28,53.257301330566406,4.0750501794442755,3.1707391637043205,0.904311015739955,HOLD,145800,59876.80044749379,7764914.533996582,7824791.334444076,0,682.4791334444076,963.019938073989
2010-10-29,50.676116943359375,3.841656389138784,3.3049226087912134,0.5367337803475705,HOLD,145800,59876.80044749379,7388577.850341797,7448454.650789291,0,644.8454650789291,911.4992939764714
2010-11-01,52.04839324951172,3.7244877813943376,3.3888356433118383,0.3356521380824993,HOLD,145800,59876.80044749379,7588655.735778809,7648532.536226302,0,664.8532536226303,938.8900373589047
2010-11-02,52.21175765991211,3.603276628220293,3.4317238402935293,0.17155278792676354,HOLD,145800,59876.80044749379,7612474.266815186,7672351.067262679,0,667.2351067262679,942.1508038845951
2010-11-03,51.852352142333984,3.438577117884307,3.433094495811685,0.005482622072622068,HOLD,145800,59876.80044749379,7560072.942352295,7619949.742799789,0,661.9949742799789,934.9770413864178
2010-11-04,52.66918182373047,3.3355131784688297,3.4135782323431143,-0.07806505387428464,SELL,0,7734436.010321456,0.0,7734436.010321456,145800,673.4436010321456,951.2810262981867
2010-11-05,53.12660598754883,3.25324320847961,3.381511227570414,-0.12826801909080388,HOLD,0,7734436.010321456,0.0,7734436.010321456,0,673.4436010321456,960.4112487117783
2010-11-08,53.22462463378906,3.159531833874972,3.3371153488313254,-0.17758351495635338,HOLD,0,7734436.010321456,0.0,7734436.010321456,0,673.4436010321456,962.3677086271925
2010-11-09,52.01572036743164,2.9536683728784396,3.2604259536407483,-0.30675758076230863,HOLD,0,7734436.010321456,0.0,7734436.010321456,0,673.4436010321456,938.2378840537667
2010-11-10,50.54542541503906,2.641430811817038,3.1366269252760066,-0.4951961134589684,HOLD,0,7734436.010321456,0.0,7734436.010321456,0,673.4436010321456,908.8906807559191
2010-11-11,51.100868225097656,2.411007296553464,2.991502999531498,-0.580495702978034,HOLD,0,7734436.010321456,0.0,7734436.010321456,0,673.4436010321456,919.9773630849251
2010-11-12,46.363258361816406,1.825071193831043,2.7582166383914073,-0.9331454445603642,HOLD,0,7734436.010321456,0.0,7734436.010321456,0,673.4436010321456,825.4142962816602
2010-11-15,45.8731575012207,1.3061095496126072,2.4677952206356473,-1.16168567102304,HOLD,0,7734436.010321456,0.0,7734436.010321456,0,673.4436010321456,815.631844421272
2010-11-16,43.94544219970703,0.7308533706926568,2.1204068506470493,-1.3895534799543925,HOLD,0,7734436.010321456,0.0,7734436.010321456,0,673.4436010321456,777.1544948514913
2010-11-17,42.8018798828125,0.18060092750518209,1.732445666018676,-1.551844738513494,HOLD,0,7734436.010321456,0.0,7734436.010321456,0,673.4436010321456,754.3289007466832
2010-11-18,43.161285400390625,-0.22389614113980372,1.3411773045869801,-1.5650734457267839,HOLD,0,7734436.010321456,0.0,7734436.010321456,0,673.4436010321456,761.5026632448606
2010-11-19,43.161285400390625,-0.5382582759341403,0.9652901884827562,-1.5035484644168964,HOLD,0,7734436.010321456,0.0,7734436.010321456,0,673.4436010321456,761.5026632448606
2010-11-22,42.37712860107422,-0.8409732170895978,0.6040375073682854,-1.4450107244578834,HOLD,0,7734436.010321456,0.0,7734436.010321456,0,673.4436010321456,745.8508316382297
2010-11-23,40.87416076660156,-1.1884541724019186,0.2455391714142446,-1.4339933438161632,HOLD,0,7734436.010321456,0.0,7734436.010321456,0,673.4436010321456,715.851475035244
2010-11-24,43.29197692871094,-1.2542792250578145,-0.05442450788016724,-1.1998547171776472,HOLD,0,7734436.010321456,0.0,7734436.010321456,0,673.4436010321456,764.1112764654129
2010-11-25,43.782073974609375,-1.25246171877572,-0.2940319500592778,-0.9584297687164423,HOLD,0,7734436.010321456,0.0,7734436.010321456,0,673.4436010321456,773.8936521841426
2010-11-26,43.65138244628906,-1.2471902136198452,-0.4846636027713913,-0.7625266108484539,HOLD,0,7734436.010321456,0.0,7734436.010321456,0,673.4436010321456,771.2850389635902
2010-11-29,43.063262939453125,-1.2757626393151824,-0.6428834100801496,-0.6328792292350328,HOLD,0,7734436.010321456,0.0,7734436.010321456,0,673.4436010321456,759.5461271877879
2010-11-30,41.887027740478516,-1.3774405654697262,-0.789794841158065,-0.5876457243116612,HOLD,0,7734436.010321456,0.0,7734436.010321456,0,673.4436010321456,736.0683797778415
2010-12-01,41.985050201416016,-1.43358597437107,-0.918553067800666,-0.5150329065704039,HOLD,0,7734436.010321456,0.0,7734436.010321456,0,673.4436010321456,738.0249158349143
2010-12-02,42.96524429321289,-1.383045259214576,-1.0114515060834481,-0.37159375313112797,HOLD,0,7734436.010321456,0.0,7734436.010321456,0,673.4436010321456,757.5896672723736
2010-12-03,42.99791717529297,-1.3250802495190328,-1.074177254770565,-0.2509029947484678,HOLD,0,7734436.010321456,0.0,7734436.010321456,0,673.4436010321456,758.2418205775117
2010-12-06,44.89296340942383,-1.1133936591486275,-1.0820205356461776,-0.03137312350244992,HOLD,0,7734436.010321456,0.0,7734436.010321456,0,673.4436010321456,796.0670929838127
2010-12-07,44.762271881103516,-0.945279630101652,-1.0546723545372725,0.10939272443562054,BUY,171000,75494.90955775417,7654348.491668701,7729843.401226455,171000,672.9843401226456,793.4584797632602
2010-12-08,43.1939582824707,-0.9279015795415191,-1.0293181995381218,0.10141661999660267,HOLD,171000,75494.90955775417,7386166.86630249,7461661.775860244,0,646.1661775860244,762.1548165499986
2010-12-09,42.24643325805664,-0.9792979626224039,-1.0193141521549782,0.04001618953257435,HOLD,171000,75494.90955775417,7224140.087127686,7299634.99668544,0,629.963499668544,743.242142276019
2010-12-10,42.867225646972656,-0.9588837934118786,-1.0072280804063583,0.04834428699447968,HOLD,171000,75494.90955775417,7330295.585632324,7405790.495190078,0,640.5790495190079,755.6332073569592
2010-12-13,44.59890365600586,-0.7938227792823298,-0.9645470201815526,0.17072424089922278,HOLD,171000,75494.90955775417,7626412.525177002,7701907.434734756,0,670.1907434734755,790.1976370959115
2010-12-14,44.17415237426758,-0.6893383516068781,-0.9095052864666178,0.2201669348597397,HOLD,171000,75494.90955775417,7553780.055999756,7629274.96555751,0,662.927496555751,781.7195679874579
2010-12-15,44.10880661010742,-0.6048343925735651,-0.8485711076880073,0.24373671511444217,HOLD,171000,75494.90955775417,7542605.930328369,7618100.839886123,0,661.8100839886123,780.4152613771818
2010-12-16,43.22663116455078,-0.602107857448587,-0.7992784576401233,0.19717060019153632,HOLD,171000,75494.90955775417,7391753.929138184,7467248.838695938,0,646.7248838695938,762.8069698551366
2010-12-17,42.99791717529297,-0.6113550457963157,-0.7616937752713618,0.15033872947504612,HOLD,171000,75494.90955775417,7352643.836975098,7428138.746532852,0,642.8138746532852,758.2418205775117
2010-12-20,41.82168197631836,-0.705463712986429,-0.7504477628143753,0.04498404982794635,HOLD,171000,75494.90955775417,7151507.617950439,7227002.527508194,0,622.7002527508193,734.7640731675654
2010-12-21,43.7494010925293,-0.6173779391158547,-0.7238337980746712,0.10645585895881648,HOLD,171000,75494.90955775417,7481147.58682251,7556642.496380264,0,655.6642496380264,773.2414988790044
2010-12-22,42.76920700073242,-0.6195213436726732,-0.7029713071942716,0.08344996352159839,HOLD,171000,75494.90955775417,7313534.397125244,7389029.306682998,0,638.9029306682997,753.676747441545
2010-12-23,42.54049301147461,-0.6323855675406307,-0.6888541592635434,0.05646859172291274,HOLD,171000,75494.90955775417,7274424.304962158,7349919.214519912,0,634.9919214519913,749.1115981639201
2010-12-24,42.57316589355469,-0.6326513185243456,-0.677613591115704,0.04496227259135832,HOLD,171000,75494.90955775417,7280011.367797852,7355506.277355606,0,635.5506277355606,749.7637514690581
2010-12-27,41.91970443725586,-0.6777778057687627,-0.6776464340463157,-0.00013137172244692685,SELL,0,7239463.406653243,0.0,7239463.406653243,171000,623.9463406653243,736.7206092246381
2010-12-28,41.03752517700195,-0.7757826264418313,-0.6972736725254189,-0.07850895391641233,HOLD,0,7239463.406653243,0.0,7239463.406653243,0,623.9463406653243,719.1122415609344
2010-12-29,40.61277389526367,-0.8776094955814315,-0.7333408371366215,-0.14426865844481007,HOLD,0,7239463.406653243,0.0,7239463.406653243,0,623.9463406653243,710.6341724524808
2010-12-30,40.18802261352539,-0.9812704269766925,-0.7829267551046357,-0.19834367187205681,HOLD,0,7239463.406653243,0.0,7239463.406653243,0,623.9463406653243,702.1561033440274
2010-12-31,41.13554763793945,-0.9757176456154255,-0.8214849332067937,-0.1542327124086318,HOLD,0,7239463.406653243,0.0,7239463.406653243,0,623.9463406653243,721.0687776180072
2011-01-04,42.31178283691406,-0.8664171583558868,-0.8304713782366124,-0.035945780119274406,HOLD,0,7239463.406653243,0.0,7239463.406653243,0,623.9463406653243,744.5465250279534
2011-01-05,41.560298919677734,-0.8308566086488227,-0.8305484243190545,-0.00030818432976820187,HOLD,0,7239463.406653243,0.0,7239463.406653243,0,623.9463406653243,729.5468467264607
2011-01-06,41.33158493041992,-0.8117723183217009,-0.8267932031195838,0.015020884797882883,BUY,173400,68266.44162226841,7166896.826934814,7235163.268557083,173400,623.5163268557084,724.9816974488356
2011-01-07,41.723663330078125,-0.756292363040572,-0.8126930351037815,0.056400672063209534,HOLD,173400,68266.44162226841,7234883.221435547,7303149.663057815,0,630.3149663057815,732.8076132521511
2011-01-10,40.61277389526367,-0.7928244058335423,-0.8087193092497338,0.015894903416191486,HOLD,173400,68266.44162226841,7042254.993438721,7110521.435060989,0,611.0521435060989,710.6341724524808
2011-01-11,40.9721794128418,-0.7837408151000531,-0.8037236104197977,0.019982795319744562,HOLD,173400,68266.44162226841,7104575.910186768,7172842.351809036,0,617.2842351809036,717.8079349506583
2011-01-12,41.429603576660156,-0.7312028455871697,-0.7892194574532722,0.05801661186610241,HOLD,173400,68266.44162226841,7183893.260192871,7252159.7018151395,0,625.215970181514,726.9381573642498
2011-01-13,41.13554763793945,-0.705165276600809,-0.7724086212827795,0.06724334468197057,HOLD,173400,68266.44162226841,7132903.960418701,7201170.40204097,0,620.117040204097,721.0687776180072
2011-01-14,40.25336837768555,-0.747102674633453,-0.7673474319529143,0.020244757319461293,HOLD,173400,68266.44162226841,6979934.076690674,7048200.518312942,0,604.8200518312942,703.4604099543035
2011-01-17,38.71773147583008,-0.893946569255661,-0.7926672594134637,-0.10127930984219724,SELL,0,6777892.886748458,0.0,6777892.886748458,173400,577.7892886748458,672.8089761878384
2011-01-18,38.652381896972656,-1.004020851170452,-0.8349379777648614,-0.16908287340559058,HOLD,0,6777892.886748458,0.0,6777892.886748458,0,577.7892886748458,671.5045934359038
2011-01-19,39.240501403808594,-1.0319040361575702,-0.8743311894434033,-0.15757284671416694,HOLD,0,6777892.886748458,0.0,6777892.886748458,0,577.7892886748458,683.2435052117062
2011-01-20,37.900901794433594,-1.1488528931072253,-0.9292355301761677,-0.2196173629310576,HOLD,0,6777892.886748458,0.0,6777892.886748458,0,577.7892886748458,656.5049912760695
2011-01-21,38.783077239990234,-1.1570141797543485,-0.974791260091804,-0.18222291966254456,HOLD,0,6777892.886748458,0.0,6777892.886748458,0,577.7892886748458,674.1132827981146
2011-01-24,38.16228485107422,-1.199744903397054,-1.019781988752854,-0.1799629146441999,HOLD,0,6777892.886748458,0.0,6777892.886748458,0,577.7892886748458,661.7222177171741
2011-01-25,38.652381896972656,-1.180455023348621,-1.0519165956720076,-0.1285384276766135,HOLD,0,6777892.886748458,0.0,6777892.886748458,0,577.7892886748458,671.5045934359038
2011-01-26,38.91376876831055,-1.1310380162142195,-1.06774087978045,-0.06329713643376955,HOLD,0,6777892.886748458,0.0,6777892.886748458,0,577.7892886748458,676.7218960186668
2011-01-27,40.35139083862305,-0.9647495632353937,-1.0471426164714388,0.08239305323604507,BUY,166200,67467.88867488038,6706401.15737915,6773869.046054031,166200,577.3869046054031,705.4169460113764
2011-01-28,40.74346923828125,-0.7921953808634683,-0.9961531693498448,0.20395778848637647,HOLD,166200,67467.88867488038,6771564.587402344,6839032.476077224,0,583.9032476077224,713.2428618146918
2011-01-31,40.9721794128418,-0.6297308037596778,-0.9228686962318114,0.2931378924721336,HOLD,166200,67467.88867488038,6809576.218414307,6877044.107089187,0,587.7044107089187,717.8079349506583
2011-02-01,40.4167366027832,-0.539576150662981,-0.8462101871180454,0.3066340364550644,HOLD,166200,67467.88867488038,6717261.623382568,6784729.512057449,0,578.4729512057448,706.7212526216524
2011-02-09,40.122676849365234,-0.486250905339503,-0.7742183307623369,0.28796742542283393,HOLD,166200,67467.88867488038,6668388.892364502,6735856.781039382,0,573.5856781039382,700.8517967337513
2011-02-10,41.298912048339844,-0.3450998179987579,-0.6883946282096212,0.3432948102108633,HOLD,166200,67467.88867488038,6863879.182434082,6931347.071108962,0,593.1347071108962,724.3295441436976
2011-02-11,41.07019805908203,-0.24882358839339247,-0.6004804202463755,0.351656831852983,HOLD,166200,67467.88867488038,6825866.917419434,6893334.806094314,0,589.3334806094314,719.7643948660726
2011-02-14,45.1870231628418,0.15784980306051466,-0.4488143755849975,0.6066641786455121,HOLD,166200,67467.88867488038,7510083.249664307,7577551.138339187,0,657.7551138339187,801.9365488717139
2011-02-15,45.1870231628418,0.4746696988940826,-0.26411756068918146,0.7387872595832641,HOLD,166200,67467.88867488038,7510083.249664307,7577551.138339187,0,657.7551138339187,801.9365488717139
2011-02-16,45.70979309082031,0.759183518102212,-0.059457344930902774,0.8186408630331148,HOLD,166200,67467.88867488038,7596967.611694336,7664435.500369216,0,666.4435500369217,812.3710778955816
2011-02-17,44.99098205566406,0.9161004902544931,0.13565422210617642,0.7804462681483167,HOLD,166200,67467.88867488038,7477501.217651367,7544969.106326248,0,654.4969106326247,798.023552899227
2011-02-18,44.794944763183594,1.0129629437912655,0.3111159664431943,0.7018469773480712,HOLD,166200,67467.88867488038,7444919.819641113,7512387.708315994,0,651.2387708315994,794.1106330683984
2011-02-21,46.297908782958984,1.1972031588942826,0.488333404933412,0.7088697539608706,HOLD,166200,67467.88867488038,7694712.439727783,7762180.328402664,0,676.2180328402663,824.1099135297254
2011-02-22,44.206825256347656,1.1610974830328402,0.6228862205532977,0.5382112624795425,HOLD,166200,67467.88867488038,7347174.3576049805,7414642.246279861,0,641.4642246279861,782.371721292596
2011-02-23,44.17415237426758,1.116971296445179,0.7217032357316739,0.39526806071350506,HOLD,166200,67467.88867488038,7341744.1246032715,7409212.013278152,0,640.9212013278152,781.7195679874579
2011-02-24,45.644447326660156,1.1869589664440525,0.8147543818741497,0.3722045845699028,HOLD,166200,67467.88867488038,7586107.145690918,7653575.034365798,0,665.3575034365798,811.0667712853054
2011-02-25,46.722660064697266,1.3142772856718352,0.9146589626336868,0.39961832303814837,HOLD,166200,67467.88867488038,7765306.102752686,7832773.991427566,0,683.2773991427566,832.587982638179
2011-02-28,48.06226348876953,1.5059135378626536,1.0329098776794803,0.4730036601831733,HOLD,166200,67467.88867488038,7987948.191833496,8055416.0805083765,0,705.5416080508376,859.3265727154742
2011-03-01,48.160282135009766,1.646713644118357,1.1556706309672558,0.4910430131511012,HOLD,166200,67467.88867488038,8004238.890838623,8071706.779513503,0,707.1706779513503,861.2830326308884
2011-03-02,47.60483932495117,1.6939523220733506,1.2633269691884748,0.4306253528848758,HOLD,166200,67467.88867488038,7911924.295806885,7979392.184481765,0,697.9392184481765,850.1963503018826
2011-03-03,47.24543380737305,1.682987856709083,1.3472591466925965,0.3357287100164865,HOLD,166200,67467.88867488038,7852191.0987854,7919658.987460281,0,691.9658987460281,843.0225878037053
2011-03-04,48.68305206298828,1.7698999129917539,1.4317872999524281,0.3381126130393257,HOLD,166200,67467.88867488038,8091123.252868652,8158591.141543533,0,715.8591141543532,871.7175616547562
2011-03-07,50.251365661621094,1.9429312423008298,1.5340160884221086,0.40891515387872124,HOLD,166200,67467.88867488038,8351776.972961426,8419244.861636307,0,741.9244861636306,903.021224868018
2011-03-08,49.89196014404297,2.027684906399422,1.6327498520175714,0.3949350543818506,HOLD,166200,67467.88867488038,8292043.775939941,8359511.664614822,0,735.9511664614821,895.8474623698405
2011-03-09,49.630577087402344,2.0501287594352604,1.7162256335011092,0.33390312593415117,HOLD,166200,67467.88867488038,8248601.9119262695,8316069.80060115,0,731.606980060115,890.6302359287359
2011-03-10,47.67018508911133,1.887965137198698,1.7505735342406272,0.13739160295807085,HOLD,166200,67467.88867488038,7922784.761810303,7990252.650485183,0,699.0252650485183,851.5006569121589
2011-03-11,46.95137405395508,1.6820575427593099,1.7368703359443638,-0.05481279318505394,SELL,0,7866104.2654215535,0.0,7866104.2654215535,166200,686.6104265421553,837.1531319158041
2011-03-14,47.08206558227539,1.5119907169789712,1.6918944121512853,-0.17990369517231408,HOLD,0,7866104.2654215535,0.0,7866104.2654215535,0,686.6104265421553,839.7617451363564
2011-03-15,45.61177444458008,1.244228632041711,1.6023612561293705,-0.35813262408765945,HOLD,0,7866104.2654215535,0.0,7866104.2654215535,0,686.6104265421553,810.4146179801673
2011-03-16,46.918701171875,1.124520542236425,1.5067931133507815,-0.3822725711143564,HOLD,0,7866104.2654215535,0.0,7866104.2654215535,0,686.6104265421553,836.5009786106659
2011-03-17,45.415733337402344,0.8980222338870334,1.3850389374580319,-0.48701670357099847,HOLD,0,7866104.2654215535,0.0,7866104.2654215535,0,686.6104265421553,806.5016220076805
2011-03-18,45.93850326538086,0.7520348670829549,1.2584381233830166,-0.5064032563000618,HOLD,0,7866104.2654215535,0.0,7866104.2654215535,0,686.6104265421553,816.9361510315481
2011-03-21,45.61177444458008,0.6030232650263301,1.1273551517116793,-0.5243318866853492,HOLD,0,7866104.2654215535,0.0,7866104.2654215535,0,686.6104265421553,810.4146179801673
2011-03-22,45.8731575012207,0.5002552934031428,1.001935180049972,-0.5016798866468293,HOLD,0,7866104.2654215535,0.0,7866104.2654215535,0,686.6104265421553,815.631844421272
2011-03-23,45.8731575012207,0.41403816129491133,0.88435577629896,-0.4703176150040487,HOLD,0,7866104.2654215535,0.0,7866104.2654215535,0,686.6104265421553,815.631844421272
2011-03-24,45.8731575012207,0.3417707425628791,0.7758387695517439,-0.4340680269888648,HOLD,0,7866104.2654215535,0.0,7866104.2654215535,0,686.6104265421553,815.631844421272
2011-03-25,45.8731575012207,0.28125614677495747,0.6769222449963866,-0.3956660982214292,HOLD,0,7866104.2654215535,0.0,7866104.2654215535,0,686.6104265421553,815.631844421272
2011-03-28,45.8731575012207,0.2306392281744536,0.5876656416320001,-0.3570264134575465,HOLD,0,7866104.2654215535,0.0,7866104.2654215535,0,686.6104265421553,815.631844421272
2011-03-29,46.65731430053711,0.2509075496930393,0.520314023244208,-0.26940647355116865,HOLD,0,7866104.2654215535,0.0,7866104.2654215535,0,686.6104265421553,831.2836760279029
2011-03-30,45.31771469116211,0.15706529657719415,0.4476642779108052,-0.29059898133361106,HOLD,0,7866104.2654215535,0.0,7866104.2654215535,0,686.6104265421553,804.5451620922663
2011-03-31,45.644447326660156,0.1078163877475049,0.3796946998781452,-0.2718783121306403,HOLD,0,7866104.2654215535,0.0,7866104.2654215535,0,686.6104265421553,811.0667712853054
2011-04-01,46.722660064697266,0.15401365608335738,0.3345584911191877,-0.1805448350358303,HOLD,0,7866104.2654215535,0.0,7866104.2654215535,0,686.6104265421553,832.587982638179
2011-04-06,48.12760925292969,0.3005286744267579,0.32775252778070174,-0.02722385335394384,HOLD,0,7866104.2654215535,0.0,7866104.2654215535,0,686.6104265421553,860.6308793257505
2011-04-07,47.735530853271484,0.3806179056412802,0.33832560335281747,0.0422923022884627,BUY,163100,75767.78420367371,7785665.082168579,7861432.866372253,163100,686.1432866372253,852.804963522435
2011-04-08,48.356319427490234,0.4885499484890161,0.3683704723800572,0.1201794761089589,HOLD,163100,75767.78420367371,7886915.698623657,7962683.482827331,0,696.2683482827331,865.1959524617168
2011-04-11,47.702857971191406,0.5154165901209353,0.39777969592823287,0.11763689419270246,HOLD,163100,75767.78420367371,7780336.135101318,7856103.919304992,0,685.6103919304992,852.1528102172969
2011-04-12,47.474143981933594,0.5123472692920927,0.42069321060100484,0.09165405869108789,HOLD,163100,75767.78420367371,7743032.883453369,7818800.667657043,0,681.8800667657043,847.5876609396718
2011-04-13,47.474143981933594,0.5041038154314066,0.4373753315670852,0.0667284838643214,HOLD,163100,75767.78420367371,7743032.883453369,7818800.667657043,0,681.8800667657043,847.5876609396718
2011-04-14,47.76820373535156,0.5153582542413417,0.45297191610193654,0.062386338139405195,HOLD,163100,75767.78420367371,7790994.02923584,7866761.813439514,0,686.6761813439514,853.457116827573
2011-04-15,48.454341888427734,0.573037473449034,0.4769850275713561,0.09605244587767792,HOLD,163100,75767.78420367371,7902903.1620025635,7978670.946206237,0,697.8670946206237,867.1524885187896
2011-04-18,48.323646545410156,0.6012715640012516,0.5018423348573352,0.09942922914391639,HOLD,163100,75767.78420367371,7881586.7515563965,7957354.53576007,0,695.7354535760071,864.5437991565789
2011-04-19,46.42860412597656,0.4653687175673866,0.4945476113993455,-0.029178893831958874,SELL,0,7643729.613950683,0.0,7643729.613950683,163100,664.3729613950683,826.7186028919364
2011-04-20,46.33058166503906,0.3457693256989245,0.46479195425926134,-0.11902262856033685,HOLD,0,7643729.613950683,0.0,7643729.613950683,0,664.3729613950683,824.7620668348636
2011-04-21,47.3107795715332,0.3263181328647633,0.43709718998036173,-0.11077905711559843,HOLD,0,7643729.613950683,0.0,7643729.613950683,0,664.3729613950683,844.3268944139814
2011-04-22,46.46127700805664,0.23959328289839021,0.39759640856396744,-0.15800312566557723,HOLD,0,7643729.613950683,0.0,7643729.613950683,0,664.3729613950683,827.3707561970743
2011-04-25,45.383060455322266,0.0829044784855455,0.3346580225482831,-0.2517535440627376,HOLD,0,7643729.613950683,0.0,7643729.613950683,0,664.3729613950683,805.8494687025423
2011-04-26,43.88009262084961,-0.160697055681716,0.2355870069022833,-0.3962840625839993,HOLD,0,7643729.613950683,0.0,7643729.613950683,0,664.3729613950683,775.8501120995568
2011-04-27,43.782073974609375,-0.3575408043084849,0.11696144466012967,-0.4745022489686146,HOLD,0,7643729.613950683,0.0,7643729.613950683,0,664.3729613950683,773.8936521841426
2011-04-28,43.22663116455078,-0.5519974035585378,-0.01683032498360382,-0.535167078574934,HOLD,0,7643729.613950683,0.0,7643729.613950683,0,664.3729613950683,762.8069698551366
2011-04-29,43.22663116455078,-0.6980588713064861,-0.15307603424818028,-0.5449828370583059,HOLD,0,7643729.613950683,0.0,7643729.613950683,0,664.3729613950683,762.8069698551366
2011-05-03,43.55336380004883,-0.7784752654703482,-0.27815588049261386,-0.5003193849777343,HOLD,0,7643729.613950683,0.0,7643729.613950683,0,664.3729613950683,769.3285790481759
2011-05-04,41.49495315551758,-0.9968117480346095,-0.421887054001013,-0.5749246940335965,HOLD,0,7643729.613950683,0.0,7643729.613950683,0,664.3729613950683,728.2425401161845
2011-05-05,41.462276458740234,-1.1591201047947166,-0.5693336641597537,-0.5897864406349629,HOLD,0,7643729.613950683,0.0,7643729.613950683,0,664.3729613950683,727.590310669388
2011-05-06,41.23356628417969,-1.291320112138152,-0.7137309537554334,-0.5775891583827185,HOLD,0,7643729.613950683,0.0,7643729.613950683,0,664.3729613950683,723.0252375334213
2011-05-09,41.462276458740234,-1.3619350314634957,-0.8433717692970458,-0.5185632621664499,HOLD,0,7643729.613950683,0.0,7643729.613950683,0,664.3729613950683,727.590310669388
2011-05-10,42.24643325805664,-1.3391856648189346,-0.9425345484014236,-0.39665111641751105,HOLD,0,7643729.613950683,0.0,7643729.613950683,0,664.3729613950683,743.242142276019
2011-05-11,41.7563362121582,-1.3451967725073217,-1.0230669932226033,-0.3221297792847184,HOLD,0,7643729.613950683,0.0,7643729.613950683,0,664.3729613950683,733.4597665572892
2011-05-12,41.91970443725586,-1.3215442289789507,-1.082762440373873,-0.23878178860507782,HOLD,0,7643729.613950683,0.0,7643729.613950683,0,664.3729613950683,736.7206092246381
2011-05-13,42.8018798828125,-1.2175797307971834,-1.109725898458535,-0.10785383233864843,HOLD,0,7643729.613950683,0.0,7643729.613950683,0,664.3729613950683,754.3289007466832
2011-05-16,42.442474365234375,-1.1509210372615968,-1.1179649262191473,-0.03295611104244944,HOLD,0,7643729.613950683,0.0,7643729.613950683,0,664.3729613950683,747.1551382485059
2011-05-17,42.54049301147461,-1.0777605045947638,-1.1099240418942706,0.03216353729950683,BUY,177800,75491.73671603389,7563699.657440186,7639191.394156219,177800,663.9191394156219,749.1115981639201
2011-05-18,42.638511657714844,-1.000339676684554,-1.0880071688523274,0.08766749216777336,HOLD,177800,75491.73671603389,7581127.372741699,7656619.109457733,0,665.6619109457732,751.0680580793343
2011-05-19,42.017723083496094,-0.9778040461890569,-1.0659665443196733,0.08816249813061638,HOLD,177800,75491.73671603389,7470751.1642456055,7546242.900961639,0,654.6242900961639,738.6770691400523
2011-05-20,42.08306884765625,-0.9437920918656886,-1.0415316538288764,0.09773956196318778,HOLD,177800,75491.73671603389,7482369.641113281,7557861.377829315,0,655.7861377829315,739.9813757503285
2011-05-23,40.547428131103516,-1.0288903376123741,-1.039003390585576,0.010113052973201864,HOLD,177800,75491.73671603389,7209332.721710205,7284824.458426239,0,628.4824458426239,709.3298658422049
2011-05-24,40.4167366027832,-1.094263041381197,-1.0500553207447003,-0.044207720636496584,SELL,0,7257275.847230102,0.0,7257275.847230102,177800,625.7275847230102,706.7212526216524
2011-05-25,39.99198532104492,-1.1668940307247126,-1.0734230627407029,-0.09347096798400978,HOLD,0,7257275.847230102,0.0,7257275.847230102,0,625.7275847230102,698.2431835131989
2011-05-26,40.61277389526367,-1.1609791186689904,-1.0909342739263606,-0.07004484474262984,HOLD,0,7257275.847230102,0.0,7257275.847230102,0,625.7275847230102,710.6341724524808
2011-05-27,40.87416076660156,-1.1222630226933248,-1.0972000236797534,-0.02506299901357134,HOLD,0,7257275.847230102,0.0,7257275.847230102,0,625.7275847230102,715.851475035244
2011-05-30,41.13554763793945,-1.0582892025179902,-1.0894178594474009,0.031128656929410692,BUY,174600,70699.86967532337,7182266.6175842285,7252966.487259552,174600,625.2966487259552,721.0687776180072
2011-05-31,41.985050201416016,-0.9283404015617691,-1.0572023678702747,0.12886196630850555,HOLD,174600,70699.86967532337,7330589.765167236,7401289.63484256,0,640.128963484256,738.0249158349143
2011-06-01,41.62564468383789,-0.8446198107440495,-1.0146858564450296,0.17006604570098016,HOLD,174600,70699.86967532337,7267837.561798096,7338537.431473419,0,633.8537431473419,730.851153336737
2011-06-02,40.64544677734375,-0.8475938838608243,-0.9812674619281886,0.13367357806736424,HOLD,174600,70699.86967532337,7096695.007324219,7167394.876999542,0,616.7394876999542,711.286325757619
2011-06-03,41.004852294921875,-0.8115942829476666,-0.9473328261320842,0.1357385431844177,HOLD,174600,70699.86967532337,7159447.210693359,7230147.080368683,0,623.0147080368683,718.4600882557964
2011-06-07,41.03752517700195,-0.7715341459643241,-0.9121730900985323,0.1406389441342082,HOLD,174600,70699.86967532337,7165151.895904541,7235851.765579864,0,623.5851765579864,719.1122415609344
2011-06-08,40.77614212036133,-0.7522066568807375,-0.8801798034549734,0.12797314657423586,HOLD,174600,70699.86967532337,7119514.414215088,7190214.283890411,0,619.021428389041,713.8950151198297
2011-06-09,40.77614212036133,-0.7284918815943939,-0.8498422190828575,0.12135033748846358,HOLD,174600,70699.86967532337,7119514.414215088,7190214.283890411,0,619.021428389041,713.8950151198297
2011-06-10,40.808815002441406,-0.6990036439067424,-0.8196745040476345,0.12067086014089212,HOLD,174600,70699.86967532337,7125219.0994262695,7195918.969101593,0,619.5918969101592,714.5471684249679
2011-06-13,40.384063720703125,-0.7018177634193918,-0.796103155921986,0.09428539250259416,HOLD,174600,70699.86967532337,7051057.525634766,7121757.395310089,0,612.175739531009,706.0690993165144
2011-06-14,41.62564468383789,-0.5969811390448285,-0.7562787525465545,0.159297613501726,HOLD,174600,70699.86967532337,7267837.561798096,7338537.431473419,0,633.8537431473419,730.851153336737
2011-06-15,41.462276458740234,-0.521073201846967,-0.7092376424066371,0.18816444055967008,HOLD,174600,70699.86967532337,7239313.469696045,7310013.339371368,0,631.0013339371368,727.590310669388
2011-06-16,40.67996597290039,-0.5180695496153902,-0.6710040238483878,0.15293447423299755,HOLD,174600,70699.86967532337,7102722.058868408,7173421.928543732,0,617.3421928543733,711.9753316254759
2011-06-17,40.16976547241211,-0.5505120893633304,-0.6469056369513764,0.09639354758804597,HOLD,174600,70699.86967532337,7013641.051483154,7084340.921158478,0,608.4340921158478,701.7916893663987
2011-06-20,40.3398323059082,-0.5560898065580275,-0.6287424708727066,0.0726526643146791,HOLD,174600,70699.86967532337,7043334.720611572,7114034.590286896,0,611.4034590286896,705.1862367860912
2011-06-21,41.054115295410156,-0.49714276751602426,-0.6024225302013702,0.10527976268534589,HOLD,174600,70699.86967532337,7168048.530578613,7238748.400253937,0,623.8748400253937,719.4433816337945
2011-06-22,40.67996597290039,-0.47514041487686853,-0.5769661071364699,0.10182569225960136,HOLD,174600,70699.86967532337,7102722.058868408,7173421.928543732,0,617.3421928543733,711.9753316254759
2011-06-23,41.59832763671875,-0.37922777891621706,-0.5374184414924194,0.1581906625762023,HOLD,174600,70699.86967532337,7263068.005371094,7333767.875046417,0,633.3767875046417,730.3059029201469
2011-06-24,45.16972732543945,-0.014862886354890747,-0.43290733046491364,0.4180444441100229,HOLD,174600,70699.86967532337,7886634.3910217285,7957334.260697052,0,695.7334260697052,801.5913225920295
2011-06-27,44.59150314331055,0.2246514153550052,-0.30139558130092986,0.5260469966559351,HOLD,174600,70699.86967532337,7785676.4488220215,7856376.318497345,0,685.6376318497345,790.049922278402
2011-06-28,44.69354248046875,0.4178848305949856,-0.1575394989217468,0.5754243295167324,HOLD,174600,70699.86967532337,7803492.517089844,7874192.386765167,0,687.4192386765168,792.0866355018859
2011-06-29,43.80919647216797,0.4939701913818553,-0.027237560861026373,0.5212077522428816,HOLD,174600,70699.86967532337,7649085.704040527,7719785.573715851,0,671.9785573715851,774.4350193761486
2011-06-30,44.48945999145508,0.6022179748317171,0.09865354627752233,0.5035644285541948,HOLD,174600,70699.86967532337,7767859.714508057,7838559.58418338,0,683.855958418338,788.0131329132597
2011-07-01,44.28538131713867,0.663884828588202,0.21169980273965827,0.4521850258485437,HOLD,174600,70699.86967532337,7732227.577972412,7802927.4476477355,0,680.2927447647735,783.9397064662923
2011-07-04,45.747955322265625,0.8213062462868734,0.33362109144910135,0.4876851548377721,HOLD,174600,70699.86967532337,7987592.999267578,8058292.8689429015,0,705.8292868942901,813.1327990473156
2011-07-05,45.747955322265625,0.9352824995119136,0.4539533730616638,0.4813291264502498,HOLD,174600,70699.86967532337,7987592.999267578,8058292.8689429015,0,705.8292868942901,813.1327990473156
2011-07-06,45.373809814453125,0.9840752784865217,0.5599777541466354,0.42409752433988623,HOLD,174600,70699.86967532337,7922267.193603516,7992967.063278839,0,699.296706327884,805.6648251806555
2011-07-07,45.10170364379883,0.9893822309815405,0.6458586495136165,0.34352358146792406,HOLD,174600,70699.86967532337,7874757.456207275,7945457.325882599,0,694.5457325882599,800.2335645374794
2011-07-08,45.20374298095703,0.9904049787098401,0.7147679153528612,0.2756370633569789,HOLD,174600,70699.86967532337,7892573.524475098,7963273.394150421,0,696.327339415042,802.2702777609633
2011-07-11,45.10170364379883,0.9717797202198497,0.7661702763262589,0.20560944389359082,HOLD,174600,70699.86967532337,7874757.456207275,7945457.325882599,0,694.5457325882599,800.2335645374794
2011-07-12,43.6051139831543,0.8267267986709257,0.7782815807951923,0.048445217875733415,HOLD,174600,70699.86967532337,7613452.90145874,7684152.771134064,0,668.4152771134063,770.3615167875225
2011-07-13,44.149330139160156,0.7470732139060345,0.7720399074173607,-0.024966693511326188,SELL,0,7774547.828147308,0.0,7774547.828147308,174600,677.4547828147308,781.2241142155335
2011-07-14,44.081302642822266,0.6707262094518214,0.7517771678242529,-0.08105095837243148,HOLD,0,7774547.828147308,0.0,7774547.828147308,0,677.4547828147308,779.8662800193247
2011-07-15,44.319393157958984,0.6222595523609797,0.7258736447315983,-0.10361409237061858,HOLD,0,7774547.828147308,0.0,7774547.828147308,0,677.4547828147308,784.6185854935675
2011-07-18,43.91123580932617,0.5446362626995978,0.6896261683251983,-0.14498990562560055,HOLD,0,7774547.828147308,0.0,7774547.828147308,0,677.4547828147308,776.4717325996322
2011-07-19,43.2309684753418,0.42334727392682936,0.6363703894455246,-0.21302311551869524,HOLD,0,7774547.828147308,0.0,7774547.828147308,0,677.4547828147308,762.8935429208626
2011-07-20,43.537086486816406,0.3479154884939817,0.578679409255216,-0.2307639207612343,HOLD,0,7774547.828147308,0.0,7774547.828147308,0,677.4547828147308,769.0036825913138
2011-07-21,43.0609016418457,0.24686540699202197,0.5123166088025772,-0.26545120181055526,HOLD,0,7774547.828147308,0.0,7774547.828147308,0,677.4547828147308,759.4989955011702
2011-07-22,43.6051139831543,0.20829478452943562,0.4515122439479489,-0.2432174594185133,HOLD,0,7774547.828147308,0.0,7774547.828147308,0,677.4547828147308,770.3615167875225
2011-07-25,41.802406311035156,0.03189616591215838,0.3675890283407908,-0.33569286242863244,HOLD,0,7774547.828147308,0.0,7774547.828147308,0,677.4547828147308,734.3793293671145
2011-07-26,41.66635513305664,-0.11752445450607496,0.2705663317714177,-0.38809078627749266,HOLD,0,7774547.828147308,0.0,7774547.828147308,0,677.4547828147308,731.6637371163555
2011-07-27,41.836421966552734,-0.2196859971245928,0.1725158659922156,-0.3922018631168084,HOLD,0,7774547.828147308,0.0,7774547.828147308,0,677.4547828147308,735.058284536048
2011-07-28,41.292205810546875,-0.34063680225210646,0.0698853323433512,-0.41052213459545767,HOLD,0,7774547.828147308,0.0,7774547.828147308,0,677.4547828147308,724.1956871080371
2011-07-29,42.07451248168945,-0.36911069800442675,-0.017913873726204385,-0.35119682427822235,HOLD,0,7774547.828147308,0.0,7774547.828147308,0,677.4547828147308,739.8105900102905
2011-08-01,42.38063430786133,-0.36279294132938134,-0.08688968724683978,-0.27590325408254157,HOLD,0,7774547.828147308,0.0,7774547.828147308,0,677.4547828147308,745.9208058224003
2011-08-02,41.70036697387695,-0.40797507950775014,-0.15110676569902187,-0.25686831380872827,HOLD,0,7774547.828147308,0.0,7774547.828147308,0,677.4547828147308,732.3426161436306
2011-08-03,41.70036697387695,-0.4387249019607964,-0.20863039295137678,-0.2300945090094196,HOLD,0,7774547.828147308,0.0,7774547.828147308,0,677.4547828147308,732.3426161436306
2011-08-04,41.59832763671875,-0.46595681936015154,-0.26009567823313173,-0.2058611411270198,HOLD,0,7774547.828147308,0.0,7774547.828147308,0,677.4547828147308,730.3059029201469
2011-08-05,40.782005310058594,-0.5471020477187452,-0.3174969521302544,-0.22960509558849074,HOLD,0,7774547.828147308,0.0,7774547.828147308,0,677.4547828147308,714.0120448489597
2011-08-08,39.31943130493164,-0.7211151581212931,-0.39822059332846216,-0.32289456479283096,HOLD,0,7774547.828147308,0.0,7774547.828147308,0,677.4547828147308,684.8189522679364
2011-08-09,39.08134078979492,-0.8682253551356638,-0.4922215456899025,-0.3760038094457613,HOLD,0,7774547.828147308,0.0,7774547.828147308,0,677.4547828147308,680.0666467936937
2011-08-10,39.52351379394531,-0.9383152657972005,-0.5814402897113621,-0.3568749760858384,HOLD,0,7774547.828147308,0.0,7774547.828147308,0,677.4547828147308,688.8924548565624
2011-08-11,40.441871643066406,-0.9092766464050115,-0.647007561050092,-0.26226908535491944,HOLD,0,7774547.828147308,0.0,7774547.828147308,0,677.4547828147308,707.2229500095748
2011-08-12,40.30582046508789,-0.8870165497238958,-0.6950093587848528,-0.19200719093904295,HOLD,0,7774547.828147308,0.0,7774547.828147308,0,677.4547828147308,704.5073577588159
2011-08-15,40.30582046508789,-0.859467852327306,-0.7279010574933436,-0.1315667948339625,HOLD,0,7774547.828147308,0.0,7774547.828147308,0,677.4547828147308,704.5073577588159
2011-08-16,40.441871643066406,-0.8172365241883526,-0.7457681508323454,-0.0714683733560072,HOLD,0,7774547.828147308,0.0,7774547.828147308,0,677.4547828147308,707.2229500095748
2011-08-17,41.49628829956055,-0.6907230549097179,-0.7347591316478199,0.04403607673810206,BUY,185400,76519.93029833958,7693411.850738525,7769931.781036865,185400,676.9931781036865,728.269189696663
2011-08-18,41.08812713623047,-0.6162911925221977,-0.7110655438226955,0.09477435130049783,HOLD,185400,76519.93029833958,7617738.771057129,7694258.7013554685,0,669.4258701355468,720.1222606610695
2011-08-19,40.850032806396484,-0.569945649242122,-0.6828415649065809,0.11289591566445889,HOLD,185400,76519.93029833958,7573596.082305908,7650116.012604248,0,665.0116012604248,715.3698790451683
2011-08-22,40.37384796142578,-0.5651261867355473,-0.6592984892723742,0.09417230253682696,HOLD,185400,76519.93029833958,7485311.41204834,7561831.342346679,0,656.1831342346679,705.8651919550247
2011-08-23,41.63233947753906,-0.45451758449217294,-0.618342308316334,0.16382472382416102,HOLD,185400,76519.93029833958,7718635.739135742,7795155.669434082,0,679.5155669434082,730.984781947422
2011-08-24,41.08812713623047,-0.4060916859216448,-0.5758921838373962,0.16980049791575136,HOLD,185400,76519.93029833958,7617738.771057129,7694258.7013554685,0,669.4258701355468,720.1222606610695
2011-08-25,43.0609016418457,-0.20615101638372835,-0.5019439503466626,0.29579293396293427,HOLD,185400,76519.93029833958,7983491.164398193,8060011.094696533,0,706.0011094696532,759.4989955011702
2011-08-26,43.0609016418457,-0.047153044336830874,-0.4109857691446963,0.36383272480786544,HOLD,185400,76519.93029833958,7983491.164398193,8060011.094696533,0,706.0011094696532,759.4989955011702
2011-08-29,41.360233306884766,-0.057710477068063426,-0.34033071072936977,0.28262023366130634,HOLD,185400,76519.93029833958,7668187.255096436,7744707.185394775,0,674.4707185394775,725.5535213042457
2011-08-30,41.15615463256836,-0.08160408098166982,-0.2885853847798298,0.20698130379816,HOLD,185400,76519.93029833958,7630351.068878174,7706870.999176513,0,670.6870999176514,721.4800948572781
2011-08-31,41.39424514770508,-0.08040120442464627,-0.24694854870879313,0.16654734428414686,HOLD,185400,76519.93029833958,7674493.0503845215,7751012.980682861,0,675.1012980682862,726.2324003315207
2011-09-01,41.360233306884766,-0.08125572200895448,-0.2138099833688254,0.13255426135987092,HOLD,185400,76519.93029833958,7668187.255096436,7744707.185394775,0,674.4707185394775,725.5535213042457
2011-09-02,40.74799346923828,-0.12983886987718307,-0.19701576067049695,0.06717689079331388,HOLD,185400,76519.93029833958,7554677.989196777,7631197.919495117,0,663.1197919495116,713.3331658216846
2011-09-05,39.65956497192383,-0.2532491493901716,-0.2082624384144319,-0.044986710975739724,SELL,0,7424991.54608554,0.0,7424991.54608554,185400,642.499154608554,691.6080471073212
2011-09-06,39.8636474609375,-0.33077200003441476,-0.2327643507384285,-0.09800764929598627,HOLD,0,7424991.54608554,0.0,7424991.54608554,0,642.499154608554,695.6815496959473
2011-09-07,40.918060302734375,-0.3036270893697903,-0.24693689846470088,-0.05669019090508945,HOLD,0,7424991.54608554,0.0,7424991.54608554,0,642.499154608554,716.727713241377
2011-09-08,40.5098991394043,-0.3114594363298764,-0.259841406037736,-0.051618030292140404,HOLD,0,7424991.54608554,0.0,7424991.54608554,0,642.499154608554,708.5807842057834
2011-09-09,41.08812713623047,-0.26792004532580194,-0.2614571338953492,-0.006462911430452745,HOLD,0,7424991.54608554,0.0,7424991.54608554,0,642.499154608554,720.1222606610695
2011-09-13,41.15615463256836,-0.22532807209251615,-0.2542313215347826,0.028903249442266465,BUY,178600,70092.03517840523,7350489.217376709,7420581.252555114,178600,642.0581252555114,721.4800948572781
2011-09-14,41.802406311035156,-0.13783761076889078,-0.23095257938160427,0.09311496861271348,HOLD,178600,70092.03517840523,7465909.767150879,7536001.802329284,0,653.6001802329284,734.3793293671145
2011-09-15,41.734378814697266,-0.07314684891814238,-0.1993914332889119,0.12624458437076952,HOLD,178600,70092.03517840523,7453760.056304932,7523852.091483337,0,652.3852091483337,733.0214951709056
2011-09-16,41.428260803222656,-0.04604929170065475,-0.16872300497126047,0.12267371327060572,HOLD,178600,70092.03517840523,7399087.379455566,7469179.414633972,0,646.9179414633973,726.9113555004544
2011-09-19,40.6119384765625,-0.08941396333846541,-0.15286119664470146,0.06344723330623606,HOLD,178600,70092.03517840523,7253292.2119140625,7323384.247092468,0,632.3384247092469,710.6174974292672
2011-09-20,41.66635513305664,-0.03825716124504197,-0.12994038956476958,0.09168322831972761,HOLD,178600,70092.03517840523,7441611.026763916,7511703.061942321,0,651.1703061942321,731.6637371163555
2011-09-21,42.75477981567383,0.08908483400838918,-0.08613534485013784,0.17522017885852703,HOLD,178600,70092.03517840523,7636003.675079346,7706095.710257751,0,670.609571025775,753.3887796890604
2011-09-22,40.918060302734375,0.04132005622022916,-0.06064426463606444,0.1019643208562936,HOLD,178600,70092.03517840523,7307965.570068359,7378057.605246765,0,637.8057605246764,716.727713241377
2011-09-23,41.12213897705078,0.019706405975874475,-0.04457413051367666,0.06428053648955113,HOLD,178600,70092.03517840523,7344414.0213012695,7414506.056479675,0,641.4506056479674,720.8011396883446
2011-09-26,39.693580627441406,-0.11141101063427783,-0.0579415065377969,-0.05346950409648093,SELL,0,7155111.971139403,0.0,7155111.971139403,178600,615.5111971139403,692.2870022762548
2011-09-27,40.16976547241211,-0.17488243475414578,-0.08132969218106668,-0.09355274257307909,HOLD,0,7155111.971139403,0.0,7155111.971139403,0,615.5111971139403,701.7916893663987
2011-09-28,39.183380126953125,-0.3013038067393268,-0.12532451509271872,-0.17597929164660805,HOLD,0,7155111.971139403,0.0,7155111.971139403,0,615.5111971139403,682.1033600171776
2011-09-29,38.639163970947266,-0.440331483198392,-0.18832590871385338,-0.25200557448453864,HOLD,0,7155111.971139403,0.0,7155111.971139403,0,615.5111971139403,671.2407625891666
2011-09-30,38.265018463134766,-0.5740846436320055,-0.2654776556974838,-0.3086069879345217,HOLD,0,7155111.971139403,0.0,7155111.971139403,0,615.5111971139403,663.7727887225067
2011-10-10,37.58475112915039,-0.7266010706869324,-0.35770233869537355,-0.3688987319915588,HOLD,0,7155111.971139403,0.0,7155111.971139403,0,615.5111971139403,650.194599043737
2011-10-11,38.16297912597656,-0.7916871938955481,-0.44449930973540847,-0.3471878841601396,HOLD,0,7155111.971139403,0.0,7155111.971139403,0,615.5111971139403,661.736075499023
2011-10-12,40.5098991394043,-0.6464398284562662,-0.48488741347958003,-0.1615524149766862,HOLD,0,7155111.971139403,0.0,7155111.971139403,0,615.5111971139403,708.5807842057834
2011-10-13,40.30582046508789,-0.5415549796563539,-0.49622092671493484,-0.04533405294141907,HOLD,0,7155111.971139403,0.0,7155111.971139403,0,615.5111971139403,704.5073577588159
2011-10-14,40.407859802246094,-0.4450687837046985,-0.4859904981128876,0.04092171440818909,BUY,175300,67364.04911166336,7083497.82333374,7150861.872445404,175300,615.0861872445404,706.5440709822998
2011-10-17,40.543914794921875,-0.3535487870766474,-0.4595021559056396,0.1059533688289922,HOLD,175300,67364.04911166336,7107348.263549805,7174712.312661468,0,617.4712312661468,709.2597393747171
2011-10-18,38.84324645996094,-0.4134818900905657,-0.45029810274262483,0.036816212652059144,HOLD,175300,67364.04911166336,6809221.104431152,6876585.153542816,0,587.6585153542816,675.3142651777927
2011-10-19,38.87725830078125,-0.4530127853199062,-0.4508410392580811,-0.002171746061825075,SELL,0,6878458.31921054,0.0,6878458.31921054,175300,587.845831921054,675.9931442050678
2011-10-20,38.50311279296875,-0.5086681108627502,-0.46240645357901494,-0.04626165728373527,HOLD,0,6878458.31921054,0.0,6878458.31921054,0,587.845831921054,668.5251703384079
2011-10-21,38.36705780029297,-0.5573293127879708,-0.48139102542080614,-0.07593828736716468,HOLD,0,6878458.31921054,0.0,6878458.31921054,0,587.845831921054,665.8095019459904
2011-10-24,40.10173797607422,-0.450723809529876,-0.47525758224262016,0.02453377271274415,BUY,169800,65097.64580813516,6809275.108337402,6874372.7541455375,169800,587.4372754145537,700.4338551701899
2011-10-25,40.3398323059082,-0.3430712457992584,-0.44882031495394786,0.10574906915468946,HOLD,169800,65097.64580813516,6849703.525543213,6914801.171351348,0,591.4801171351348,705.1862367860912
2011-10-26,40.74799346923828,-0.22225856037943004,-0.4035079640390443,0.18124940365961428,HOLD,169800,65097.64580813516,6919009.29107666,6984106.936884795,0,598.4106936884796,713.3331658216846
2011-10-27,40.81602096557617,-0.1196451910648122,-0.3467354094441979,0.2270902183793857,HOLD,169800,65097.64580813516,6930560.359954834,6995658.005762969,0,599.565800576297,714.6910000178932
2011-10-28,41.49628829956055,0.01637971684783679,-0.274112384185791,0.29049210103362777,HOLD,169800,65097.64580813516,7046069.753265381,7111167.399073516,0,611.1167399073515,728.269189696663
2011-10-31,40.81602096557617,0.06849893467412471,-0.20559012041380786,0.2740890550879326,HOLD,169800,65097.64580813516,6930560.359954834,6995658.005762969,0,599.565800576297,714.6910000178932
2011-11-01,41.32622146606445,0.1492522200792621,-0.13462165231519388,0.28387387239445594,HOLD,169800,65097.64580813516,7017192.404937744,7082290.050745879,0,608.2290050745879,724.8746422769706
2011-11-02,42.31260681152344,0.2895055940933631,-0.04979620303348249,0.33930179712684555,HOLD,169800,65097.64580813516,7184680.63659668,7249778.282404815,0,624.9778282404815,744.5629716261916
2011-11-03,41.97247314453125,0.36895833711820814,0.03395470499685563,0.33500363212135253,HOLD,169800,65097.64580813516,7126925.939941406,7192023.585749541,0,619.2023585749541,737.7738767868069
2011-11-04,42.31260681152344,0.4541361538109143,0.11799099475966737,0.336145159051247,HOLD,169800,65097.64580813516,7184680.63659668,7249778.282404815,0,624.9778282404815,744.5629716261916
2011-11-07,41.49628829956055,0.4505761442390934,0.1845080246555526,0.2660681195835408,HOLD,169800,65097.64580813516,7046069.753265381,7111167.399073516,0,611.1167399073515,728.269189696663
2011-11-08,41.25819396972656,0.4236589122033152,0.23233820216510512,0.19132071003821008,HOLD,169800,65097.64580813516,7005641.33605957,7070738.9818677055,0,607.0738981867705,723.516808080762
2011-11-09,41.70036697387695,0.43301495111374066,0.27247355195483225,0.16054139915890842,HOLD,169800,65097.64580813516,7080722.312164307,7145819.957972442,0,614.5819957972442,732.3426161436306
2011-11-10,40.74799346923828,0.35943772252692696,0.2898663860692512,0.06957133645767577,HOLD,169800,65097.64580813516,6919009.29107666,6984106.936884795,0,598.4106936884796,713.3331658216846
2011-11-11,40.6119384765625,0.2868421996027024,0.28926154877594146,-0.0024193491732390493,SELL,0,6956867.254836455,0.0,6956867.254836455,169800,595.6867254836455,710.6174974292672
2011-11-14,41.39424514770508,0.28910273860390134,0.28922978674153343,-0.00012704813763209089,HOLD,0,6956867.254836455,0.0,6956867.254836455,0,595.6867254836455,726.2324003315207
2011-11-15,41.02009963989258,0.2577328327696051,0.2829303959471478,-0.02519756317754268,HOLD,0,6956867.254836455,0.0,6956867.254836455,0,595.6867254836455,718.7644264648608
2011-11-16,39.79561996459961,0.13253885458239267,0.2528520876741968,-0.12031323309180414,HOLD,0,6956867.254836455,0.0,6956867.254836455,0,595.6867254836455,694.3237154997387
2011-11-17,39.82963180541992,0.03565518541759616,0.2094127072228767,-0.17375752180528053,HOLD,0,6956867.254836455,0.0,6956867.254836455,0,595.6867254836455,695.0025945270137
2011-11-18,38.87725830078125,-0.11662996527149971,0.14420417272400143,-0.26083413799550115,HOLD,0,6956867.254836455,0.0,6956867.254836455,0,595.6867254836455,675.9931442050678
2011-11-21,39.047325134277344,-0.2210459915977836,0.07115413985964443,-0.292200131457428,HOLD,0,6956867.254836455,0.0,6956867.254836455,0,595.6867254836455,679.3876916247602
2011-11-22,39.21739196777344,-0.28676779198367086,-0.0004302465090186249,-0.28633754547465223,HOLD,0,6956867.254836455,0.0,6956867.254836455,0,595.6867254836455,682.7822390444527
2011-11-23,38.06093978881836,-0.42724381747918727,-0.08579296070305237,-0.3414508567761349,HOLD,0,6956867.254836455,0.0,6956867.254836455,0,595.6867254836455,659.6993622755392
2011-11-24,37.92488479614258,-0.5432878959301064,-0.17729194774846319,-0.3659959481816432,HOLD,0,6956867.254836455,0.0,6956867.254836455,0,595.6867254836455,656.9836938831218
2011-11-25,37.72080612182617,-0.6442940864461804,-0.2706923754880066,-0.37360171095817374,HOLD,0,6956867.254836455,0.0,6956867.254836455,0,595.6867254836455,652.9102674361543
2011-11-28,37.890872955322266,-0.7025210229369065,-0.3570581049777866,-0.34546291795911993,HOLD,0,6956867.254836455,0.0,6956867.254836455,0,595.6867254836455,656.3048148558468
2011-11-29,38.333045959472656,-0.7048614198799044,-0.4266187679582102,-0.2782426519216942,HOLD,0,6956867.254836455,0.0,6956867.254836455,0,595.6867254836455,665.1306229187154
2011-11-30,36.530338287353516,-0.8424681956609277,-0.5097886534987537,-0.332679542162174,HOLD,0,6956867.254836455,0.0,6956867.254836455,0,595.6867254836455,629.1484354983072
2011-12-01,37.85685729980469,-0.8348598144885742,-0.5748028856967178,-0.2600569287918564,HOLD,0,6956867.254836455,0.0,6956867.254836455,0,595.6867254836455,655.625859686913
2011-12-02,37.21060562133789,-0.8709376005760987,-0.634029828672594,-0.23690777190350465,HOLD,0,6956867.254836455,0.0,6956867.254836455,0,595.6867254836455,642.7266251770769
2011-12-05,36.836456298828125,-0.9191251270776277,-0.6910488883536008,-0.22807623872402694,HOLD,0,6956867.254836455,0.0,6956867.254836455,0,595.6867254836455,635.2585751687584
2011-12-06,37.380672454833984,-0.9029912721244884,-0.7334373651077783,-0.16955390701671003,HOLD,0,6956867.254836455,0.0,6956867.254836455,0,595.6867254836455,646.1211725967694
2011-12-07,37.99291229248047,-0.8312206434785807,-0.7529940207819389,-0.07822662269664182,HOLD,0,6956867.254836455,0.0,6956867.254836455,0,595.6867254836455,658.3415280793305
2011-12-08,37.65277862548828,-0.7926506640604671,-0.7609253494376446,-0.031725314622822576,HOLD,0,6956867.254836455,0.0,6956867.254836455,0,595.6867254836455,651.5524332399456
2011-12-09,37.448699951171875,-0.7696787435038743,-0.7626760282508905,-0.007002715252983793,HOLD,0,6956867.254836455,0.0,6956867.254836455,0,595.6867254836455,647.479006792978
2011-12-12,37.07455062866211,-0.772756201917538,-0.7646920629842201,-0.008064138933317921,HOLD,0,6956867.254836455,0.0,6956867.254836455,0,595.6867254836455,640.0109567846596
2011-12-13,36.12217712402344,-0.8423337927607548,-0.7802204089395272,-0.06211338382122766,HOLD,0,6956867.254836455,0.0,6956867.254836455,0,595.6867254836455,621.0015064627136
2011-12-14,35.74803161621094,-0.9170932700530443,-0.8075949811622306,-0.1094982888908137,HOLD,0,6956867.254836455,0.0,6956867.254836455,0,595.6867254836455,613.5335325960536
2011-12-15,34.69361877441406,-1.0493270100686516,-0.8559413869435148,-0.19338562312513674,HOLD,0,6956867.254836455,0.0,6956867.254836455,0,595.6867254836455,592.487369050624
2011-12-16,35.40789794921875,-1.0839912652523722,-0.9015513626052863,-0.18243990264708587,HOLD,0,6956867.254836455,0.0,6956867.254836455,0,595.6867254836455,606.7444377566687
2011-12-19,35.033748626708984,-1.1286433625309655,-0.9469697625904222,-0.18167359994054333,HOLD,0,6956867.254836455,0.0,6956867.254836455,0,595.6867254836455,599.2763877483503
2011-12-20,34.353485107421875,-1.2050312025353236,-0.9985820505794025,-0.20644915195592106,HOLD,0,6956867.254836455,0.0,6956867.254836455,0,595.6867254836455,585.6982742112391
2011-12-21,33.91130828857422,-1.2864200404805999,-1.056149648559642,-0.23027039192095788,HOLD,0,6956867.254836455,0.0,6956867.254836455,0,595.6867254836455,576.872390006712
2011-12-22,33.435123443603516,-1.3735124220538424,-1.1196222032584822,-0.2538902187953602,HOLD,0,6956867.254836455,0.0,6956867.254836455,0,595.6867254836455,567.3677029165682
2011-12-23,33.435123443603516,-1.4260946307274196,-1.1809166887522697,-0.24517794197514986,HOLD,0,6956867.254836455,0.0,6956867.254836455,0,595.6867254836455,567.3677029165682
2011-12-26,32.61880111694336,-1.5161594569633436,-1.2479652423944847,-0.26819421456885895,HOLD,0,6956867.254836455,0.0,6956867.254836455,0,595.6867254836455,551.073844845381
2011-12-27,32.61880111694336,-1.5694448968124206,-1.312261173278072,-0.2571837235343486,HOLD,0,6956867.254836455,0.0,6956867.254836455,0,595.6867254836455,551.073844845381
2011-12-28,33.060977935791016,-1.5580339721500636,-1.3614157330524703,-0.19661823909759324,HOLD,0,6956867.254836455,0.0,6956867.254836455,0,595.6867254836455,559.8997290499083
2011-12-29,32.65281677246094,-1.5638982809890791,-1.401912242639792,-0.16198603834928704,HOLD,0,6956867.254836455,0.0,6956867.254836455,0,595.6867254836455,551.7528000143146
2011-12-30,33.02696228027344,-1.5208242570233281,-1.4256946455164994,-0.09512961150682875,HOLD,0,6956867.254836455,0.0,6956867.254836455,0,595.6867254836455,559.2207738809745
2012-01-04,32.516761779785156,-1.5104452268096509,-1.4426447617751297,-0.0678004650345212,HOLD,0,6956867.254836455,0.0,6956867.254836455,0,595.6867254836455,549.0371316218973
2012-01-05,31.59840202331543,-1.5583599247160649,-1.4657877943633169,-0.09257213035274803,HOLD,0,6956867.254836455,0.0,6956867.254836455,0,595.6867254836455,530.7065983980556
2012-01-06,31.938535690307617,-1.5510076727206723,-1.482831770034788,-0.06817590268588436,HOLD,0,6956867.254836455,0.0,6956867.254836455,0,595.6867254836455,537.4956932374405
2012-01-09,33.16301727294922,-1.4298926177247182,-1.472243939572774,0.04235132184805579,BUY,207600,68094.08354067896,6884642.385864258,6952736.469404937,207600,595.2736469404937,561.936442273392
2012-01-10,34.4215087890625,-1.218314346938513,-1.4214580210459218,0.20314367410740886,HOLD,207600,68094.08354067896,7145905.224609375,7213999.308150054,0,621.3999308150054,587.0560322657892
2012-01-11,34.285457611083984,-1.0495170567089858,-1.3470698281785347,0.29755277146954895,HOLD,207600,68094.08354067896,7117661.000061035,7185755.083601714,0,618.5755083601714,584.3404400150304
2012-01-12,34.11539077758789,-0.9188747441674963,-1.261430811376327,0.3425560672088308,HOLD,207600,68094.08354067896,7082355.125427246,7150449.208967925,0,615.0449208967925,580.9458925953379
2012-01-13,33.33308410644531,-0.8684543791145387,-1.1828355249239695,0.3143811458094308,HOLD,207600,68094.08354067896,6919948.260498047,6988042.344038726,0,598.8042344038726,565.3309896930843
2012-01-16,33.435123443603516,-0.8109144379565549,-1.1084513075304867,0.2975368695739318,HOLD,207600,68094.08354067896,6941131.62689209,7009225.710432769,0,600.9225710432769,567.3677029165682
2012-01-17,35.74803161621094,-0.5720866020497795,-1.0011783664343452,0.42909176438456575,HOLD,207600,68094.08354067896,7421291.363525391,7489385.44706607,0,648.938544706607,613.5335325960536
2012-01-18,35.611976623535156,-0.38930466048954315,-0.8788036252453848,0.48949896475584165,HOLD,207600,68094.08354067896,7393046.347045898,7461140.430586577,0,646.1140430586578,610.8178642036363
2012-01-19,36.8704719543457,-0.14127012535075067,-0.7312969252664581,0.5900267999157074,HOLD,207600,68094.08354067896,7654309.977722168,7722404.061262847,0,672.2404061262847,635.9375303376921
2012-01-20,37.448699951171875,0.10079529224385197,-0.564878481764396,0.665673774008248,HOLD,207600,68094.08354067896,7774350.109863281,7842444.19340396,0,684.244419340396,647.479006792978
2012-01-30,36.32625961303711,0.1997596204540102,-0.4119508613207148,0.611710481774725,HOLD,207600,68094.08354067896,7541331.495666504,7609425.579207183,0,660.9425579207183,625.0750090513396
2012-01-31,36.36027145385742,0.2777325074025754,-0.2740141875760568,0.5517466949786322,HOLD,207600,68094.08354067896,7548392.353820801,7616486.43736148,0,661.648643736148,625.7538880786148
2012-02-01,35.611976623535156,0.2759642983775663,-0.16401849038533217,0.4399827887628985,HOLD,207600,68094.08354067896,7393046.347045898,7461140.430586577,0,646.1140430586578,610.8178642036363
2012-02-02,36.73441696166992,0.3609734573302319,-0.059020100842219356,0.41999355817245126,HOLD,207600,68094.08354067896,7626064.961242676,7694159.044783355,0,669.4159044783355,633.2218619452747
2012-02-03,37.07455062866211,0.45059558712636516,0.04290303675149755,0.4076925503748676,HOLD,207600,68094.08354067896,7696676.710510254,7764770.794050933,0,676.4770794050933,640.0109567846596
2012-02-06,36.8704719543457,0.49939758275193213,0.13420194595158447,0.36519563680034767,HOLD,207600,68094.08354067896,7654309.977722168,7722404.061262847,0,672.2404061262847,635.9375303376921
2012-02-07,35.78204345703125,0.44511541905169594,0.19638464057160676,0.24873077848008918,HOLD,207600,68094.08354067896,7428352.2216796875,7496446.305220366,0,649.6446305220366,614.2124116233288
2012-02-08,37.2446174621582,0.5141866881393966,0.2599450500851648,0.25424163805423183,HOLD,207600,68094.08354067896,7731982.585144043,7800076.668684722,0,680.0076668684721,643.405504204352
2012-02-09,36.972511291503906,0.5407362022939282,0.3161032805269175,0.22463292176701066,HOLD,207600,68094.08354067896,7675493.344116211,7743587.42765689,0,674.358742765689,637.9742435611759
2012-02-10,37.312644958496094,0.5825080377899425,0.3693842319795225,0.21312380581042,HOLD,207600,68094.08354067896,7746105.093383789,7814199.176924468,0,681.4199176924468,644.7633384005608
2012-02-13,37.2446174621582,0.6031702962309211,0.41614144482980225,0.18702885140111886,HOLD,207600,68094.08354067896,7731982.585144043,7800076.668684722,0,680.0076668684721,643.405504204352
2012-02-14,36.972511291503906,0.5907784646298566,0.4510688487898132,0.13970961584004343,HOLD,207600,68094.08354067896,7675493.344116211,7743587.42765689,0,674.358742765689,637.9742435611759
2012-02-15,37.72080612182617,0.6340302814395713,0.48766113531976485,0.14636914611980645,HOLD,207600,68094.08354067896,7830839.350891113,7898933.434431792,0,689.8933434431792,652.9102674361543
2012-02-16,37.85685729980469,0.6715447016113956,0.5244378485780911,0.1471068530333045,HOLD,207600,68094.08354067896,7859083.575439453,7927177.658980132,0,692.7177658980132,655.625859686913
2012-02-17,37.890872955322266,0.6959969098601135,0.5587496608344956,0.1372472490256179,HOLD,207600,68094.08354067896,7866145.225524902,7934239.309065581,0,693.4239309065581,656.3048148558468
2012-02-20,37.958900451660156,0.7126497290236955,0.5895296744723356,0.12312005455135988,HOLD,207600,68094.08354067896,7880267.733764648,7948361.817305327,0,694.8361817305328,657.6626490520554
2012-02-21,38.196990966796875,0.7365684206981129,0.6189374237174912,0.11763099698062174,HOLD,207600,68094.08354067896,7929695.324707031,7997789.40824771,0,699.778940824771,662.414954526298
2012-02-22,39.42147445678711,0.844593788924314,0.6640686967588558,0.1805250921654582,HOLD,207600,68094.08354067896,8183898.097229004,8251992.180769683,0,725.1992180769684,686.8557416330787
2012-02-23,39.14936447143555,0.8978972690287677,0.7108344112128382,0.18706285781592946,HOLD,207600,68094.08354067896,8127408.0642700195,8195502.1478106985,0,719.5502147810698,681.424404848244
2012-02-24,40.10173797607422,1.0053996225401463,0.7697474534782999,0.23565216906184638,HOLD,207600,68094.08354067896,8325120.803833008,8393214.887373686,0,739.3214887373686,700.4338551701899
2012-02-27,40.67996597290039,1.1242940175162204,0.840656766285884,0.28363725123033634,HOLD,207600,68094.08354067896,8445160.935974121,8513255.0195148,0,751.32550195148,711.9753316254759
2012-02-28,40.850032806396484,1.2181990143431278,0.9161652158973328,0.30203379844579503,HOLD,207600,68094.08354067896,8480466.81060791,8548560.894148588,0,754.8560894148588,715.3698790451683
2012-02-29,40.1357536315918,1.2209091601422628,0.9771140047463188,0.24379515539594399,HOLD,207600,68094.08354067896,8332182.453918457,8400276.537459135,0,740.0276537459135,701.1128103391235
2012-03-01,40.30582046508789,1.2226855840513338,1.026228320607322,0.19645726344401182,HOLD,207600,68094.08354067896,8367488.328552246,8435582.412092924,0,743.5582412092923,704.5073577588159
2012-03-02,41.63233947753906,1.3159628107961225,1.0841752186450822,0.2317875921510404,HOLD,207600,68094.08354067896,8642873.67553711,8710967.759077787,0,771.0967759077787,730.984781947422
2012-03-05,41.734378814697266,1.382186422055561,1.143777459327178,0.2384089627283832,HOLD,207600,68094.08354067896,8664057.041931152,8732151.12547183,0,773.215112547183,733.0214951709056
2012-03-06,41.428260803222656,1.3938999351234642,1.1938019544864353,0.20009798063702888,HOLD,207600,68094.08354067896,8600506.942749023,8668601.026289701,0,766.8601026289701,726.9113555004544
2012-03-07,41.12213897705078,1.3627723146686677,1.2275960265228818,0.13517628814578586,HOLD,207600,68094.08354067896,8536956.051635742,8605050.13517642,0,760.5050135176419,720.8011396883446
2012-03-08,42.41464614868164,1.4259603942183006,1.2672689000619657,0.15869149415633488,HOLD,207600,68094.08354067896,8805280.540466309,8873374.624006987,0,787.3374624006987,746.5996848496754
2012-03-09,42.41464614868164,1.4592164634470066,1.3056584127389739,0.15355805070803275,HOLD,207600,68094.08354067896,8805280.540466309,8873374.624006987,0,787.3374624006987,746.5996848496754
2012-03-12,42.04050064086914,1.4387961755990162,1.3322859653109824,0.10651021028803376,HOLD,207600,68094.08354067896,8727607.933044434,8795702.016585112,0,779.5702016585112,739.1317109830154
2012-03-13,42.31260681152344,1.428107312116758,1.3514502346721375,0.07665707744462047,HOLD,207600,68094.08354067896,8784097.174072266,8852191.257612944,0,785.2191257612944,744.5629716261916
2012-03-14,40.74799346923828,1.2786456588686903,1.3368893195114482,-0.05824366064275788,SELL,0,8522301.957688019,0.0,8522301.957688019,207600,752.2301957688019,713.3331658216846
2012-03-15,40.475887298583984,1.125268137338736,1.2945650830769058,-0.16929694573816967,HOLD,0,8522301.957688019,0.0,8522301.957688019,0,752.2301957688019,707.9019051785084
2012-03-16,41.836421966552734,1.1008096750396774,1.25581400146946,-0.15500432642978268,HOLD,0,8522301.957688019,0.0,8522301.957688019,0,752.2301957688019,735.058284536048
2012-03-19,41.66635513305664,1.0555356375174938,1.215758328679067,-0.16022269116157317,HOLD,0,8522301.957688019,0.0,8522301.957688019,0,752.2301957688019,731.6637371163555
2012-03-20,39.9656867980957,0.8723697792622787,1.1470806187957094,-0.2747108395334308,HOLD,0,8522301.957688019,0.0,8522301.957688019,0,752.2301957688019,697.7182629194311
2012-03-21,39.489498138427734,0.6809356692681661,1.053851628890201,-0.37291595962203483,HOLD,0,8522301.957688019,0.0,8522301.957688019,0,752.2301957688019,688.2134996876289
2012-03-22,39.931671142578125,0.5584647894697525,0.9547742610061113,-0.39630947153635876,HOLD,0,8522301.957688019,0.0,8522301.957688019,0,752.2301957688019,697.0393077504974
2012-03-23,39.625553131103516,0.43172787943063184,0.8501649846910154,-0.4184371052603836,HOLD,0,8522301.957688019,0.0,8522301.957688019,0,752.2301957688019,690.9291680800462
2012-03-26,39.625553131103516,0.32751260370846325,0.7456345084945051,-0.41812190478604183,HOLD,0,8522301.957688019,0.0,8522301.957688019,0,752.2301957688019,690.9291680800462
2012-03-27,39.76160430908203,0.2529832069704767,0.6471042481896995,-0.39412104121922276,HOLD,0,8522301.957688019,0.0,8522301.957688019,0,752.2301957688019,693.6447603308051
2012-03-28,38.97929763793945,0.1293019997829532,0.5435437985083502,-0.414241798725397,HOLD,0,8522301.957688019,0.0,8522301.957688019,0,752.2301957688019,678.0298574285515
2012-03-29,38.40107345581055,-0.015198903565504907,0.4317952580935792,-0.4469941616590841,HOLD,0,8522301.957688019,0.0,8522301.957688019,0,752.2301957688019,666.488457114924
2012-03-30,39.42147445678711,-0.046839145101742474,0.3360683774545149,-0.3829075225562574,HOLD,0,8522301.957688019,0.0,8522301.957688019,0,752.2301957688019,686.8557416330787
2012-04-05,41.70036697387695,0.11069726696793225,0.29099415535719836,-0.1802968883892661,HOLD,0,8522301.957688019,0.0,8522301.957688019,0,752.2301957688019,732.3426161436306
2012-04-06,42.24457931518555,0.27627467382813364,0.2880502590513854,-0.011775585223251783,HOLD,0,8522301.957688019,0.0,8522301.957688019,0,752.2301957688019,743.205137429983
2012-04-09,41.768394470214844,0.36486587762318123,0.3034133827657446,0.061452494857436646,BUY,201900,84203.2908455208,8433038.843536377,8517242.134381898,201900,751.7242134381897,733.7004503398392
2012-04-10,42.48267364501953,0.4870964600382166,0.340149998220239,0.1469464618179776,HOLD,201900,84203.2908455208,8577251.808929443,8661455.099774964,0,766.1455099774963,747.957519045884
2012-04-11,42.44866180419922,0.5745970092718764,0.3870394004305665,0.1875576088413099,HOLD,201900,84203.2908455208,8570384.818267822,8654588.109113343,0,765.4588109113342,747.2786400186089
2012-04-12,44.18334197998047,0.7749825019329677,0.46462802073104675,0.31035448120192094,HOLD,201900,84203.2908455208,8920616.745758057,9004820.036603577,0,800.4820036603578,781.9029932428085
2012-04-13,44.72755432128906,0.9665609236728798,0.5650146013194134,0.40154632235346643,HOLD,201900,84203.2908455208,9030493.217468262,9114696.508313783,0,811.4696508313782,792.765514529161
2012-04-16,44.829593658447266,1.1137829285851666,0.6747682667725641,0.4390146618126025,HOLD,201900,84203.2908455208,9051094.959640503,9135298.250486024,0,813.5298250486023,794.8022277526446
2012-04-17,43.46906280517578,1.1079027455223098,0.7613951625225133,0.34650758299979656,HOLD,201900,84203.2908455208,8776403.78036499,8860607.071210511,0,786.0607071210511,767.6459245367637
2012-04-18,45.54387664794922,1.2561823075544538,0.8603525915289014,0.3958297160255524,HOLD,201900,84203.2908455208,9195308.695220947,9279511.986066468,0,827.9511986066469,809.059372600348
2012-04-19,45.20374298095703,1.3309071156822014,0.9544634963595614,0.37644361932264003,HOLD,201900,84203.2908455208,9126635.707855225,9210838.998700745,0,821.0838998700746,802.2702777609633
2012-04-20,45.91802215576172,1.431264695929876,1.0498237362736245,0.3814409596562516,HOLD,201900,84203.2908455208,9270848.673248291,9355051.964093812,0,835.5051964093813,816.5273464670079
2012-04-23,44.62551498413086,1.3904757357553024,1.11795413616996,0.2725215995853423,HOLD,201900,84203.2908455208,9009891.47529602,9094094.766141541,0,809.4094766141542,790.728801305677
2012-04-24,45.06768798828125,1.3779457560549702,1.1699524601469622,0.20799329590800797,HOLD,201900,84203.2908455208,9099166.204833984,9183369.495679505,0,818.3369495679506,799.5546093685458
2012-04-25,44.76156997680664,1.3280060644222047,1.2015631810020106,0.12644288342019405,HOLD,201900,84203.2908455208,9037360.97831726,9121564.269162782,0,812.1564269162782,793.4444696980945
2012-04-26,44.65952682495117,1.2656053586995455,1.2143716165415177,0.051233742158027784,HOLD,201900,84203.2908455208,9016758.465957642,9100961.756803162,0,810.0961756803163,791.4076803329522
2012-04-27,44.21735382080078,1.1670200036433087,1.204901293961876,-0.03788129031856724,SELL,0,9006330.537023347,0.0,9006330.537023347,201900,800.6330537023347,782.5818722700836
2012-05-02,44.79558181762695,1.1226078419797574,1.1884426035654523,-0.0658347615856949,HOLD,0,9006330.537023347,0.0,9006330.537023347,0,800.6330537023347,794.1233487253695
2012-05-03,46.0540771484375,1.1754115269863092,1.1858363882496237,-0.010424861263314433,HOLD,0,9006330.537023347,0.0,9006330.537023347,0,800.6330537023347,819.2430148594253
2012-05-04,46.02006149291992,1.2006734327252389,1.1888037971447467,0.011869635580492144,BUY,193700,86896.17429805174,8914085.911178589,9000982.08547664,193700,800.0982085476642,818.5640596904918
2012-05-07,45.441837310791016,1.1606564904109788,1.1831743357979931,-0.02251784538701429,SELL,0,8883698.811066011,0.0,8883698.811066011,193700,788.3698811066012,807.0226593768643
2012-05-08,44.523475646972656,1.042817710681696,1.1551030107747338,-0.11228530009303772,HOLD,0,8883698.811066011,0.0,8883698.811066011,0,788.3698811066012,788.6920880821934
2012-05-09,43.80919647216797,0.8816303825825216,1.1004084851362914,-0.21877810255376984,HOLD,0,8883698.811066011,0.0,8883698.811066011,0,788.3698811066012,774.4350193761486
2012-05-10,44.149330139160156,0.7724301145431411,1.0348128110176613,-0.26238269647452017,HOLD,0,8883698.811066011,0.0,8883698.811066011,0,788.3698811066012,781.2241142155335
2012-05-11,43.4350471496582,0.6210918869788742,0.952068626209904,-0.33097673923102977,HOLD,0,8883698.811066011,0.0,8883698.811066011,0,788.3698811066012,766.9669693678302
2012-05-14,43.77518081665039,0.522577250362616,0.8661703510404464,-0.34359310067783033,HOLD,0,8883698.811066011,0.0,8883698.811066011,0,788.3698811066012,773.756064207215
2012-05-15,44.319393157958984,0.48285107225925117,0.7895064952842074,-0.3066554230249562,HOLD,0,8883698.811066011,0.0,8883698.811066011,0,788.3698811066012,784.6185854935675
2012-05-16,43.6051139831543,0.3892444621111224,0.7094540886495904,-0.32020962653846796,HOLD,0,8883698.811066011,0.0,8883698.811066011,0,788.3698811066012,770.3615167875225
2012-05-17,45.27177047729492,0.44442277036399247,0.6564478249924708,-0.21202505462847832,HOLD,0,8883698.811066011,0.0,8883698.811066011,0,788.3698811066012,803.6281119571719
2012-05-18,44.455448150634766,0.4174692619354943,0.6086521123810755,-0.19118285044558125,HOLD,0,8883698.811066011,0.0,8883698.811066011,0,788.3698811066012,787.3342538859847
2012-05-21,44.013275146484375,0.356321296175409,0.5581859491399422,-0.20186465296453326,HOLD,0,8883698.811066011,0.0,8883698.811066011,0,788.3698811066012,778.5084458231161
2012-05-22,45.237754821777344,0.40203199457847916,0.5269551582276497,-0.12492316364917055,HOLD,0,8883698.811066011,0.0,8883698.811066011,0,788.3698811066012,802.9491567882383
2012-05-23,46.258155822753906,0.5146631686806913,0.5244967603182581,-0.009833591637566808,HOLD,0,8883698.811066011,0.0,8883698.811066011,0,788.3698811066012,823.3164413063928
2012-05-24,45.71394348144531,0.553628908415007,0.5303231899376079,0.02330571847739915,BUY,192300,87633.0047851894,8790791.331481934,8878424.336267123,192300,787.8424336267124,812.4539200200404
2012-05-25,45.03367614746094,0.5235821204996611,0.5289749760500185,-0.0053928555503574005,SELL,0,8742412.942388033,0.0,8742412.942388033,192300,774.2412942388034,798.8757303412708
2012-05-28,45.884010314941406,0.5619073670259667,0.5355614542452082,0.026345912780758485,BUY,188600,83496.36238284595,8653724.34539795,8737220.707780795,188600,773.7220707780795,815.8484674397329
2012-05-29,46.734344482421875,0.6533636918581109,0.5591219017677888,0.09424179009032219,HOLD,188600,83496.36238284595,8814097.369384766,8897593.731767612,0,789.7593731767612,832.8212045381952
2012-05-30,47.00645065307617,0.7392782426835467,0.5951531699509404,0.14412507273260633,HOLD,188600,83496.36238284595,8865416.593170166,8948912.955553012,0,794.8912955553012,838.2524651813715
2012-05-31,46.83638381958008,0.7845988044167953,0.6330422968441114,0.1515565075726839,HOLD,188600,83496.36238284595,8833341.988372803,8916838.350755649,0,791.6838350755648,834.857917761679
2012-06-01,47.21052932739258,0.8410114354074665,0.6746361245567825,0.16637531085068402,HOLD,188600,83496.36238284595,8903905.83114624,8987402.193529086,0,798.7402193529085,842.3258916283389
2012-06-04,45.373809814453125,0.7291062542635913,0.6855301504981443,0.04357610376544707,HOLD,188600,83496.36238284595,8557500.53100586,8640996.893388705,0,764.0996893388705,805.6648251806555
2012-06-05,44.65952682495117,0.5761425119910157,0.6636526227967185,-0.08751011080570281,SELL,0,8501229.449513124,0.0,8501229.449513124,188600,750.1229449513124,791.4076803329522
2012-06-06,44.55748748779297,0.4415935073945718,0.6192407997162892,-0.1776472923217174,HOLD,0,8501229.449513124,0.0,8501229.449513124,0,750.1229449513124,789.3709671094686
2012-06-07,44.72755432128906,0.34471180096804943,0.5643349999666413,-0.21962319899859184,HOLD,0,8501229.449513124,0.0,8501229.449513124,0,750.1229449513124,792.765514529161
2012-06-08,44.69354248046875,0.26216579522976957,0.5039011590192669,-0.24173536378949734,HOLD,0,8501229.449513124,0.0,8501229.449513124,0,750.1229449513124,792.0866355018859
2012-06-11,45.84999465942383,0.28675794979329083,0.4604725171740717,-0.1737145673807809,HOLD,0,8501229.449513124,0.0,8501229.449513124,0,750.1229449513124,815.1695122707994
2012-06-12,45.20374298095703,0.25120457004607033,0.4186189277484715,-0.16741435770240115,HOLD,0,8501229.449513124,0.0,8501229.449513124,0,750.1229449513124,802.2702777609633
2012-06-13,45.95203399658203,0.28017935844159325,0.39093101388709584,-0.11075165544550258,HOLD,0,8501229.449513124,0.0,8501229.449513124,0,750.1229449513124,817.2062254942832
2012-06-14,45.40782165527344,0.25627452601528233,0.36399971631273315,-0.10772519029745081,HOLD,0,8501229.449513124,0.0,8501229.449513124,0,750.1229449513124,806.3437042079307
2012-06-15,45.7819709777832,0.2644718308841547,0.3440941392270175,-0.07962230834286277,HOLD,0,8501229.449513124,0.0,8501229.449513124,0,750.1229449513124,813.8117542162493
2012-06-18,46.224143981933594,0.3031533569001539,0.3359059827616448,-0.032752625861490914,HOLD,0,8501229.449513124,0.0,8501229.449513124,0,750.1229449513124,822.6375622791178
2012-06-19,45.57788848876953,0.2784515119377744,0.32441508859687074,-0.04596357665909634,HOLD,0,8501229.449513124,0.0,8501229.449513124,0,750.1229449513124,809.7382516276232
2012-06-20,45.57788848876953,0.2559249779992925,0.3107170664773551,-0.054792088478062606,HOLD,0,8501229.449513124,0.0,8501229.449513124,0,750.1229449513124,809.7382516276232
2012-06-21,43.026885986328125,0.03186068508351525,0.25494579019858715,-0.2230851051150719,HOLD,0,8501229.449513124,0.0,8501229.449513124,0,750.1229449513124,758.8200403322364
2012-06-25,41.87043380737305,-0.2363039425601201,0.15669584364684572,-0.39299978620696585,HOLD,0,8501229.449513124,0.0,8501229.449513124,0,750.1229449513124,735.7371635633231
2012-06-26,42.00648880004883,-0.43285812215224695,0.038785050487027184,-0.47164317263927413,HOLD,0,8501229.449513124,0.0,8501229.449513124,0,750.1229449513124,738.4528319557404
2012-06-27,42.10852813720703,-0.5737808157670443,-0.08372812276378712,-0.4900526930032572,HOLD,0,8501229.449513124,0.0,8501229.449513124,0,750.1229449513124,740.489545179224
2012-06-28,41.02009963989258,-0.7644777257550999,-0.2198780433620497,-0.5445996823930501,HOLD,0,8501229.449513124,0.0,8501229.449513124,0,750.1229449513124,718.7644264648608
2012-06-29,42.9588623046875,-0.7505130098845498,-0.32600503666654973,-0.4245079732180001,HOLD,0,8501229.449513124,0.0,8501229.449513124,0,750.1229449513124,757.4622822776863
2012-07-02,42.75477981567383,-0.7472992229570323,-0.41026387392464625,-0.3370353490323861,HOLD,0,8501229.449513124,0.0,8501229.449513124,0,750.1229449513124,753.3887796890604
2012-07-03,42.85681915283203,-0.7281251781213527,-0.47383613476398756,-0.25428904335736513,HOLD,0,8501229.449513124,0.0,8501229.449513124,0,750.1229449513124,755.425492912544
2012-07-04,42.584712982177734,-0.7265115306456309,-0.5243712139403163,-0.20214031670531463,HOLD,0,8501229.449513124,0.0,8501229.449513124,0,750.1229449513124,749.9942322693679
2012-07-05,41.428260803222656,-0.8092205387149676,-0.5813410788952466,-0.22787945981972102,HOLD,0,8501229.449513124,0.0,8501229.449513124,0,750.1229449513124,726.9113555004544
2012-07-06,42.75477981567383,-0.7589799766510765,-0.6168688584464126,-0.14211111820466393,HOLD,0,8501229.449513124,0.0,8501229.449513124,0,750.1229449513124,753.3887796890604
2012-07-09,41.15615463256836,-0.8384940240948922,-0.6611938915761085,-0.17730013251878363,HOLD,0,8501229.449513124,0.0,8501229.449513124,0,750.1229449513124,721.4800948572781
2012-07-10,41.32622146606445,-0.8776692822509631,-0.7044889697110794,-0.17318031253988364,HOLD,0,8501229.449513124,0.0,8501229.449513124,0,750.1229449513124,724.8746422769706
2012-07-11,42.24457931518555,-0.8251009035857848,-0.7286113564860205,-0.09648954709976432,HOLD,0,8501229.449513124,0.0,8501229.449513124,0,750.1229449513124,743.205137429983
2012-07-12,43.3330078125,-0.6876857877109401,-0.7204262427310044,0.032740455020064285,BUY,194200,80910.1702553127,8415270.1171875,8496180.287442813,194200,749.6180287442813,764.9302561443462
2012-07-13,43.0609016418457,-0.5938939722177636,-0.6951197886283563,0.1012258164105927,HOLD,194200,80910.1702553127,8362427.098846436,8443337.269101748,0,744.3337269101748,759.4989955011702
2012-07-16,42.48267364501953,-0.5597687835044809,-0.6680495876035812,0.10828080409910035,HOLD,194200,80910.1702553127,8250135.221862793,8331045.392118106,0,733.1045392118107,747.957519045884
2012-07-17,43.6051139831543,-0.437113992912046,-0.6218624686652742,0.18474847575322817,HOLD,194200,80910.1702553127,8468113.135528564,8549023.305783877,0,754.9023305783876,770.3615167875225
2012-07-18,44.04728698730469,-0.30076251855085445,-0.5576424786423902,0.2568799600915358,HOLD,194200,80910.1702553127,8553983.13293457,8634893.303189883,0,763.4893303189883,779.1873248503912
2012-07-19,44.013275146484375,-0.1932201425378608,-0.4847580114214844,0.2915378688836236,HOLD,194200,80910.1702553127,8547378.033447266,8628288.203702578,0,762.8288203702577,778.5084458231161
2012-07-20,43.6051139831543,-0.13932122116895584,-0.4156706533709787,0.27634943220202285,HOLD,194200,80910.1702553127,8468113.135528564,8549023.305783877,0,754.9023305783876,770.3615167875225
2012-07-23,41.836421966552734,-0.23659725593739012,-0.379855973884261,0.1432587179468709,HOLD,194200,80910.1702553127,8124633.145904541,8205543.316159854,0,720.5543316159855,735.058284536048
2012-07-24,41.734378814697266,-0.31825460291609176,-0.36753569969062716,0.049281096774535404,HOLD,194200,80910.1702553127,8104816.365814209,8185726.536069522,0,718.5726536069521,733.0214951709056
2012-07-25,41.49628829956055,-0.39759729930158016,-0.3735480196128178,-0.02404927968876236,SELL,0,8134654.210517306,0.0,8134654.210517306,194200,713.4654210517306,728.269189696663
2012-07-26,41.56431198120117,-0.44980296660318686,-0.38879900901089165,-0.06100395759229521,HOLD,0,8134654.210517306,0.0,8134654.210517306,0,713.4654210517306,729.6269477512132
2012-07-27,41.53030014038086,-0.4882920782399367,-0.4086976228567007,-0.079594455383236,HOLD,0,8134654.210517306,0.0,8134654.210517306,0,713.4654210517306,728.9480687239381
2012-07-30,41.02009963989258,-0.5535825380713248,-0.43767460589962554,-0.11590793217169931,HOLD,0,8134654.210517306,0.0,8134654.210517306,0,713.4654210517306,718.7644264648608
2012-07-31,41.56431198120117,-0.5550144490249025,-0.46114257452468094,-0.09387187450022155,HOLD,0,8134654.210517306,0.0,8134654.210517306,0,713.4654210517306,729.6269477512132
2012-08-01,42.278594970703125,-0.49283152597669755,-0.46748036481508426,-0.02535116116161329,HOLD,0,8134654.210517306,0.0,8134654.210517306,0,713.4654210517306,743.8840925989165
2012-08-02,42.137664794921875,-0.449738691161059,-0.46393203008427925,0.014193338923220222,BUY,191100,77314.96356235072,8052507.74230957,8129822.705871921,191100,712.9822705871921,741.0711151669235
2012-08-03,42.31382369995117,-0.39679870916742743,-0.4505053659009089,0.05370665673348146,HOLD,191100,77314.96356235072,8086171.709060669,8163486.67262302,0,716.3486672623019,744.5872608152564
2012-08-06,42.98323440551758,-0.29739930848145235,-0.4198841544170176,0.12248484593556525,HOLD,191100,77314.96356235072,8214096.094894409,8291411.05845676,0,729.141105845676,757.9487513339068
2012-08-07,42.91276931762695,-0.2217542658557221,-0.38025817670475853,0.15850391084903642,HOLD,191100,77314.96356235072,8200630.216598511,8277945.180160861,0,727.7945180160862,756.5422626179102
2012-08-08,43.01846694946289,-0.15152937275912848,-0.3345124159156325,0.18298304315650404,HOLD,191100,77314.96356235072,8220829.034042358,8298143.997604709,0,729.8143997604709,758.651995691905
2012-08-09,43.12416458129883,-0.08635131924344108,-0.28488019658119423,0.19852887733775315,HOLD,191100,77314.96356235072,8241027.851486206,8318342.815048557,0,731.8342815048557,760.7617287658999
2012-08-10,42.595680236816406,-0.07646012736800145,-0.2431961827385557,0.16673605537055425,HOLD,191100,77314.96356235072,8140034.493255615,8217349.456817966,0,721.7349456817965,750.2131395375841
2012-08-13,38.72014236450195,-0.37699899389104274,-0.26995674496905314,-0.1070422489219896,SELL,0,7472294.51789516,0.0,7472294.51789516,191100,647.229451789516,672.8570977160167
2012-08-14,38.08596420288086,-0.6587573438729848,-0.3477168647498395,-0.3110404791231453,HOLD,0,7472294.51789516,0.0,7472294.51789516,0,647.229451789516,660.1988515553647
2012-08-15,37.69841003417969,-0.9029169837395798,-0.45875688854778757,-0.4441600951917923,HOLD,0,7472294.51789516,0.0,7472294.51789516,0,647.229451789516,652.4632397590422
2012-08-16,37.804107666015625,-1.075488776722345,-0.5821032661826991,-0.49338551053964597,HOLD,0,7472294.51789516,0.0,7472294.51789516,0,647.229451789516,654.5729728330369
2012-08-17,38.05073165893555,-1.1787646062426091,-0.7014355341946812,-0.47732907204792796,HOLD,0,7472294.51789516,0.0,7472294.51789516,0,647.229451789516,659.4956071973664
2012-08-20,37.87457275390625,-1.2602980650287066,-0.8132080403614863,-0.44709002466722025,HOLD,0,7472294.51789516,0.0,7472294.51789516,0,647.229451789516,655.9794615490335
2012-08-21,37.945037841796875,-1.3041940378068446,-0.911405239850558,-0.39278879795628663,HOLD,0,7472294.51789516,0.0,7472294.51789516,0,647.229451789516,657.38595026503
2012-08-22,38.08596420288086,-1.31248087043479,-0.9916203659674044,-0.32086050446738545,HOLD,0,7472294.51789516,0.0,7472294.51789516,0,647.229451789516,660.1988515553647
2012-08-23,38.08596420288086,-1.3040163561639773,-1.054099564006719,-0.24991679215725826,HOLD,0,7472294.51789516,0.0,7472294.51789516,0,647.229451789516,660.1988515553647
2012-08-24,37.90980529785156,-1.2965765911830403,-1.1025949694419834,-0.19398162174105682,HOLD,0,7472294.51789516,0.0,7472294.51789516,0,647.229451789516,656.6827059070318
2012-08-27,35.90156936645508,-1.4361730707973237,-1.1693105897130516,-0.26686248108427213,HOLD,0,7472294.51789516,0.0,7472294.51789516,0,647.229451789516,616.5981582094223
2012-08-28,36.07773208618164,-1.5151240208212329,-1.238473275934688,-0.27665074488654495,HOLD,0,7472294.51789516,0.0,7472294.51789516,0,647.229451789516,620.1143799994137
2012-08-29,35.83110809326172,-1.5793875164766433,-1.3066561240430792,-0.27273139243356415,HOLD,0,7472294.51789516,0.0,7472294.51789516,0,647.229451789516,615.1917456350842
2012-08-30,36.4300537109375,-1.5639585533552989,-1.3581166099055233,-0.20584194344977558,HOLD,0,7472294.51789516,0.0,7472294.51789516,0,647.229451789516,627.146747437738
2012-08-31,36.007266998291016,-1.567774020256472,-1.4000480919757132,-0.16772592828075883,HOLD,0,7472294.51789516,0.0,7472294.51789516,0,647.229451789516,618.7078912834171
2012-09-03,37.064231872558594,-1.4685806893086237,-1.4137546114422954,-0.054826077866328315,HOLD,0,7472294.51789516,0.0,7472294.51789516,0,647.229451789516,639.8049935983901
2012-09-04,37.27562713623047,-1.3572657145202953,-1.4024568320578954,0.04519111753760008,BUY,198400,72372.80341273919,7395484.423828125,7467857.227240864,198400,646.7857227240864,644.0244597463798
2012-09-05,37.41655349731445,-1.243343722966948,-1.370634210239706,0.12729048727275805,HOLD,198400,72372.80341273919,7423444.2138671875,7495817.017279927,0,649.5817017279927,646.8373610367144
2012-09-06,37.592716217041016,-1.1258665756125836,-1.3216806833142816,0.19581410770169794,HOLD,198400,72372.80341273919,7458394.8974609375,7530767.700873677,0,653.0767700873677,650.3535828267057
2012-09-07,40.44651794433594,-0.7933419881790797,-1.2160129442872414,0.42267095610816163,HOLD,198400,72372.80341273919,8024589.16015625,8096961.963568989,0,709.6961963568989,707.3156905496401
2012-09-10,40.340824127197266,-0.532207507788641,-1.0792518569875214,0.5470443491988803,HOLD,198400,72372.80341273919,8003619.5068359375,8075992.310248677,0,707.5992310248675,705.2060336173037
2012-09-11,39.77710723876953,-0.3665187919409121,-0.9367052439781995,0.5701864520372875,HOLD,198400,72372.80341273919,7891778.076171875,7964150.879584614,0,696.4150879584614,693.9542000309897
2012-09-12,39.953269958496094,-0.21847597661831486,-0.7930593905062227,0.5745834138879078,HOLD,198400,72372.80341273919,7926728.759765625,7999101.563178364,0,699.9101563178364,697.4704218209811
2012-09-13,39.600948333740234,-0.1281036899316419,-0.6600682503913066,0.5319645604596647,HOLD,198400,72372.80341273919,7856828.1494140625,7929200.952826802,0,692.9200952826801,690.4380543826568
2012-09-14,40.02373504638672,-0.022112745337153683,-0.532477149380476,0.5103644040433223,HOLD,198400,72372.80341273919,7940709.033203125,8013081.836615864,0,701.3081836615864,698.8769105369777
2012-09-17,38.403053283691406,-0.06810456474067905,-0.43960263245251663,0.3714980677118376,HOLD,198400,72372.80341273919,7619165.771484375,7691538.574897114,0,669.1538574897114,666.5279746356907
2012-09-18,38.12119674682617,-0.12584620322851947,-0.37685134660771724,0.25100514337919777,HOLD,198400,72372.80341273919,7563245.4345703125,7635618.237983052,0,663.5618237983052,660.9020959133629
2012-09-19,38.508750915527344,-0.13873523185419145,-0.3292281236570121,0.19049289180282064,HOLD,198400,72372.80341273919,7640136.181640625,7712508.985053364,0,671.2508985053364,668.6377077096855
2012-09-20,38.05073165893555,-0.18378959404568462,-0.3001404177347466,0.11635082368906197,HOLD,198400,72372.80341273919,7549265.1611328125,7621637.964545552,0,662.1637964545552,659.4956071973664
2012-09-21,37.945037841796875,-0.22542554306665608,-0.2851974428011285,0.059771899734472445,HOLD,198400,72372.80341273919,7528295.5078125,7600668.311225239,0,660.0668311225239,657.38595026503
2012-09-24,38.156429290771484,-0.23861421325813836,-0.27588079689253053,0.03726658363439217,HOLD,198400,72372.80341273919,7570235.5712890625,7642608.374701802,0,664.2608374701803,661.6053402713612
2012-09-25,38.82583999633789,-0.19282768247114745,-0.2592701740082539,0.06644249153710646,HOLD,198400,72372.80341273919,7703046.6552734375,7775419.458686177,0,677.5419458686176,674.9668307900116
2012-09-26,38.755374908447266,-0.16037872453562585,-0.23949188411372832,0.07911315957810247,HOLD,198400,72372.80341273919,7689066.3818359375,7761439.185248677,0,676.1439185248677,673.560342074015
2012-09-27,40.65791320800781,0.018641362980353904,-0.1878652346949119,0.2065065976752658,HOLD,198400,72372.80341273919,8066529.98046875,8138902.783881489,0,713.8902783881489,711.5351566976298
2012-09-28,41.53871536254883,0.228950248855341,-0.10450213798486133,0.3334523868402023,HOLD,198400,72372.80341273919,8241281.1279296875,8313653.931342427,0,731.3653931342426,729.1160372226111
2012-10-08,40.48175048828125,0.30679676207673623,-0.02224235797254182,0.32903912004927804,HOLD,198400,72372.80341273919,8031579.296875,8103952.100287739,0,710.3952100287738,708.0189349076383
2012-10-09,41.785343170166016,0.4682816600264488,0.0758624456272563,0.3924192143991925,HOLD,198400,72372.80341273919,8290212.0849609375,8362584.888373677,0,736.2584888373677,734.0387477285992
2012-10-10,41.57394790649414,0.5726011839958289,0.17521019330097085,0.39739099069485806,HOLD,198400,72372.80341273919,8248271.2646484375,8320644.068061177,0,732.0644068061176,729.8192815806095
2012-10-11,40.7988395690918,0.5859756310281057,0.2573632808463978,0.32861235018170787,HOLD,198400,72372.80341273919,8094489.7705078125,8166862.573920552,0,716.6862573920552,714.3480579879644
2012-10-12,40.65791320800781,0.5785344125079206,0.3215975071787024,0.2569369053292182,HOLD,198400,72372.80341273919,8066529.98046875,8138902.783881489,0,713.8902783881489,711.5351566976298
2012-10-15,40.86930465698242,0.5829745487706148,0.3738729154970849,0.20910163327352993,HOLD,198400,72372.80341273919,8108470.0439453125,8180842.847358052,0,718.0842847358052,715.7545467039607
2012-10-16,41.045467376708984,0.5938625699372864,0.4178708463851252,0.17599172355216114,HOLD,198400,72372.80341273919,8143420.7275390625,8215793.530951802,0,721.5793530951802,719.2707684939522
2012-10-17,40.904537200927734,0.5843831130119597,0.45117329971049214,0.13320981330146753,HOLD,198400,72372.80341273919,8115460.1806640625,8187832.984076802,0,718.7832984076803,716.4577910619591
2012-10-18,41.60918045043945,0.6265074089658498,0.4862401215615637,0.14026728740428607,HOLD,198400,72372.80341273919,8255261.4013671875,8327634.204779927,0,732.7634204779927,730.5225259386077
2012-10-19,41.32732391357422,0.6298868070263381,0.5149694586545186,0.11491734837181955,HOLD,198400,72372.80341273919,8199341.064453125,8271713.867865864,0,727.1713867865865,724.89664721628
2012-10-22,41.60918045043945,0.6478405684814774,0.5415436806199104,0.10629688786156699,HOLD,198400,72372.80341273919,8255261.4013671875,8327634.204779927,0,732.7634204779927,730.5225259386077
2012-10-23,40.51698303222656,0.5673972477301277,0.5467143940419539,0.020682853688173797,HOLD,198400,72372.80341273919,8038569.43359375,8110942.237006489,0,711.0942237006489,708.7221792656364
2012-10-24,40.199893951416016,0.4726109330285979,0.5318937018392828,-0.05928276881068484,SELL,0,8043246.367997699,0.0,8043246.367997699,198400,704.32463679977,702.3930561853105
2012-10-25,39.77710723876953,0.3592356959085521,0.49736210065313663,-0.13812640474458454,HOLD,0,8043246.367997699,0.0,8043246.367997699,0,704.32463679977,693.9542000309897
2012-10-26,38.755374908447266,0.1848093761345666,0.43485155574942264,-0.25004217961485603,HOLD,0,8043246.367997699,0.0,8043246.367997699,0,704.32463679977,673.560342074015
2012-10-29,37.87457275390625,-0.024218930901142244,0.34303745841930966,-0.3672563893204519,HOLD,0,8043246.367997699,0.0,8043246.367997699,0,704.32463679977,655.9794615490335
2012-10-30,37.945037841796875,-0.18209040169965363,0.238011886395517,-0.42010228809517064,HOLD,0,8043246.367997699,0.0,8043246.367997699,0,704.32463679977,657.38595026503
2012-10-31,38.367820739746094,-0.26997750061764947,0.13641400899288372,-0.40639150961053316,HOLD,0,8043246.367997699,0.0,8043246.367997699,0,704.32463679977,665.8247302776924
2012-11-01,39.42478561401367,-0.2514419613597738,0.058842814922352216,-0.31028477628212603,HOLD,0,8043246.367997699,0.0,8043246.367997699,0,704.32463679977,686.9218325926654
2012-11-02,39.88280487060547,-0.19751723108647923,0.007570805720585929,-0.20508803680706517,HOLD,0,8043246.367997699,0.0,8043246.367997699,0,704.32463679977,696.0639331049845
2012-11-05,39.70664596557617,-0.16707016439507782,-0.02735738830254682,-0.139712776092531,HOLD,0,8043246.367997699,0.0,8043246.367997699,0,704.32463679977,692.5477874566516
2012-11-06,39.70664596557617,-0.1413116914671093,-0.05014824893545932,-0.09116344253164999,HOLD,0,8043246.367997699,0.0,8043246.367997699,0,704.32463679977,692.5477874566516
2012-11-07,39.21339416503906,-0.15886788404255014,-0.07189217595687748,-0.08697570808567266,HOLD,0,8043246.367997699,0.0,8043246.367997699,0,704.32463679977,682.7024425863342
2012-11-08,38.403053283691406,-0.23545485298787838,-0.10460471136307767,-0.13085014162480071,HOLD,0,8043246.367997699,0.0,8043246.367997699,0,704.32463679977,666.5279746356907
2012-11-09,37.98027038574219,-0.32650191335994094,-0.14898415176245033,-0.1775177615974906,HOLD,0,8043246.367997699,0.0,8043246.367997699,0,704.32463679977,658.0891946230283
2012-11-12,38.26212692260742,-0.37162997864953695,-0.19351331713986766,-0.1781166615096693,HOLD,0,8043246.367997699,0.0,8043246.367997699,0,704.32463679977,663.7150733453561
2012-11-13,37.663177490234375,-0.4505310673859668,-0.2449168671890875,-0.20561420019687932,HOLD,0,8043246.367997699,0.0,8043246.367997699,0,704.32463679977,651.7599954010439
2012-11-14,37.804107666015625,-0.49597160929793205,-0.29512781561085644,-0.2008437936870756,HOLD,0,8043246.367997699,0.0,8043246.367997699,0,704.32463679977,654.5729728330369
2012-11-15,37.02899932861328,-0.5877530794855801,-0.3536528683858012,-0.2341002110997789,HOLD,0,8043246.367997699,0.0,8043246.367997699,0,704.32463679977,639.1017492403918
2012-11-16,37.02899932861328,-0.6529635979575517,-0.4135150143001513,-0.23944858365740035,HOLD,0,8043246.367997699,0.0,8043246.367997699,0,704.32463679977,639.1017492403918
2012-11-19,37.310855865478516,-0.67412899726164,-0.46563781089244904,-0.20849118636919095,HOLD,0,8043246.367997699,0.0,8043246.367997699,0,704.32463679977,644.7276279627196
2012-11-20,36.78237533569336,-0.7251871843088225,-0.5175476855757237,-0.20763949873309873,HOLD,0,8043246.367997699,0.0,8043246.367997699,0,704.32463679977,634.1791148760623
2012-11-21,37.83934020996094,-0.6726095097254827,-0.5485600504056756,-0.12404945931980715,HOLD,0,8043246.367997699,0.0,8043246.367997699,0,704.32463679977,655.2762171910352
2012-11-22,37.62794876098633,-0.6406142448308074,-0.5669708892907019,-0.07364335554010548,HOLD,0,8043246.367997699,0.0,8043246.367997699,0,704.32463679977,651.056827184704
2012-11-23,37.69841003417969,-0.60262544005937,-0.5741017994444356,-0.028523640614934398,HOLD,0,8043246.367997699,0.0,8043246.367997699,0,704.32463679977,652.4632397590422
2012-11-26,37.310855865478516,-0.596910607156957,-0.5786635609869399,-0.018247046170017045,HOLD,0,8043246.367997699,0.0,8043246.367997699,0,704.32463679977,644.7276279627196
2012-11-27,36.6062126159668,-0.641841631400645,-0.591299175069681,-0.05054245633096399,HOLD,0,8043246.367997699,0.0,8043246.367997699,0,704.32463679977,630.6628930860709
2012-11-28,36.11296463012695,-0.7090769839502968,-0.6148547368458042,-0.09422224710449267,HOLD,0,8043246.367997699,0.0,8043246.367997699,0,704.32463679977,620.817624357412
2012-11-29,34.52751541137695,-0.8801481866293699,-0.6679134268025173,-0.21223475982685258,HOLD,0,8043246.367997699,0.0,8043246.367997699,0,704.32463679977,589.1719328141234
2012-11-30,35.267391204833984,-0.9451267215964023,-0.7233560857612944,-0.22177063583510792,HOLD,0,8043246.367997699,0.0,8043246.367997699,0,704.32463679977,603.9399120487703
2012-12-03,35.23215866088867,-0.9880757286050041,-0.7763000143300364,-0.21177571427496777,HOLD,0,8043246.367997699,0.0,8043246.367997699,0,704.32463679977,603.2366676907719
2012-12-04,35.83110809326172,-0.9626856713585639,-0.8135771457357419,-0.14910852562282195,HOLD,0,8043246.367997699,0.0,8043246.367997699,0,704.32463679977,615.1917456350842
2012-12-05,37.205162048339844,-0.8222112577676981,-0.8153039681421332,-0.006907289625564861,HOLD,0,8043246.367997699,0.0,8043246.367997699,0,704.32463679977,642.6179710303832
2012-12-06,36.958534240722656,-0.7224570408010962,-0.7967345826739258,0.07427754187282964,BUY,215400,77601.57158076856,7960868.27545166,8038469.847032429,215400,703.8469847032429,637.6952605243952
2012-12-07,37.733642578125,-0.5742368947148151,-0.7522350450821037,0.1779981503672886,HOLD,215400,77601.57158076856,8127826.611328125,8205428.182908894,0,720.5428182908893,653.1664841170403
2012-12-10,38.367820739746094,-0.4009762785382378,-0.6819832917733306,0.2810070132350928,HOLD,215400,77601.57158076856,8264428.587341309,8342030.158922077,0,734.2030158922076,665.8247302776924
2012-12-11,38.015499114990234,-0.28876668004949835,-0.6033399694285642,0.3145732893790658,HOLD,215400,77601.57158076856,8188538.5093688965,8266140.080949665,0,726.6140080949665,658.7923628393681
2012-12-12,38.12119674682617,-0.18913066866486616,-0.5204981092758246,0.33136744061095846,HOLD,215400,77601.57158076856,8211305.779266357,8288907.350847126,0,728.8907350847126,660.9020959133629
2012-12-13,37.83934020996094,-0.13139721347054234,-0.4426779301147682,0.31128071664422585,HOLD,215400,77601.57158076856,8150593.881225586,8228195.4528063545,0,722.8195452806353,655.2762171910352
2012-12-14,40.6226806640625,0.13736581145015236,-0.3266691818017841,0.4640349932519365,HOLD,215400,77601.57158076856,8750125.415039062,8827726.98661983,0,782.772698661983,710.8319123396313
2012-12-17,41.53871536254883,0.4194437036581533,-0.17744660470979665,0.59689030836795,HOLD,215400,77601.57158076856,8947439.289093018,9025040.860673785,0,802.5040860673786,729.1160372226111
2012-12-18,41.67964553833008,0.6469072092548558,-0.012575841916866157,0.6594830511717219,HOLD,215400,77601.57158076856,8977795.648956299,9055397.220537066,0,805.5397220537067,731.9290146546043
2012-12-19,41.57394790649414,0.8093154756670131,0.1518024215999097,0.6575130540671035,HOLD,215400,77601.57158076856,8955028.379058838,9032629.950639606,0,803.2629950639606,729.8192815806095
2012-12-20,42.41952133178711,0.9947886017891747,0.32039965763776274,0.6743889441514119,HOLD,215400,77601.57158076856,9137164.894866943,9214766.466447711,0,821.4766466447711,746.6969938892513
2012-12-21,41.82057571411133,1.0809865447564633,0.4725170350615029,0.6084695096949604,HOLD,215400,77601.57158076856,9008152.00881958,9085753.580400348,0,808.5753580400346,734.7419920865974
2012-12-24,41.996734619140625,1.1502541728983289,0.6080644626288682,0.5421897102694607,HOLD,215400,77601.57158076856,9046096.63696289,9123698.208543658,0,812.3698208543658,738.2581377349304
2012-12-25,43.51171875,1.3122688074039814,0.7489053315838908,0.5633634758200906,HOLD,215400,77601.57158076856,9372424.21875,9450025.790330768,0,845.0025790330768,768.4973405622223
2012-12-26,43.26509094238281,1.4045747066807834,0.8800392066032694,0.524535500077514,HOLD,215400,77601.57158076856,9319300.588989258,9396902.160570025,0,839.6902160570025,763.5746300562344
2012-12-27,42.98323440551758,1.4384033119291288,0.9917120276684414,0.4466912842606875,HOLD,215400,77601.57158076856,9258588.690948486,9336190.262529254,0,833.6190262529253,757.9487513339068
2012-12-28,46.36552429199219,1.7183274430313205,1.1370351107410173,0.5812923322903032,HOLD,215400,77601.57158076856,9987133.932495117,10064735.504075885,0,906.4735504075886,825.459524426815
2012-12-31,47.070167541503906,1.9742699993484294,1.3044820884624997,0.6697879108859297,HOLD,215400,77601.57158076856,10138914.088439941,10216515.660020709,0,921.6515660020709,839.5242593034639
2013-01-04,46.71784591674805,2.124190562016935,1.4684237831733868,0.655766778843548,HOLD,215400,77601.57158076856,10063024.01046753,10140625.582048297,0,914.0625582048298,832.4918918651393
2013-01-07,46.71784591674805,2.2174423924607325,1.618227505030856,0.5992148874298764,HOLD,215400,77601.57158076856,10063024.01046753,10140625.582048297,0,914.0625582048298,832.4918918651393
2013-01-08,45.977970123291016,2.206211513786677,1.7358243067820203,0.47038720700465664,HOLD,215400,77601.57158076856,9903654.764556885,9981256.336137652,0,898.1256336137653,817.7239126304926
2013-01-09,45.90750503540039,2.1666492341529136,1.821989292256199,0.34465994189671445,HOLD,215400,77601.57158076856,9888476.584625244,9966078.156206012,0,896.6078156206012,816.317423914496
2013-01-10,46.5769157409668,2.1643622709619237,1.890463887997344,0.2738983829645796,HOLD,215400,77601.57158076856,10032667.650604248,10110269.222185016,0,911.0269222185016,829.6789144331462
2013-01-11,44.78007507324219,1.994567676495656,1.9112846456970065,0.0832830307986494,HOLD,215400,77601.57158076856,9645628.170776367,9723229.742357135,0,872.3229742357136,793.8138328835265
2013-01-14,47.8805046081543,2.086135319781512,1.9462547805139077,0.13988053926760435,HOLD,215400,77601.57158076856,10313460.692596436,10391062.264177203,0,939.1062264177202,855.6986511124487
2013-01-15,48.02143478393555,2.1453450221927852,1.9860728288496832,0.15927219334310205,HOLD,215400,77601.57158076856,10343817.052459717,10421418.624040484,0,942.1418624040484,858.5116285444418
2013-01-16,47.21109390258789,2.102643436428103,2.0093869503653674,0.09325648606273562,HOLD,215400,77601.57158076856,10169269.626617432,10246871.1981982,0,924.6871198198199,842.3371605937983
2013-01-17,46.929237365722656,2.0227417473590847,2.012057909764111,0.0106838375949736,HOLD,215400,77601.57158076856,10108557.72857666,10186159.300157428,0,918.6159300157428,836.7112818714705
2013-01-18,47.56341552734375,1.987679231809146,2.0071821741731184,-0.01950294236397232,SELL,0,10316614.180347856,0.0,10316614.180347856,215400,931.6614180347856,849.3695280321226
2013-01-21,48.62038040161133,2.021873271057075,2.0101203935499097,0.011752877507165138,BUY,210000,100208.1280788742,10210279.884338379,10310488.012417253,210000,931.0488012417252,870.4666303470956
2013-01-22,48.51468276977539,2.0171904619902534,2.0115344072379786,0.0056560547522748195,HOLD,210000,100208.1280788742,10188083.381652832,10288291.509731706,0,928.8291509731707,868.3568972731008
2013-01-23,48.79654312133789,2.013018255444422,2.0118311768792676,0.0011870785651542093,HOLD,210000,100208.1280788742,10247274.055480957,10347482.183559831,0,934.7482183559831,873.982852137087
2013-01-24,48.8317756652832,1.9896196269788575,2.0073888668991855,-0.017769239920327973,SELL,0,10348728.214054521,0.0,10348728.214054521,210000,934.8728214054521,874.6860964950853
2013-01-25,47.704345703125,1.8586762073880436,1.9776463349969573,-0.11897012760891368,HOLD,0,10348728.214054521,0.0,10348728.214054521,0,934.8728214054521,852.1825054641157
2013-01-28,50.522918701171875,1.9597471439358642,1.9740664967847388,-0.014319352848874534,HOLD,0,10348728.214054521,0.0,10348728.214054521,0,934.8728214054521,908.4414449707102
2013-01-29,52.70730972290039,2.1908538891874514,2.0174239752652814,0.17342991392217,BUY,194300,101553.31672747992,10241030.279159546,10342583.595887026,194300,934.2583595887027,952.042062174994
2013-01-30,53.69381332397461,2.425648875562139,2.099068955324653,0.32657992023748594,HOLD,194300,101553.31672747992,10432707.928848267,10534261.245575747,0,953.4261245575747,971.7327519156289
2013-01-31,53.482418060302734,2.5650988994025354,2.19227494414023,0.3728239552623056,HOLD,194300,101553.31672747992,10391633.829116821,10493187.145844301,0,949.31871458443,967.5132857676392
2013-02-01,55.455421447753906,2.802513303411459,2.3143226159944756,0.48819068741698324,HOLD,194300,101553.31672747992,10774988.387298584,10876541.704026064,0,987.6541704026064,1006.8945891072505
2013-02-04,53.869972229003906,2.830109684504926,2.417480029696566,0.4126296548083599,HOLD,194300,101553.31672747992,10466935.604095459,10568488.920822939,0,956.8488920822938,975.2488975639618
2013-02-05,53.23579406738281,2.7688891076880964,2.487761845294872,0.28112726239322416,HOLD,194300,101553.31672747992,10343714.78729248,10445268.10401996,0,944.5268104019962,962.5906514033097
2013-02-06,53.975669860839844,2.748391407293269,2.5398877576945518,0.20850364959871737,HOLD,194300,101553.31672747992,10487472.653961182,10589025.970688662,0,958.9025970688662,977.3586306379567
2013-02-07,54.010902404785156,2.7038218289249514,2.572674571940632,0.1311472569843195,HOLD,194300,101553.31672747992,10494318.337249756,10595871.653977236,0,959.5871653977235,978.0618749959549
2013-02-08,54.60984802246094,2.685868996810804,2.5953134569146665,0.0905555398961373,HOLD,194300,101553.31672747992,10610693.47076416,10712246.78749164,0,971.224678749164,990.0168767986088
2013-02-18,52.777774810791016,2.495046903519082,2.57526014623555,-0.0802132427164679,SELL,0,10350122.129476732,0.0,10350122.129476732,194300,935.0122129476732,953.4485508909906
2013-02-19,51.15709686279297,2.1878239809742297,2.497772913183286,-0.3099489322090565,HOLD,0,10350122.129476732,0.0,10350122.129476732,0,935.0122129476732,921.0996911313623
2013-02-20,51.75604248046875,1.9699689316043987,2.392212116867509,-0.4222431852631101,HOLD,0,10350122.129476732,0.0,10350122.129476732,0,935.0122129476732,933.0546929340161
2013-02-21,49.0079345703125,1.5576127042895962,2.2252922343519264,-0.6676795300623302,HOLD,0,10350122.129476732,0.0,10350122.129476732,0,935.0122129476732,878.2022421434182
2013-02-22,48.30329132080078,1.1605801563834532,2.012349818758232,-0.8517696623747786,HOLD,0,10350122.129476732,0.0,10350122.129476732,0,935.0122129476732,864.1375072667696
2013-02-25,48.76131057739258,0.8728259338331554,1.7844450417732167,-0.9116191079400613,HOLD,0,10350122.129476732,0.0,10350122.129476732,0,935.0122129476732,873.2796077790887
2013-02-26,47.704345703125,0.5531144483170394,1.5381789230819813,-0.985064474764942,HOLD,0,10350122.129476732,0.0,10350122.129476732,0,935.0122129476732,852.1825054641157
2013-02-27,49.14886474609375,0.41155723148776246,1.3128545847631377,-0.9012973532753752,HOLD,0,10350122.129476732,0.0,10350122.129476732,0,935.0122129476732,881.0152195754112
2013-02-28,51.615116119384766,0.49269847051382243,1.1488233619132746,-0.6561248913994522,HOLD,0,10350122.129476732,0.0,10350122.129476732,0,935.0122129476732,930.2417916436815
2013-03-01,52.037899017333984,0.5843821400086711,1.035935117532354,-0.45155297752368284,HOLD,0,10350122.129476732,0.0,10350122.129476732,0,935.0122129476732,938.6805716563437
2013-03-04,48.65561294555664,0.3797424549410948,0.9046965850141021,-0.5249541300730073,HOLD,0,10350122.129476732,0.0,10350122.129476732,0,935.0122129476732,871.1698747050939
2013-03-05,51.01616668701172,0.4033909493781209,0.804435457886906,-0.40104450850878504,HOLD,0,10350122.129476732,0.0,10350122.129476732,0,935.0122129476732,918.2867136993691
2013-03-06,50.69907760620117,0.392027068779754,0.7219537800654756,-0.3299267112857216,HOLD,0,10350122.129476732,0.0,10350122.129476732,0,935.0122129476732,911.957590619043
2013-03-07,49.25455856323242,0.26342391025327316,0.6302478061030351,-0.36682389584976194,HOLD,0,10350122.129476732,0.0,10350122.129476732,0,935.0122129476732,883.1248765077476
2013-03-08,48.40898895263672,0.0922116215567641,0.5226405691937809,-0.4304289476370168,HOLD,0,10350122.129476732,0.0,10350122.129476732,0,935.0122129476732,866.2472403407644
2013-03-11,48.232826232910156,-0.05703277169141785,0.40670590101674114,-0.463738672708159,HOLD,0,10350122.129476732,0.0,10350122.129476732,0,935.0122129476732,862.731018550773
2013-03-12,47.704345703125,-0.21547018448477218,0.2822706839164385,-0.4977408684012107,HOLD,0,10350122.129476732,0.0,10350122.129476732,0,935.0122129476732,852.1825054641157
2013-03-13,46.541683197021484,-0.42989456611193333,0.13983763391076415,-0.5697322000226974,HOLD,0,10350122.129476732,0.0,10350122.129476732,0,935.0122129476732,828.9756700751481
2013-03-14,46.36552429199219,-0.6070443553536435,-0.009538763942117391,-0.5975055914115261,HOLD,0,10350122.129476732,0.0,10350122.129476732,0,935.0122129476732,825.459524426815
2013-03-15,45.41425323486328,-0.8148039115350301,-0.17059179346069994,-0.6442121180743301,HOLD,0,10350122.129476732,0.0,10350122.129476732,0,935.0122129476732,806.4720790441786
2013-03-18,44.46298599243164,-1.0441775442752714,-0.34530894362361425,-0.6988686006516571,HOLD,0,10350122.129476732,0.0,10350122.129476732,0,935.0122129476732,787.4847098032004
2013-03-19,44.60391616821289,-1.2007444784763877,-0.5163960505941689,-0.6843484278822187,HOLD,0,10350122.129476732,0.0,10350122.129476732,0,935.0122129476732,790.2976872351935
2013-03-20,47.38725662231445,-1.0876943254181484,-0.6306557055589649,-0.4570386198591835,HOLD,0,10350122.129476732,0.0,10350122.129476732,0,935.0122129476732,845.8533823837897
2013-03-21,47.45771789550781,-0.9811060489449233,-0.7007457742361566,-0.2803602747087667,HOLD,0,10350122.129476732,0.0,10350122.129476732,0,935.0122129476732,847.2597949581278
2013-03-22,46.894004821777344,-0.9313845840974508,-0.7468735362084155,-0.18451104788903538,HOLD,0,10350122.129476732,0.0,10350122.129476732,0,935.0122129476732,836.0080375134723
2013-03-25,45.76657485961914,-0.9717523840147848,-0.7918493057696894,-0.17990307824509544,HOLD,0,10350122.129476732,0.0,10350122.129476732,0,935.0122129476732,813.5044464825029
2013-03-26,44.533451080322266,-1.090674324930795,-0.8516143096019105,-0.23906001532888455,HOLD,0,10350122.129476732,0.0,10350122.129476732,0,935.0122129476732,788.8911985191971
2013-03-27,44.9914665222168,-1.1348806043585213,-0.9082675685532328,-0.22661303580528858,HOLD,0,10350122.129476732,0.0,10350122.129476732,0,935.0122129476732,798.0332228898577
2013-03-28,43.229862213134766,-1.2971088809382607,-0.9860358310302384,-0.3110730499080223,HOLD,0,10350122.129476732,0.0,10350122.129476732,0,935.0122129476732,762.8714618398947
2013-03-29,42.877540588378906,-1.4375343681999126,-1.0763355384641733,-0.36119882973573936,HOLD,0,10350122.129476732,0.0,10350122.129476732,0,935.0122129476732,755.8390944015704
2013-04-01,42.948001861572266,-1.5255513365040159,-1.1661786980721418,-0.35937263843187406,HOLD,0,10350122.129476732,0.0,10350122.129476732,0,935.0122129476732,757.2455069759084
2013-04-02,43.300323486328125,-1.5490198705337832,-1.2427469325644702,-0.306272937969313,HOLD,0,10350122.129476732,0.0,10350122.129476732,0,935.0122129476732,764.2778744142327
2013-04-03,42.701377868652344,-1.597533388114897,-1.3137042236745555,-0.28382916444034145,HOLD,0,10350122.129476732,0.0,10350122.129476732,0,935.0122129476732,752.322872611579
2013-04-08,41.92626953125,-1.6791690497377303,-1.3867971888871906,-0.2923718608505397,HOLD,0,10350122.129476732,0.0,10350122.129476732,0,935.0122129476732,736.8516490189338
2013-04-09,42.736610412597656,-1.65935020663116,-1.4413077924359845,-0.21804241419517556,HOLD,0,10350122.129476732,0.0,10350122.129476732,0,935.0122129476732,753.0261169695772
2013-04-10,42.31382369995117,-1.6586392245037231,-1.4847740788495323,-0.17386514565419087,HOLD,0,10350122.129476732,0.0,10350122.129476732,0,935.0122129476732,744.5872608152564
2013-04-11,42.10243225097656,-1.6560434512508166,-1.5190279533297892,-0.1370154979210274,HOLD,0,10350122.129476732,0.0,10350122.129476732,0,935.0122129476732,740.3678708089252
2013-04-12,41.292091369628906,-1.6997800131544665,-1.5551783652947249,-0.1446016478597416,HOLD,0,10350122.129476732,0.0,10350122.129476732,0,935.0122129476732,724.1934028582816
2013-04-15,41.151161193847656,-1.7259181310825582,-1.5893263184522917,-0.13659181263026654,HOLD,0,10350122.129476732,0.0,10350122.129476732,0,935.0122129476732,721.3804254262886
2013-04-16,42.842308044433594,-1.5918218293432105,-1.5898254206304756,-0.001996408712734876,HOLD,0,10350122.129476732,0.0,10350122.129476732,0,935.0122129476732,755.135850043572
2013-04-17,42.52521896362305,-1.4939150600184306,-1.5706433485080666,0.07672828848963609,BUY,240900,99650.28599093854,10244325.248336792,10343975.53432773,240900,934.3975534327731,748.8067269632461
2013-04-18,42.80707550048828,-1.3776985220223779,-1.532054383210929,0.15435586118855116,HOLD,240900,99650.28599093854,10312224.488067627,10411874.774058565,0,941.1874774058566,754.4326056855738
2013-04-19,45.16762924194336,-1.0826391294362026,-1.4421713324559837,0.35953220301978117,HOLD,240900,99650.28599093854,10880881.884384155,10980532.170375094,0,998.0532170375094,801.549444679849
2013-04-22,45.06193161010742,-0.8475611927195814,-1.3232493045087033,0.47568811178912185,HOLD,240900,99650.28599093854,10855419.324874878,10955069.610865816,0,995.5069610865817,799.4397116058542
2013-04-23,42.842308044433594,-0.8307884932065193,-1.2247571422482666,0.39396864904174733,HOLD,240900,99650.28599093854,10320712.007904053,10420362.293894991,0,942.0362293894991,755.135850043572
2013-04-24,44.42775344848633,-0.6817055369318936,-1.116146821184992,0.43444128425309847,HOLD,240900,99650.28599093854,10702645.805740356,10802296.091731295,0,980.2296091731295,786.7814654452022
2013-04-25,44.07543182373047,-0.5852393556495983,-1.0099653280779133,0.424725972428315,HOLD,240900,99650.28599093854,10617771.52633667,10717421.812327608,0,971.7421812327608,779.7490980068778
2013-04-26,43.75834274291992,-0.5282858997734294,-0.9136294424170166,0.38534354264358717,HOLD,240900,99650.28599093854,10541384.76676941,10641035.052760348,0,964.1035052760348,773.419974926552
2013-05-02,43.96973419189453,-0.46078075864428314,-0.82305970566247,0.36227894701818686,HOLD,240900,99650.28599093854,10592308.966827393,10691959.252818331,0,969.1959252818331,777.6393649328829
2013-05-03,45.30855941772461,-0.2958401798171266,-0.7176158004934013,0.4217756206762747,HOLD,240900,99650.28599093854,10914831.963729858,11014482.249720797,0,1001.4482249720796,804.3624221118423
2013-05-06,45.66088104248047,-0.13513640377752267,-0.6011199211502256,0.46598351737270294,HOLD,240900,99650.28599093854,10999706.243133545,11099356.529124483,0,1009.9356529124483,811.3947895501665
2013-05-07,45.13239669799805,-0.0498471662262574,-0.49086537016543197,0.44101820393917457,HOLD,240900,99650.28599093854,10872394.36454773,10972044.650538668,0,997.2044650538669,800.8462003218508
2013-05-08,44.8153076171875,-0.007751910588631006,-0.3942426782500718,0.3864907676614408,HOLD,240900,99650.28599093854,10796007.604980469,10895657.890971407,0,989.5657890971406,794.5170772415247
2013-05-09,44.533451080322266,0.0028327615209846613,-0.31482759029586055,0.3176603518168452,HOLD,240900,99650.28599093854,10728108.365249634,10827758.651240572,0,982.7758651240572,788.8911985191971
2013-05-10,44.533451080322266,0.011093313612327904,-0.24964340951422287,0.2607367231265508,HOLD,240900,99650.28599093854,10728108.365249634,10827758.651240572,0,982.7758651240572,788.8911985191971
2013-05-13,43.82880783081055,-0.03877202090521337,-0.207469131792421,0.16869711088720762,HOLD,240900,99650.28599093854,10558359.80644226,10658010.0924332,0,965.80100924332,774.8264636425483
2013-05-14,43.01846694946289,-0.1420410339719922,-0.19438351222833525,0.052342478256343056,HOLD,240900,99650.28599093854,10363148.68812561,10462798.974116549,0,946.2798974116548,758.651995691905
2013-05-15,43.229862213134766,-0.20446766381433434,-0.19640034254553507,-0.008067321268799277,SELL,0,10507475.648850817,0.0,10507475.648850817,240900,950.7475648850818,762.8714618398947
2013-05-16,44.392520904541016,-0.15829959883431854,-0.18878019380329178,0.030480594968973235,BUY,234300,100067.30032809824,10401167.64793396,10501234.948262058,234300,950.1234948262057,786.0782210872038
2013-05-17,45.06193161010742,-0.06692376971550829,-0.1644089089857351,0.09748513927022681,HOLD,234300,100067.30032809824,10558010.576248169,10658077.876576267,0,965.8077876576268,799.4397116058542
2013-05-20,45.590415954589844,0.04758793892278845,-0.12200953940403039,0.16959747832681885,HOLD,234300,100067.30032809824,10681834.4581604,10781901.758488499,0,978.1901758488498,809.9883008341699
2013-05-21,45.097164154052734,0.09741505489088098,-0.07812462054504812,0.1755396754359291,HOLD,234300,100067.30032809824,10566265.561294556,10666332.861622654,0,966.6332861622654,800.1429559638526
2013-05-22,45.2733268737793,0.14939611706753908,-0.03262047302253068,0.18201659009006976,HOLD,234300,100067.30032809824,10607540.48652649,10707607.786854587,0,970.7607786854588,803.6591777538439
2013-05-23,44.25159454345703,0.106913787669491,-0.004713620884126345,0.11162740855361734,HOLD,234300,100067.30032809824,10368148.601531982,10468215.90186008,0,946.821590186008,783.2653197968692
2013-05-24,44.67437744140625,0.10613779167928783,0.017456661628556493,0.08868113005073133,HOLD,234300,100067.30032809824,10467206.634521484,10567273.934849583,0,956.7273934849583,791.7040998095317
2013-05-27,45.30855941772461,0.1549102853342461,0.04494738636969442,0.10996289896455169,HOLD,234300,100067.30032809824,10615795.471572876,10715862.771900974,0,971.5862771900975,804.3624221118423
2013-05-28,46.682613372802734,0.30096813535124056,0.09615153616600365,0.20481659918523692,HOLD,234300,100067.30032809824,10937736.31324768,11037803.613575779,0,1003.7803613575779,831.7886475071411
2013-05-29,46.330291748046875,0.38386565877033973,0.15369436068687087,0.23017129808346887,HOLD,234300,100067.30032809824,10855187.356567383,10955254.656895481,0,995.525465689548,824.7562800688169
2013-05-30,46.541683197021484,0.4613024589881718,0.21521598034713108,0.24608647864104072,HOLD,234300,100067.30032809824,10904716.373062134,11004783.673390232,0,1000.4783673390232,828.9756700751481
2013-05-31,45.76657485961914,0.45488330450579895,0.2631494451788647,0.19173385932693426,HOLD,234300,100067.30032809824,10723108.489608765,10823175.789936863,0,982.3175789936863,813.5044464825029
2013-06-03,45.76657485961914,0.44467019709647104,0.299453595562386,0.14521660153408505,HOLD,234300,100067.30032809824,10723108.489608765,10823175.789936863,0,982.3175789936863,813.5044464825029
2013-06-04,44.885772705078125,0.36133758839817176,0.31183039412954316,0.049507194268628596,HOLD,234300,100067.30032809824,10516736.544799805,10616803.845127903,0,961.6803845127903,795.9235659575213
2013-06-05,45.37902069091797,0.3312781179078357,0.31571993888520167,0.015558179022634011,HOLD,234300,100067.30032809824,10632304.54788208,10732371.848210178,0,973.2371848210178,805.7688346861802
2013-06-06,44.8153076171875,0.25898343722143835,0.304372638552449,-0.04538920133101065,SELL,0,10593993.739090305,0.0,10593993.739090305,234300,959.3993739090305,794.5170772415247
2013-06-07,42.701377868652344,0.03075835489485712,0.24964978182093064,-0.21889142692607352,HOLD,0,10593993.739090305,0.0,10593993.739090305,0,959.3993739090305,752.322872611579
2013-06-13,39.988502502441406,-0.3648127029777797,0.1267572848611886,-0.49156998783896827,HOLD,0,10593993.739090305,0.0,10593993.739090305,0,959.3993739090305,698.1736661789794
2013-06-14,39.953269958496094,-0.6733862110505271,-0.03327141432115456,-0.6401147967293725,HOLD,0,10593993.739090305,0.0,10593993.739090305,0,959.3993739090305,697.4704218209811
2013-06-17,39.17816162109375,-0.9693041692359117,-0.220477965304106,-0.7488262039318057,HOLD,0,10593993.739090305,0.0,10593993.739090305,0,959.3993739090305,681.9991982283359
2013-06-18,39.53048324584961,-1.1619970932554864,-0.4087817908943821,-0.7532153023611043,HOLD,0,10593993.739090305,0.0,10593993.739090305,0,959.3993739090305,689.0315656666602
2013-06-19,39.28385925292969,-1.3193989095920102,-0.5909052146339078,-0.7284936949581025,HOLD,0,10593993.739090305,0.0,10593993.739090305,0,959.3993739090305,684.1089313023307
2013-06-20,38.12119674682617,-1.5204315421420773,-0.7768104801355418,-0.7436210620065355,HOLD,0,10593993.739090305,0.0,10593993.739090305,0,959.3993739090305,660.9020959133629
2013-06-21,38.93153762817383,-1.595966308822888,-0.9406416458730111,-0.6553246629498768,HOLD,0,10593993.739090305,0.0,10593993.739090305,0,959.3993739090305,677.0765638640064
2013-06-24,35.54924774169922,-1.9067706177209587,-1.1338674402426008,-0.7729031774783579,HOLD,0,10593993.739090305,0.0,10593993.739090305,0,959.3993739090305,609.565790771098
2013-06-25,35.23215866088867,-2.1538435429026634,-1.3378626607746134,-0.8159808821280501,HOLD,0,10593993.739090305,0.0,10593993.739090305,0,959.3993739090305,603.2366676907719
2013-06-26,35.19692611694336,-2.3256845442810885,-1.5354270374759085,-0.79025750680518,HOLD,0,10593993.739090305,0.0,10593993.739090305,0,959.3993739090305,602.5334233327736
2013-06-27,34.6684455871582,-2.4759722708791756,-1.723536084156562,-0.7524361867226137,HOLD,0,10593993.739090305,0.0,10593993.739090305,0,959.3993739090305,591.9849102461166
2013-06-28,35.69017791748047,-2.4839971440470734,-1.8756282961346642,-0.6083688479124092,HOLD,0,10593993.739090305,0.0,10593993.739090305,0,959.3993739090305,612.3787682030911
2013-07-01,35.86634063720703,-2.44792391154747,-1.9900874192172253,-0.4578364923302445,HOLD,0,10593993.739090305,0.0,10593993.739090305,0,959.3993739090305,615.8949899930826
2013-07-02,35.90156936645508,-2.38895456965993,-2.0698608493057664,-0.3190937203541635,HOLD,0,10593993.739090305,0.0,10593993.739090305,0,959.3993739090305,616.5981582094223
2013-07-03,35.12646484375,-2.3773606646400722,-2.1313608123726278,-0.24599985226744447,HOLD,0,10593993.739090305,0.0,10593993.739090305,0,959.3993739090305,601.1270107584356
2013-07-04,35.44355392456055,-2.3158898361451534,-2.168266617127133,-0.14762321901802045,HOLD,0,10593993.739090305,0.0,10593993.739090305,0,959.3993739090305,607.4561338387616
2013-07-05,35.54924774169922,-2.23290560805237,-2.1811944153121807,-0.051711192740189205,HOLD,0,10593993.739090305,0.0,10593993.739090305,0,959.3993739090305,609.565790771098
2013-07-08,34.6684455871582,-2.2127066769111323,-2.187496867631971,-0.025209809279161277,HOLD,0,10593993.739090305,0.0,10593993.739090305,0,959.3993739090305,591.9849102461166
2013-07-09,34.77414321899414,-2.1632335530852274,-2.1826442047226227,0.019410651637395304,BUY,301600,99819.41528476402,10487881.594848633,10587701.010133397,301600,958.7701010133397,594.0946433201113
2013-07-10,35.93680191040039,-2.0070726225329807,-2.1475298882846943,0.14045726575171358,HOLD,301600,99819.41528476402,10838539.456176758,10938358.871461522,0,993.8358871461522,617.3014025674206
2013-07-11,38.79060745239258,-1.6341976892914403,-2.0448634484860437,0.41066575919460346,HOLD,301600,99819.41528476402,11699247.207641602,11799066.622926366,0,1079.9066622926366,674.2635864320133
2013-07-12,37.13469696044922,-1.4555312971997694,-1.926997018228789,0.4714657210290196,HOLD,301600,99819.41528476402,11199824.603271484,11299644.018556248,0,1029.9644018556248,641.2114823143866
2013-07-15,38.61444854736328,-1.1809203927906466,-1.7777816931411605,0.5968613003505139,HOLD,301600,99819.41528476402,11646117.681884766,11745937.09716953,0,1074.5937097169528,670.7474407836804
2013-07-16,38.649681091308594,-0.9495010437475173,-1.612125563262432,0.6626245195149147,HOLD,301600,99819.41528476402,11656743.817138672,11756563.232423436,0,1075.6563232423434,671.4506851416787
2013-07-17,37.48701858520508,-0.850117069414317,-1.4597238644928092,0.6096067950784922,HOLD,301600,99819.41528476402,11306084.805297852,11405904.220582616,0,1040.5904220582615,648.243849752711
2013-07-18,36.46528625488281,-0.8440699014078703,-1.3365930718758214,0.49252317046795113,HOLD,301600,99819.41528476402,10997930.334472656,11097749.74975742,0,1009.7749749757421,627.8499917957363
2013-07-19,35.654945373535156,-0.8943556389301719,-1.2481455852866916,0.3537899463565197,HOLD,301600,99819.41528476402,10753531.524658203,10853350.939942967,0,985.3350939942967,611.6755238450929
2013-07-22,36.359588623046875,-0.8673503519688737,-1.171986538623128,0.3046361866542544,HOLD,301600,99819.41528476402,10966051.928710938,11065871.343995702,0,1006.5871343995701,625.7402587217414
2013-07-23,38.26212692260742,-0.6845385921115295,-1.0744969493208083,0.38995835720927885,HOLD,301600,99819.41528476402,11539857.479858398,11639676.895143162,0,1063.9676895143164,663.7150733453561
2013-07-24,38.015499114990234,-0.5531830088752514,-0.970234161231697,0.41705115235644563,HOLD,301600,99819.41528476402,11465474.533081055,11565293.948365819,0,1056.5293948365818,658.7923628393681
2013-07-25,37.90980529785156,-0.4523964261242668,-0.8666666142102111,0.4142701880859443,HOLD,301600,99819.41528476402,11433597.277832031,11533416.693116795,0,1053.3416693116794,656.6827059070318
2013-07-26,37.5574836730957,-0.39638249316742247,-0.7726097900016534,0.37622729683423095,HOLD,301600,99819.41528476402,11327337.075805664,11427156.491090428,0,1042.715649109043,649.6503384687074
2013-07-29,36.500518798828125,-0.4322960400155438,-0.7045470400044316,0.2722509999888878,HOLD,301600,99819.41528476402,11008556.469726562,11108375.885011327,0,1010.8375885011327,628.5532361537346
2013-07-30,37.240394592285156,-0.39648555285421594,-0.6429347425743885,0.2464491897201726,HOLD,301600,99819.41528476402,11231703.009033203,11331522.424317967,0,1033.1522424317968,643.3212153883815
2013-07-31,37.52225112915039,-0.3414262673470745,-0.5826330475289258,0.24120678018185127,HOLD,301600,99819.41528476402,11316710.940551758,11416530.355836522,0,1041.6530355836521,648.9470941107091
2013-08-01,38.649681091308594,-0.2044603199844417,-0.5069985020200289,0.30253818203558724,HOLD,301600,99819.41528476402,11656743.817138672,11756563.232423436,0,1075.6563232423434,671.4506851416787
2013-08-02,38.543983459472656,-0.10325250484696369,-0.42624930258541593,0.32299679773845225,HOLD,301600,99819.41528476402,11624865.411376953,11724684.826661717,0,1072.4684826661717,669.3409520676838
2013-08-05,39.0372314453125,0.016565451807480258,-0.3376863517068367,0.35425180351431695,HOLD,301600,99819.41528476402,11773629.00390625,11873448.419191014,0,1087.3448419191013,679.1862207963428
2013-08-06,39.35432434082031,0.1355462989498193,-0.24303982157550552,0.3785861205253248,HOLD,301600,99819.41528476402,11869264.221191406,11969083.63647617,0,1096.908363647617,685.5154200183273
2013-08-07,39.17816162109375,0.21316735768486694,-0.15179838572343105,0.364965743408298,HOLD,301600,99819.41528476402,11816133.544921875,11915952.960206639,0,1091.595296020664,681.9991982283359
2013-08-08,38.77986145019531,0.23977908684794613,-0.0734828912091556,0.31326197805710176,HOLD,301600,99819.41528476402,11696006.213378906,11795825.62866367,0,1079.5825628663672,674.0490953799907
2013-08-09,39.35920333862305,0.30411151433636263,0.00203598989994804,0.3020755244364146,HOLD,301600,99819.41528476402,11870735.726928711,11970555.142213475,0,1097.0555142213475,685.6128051995615
2013-08-12,40.91619110107422,0.47525290707311285,0.09667937333458101,0.37857353373853186,HOLD,301600,99819.41528476402,12340323.236083984,12440142.651368748,0,1144.0142651368749,716.6904038287072
2013-08-13,41.024818420410156,0.6125874834711809,0.199860995361901,0.41272648810927987,HOLD,301600,99819.41528476402,12373085.235595703,12472904.650880467,0,1147.2904650880469,718.8586136964377
2013-08-14,40.6627311706543,0.6843202913983006,0.29675285456918093,0.3875674368291197,HOLD,301600,99819.41528476402,12263879.721069336,12363699.1363541,0,1136.36991363541,711.6313236123277
2013-08-15,40.3730583190918,0.7096148816279708,0.3793252599809389,0.3302896216470319,HOLD,301600,99819.41528476402,12176514.389038086,12276333.80432285,0,1127.6333804322849,705.8494306317132
2013-08-16,39.86613082885742,0.6809071410584124,0.43964163619643365,0.24126550486197879,HOLD,301600,99819.41528476402,12023625.057983398,12123444.473268162,0,1112.3444473268162,695.7311179156374
2013-08-19,39.39541244506836,0.6131055115229245,0.4743344112617318,0.13877110026119266,HOLD,301600,99819.41528476402,11881656.393432617,11981475.808717381,0,1098.147580871738,686.3355418221385
2013-08-20,38.526397705078125,0.48367450614379237,0.47620243023814396,0.007472075905648412,HOLD,301600,99819.41528476402,11619561.547851562,11719380.963136327,0,1071.9380963136327,668.9899390219528
2013-08-21,38.816070556640625,0.39986429343698404,0.460934802877912,-0.061070509440927956,SELL,0,11799722.139039647,0.0,11799722.139039647,301600,1079.9722139039648,674.7718320025675
2013-08-22,38.49018859863281,0.3036478817779056,0.4294774186579107,-0.12582953688000514,HOLD,0,11799722.139039647,0.0,11799722.139039647,0,1079.9722139039648,668.267202399376
2013-08-23,38.05567932128906,0.1901425698149879,0.38161044888932616,-0.19146787907433827,HOLD,0,11799722.139039647,0.0,11799722.139039647,0,1079.9722139039648,659.5943629284538
2013-08-26,40.047176361083984,0.25791290042808157,0.35687093919707724,-0.09895803876899567,HOLD,0,11799722.139039647,0.0,11799722.139039647,0,1079.9722139039648,699.3448010285215
2013-08-27,40.3730583190918,0.3340664164996099,0.35231003465758376,-0.018243618157973873,HOLD,0,11799722.139039647,0.0,11799722.139039647,0,1079.9722139039648,705.8494306317132
2013-08-28,39.68508529663086,0.3350427886499361,0.34885658545605425,-0.013813796806118162,HOLD,0,11799722.139039647,0.0,11799722.139039647,0,1079.9722139039648,692.1174348027531
2013-08-29,39.82992172241211,0.34354350405909884,0.34779396917666316,-0.004250465117564328,HOLD,0,11799722.139039647,0.0,11799722.139039647,0,1079.9722139039648,695.0083812930604
2013-08-30,39.93854904174805,0.35495401022060946,0.3492259773854524,0.005728032835157049,BUY,292400,114683.58018863387,11678031.739807129,11792715.319995763,292400,1079.2715319995762,697.1765911607911
2013-09-02,40.047176361083984,0.3685142327133164,0.3530836284510252,0.015430604262291203,HOLD,292400,114683.58018863387,11709794.367980957,11824477.94816959,0,1082.447794816959,699.3448010285215
2013-09-03,40.481685638427734,0.40960045499327435,0.36438699375947503,0.045213461233799324,HOLD,292400,114683.58018863387,11836844.88067627,11951528.460864903,0,1095.1528460864904,708.0176404994436
2013-09-04,40.15580368041992,0.4111264221807289,0.37373487944372585,0.03739154273700307,HOLD,292400,114683.58018863387,11741556.996154785,11856240.576343419,0,1085.6240576343419,701.513010896252
2013-09-05,40.01096725463867,0.396082876214777,0.3782044787979361,0.017878397416840885,HOLD,292400,114683.58018863387,11699206.825256348,11813890.405444982,0,1081.3890405444981,698.6220644059447
2013-09-06,40.0833854675293,0.3855598087374119,0.3796755447858313,0.005884263951580593,HOLD,292400,114683.58018863387,11720381.910705566,11835065.4908942,0,1083.50654908942,700.0675376510983
2013-09-09,42.90768814086914,0.5982218943849631,0.4233848147056577,0.1748370796793054,HOLD,292400,114683.58018863387,12546208.012390137,12660891.59257877,0,1166.089159257877,756.4408419287748
2013-09-10,47.21656036376953,1.1017478437204247,0.5590574205086112,0.5426904232118135,HOLD,292400,114683.58018863387,13806122.250366211,13920805.830554845,0,1292.0805830554843,842.4462715904431
2013-09-11,47.687278747558594,1.5212428848556456,0.7514945133780181,0.7697483714776275,HOLD,292400,114683.58018863387,13943760.305786133,14058443.885974767,0,1305.8443885974766,851.841847683942
2013-09-12,49.099430084228516,1.9452212387004337,0.9902398584425013,0.9549813802579324,HOLD,292400,114683.58018863387,14356673.356628418,14471356.936817052,0,1347.1356936817053,880.0284998227802
2013-09-13,47.868324279785156,2.1570223778118347,1.223596362316368,0.9334260154954668,HOLD,292400,114683.58018863387,13996698.01940918,14111381.599597814,0,1311.1381599597812,855.4555307968263
2013-09-16,46.52859115600586,2.191508691995786,1.4171788282522515,0.7743298637435343,HOLD,292400,114683.58018863387,13604960.054016113,13719643.634204747,0,1271.9643634204747,828.7143519031417
2013-09-17,45.47853088378906,2.109787934191033,1.5557006494400079,0.554087284751025,HOLD,292400,114683.58018863387,13297922.430419922,13412606.010608556,0,1241.2606010608556,807.7550659900719
2013-09-18,46.311336517333984,2.088153169536298,1.662191153459266,0.4259620160770321,HOLD,292400,114683.58018863387,13541434.797668457,13656118.37785709,0,1265.611837785709,824.3779321676806
2013-09-23,46.23891830444336,2.041629286575798,1.7380787800825725,0.30355050649322557,HOLD,292400,114683.58018863387,13520259.712219238,13634943.292407872,0,1263.4943292407872,822.932458922527
2013-09-24,44.356048583984375,1.8317120867658474,1.7568054414192276,0.07490664534661984,HOLD,292400,114683.58018863387,12969708.605957031,13084392.186145665,0,1208.4392186145665,785.3502306901898
2013-09-25,44.39225769042969,1.649261308092541,1.7352966147538904,-0.08603530666134951,SELL,0,13087191.551181065,0.0,13087191.551181065,292400,1208.7191551181063,786.0729673127667
2013-09-26,43.52324295043945,1.4181974275020721,1.6718767773035268,-0.2536793498014547,HOLD,0,13087191.551181065,0.0,13087191.551181065,0,1208.7191551181063,768.727364512581
2013-09-27,44.75434875488281,1.3192105490178108,1.6013435316463838,-0.282132982628573,HOLD,0,13087191.551181065,0.0,13087191.551181065,0,1208.7191551181063,793.3003335385351
2013-09-30,44.500885009765625,1.2064036582983704,1.5223555569767813,-0.3159518986784109,HOLD,0,13087191.551181065,0.0,13087191.551181065,0,1208.7191551181063,788.2411771804973
2013-10-08,44.97160339355469,1.141824185834139,1.446249282748253,-0.304425096914114,HOLD,0,13087191.551181065,0.0,13087191.551181065,0,1208.7191551181063,797.6367532739962
2013-10-09,45.33369445800781,1.107100248893076,1.3784194759772175,-0.2713192270841416,HOLD,0,13087191.551181065,0.0,13087191.551181065,0,1208.7191551181063,804.8641194997645
2013-10-10,43.63187026977539,0.9315203032381731,1.2890396414294087,-0.3575193381912356,HOLD,0,13087191.551181065,0.0,13087191.551181065,0,1208.7191551181063,770.8955743803117
2013-10-11,44.53709411621094,0.8555536406516921,1.2023424412738655,-0.3467888006221733,HOLD,0,13087191.551181065,0.0,13087191.551181065,0,1208.7191551181063,788.9639138030741
2013-10-14,43.95774841308594,0.7400700894796373,1.10988797091502,-0.36981788143538274,HOLD,0,13087191.551181065,0.0,13087191.551181065,0,1208.7191551181063,777.4001278418446
2013-10-15,44.356048583984375,0.6729309095791365,1.0224965586478434,-0.3495656490687069,HOLD,0,13087191.551181065,0.0,13087191.551181065,0,1208.7191551181063,785.3502306901898
2013-10-16,43.124942779541016,0.5144523892504509,0.9208877247683649,-0.406435335517914,HOLD,0,13087191.551181065,0.0,13087191.551181065,0,1208.7191551181063,760.7772616642359
2013-10-17,42.76285171508789,0.3555408438029346,0.8078183485752789,-0.4522775047723443,HOLD,0,13087191.551181065,0.0,13087191.551181065,0,1208.7191551181063,753.5498954384675
2013-10-18,43.45082473754883,0.28186678755115935,0.702628036370455,-0.42076124881929566,HOLD,0,13087191.551181065,0.0,13087191.551181065,0,1208.7191551181063,767.2818912674273
2013-10-21,44.24742126464844,0.2844789531903231,0.6189982197344287,-0.3345192665441056,HOLD,0,13087191.551181065,0.0,13087191.551181065,0,1208.7191551181063,783.1820208224593
2013-10-22,43.704288482666016,0.2399567647074221,0.5431899287290274,-0.3032331640216053,HOLD,0,13087191.551181065,0.0,13087191.551181065,0,1208.7191551181063,772.3410476254653
2013-10-23,43.6680793762207,0.19945168245073575,0.4744422794733691,-0.27499059702263334,HOLD,0,13087191.551181065,0.0,13087191.551181065,0,1208.7191551181063,771.6183110028885
2013-10-24,42.835269927978516,0.09900903600864552,0.3993556307804244,-0.3003465947717789,HOLD,0,13087191.551181065,0.0,13087191.551181065,0,1208.7191551181063,754.9953686836211
2013-10-25,42.147300720214844,-0.035694387732071675,0.31234562707792524,-0.3480400148099969,HOLD,0,13087191.551181065,0.0,13087191.551181065,0,1208.7191551181063,741.2634489963198
2013-10-28,42.400760650634766,-0.12060545874634698,0.2257554099130708,-0.3463608686594178,HOLD,0,13087191.551181065,0.0,13087191.551181065,0,1208.7191551181063,746.322529212699
2013-10-29,43.559452056884766,-0.09332558216213016,0.16193921149803062,-0.25526479366016075,HOLD,0,13087191.551181065,0.0,13087191.551181065,0,1208.7191551181063,769.450101135158
2013-10-30,43.81291580200195,-0.050669589989510655,0.11941745120052237,-0.17008704119003304,HOLD,0,13087191.551181065,0.0,13087191.551181065,0,1208.7191551181063,774.5092574931957
2013-10-31,42.90768814086914,-0.08888411507295757,0.07775713794582638,-0.16664125301878396,HOLD,0,13087191.551181065,0.0,13087191.551181065,0,1208.7191551181063,756.4408419287748
2013-11-01,43.3784065246582,-0.08026116120277038,0.04615347811610703,-0.12641463931887742,HOLD,0,13087191.551181065,0.0,13087191.551181065,0,1208.7191551181063,765.8364180222737
2013-11-04,43.0887336730957,-0.09569843437837022,0.01778309561721158,-0.11348152999558181,HOLD,0,13087191.551181065,0.0,13087191.551181065,0,1208.7191551181063,760.0545250416591
2013-11-05,42.87147903442383,-0.12403343799257982,-0.010580211104746703,-0.11345322688783312,HOLD,0,13087191.551181065,0.0,13087191.551181065,0,1208.7191551181063,755.7181053061979
2013-11-06,41.893836975097656,-0.2228082810212797,-0.053025825088053306,-0.16978245593322638,HOLD,0,13087191.551181065,0.0,13087191.551181065,0,1208.7191551181063,736.2042926382818
2013-11-07,41.604164123535156,-0.32076465866388304,-0.10657359180321926,-0.21419106686066378,HOLD,0,13087191.551181065,0.0,13087191.551181065,0,1208.7191551181063,730.422399657667
2013-11-08,40.0833854675293,-0.5151713469408818,-0.1882931428307518,-0.32687820411013,HOLD,0,13087191.551181065,0.0,13087191.551181065,0,1208.7191551181063,700.0675376510983
2013-11-11,39.93854904174805,-0.6731672837223215,-0.28526797100906576,-0.38789931271325573,HOLD,0,13087191.551181065,0.0,13087191.551181065,0,1208.7191551181063,697.1765911607911
2013-11-12,40.59031295776367,-0.7372892889404667,-0.375672234595346,-0.36161705434512076,HOLD,0,13087191.551181065,0.0,13087191.551181065,0,1208.7191551181063,710.1858503671741
2013-11-13,39.105743408203125,-0.8975523706126154,-0.4800482617987999,-0.4175041088138155,HOLD,0,13087191.551181065,0.0,13087191.551181065,0,1208.7191551181063,680.5537249831822
2013-11-14,39.467830657958984,-0.9840016440719452,-0.580838938253429,-0.4031627058185162,HOLD,0,13087191.551181065,0.0,13087191.551181065,0,1208.7191551181063,687.7810150672921
2013-11-15,41.82141876220703,-0.8527682443741824,-0.6352247994775797,-0.2175434448966027,HOLD,0,13087191.551181065,0.0,13087191.551181065,0,1208.7191551181063,734.7588193931282
2013-11-18,46.021663665771484,-0.4051696255873196,-0.5892137646995277,0.18404413911220807,BUY,281500,124320.17027324438,12955098.321914673,13079418.492187917,281500,1207.9418492187917,818.596039187066
2013-11-19,46.166500091552734,-0.0383157264687668,-0.47903415705337554,0.44071843058460874,HOLD,281500,124320.17027324438,12995869.775772095,13120189.94604534,0,1212.0189946045339,821.4869856773734
2013-11-20,46.456172943115234,0.2726498718424111,-0.32869735127421823,0.6013472231166292,HOLD,281500,124320.17027324438,13077412.683486938,13201732.853760183,0,1220.1732853760182,827.2688786579881
2013-11-21,45.47853088378906,0.4351882262215341,-0.17592023577506777,0.6111084619966018,HOLD,281500,124320.17027324438,12802206.443786621,12926526.614059865,0,1192.6526614059865,807.7550659900719
2013-11-22,45.91303634643555,0.5922350852057932,-0.022289171578895588,0.6145242567846887,HOLD,281500,124320.17027324438,12924519.731521606,13048839.90179485,0,1204.8839901794852,816.4278293193355
2013-11-25,45.44232177734375,0.6709784981553,0.11636436236794354,0.5546141357873564,HOLD,281500,124320.17027324438,12792013.580322266,12916333.75059551,0,1191.6333750595509,807.0323293674951
2013-11-26,45.33369445800781,0.7163601495145286,0.23636351979726059,0.4799966297172681,HOLD,281500,124320.17027324438,12761434.9899292,12885755.160202444,0,1188.5755160202443,804.8641194997645
2013-11-27,46.745845794677734,0.856402175020186,0.3603712508418457,0.4960309241783403,HOLD,281500,124320.17027324438,13158955.591201782,13283275.761475027,0,1228.3275761475027,833.0507716386027
2013-11-28,46.49238204956055,0.9361428116318535,0.4755255629998473,0.46061724863200626,HOLD,281500,124320.17027324438,13087605.546951294,13211925.717224538,0,1221.1925717224537,827.9916152805649
2013-11-29,46.70963668823242,1.0052802295933745,0.5814764963185527,0.4238037332748218,HOLD,281500,124320.17027324438,13148762.727737427,13273082.898010671,0,1227.308289801067,832.3280350160259
2013-12-02,49.099430084228516,1.2386303267698224,0.7129072624088066,0.5257230643610158,HOLD,281500,124320.17027324438,13821489.568710327,13945809.738983572,0,1294.5809738983571,880.0284998227802
2013-12-03,48.52008819580078,1.3611237243210113,0.8425505547912476,0.5185731695297636,HOLD,281500,124320.17027324438,13658404.82711792,13782724.997391164,0,1278.2724997391165,868.4647900032094
2013-12-04,48.447669982910156,1.4358060020086327,0.9612016442347247,0.4746043577739081,HOLD,281500,124320.17027324438,13638019.100189209,13762339.270462453,0,1276.2339270462453,867.0193167580557
2013-12-05,48.701133728027344,1.4981746265651665,1.0685962407008132,0.4295783858643534,HOLD,281500,124320.17027324438,13709369.144439697,13833689.314712942,0,1283.3689314712942,872.0784731160936
2013-12-06,47.433815002441406,1.4288690679622604,1.1406508061531027,0.28821826180915777,HOLD,281500,124320.17027324438,13352618.923187256,13476939.0934605,0,1247.6939093460498,846.7826913259042
2013-12-09,47.288978576660156,1.346732530043397,1.1818671509311616,0.16486537911223542,HOLD,281500,124320.17027324438,13311847.469329834,13436167.639603078,0,1243.616763960308,843.8917448355968
2013-12-10,47.542442321777344,1.2872524924804836,1.202944219241026,0.08430827323945755,HOLD,281500,124320.17027324438,13383197.513580322,13507517.683853567,0,1250.7517683853566,848.9509011936346
2013-12-11,45.91303634643555,1.096000675929794,1.1815555105787796,-0.08555483464898561,SELL,0,13041085.189955937,0.0,13041085.189955937,281500,1204.1085189955936,816.4278293193355
2013-12-12,45.65957260131836,0.9134501428288218,1.127934437028788,-0.21448429419996629,HOLD,0,13041085.189955937,0.0,13041085.189955937,0,1204.1085189955936,811.3686729612975
2013-12-13,46.021663665771484,0.78890128992456,1.0601278076079426,-0.2712265176833826,HOLD,0,13041085.189955937,0.0,13041085.189955937,0,1204.1085189955936,818.596039187066
2013-12-16,45.080230712890625,0.6072298871068043,0.969548223507715,-0.3623183364009107,HOLD,0,13041085.189955937,0.0,13041085.189955937,0,1204.1085189955936,799.8049631417267
2013-12-17,45.26127624511719,0.4724171223747078,0.8701220032811136,-0.39770488090640577,HOLD,0,13041085.189955937,0.0,13041085.189955937,0,1204.1085189955936,803.4186462546108
2013-12-18,45.587154388427734,0.3874068922375784,0.7735789810724065,-0.3861720888348281,HOLD,0,13041085.189955937,0.0,13041085.189955937,0,1204.1085189955936,809.9231997161439
2013-12-19,45.62336349487305,0.31927701794644037,0.6827185884472133,-0.36344157050077297,HOLD,0,13041085.189955937,0.0,13041085.189955937,0,1204.1085189955936,810.6459363387207
2013-12-20,44.356048583984375,0.1611640806053245,0.5784076868788356,-0.4172436062735111,HOLD,0,13041085.189955937,0.0,13041085.189955937,0,1204.1085189955936,785.3502306901898
2013-12-23,44.46467590332031,0.04411522262861922,0.47154919402879236,-0.42743397140017314,HOLD,0,13041085.189955937,0.0,13041085.189955937,0,1204.1085189955936,787.5184405579203
2013-12-24,44.60951232910156,-0.03653855774811632,0.36993164367341064,-0.40647020142152696,HOLD,0,13041085.189955937,0.0,13041085.189955937,0,1204.1085189955936,790.4093870482278
2013-12-25,45.11643981933594,-0.05887378750893646,0.28417055743694125,-0.3430443449458777,HOLD,0,13041085.189955937,0.0,13041085.189955937,0,1204.1085189955936,800.5276997643035
2013-12-26,44.31983947753906,-0.13924843880381133,0.19948675818879075,-0.3387351969926021,HOLD,0,13041085.189955937,0.0,13041085.189955937,0,1204.1085189955936,784.627494067613
2013-12-27,44.935394287109375,-0.15152906753004203,0.1292835930450242,-0.28081266057506626,HOLD,0,13041085.189955937,0.0,13041085.189955937,0,1204.1085189955936,796.9140166514194
2013-12-30,44.68193054199219,-0.17964314585731955,0.06749824526455546,-0.247141391121875,HOLD,0,13041085.189955937,0.0,13041085.189955937,0,1204.1085189955936,791.8548602933814
2013-12-31,46.166500091552734,-0.08119542952933045,0.03775951030577828,-0.11895493983510874,HOLD,0,13041085.189955937,0.0,13041085.189955937,0,1204.1085189955936,821.4869856773734
2014-01-02,45.587154388427734,-0.049354335452939324,0.02033674115403476,-0.06969107660697409,HOLD,0,13041085.189955937,0.0,13041085.189955937,0,1204.1085189955936,809.9231997161439
2014-01-03,44.28363037109375,-0.12782998865103679,-0.009296604806979551,-0.11853338384405723,HOLD,0,13041085.189955937,0.0,13041085.189955937,0,1204.1085189955936,783.9047574450362
2014-01-06,44.28363037109375,-0.1878570105167654,-0.04500868594893672,-0.14284832456782867,HOLD,0,13041085.189955937,0.0,13041085.189955937,0,1204.1085189955936,783.9047574450362
2014-01-07,43.59566116333008,-0.28762664239252445,-0.09353227723765427,-0.19409436515487016,HOLD,0,13041085.189955937,0.0,13041085.189955937,0,1204.1085189955936,770.1728377577348
2014-01-08,43.74049758911133,-0.3509620334876544,-0.1450182284876543,-0.20594380500000012,HOLD,0,13041085.189955937,0.0,13041085.189955937,0,1204.1085189955936,773.0637842480421
2014-01-09,42.7990608215332,-0.471684580238076,-0.21035149883773865,-0.2613330814003374,HOLD,0,13041085.189955937,0.0,13041085.189955937,0,1204.1085189955936,754.2726320610443
2014-01-10,41.712791442871094,-0.6475464168134337,-0.2977904824328777,-0.349755934380556,HOLD,0,13041085.189955937,0.0,13041085.189955937,0,1204.1085189955936,732.5906095253977
2014-01-13,41.35070037841797,-0.8068352179406659,-0.3995994295344354,-0.40723578840623054,HOLD,0,13041085.189955937,0.0,13041085.189955937,0,1204.1085189955936,725.3632432996293
2014-01-14,41.93004608154297,-0.8762238212190852,-0.4949243078713654,-0.3812995133477198,HOLD,0,13041085.189955937,0.0,13041085.189955937,0,1204.1085189955936,736.9270292608586
2014-01-15,41.49553680419922,-0.9552643636188449,-0.5869923190208614,-0.36827204459798357,HOLD,0,13041085.189955937,0.0,13041085.189955937,0,1204.1085189955936,728.2541897899366
2014-01-16,41.857627868652344,-0.9774197536495279,-0.6650778059465947,-0.3123419477029332,HOLD,0,13041085.189955937,0.0,13041085.189955937,0,1204.1085189955936,735.481556015705
2014-01-17,42.183509826660156,-0.9576429970102751,-0.7235908441593308,-0.23405215285094427,HOLD,0,13041085.189955937,0.0,13041085.189955937,0,1204.1085189955936,741.9861856188966
2014-01-20,41.67658233642578,-0.9716737367901231,-0.7732074226854894,-0.19846631410463378,HOLD,0,13041085.189955937,0.0,13041085.189955937,0,1204.1085189955936,731.8678729028209
2014-01-21,42.400760650634766,-0.9138240664039259,-0.8013307514291768,-0.11249331497474913,HOLD,0,13041085.189955937,0.0,13041085.189955937,0,1204.1085189955936,746.322529212699
2014-01-22,43.74049758911133,-0.751212699169848,-0.791307140977311,0.04009444180746302,BUY,295100,125519.65890605748,12907820.838546753,13033340.49745281,295100,1203.334049745281,773.0637842480421
2014-01-23,43.124942779541016,-0.6643538897166152,-0.7659164907251719,0.10156260100855663,HOLD,295100,125519.65890605748,12726170.614242554,12851690.273148611,0,1185.169027314861,760.7772616642359
2014-01-24,43.30598831176758,-0.5742887527911194,-0.7275909431383614,0.15330219034724202,HOLD,295100,125519.65890605748,12779597.150802612,12905116.80970867,0,1190.511680970867,764.39094477712
2014-01-27,41.857627868652344,-0.612719022710067,-0.7046165590527025,0.09189753634263553,HOLD,295100,125519.65890605748,12352185.984039307,12477705.642945364,0,1147.7705642945364,735.481556015705
2014-01-28,42.002464294433594,-0.6242917526673182,-0.6885515977756257,0.06425984510830751,HOLD,295100,125519.65890605748,12394927.213287354,12520446.872193411,0,1152.044687219341,738.3725025060123
2014-01-29,42.292137145996094,-0.6031364645870525,-0.6714685711379111,0.06833210655085864,HOLD,295100,125519.65890605748,12480409.671783447,12605929.330689505,0,1160.5929330689503,744.1543954866271
2014-01-30,41.93004608154297,-0.608573215938236,-0.6588895000979761,0.0503162841597401,HOLD,295100,125519.65890605748,12373556.59866333,12499076.257569388,0,1149.9076257569386,736.9270292608586
2014-02-07,41.567955017089844,-0.6347822289368423,-0.6540680458657494,0.019285816928907074,HOLD,295100,125519.65890605748,12266703.525543213,12392223.18444927,0,1139.222318444927,729.6996630350902
2014-02-10,42.7990608215332,-0.549874499975175,-0.6332293366876346,0.08335483671245958,HOLD,295100,125519.65890605748,12630002.848434448,12755522.507340506,0,1175.5522507340506,754.2726320610443
2014-02-11,43.23357009887695,-0.44242326570171286,-0.5950681224904503,0.1526448567887374,HOLD,295100,125519.65890605748,12758226.536178589,12883746.195084646,0,1188.3746195084645,762.9454715319664
2014-02-12,43.16115188598633,-0.35897291662173814,-0.5478490813167078,0.1888761646949697,HOLD,295100,125519.65890605748,12736855.921554565,12862375.580460623,0,1186.2375580460623,761.4999982868128
2014-02-13,42.980106353759766,-0.30394310818545023,-0.4990678866904563,0.1951247785050061,HOLD,295100,125519.65890605748,12683429.384994507,12808949.043900564,0,1180.8949043900566,757.8863151739284
2014-02-14,42.980106353759766,-0.2573648467816909,-0.45072727870870327,0.19336243192701236,HOLD,295100,125519.65890605748,12683429.384994507,12808949.043900564,0,1180.8949043900566,757.8863151739284
2014-02-17,43.124942779541016,-0.20638507129725525,-0.4018588372264137,0.19547376592915844,HOLD,295100,125519.65890605748,12726170.614242554,12851690.273148611,0,1185.169027314861,760.7772616642359
2014-02-18,41.64037322998047,-0.28251888566844485,-0.37799084691481993,0.09547196124637508,HOLD,295100,125519.65890605748,12288074.140167236,12413593.799073294,0,1141.3593799073294,731.1451362802438
2014-02-19,41.604164123535156,-0.34183677281907165,-0.3707600320956703,0.028923259276598667,HOLD,295100,125519.65890605748,12277388.832855225,12402908.491761282,0,1140.2908491761282,730.422399657667
2014-02-20,40.3730583190918,-0.4826231956098468,-0.3931326647985056,-0.08949053081134117,SELL,0,12032460.715164067,0.0,12032460.715164067,295100,1103.2460715164068,705.8494306317132
2014-02-21,39.757503509521484,-0.6365300564445846,-0.44181214312772144,-0.19471791331686317,HOLD,0,12032460.715164067,0.0,12032460.715164067,0,1103.2460715164068,693.5629080479068
2014-02-24,38.70744323730469,-0.8336239428429977,-0.5201745030707767,-0.31344943977222095,HOLD,0,12032460.715164067,0.0,12032460.715164067,0,1103.2460715164068,672.603622134837
2014-02-25,38.12809753417969,-1.024757853599958,-0.621091173176613,-0.40366668042334497,HOLD,0,12032460.715164067,0.0,12032460.715164067,0,1103.2460715164068,661.0398361736076
2014-02-26,37.657379150390625,-1.200378676363087,-0.7369486738139078,-0.4634300025491792,HOLD,0,12032460.715164067,0.0,12032460.715164067,0,1103.2460715164068,651.6442600801087
2014-02-27,37.802215576171875,-1.3127399060854046,-0.8521069202682072,-0.46063298581719736,HOLD,0,12032460.715164067,0.0,12032460.715164067,0,1103.2460715164068,654.535206570416
2014-02-28,39.2143669128418,-1.2731619605655666,-0.9363179283276791,-0.3368440322378875,HOLD,0,12032460.715164067,0.0,12032460.715164067,0,1103.2460715164068,682.7218587092542
2014-03-03,38.56260681152344,-1.2796368892741015,-1.0049817205169636,-0.2746551687571379,HOLD,0,12032460.715164067,0.0,12032460.715164067,0,1103.2460715164068,669.7126756445297
2014-03-04,38.56260681152344,-1.2701270825440503,-1.058010792922381,-0.21211628962166929,HOLD,0,12032460.715164067,0.0,12032460.715164067,0,1103.2460715164068,669.7126756445297
2014-03-05,38.49018859863281,-1.2539789480141295,-1.0972044239407308,-0.15677452407339865,HOLD,0,12032460.715164067,0.0,12032460.715164067,0,1103.2460715164068,668.267202399376
2014-03-06,38.56260681152344,-1.2212599658240322,-1.122015532317391,-0.09924443350664114,HOLD,0,12032460.715164067,0.0,12032460.715164067,0,1103.2460715164068,669.7126756445297
2014-03-07,38.091888427734375,-1.2192581275919068,-1.1414640513722942,-0.07779407621961254,HOLD,0,12032460.715164067,0.0,12032460.715164067,0,1103.2460715164068,660.3170995510308
2014-03-10,36.64352798461914,-1.3193337811047883,-1.1770379973187932,-0.14229578378599506,HOLD,0,12032460.715164067,0.0,12032460.715164067,0,1103.2460715164068,631.4077107896156
2014-03-11,36.860782623291016,-1.3653746349760496,-1.2147053248502446,-0.15066931012580498,HOLD,0,12032460.715164067,0.0,12032460.715164067,0,1103.2460715164068,635.7441305250767
2014-03-12,36.60731887817383,-1.4061060342295306,-1.2529854667261018,-0.15312056750342884,HOLD,0,12032460.715164067,0.0,12032460.715164067,0,1103.2460715164068,630.6849741670388
2014-03-13,37.295291900634766,-1.3671130599528496,-1.2758109853714514,-0.09130207458139816,HOLD,0,12032460.715164067,0.0,12032460.715164067,0,1103.2460715164068,644.4169699959988
2014-03-14,37.04182815551758,-1.341202702965333,-1.288889328890228,-0.05231337407510517,HOLD,0,12032460.715164067,0.0,12032460.715164067,0,1103.2460715164068,639.3578136379608
2014-03-17,37.22287368774414,-1.291175825797886,-1.2893466282717596,-0.0018291975261264248,HOLD,0,12032460.715164067,0.0,12032460.715164067,0,1103.2460715164068,642.9714967508451
2014-03-18,37.005619049072266,-1.254597578956215,-1.2823968184086507,0.027799239452435787,BUY,321900,113204.67800456844,11912108.771896362,12025313.44990093,321900,1102.5313449900932,638.635077015384
2014-03-19,36.60731887817383,-1.2434152330527155,-1.2746005013374637,0.031185268284748213,HOLD,321900,113204.67800456844,11783895.946884155,11897100.624888724,0,1089.7100624888724,630.6849741670388
2014-03-20,36.39006423950195,-1.2378150160360164,-1.2672434042771743,0.0294283882411579,HOLD,321900,113204.67800456844,11713961.678695679,11827166.356700247,0,1082.7166356700245,626.3485544315778
2014-03-21,38.236724853515625,-1.0720092697792722,-1.228196577377594,0.15618730759832178,HOLD,321900,113204.67800456844,12308401.73034668,12421606.408351248,0,1142.160640835125,663.2080460413381
2014-03-24,38.960906982421875,-0.8721183384143245,-1.1569809295849403,0.28486259117061574,HOLD,321900,113204.67800456844,12541515.957641602,12654720.63564617,0,1165.472063564617,677.6627784928748
2014-03-25,38.960906982421875,-0.7055699638302286,-1.066698736433998,0.3611287726037693,HOLD,321900,113204.67800456844,12541515.957641602,12654720.63564617,0,1165.472063564617,677.6627784928748
2014-03-26,38.4539794921875,-0.6074813224074802,-0.9748552536286944,0.3673739312212142,HOLD,321900,113204.67800456844,12378335.998535156,12491540.676539725,0,1149.1540676539723,667.5444657767991
2014-03-27,38.164306640625,-0.54681618896835,-0.8892474406966255,0.3424312517282755,HOLD,321900,113204.67800456844,12285090.307617188,12398294.985621756,0,1139.8294985621756,661.7625727961844
2014-03-28,38.59881591796875,-0.4583932937624766,-0.8030766113097958,0.3446833175473192,HOLD,321900,113204.67800456844,12424958.84399414,12538163.521998709,0,1153.8163521998708,670.4354122671065
2014-03-31,38.12809753417969,-0.42144242592608805,-0.7267497742330543,0.30530734830696626,HOLD,321900,113204.67800456844,12273434.596252441,12386639.27425701,0,1138.663927425701,661.0398361736076
2014-04-01,38.77986145019531,-0.33569699000828734,-0.6485392173881009,0.3128422273798136,HOLD,321900,113204.67800456844,12483237.400817871,12596442.07882244,0,1159.644207882244,674.0490953799907
2014-04-02,39.0333251953125,-0.24447258060455823,-0.5677258900313924,0.32325330942683417,HOLD,321900,113204.67800456844,12564827.380371094,12678032.058375662,0,1167.803205837566,679.1082517380286
2014-04-03,39.0333251953125,-0.17021445266027513,-0.48822360255716896,0.31800914989689383,HOLD,321900,113204.67800456844,12564827.380371094,12678032.058375662,0,1167.803205837566,679.1082517380286
2014-04-04,39.5040397644043,-0.0725453616919296,-0.4050879543841211,0.3325425926921915,HOLD,321900,113204.67800456844,12716350.400161743,12829555.078166312,0,1182.955507816631,688.503751689869
2014-04-08,40.80756378173828,0.10878755554001884,-0.3023128523992931,0.41110040793931196,HOLD,321900,113204.67800456844,13135954.781341553,13249159.459346121,0,1224.9159459346122,714.5221939609767
2014-04-09,40.51789474487305,0.22651025919927292,-0.19654823007957992,0.4230584892788528,HOLD,321900,113204.67800456844,13042710.318374634,13155914.996379202,0,1215.5914996379202,708.7403771220204
2014-04-10,44.46467590332031,0.6310047746010454,-0.031037629143454863,0.6620424037445003,HOLD,321900,113204.67800456844,14313179.173278809,14426383.851283377,0,1342.6383851283379,787.5184405579203
2014-04-11,44.28363037109375,0.9262831157256599,0.1604265198303681,0.7658565958952919,HOLD,321900,113204.67800456844,14254900.616455078,14368105.294459647,0,1336.8105294459647,783.9047574450362
2014-04-14,43.99395751953125,1.123962806616305,0.3531337771875555,0.7708290294287494,HOLD,321900,113204.67800456844,14161654.92553711,14274859.603541678,0,1327.485960354168,778.1228644644214
2014-04-15,42.400760650634766,1.1389387366429702,0.5102947690786385,0.6286439675643317,HOLD,321900,113204.67800456844,13648804.853439331,13762009.5314439,0,1276.20095314439,746.322529212699
2014-04-16,42.61801528930664,1.155023510698733,0.6392405174026574,0.5157829932960756,HOLD,321900,113204.67800456844,13718739.121627808,13831943.799632376,0,1283.1943799632375,750.6589489481601
2014-04-17,42.61801528930664,1.1544628805635284,0.7422849900348316,0.4121778905286968,HOLD,321900,113204.67800456844,13718739.121627808,13831943.799632376,0,1283.1943799632375,750.6589489481601
2014-04-18,42.94389724731445,1.166863649836415,0.8272007219951484,0.3396629278412667,HOLD,321900,113204.67800456844,13823640.523910522,13936845.20191509,0,1293.6845201915091,757.1635785513516
2014-04-21,41.278282165527344,1.0304121816331673,0.8678430139227522,0.16256916771041507,HOLD,321900,113204.67800456844,13287479.029083252,13400683.70708782,0,1240.068370708782,723.9177700544756
2014-04-22,41.604164123535156,0.9377594532622027,0.8818263017906424,0.055933151471560305,HOLD,321900,113204.67800456844,13392380.431365967,13505585.109370535,0,1250.5585109370536,730.422399657667
2014-04-23,41.38690948486328,0.8371507125275102,0.872891183938016,-0.03574047141050585,SELL,0,13427657.373484151,0.0,13427657.373484151,321900,1242.7657373484153,726.0859799222061
2014-04-24,41.423118591308594,0.7516744972235756,0.8486478465951279,-0.09697334937155233,HOLD,0,13427657.373484151,0.0,13427657.373484151,0,1242.7657373484153,726.8087165447829
2014-04-25,40.59031295776367,0.609705223899546,0.8008593220560116,-0.19115409815646567,HOLD,0,13427657.373484151,0.0,13427657.373484151,0,1242.7657373484153,710.1858503671741
2014-04-28,40.44547653198242,0.47997362566142243,0.7366821827770939,-0.2567085571156714,HOLD,0,13427657.373484151,0.0,13427657.373484151,0,1242.7657373484153,707.2949038768668
2014-04-29,41.38690948486328,0.4479623397996946,0.678938214181614,-0.23097587438191947,HOLD,0,13427657.373484151,0.0,13427657.373484151,0,1242.7657373484153,726.0859799222061
2014-04-30,41.24207305908203,0.40622338568844896,0.624395248482981,-0.21817186279453205,HOLD,0,13427657.373484151,0.0,13427657.373484151,0,1242.7657373484153,723.1950334318988
2014-05-05,41.749000549316406,0.40933125977168316,0.5813824507407215,-0.17205119096903831,HOLD,0,13427657.373484151,0.0,13427657.373484151,0,1242.7657373484153,733.3133461479745
2014-05-06,41.423118591308594,0.3811051786024109,0.5413269963130594,-0.16022181771064847,HOLD,0,13427657.373484151,0.0,13427657.373484151,0,1242.7657373484153,726.8087165447829
2014-05-07,41.314491271972656,0.3459822214019326,0.5022580413308341,-0.1562758199289015,HOLD,0,13427657.373484151,0.0,13427657.373484151,0,1242.7657373484153,724.6405066770525
2014-05-08,41.49553680419922,0.32896379629254824,0.4675991923231769,-0.1386353960306287,HOLD,0,13427657.373484151,0.0,13427657.373484151,0,1242.7657373484153,728.2541897899366
2014-05-09,41.749000549316406,0.3321007272698395,0.4404994993125095,-0.10839877204266996,HOLD,0,13427657.373484151,0.0,13427657.373484151,0,1242.7657373484153,733.3133461479745
2014-05-12,43.3784065246582,0.460754916498459,0.4445505827496994,0.016204333748759625,BUY,306400,128538.92807338573,13291143.759155273,13419682.68722866,306400,1241.968268722866,765.8364180222737
2014-05-13,42.90768814086914,0.5187514054608044,0.4593907472919204,0.05936065816888403,HOLD,306400,128538.92807338573,13146915.646362305,13275454.57443569,0,1227.545457443569,756.4408419287748
2014-05-14,43.16115188598633,0.5784978832559133,0.48321217448471904,0.0952857087711943,HOLD,306400,128538.92807338573,13224576.937866211,13353115.865939597,0,1235.3115865939596,761.4999982868128
2014-05-15,42.11109161376953,0.5349497414854341,0.49355968788486204,0.04139005360057202,HOLD,306400,128538.92807338573,12902838.470458984,13031377.39853237,0,1203.137739853237,740.5407123737427
2014-05-16,41.06102752685547,0.41096873753552643,0.47704149781499494,-0.06607276027946851,SELL,0,12702089.103001364,0.0,12702089.103001364,306400,1170.2089103001363,719.5813503190145
2014-05-19,40.047176361083984,0.2282722028404578,0.4272876388200875,-0.19901543597962973,HOLD,0,12702089.103001364,0.0,12702089.103001364,0,1170.2089103001363,699.3448010285215
2014-05-20,40.44547653198242,0.1143057325631105,0.36469125756869214,-0.25038552500558164,HOLD,0,12702089.103001364,0.0,12702089.103001364,0,1170.2089103001363,707.2949038768668
2014-05-21,40.80756378173828,0.05259758651365587,0.3022725233576849,-0.24967493684402903,HOLD,0,12702089.103001364,0.0,12702089.103001364,0,1170.2089103001363,714.5221939609767
2014-05-22,40.69894027709961,-0.005013777131750885,0.24081526325979774,-0.24582904039154863,HOLD,0,12702089.103001364,0.0,12702089.103001364,0,1170.2089103001363,712.3540602349045
2014-05-23,41.35070037841797,0.0018985104550139908,0.193031912698841,-0.19113340224382702,HOLD,0,12702089.103001364,0.0,12702089.103001364,0,1170.2089103001363,725.3632432996293
2014-05-26,41.20586395263672,-0.004261417970447212,0.1535732465649834,-0.1578346645354306,HOLD,0,12702089.103001364,0.0,12702089.103001364,0,1170.2089103001363,722.4722968093217
2014-05-27,40.481685638427734,-0.06680821980226881,0.10949695329153296,-0.17630517309380178,HOLD,0,12702089.103001364,0.0,12702089.103001364,0,1170.2089103001363,708.0176404994436
2014-05-28,41.567955017089844,-0.028396809608544515,0.08191820071151747,-0.11031501032006198,HOLD,0,12702089.103001364,0.0,12702089.103001364,0,1170.2089103001363,729.6996630350902
2014-05-29,40.879981994628906,-0.05285982837548886,0.05496259489411621,-0.10782242326960506,HOLD,0,12702089.103001364,0.0,12702089.103001364,0,1170.2089103001363,715.9676672061304
2014-05-30,40.988609313964844,-0.06275819278005201,0.03141843735928257,-0.09417663013933458,HOLD,0,12702089.103001364,0.0,12702089.103001364,0,1170.2089103001363,718.1358770738608
2014-06-03,40.95240020751953,-0.07268660423476092,0.010597429040473873,-0.08328403327523479,HOLD,0,12702089.103001364,0.0,12702089.103001364,0,1170.2089103001363,717.413140451284
2014-06-04,40.77135467529297,-0.09407931544686932,-0.010337919856994766,-0.08374139558987455,HOLD,0,12702089.103001364,0.0,12702089.103001364,0,1170.2089103001363,713.7994573383997
2014-06-05,41.314491271972656,-0.06644072175601679,-0.021558480236799172,-0.04488224151921762,HOLD,0,12702089.103001364,0.0,12702089.103001364,0,1170.2089103001363,724.6405066770525
2014-06-06,40.91619110107422,-0.07580262669376481,-0.0324073095281923,-0.04339531716557251,HOLD,0,12702089.103001364,0.0,12702089.103001364,0,1170.2089103001363,716.6904038287072
2014-06-09,40.481685638427734,-0.11693500932967993,-0.049312849488489824,-0.0676221598411901,HOLD,0,12702089.103001364,0.0,12702089.103001364,0,1170.2089103001363,708.0176404994436
2014-06-10,41.64037322998047,-0.05539772335840354,-0.05052982426247257,-0.0048678990959309665,HOLD,0,12702089.103001364,0.0,12702089.103001364,0,1170.2089103001363,731.1451362802438
2014-06-11,41.169654846191406,-0.044103621394185666,-0.049244583688815194,0.005140962294629528,BUY,305400,121332.58542049304,12573212.590026855,12694545.175447349,305400,1169.454517544735,721.7495601867449
2014-06-12,41.024818420410156,-0.04630626354842349,-0.048656919660736854,0.0023506561123133665,HOLD,305400,121332.58542049304,12528979.545593262,12650312.131013755,0,1165.0312131013754,718.8586136964377
2014-06-13,41.49553680419922,-0.009954089167017344,-0.040916353561992955,0.03096226439497561,HOLD,305400,121332.58542049304,12672736.940002441,12794069.525422934,0,1179.4069525422933,728.2541897899366
2014-06-16,42.183509826660156,0.07352143487987206,-0.018028795873619954,0.09155023075349202,HOLD,305400,121332.58542049304,12882843.901062012,13004176.486482505,0,1200.4176486482504,741.9861856188966
2014-06-17,41.78520965576172,0.10631140236768033,0.006839243774640101,0.09947215859304023,HOLD,305400,121332.58542049304,12761203.028869629,12882535.614290122,0,1188.2535614290123,734.0360827705514
2014-06-18,41.49553680419922,0.10768221605977857,0.027007838231667795,0.08067437782811077,HOLD,305400,121332.58542049304,12672736.940002441,12794069.525422934,0,1179.4069525422933,728.2541897899366
2014-06-19,40.6627311706543,0.04109443019604697,0.02982515662454363,0.011269273571503341,HOLD,305400,121332.58542049304,12418398.099517822,12539730.684938315,0,1153.9730684938315,711.6313236123277
2014-06-20,40.91619110107422,0.008675225690197408,0.025595170437674387,-0.01691994474747698,SELL,0,12609639.864831198,0.0,12609639.864831198,305400,1160.96398648312,716.6904038287072
2014-06-23,40.73514938354492,-0.03126537326333789,0.014223061697471931,-0.04548843496080982,HOLD,0,12609639.864831198,0.0,12609639.864831198,0,1160.96398648312,713.0767968574816
2014-06-24,41.20586395263672,-0.02465168461546341,0.006448112434884863,-0.031099797050348273,HOLD,0,12609639.864831198,0.0,12609639.864831198,0,1160.96398648312,722.4722968093217
2014-06-25,40.80756378173828,-0.05096232184774152,-0.0050339744216404145,-0.04592834742610111,HOLD,0,12609639.864831198,0.0,12609639.864831198,0,1160.96398648312,714.5221939609767
2014-06-26,41.278282165527344,-0.03344511730469435,-0.010716202998251202,-0.022728914306443148,HOLD,0,12609639.864831198,0.0,12609639.864831198,0,1160.96398648312,723.9177700544756
2014-06-27,41.35070037841797,-0.013562719357423703,-0.011285506270085703,-0.002277213087338,HOLD,0,12609639.864831198,0.0,12609639.864831198,0,1160.96398648312,725.3632432996293
2014-06-30,41.49553680419922,0.013723121767377222,-0.0062837806625931185,0.02000690242997034,BUY,300800,120293.27964565158,12481857.470703125,12602150.750348777,300800,1160.2150750348776,728.2541897899366
2014-07-01,41.314491271972656,0.020502150029223287,-0.0009265945242298375,0.021428744553453123,HOLD,300800,120293.27964565158,12427398.974609375,12547692.254255027,0,1154.7692254255028,724.6405066770525
2014-07-02,41.64037322998047,0.05157599332298446,0.009573923045213022,0.04200207027777143,HOLD,300800,120293.27964565158,12525424.267578125,12645717.547223777,0,1164.5717547223776,731.1451362802438
2014-07-03,41.78520965576172,0.08688773934682104,0.025036686305534628,0.06185105304128641,HOLD,300800,120293.27964565158,12568991.064453125,12689284.344098777,0,1168.9284344098776,734.0360827705514
2014-07-04,41.82141876220703,0.11645193928880104,0.04331973690218791,0.07313220238661314,HOLD,300800,120293.27964565158,12579882.763671875,12700176.043317527,0,1170.0176043317526,734.7588193931282
2014-07-07,41.604164123535156,0.12095683200696783,0.0588471559231439,0.06210967608382393,HOLD,300800,120293.27964565158,12514532.568359375,12634825.848005027,0,1163.4825848005028,730.422399657667
2014-07-08,41.64037322998047,0.1259963566506599,0.0722769960686471,0.05371936058201279,HOLD,300800,120293.27964565158,12525424.267578125,12645717.547223777,0,1164.5717547223776,731.1451362802438
2014-07-09,41.278282165527344,0.09962408897466446,0.07774641464985058,0.021877674324813884,HOLD,300800,120293.27964565158,12416507.275390625,12536800.555036277,0,1153.6800555036275,723.9177700544756
2014-07-10,41.278282165527344,0.07782673864191025,0.07776247944826252,6.42591936477338e-05,HOLD,300800,120293.27964565158,12416507.275390625,12536800.555036277,0,1153.6800555036275,723.9177700544756
2014-07-11,41.67658233642578,0.09163536111792325,0.08053705578219467,0.011098305335728587,HOLD,300800,120293.27964565158,12536315.966796875,12656609.246442527,0,1165.6609246442526,731.8678729028209
2014-07-14,42.400760650634766,0.1591790150617527,0.09626544763810628,0.06291356742364641,HOLD,300800,120293.27964565158,12754148.803710938,12874442.08335659,0,1187.444208335659,746.322529212699
2014-07-15,42.328346252441406,0.20450717923523598,0.11791379395753222,0.08659338527770376,HOLD,300800,120293.27964565158,12732366.552734375,12852659.832380027,0,1185.2659832380027,744.8771321092039
2014-07-16,42.25592803955078,0.23191318057378396,0.14071367128078258,0.09119950929300139,HOLD,300800,120293.27964565158,12710583.154296875,12830876.433942527,0,1183.0876433942526,743.4316588640503
2014-07-17,42.328346252441406,0.25651918515139727,0.16387477405490553,0.09264441109649174,HOLD,300800,120293.27964565158,12732366.552734375,12852659.832380027,0,1185.2659832380027,744.8771321092039
2014-07-18,42.90768814086914,0.3190894056477305,0.19491770037347053,0.12417170527425994,HOLD,300800,120293.27964565158,12906632.592773438,13026925.87241909,0,1202.6925872419088,756.4408419287748
2014-07-21,42.58180618286133,0.338479030119764,0.22362996632272922,0.11484906379703477,HOLD,300800,120293.27964565158,12808607.299804688,12928900.57945034,0,1192.890057945034,749.9362123255831
2014-07-22,43.45082473754883,0.4191364379276834,0.2627312606437201,0.1564051772839633,HOLD,300800,120293.27964565158,13070008.081054688,13190301.36070034,0,1219.030136070034,767.2818912674273
2014-07-23,43.88533401489258,0.512214788813985,0.31262796627777306,0.1995868225362119,HOLD,300800,120293.27964565158,13200708.471679688,13321001.75132534,0,1232.1001751325339,775.9547307383494
2014-07-24,45.2974853515625,0.691952466207816,0.38849286626378166,0.3034595999440344,HOLD,300800,120293.27964565158,13625483.59375,13745776.873395652,0,1274.5776873395653,804.1413828771877
2014-07-25,45.84061813354492,0.8682139172448018,0.4844370764599857,0.3837768407848161,HOLD,300800,120293.27964565158,13788857.934570312,13909151.214215964,0,1290.9151214215963,814.9823560741817
2014-07-28,47.868324279785156,1.1581706564496912,0.6191837924579269,0.5389868639917643,HOLD,300800,120293.27964565158,14398791.943359375,14519085.223005027,0,1351.9085223005027,855.4555307968263
2014-07-29,47.578651428222656,1.349038408050255,0.7651547155763926,0.5838836924738625,HOLD,300800,120293.27964565158,14311658.349609375,14431951.629255027,0,1343.1951629255027,849.6736378162116
2014-07-30,47.144142150878906,1.4485433034699895,0.9018324331551121,0.5467108703148774,HOLD,300800,120293.27964565158,14180957.958984375,14301251.238630027,0,1330.1251238630027,841.0007983452895
2014-07-31,47.65106964111328,1.5504340235643213,1.031552751236954,0.5188812723273672,HOLD,300800,120293.27964565158,14333441.748046875,14453735.027692527,0,1345.3735027692528,851.1191110613652
2014-08-01,46.456172943115234,1.5172747768057349,1.1286971563507102,0.38857762045502464,HOLD,300800,120293.27964565158,13974016.821289062,14094310.100934714,0,1309.4310100934715,827.2688786579881
2014-08-04,49.28047561645508,1.699304927482899,1.242818710577148,0.4564862169057511,HOLD,300800,120293.27964565158,14823567.065429688,14943860.34507534,0,1394.386034507534,883.6421829356646
2014-08-05,48.62871551513672,1.770563585287384,1.3483676855191953,0.4221958997681887,HOLD,300800,120293.27964565158,14627517.626953125,14747810.906598777,0,1374.7810906598777,870.6329998709398
2014-08-06,48.7735481262207,1.8177692538498817,1.4422479991853328,0.375521254664549,HOLD,300800,120293.27964565158,14671083.276367188,14791376.55601284,0,1379.137655601284,873.5238702195888
2014-08-07,47.36139678955078,1.7213881838001015,1.4980760361082865,0.22331214769181496,HOLD,300800,120293.27964565158,14246308.154296875,14366601.433942527,0,1336.6601433942528,845.3372180807505
2014-08-08,47.288978576660156,1.6204820386154069,1.5225572366097107,0.0979248020056962,HOLD,300800,120293.27964565158,14224524.755859375,14344818.035505027,0,1334.4818035505027,843.8917448355968
2014-08-11,48.37525177001953,1.6096117575151538,1.5399681407907995,0.06964361672435437,HOLD,300800,120293.27964565158,14551275.732421875,14671569.012067527,0,1367.1569012067528,865.573843512902
2014-08-12,47.90453338623047,1.5452018171199313,1.541014876056626,0.004186941063305305,HOLD,300800,120293.27964565158,14409683.642578125,14529976.922223777,0,1352.9976922223775,856.1782674194031
2014-08-13,48.447669982910156,1.5204561870055855,1.536903138246418,-0.016446951240832508,SELL,0,14684608.57502651,0.0,14684608.57502651,300800,1368.4608575026512,867.0193167580557
2014-08-14,47.687278747558594,1.4230834587454382,1.5141392023462221,-0.09105574360078394,HOLD,0,14684608.57502651,0.0,14684608.57502651,0,1368.4608575026512,851.841847683942
2014-08-15,48.78607177734375,1.4182298140943317,1.494957324695844,-0.0767275106015124,HOLD,0,14684608.57502651,0.0,14684608.57502651,0,1368.4608575026512,873.773843284477
2014-08-18,48.749446868896484,1.3953432928067144,1.4750345183180182,-0.07969122551130381,HOLD,0,14684608.57502651,0.0,14684608.57502651,0,1368.4608575026512,873.0428072211225
2014-08-19,48.309932708740234,1.3264499508987484,1.4453176048341643,-0.11886765393541587,HOLD,0,14684608.57502651,0.0,14684608.57502651,0,1368.4608575026512,864.2700698942355
2014-08-20,47.98029708862305,1.2310617281307472,1.402466429493481,-0.17140470136273378,HOLD,0,14684608.57502651,0.0,14684608.57502651,0,1368.4608575026512,857.6905168990701
2014-08-21,47.064640045166016,1.0692543053657317,1.3358240046679313,-0.26656969930219954,HOLD,0,14684608.57502651,0.0,14684608.57502651,0,1368.4608575026512,839.4139300402827
2014-08-22,47.5407829284668,0.9682797818631173,1.2623151601069684,-0.2940353782438512,HOLD,0,14684608.57502651,0.0,14684608.57502651,0,1368.4608575026512,848.917779572183
2014-08-25,46.84488296508789,0.8226207731301187,1.1743762827115987,-0.35175550958147994,HOLD,0,14684608.57502651,0.0,14684608.57502651,0,1368.4608575026512,835.0275613768391
2014-08-26,46.25886535644531,0.6523780280130609,1.069976631771891,-0.4175986037588302,HOLD,0,14684608.57502651,0.0,14684608.57502651,0,1368.4608575026512,823.3306036548757
2014-08-27,46.22224044799805,0.508640807341358,0.9577094668857845,-0.44906865954442654,HOLD,0,14684608.57502651,0.0,14684608.57502651,0,1368.4608575026512,822.5995675915212
2014-08-28,46.29549026489258,0.3960729895606292,0.8453821714207534,-0.44930918186012425,HOLD,0,14684608.57502651,0.0,14684608.57502651,0,1368.4608575026512,824.0616397182303
2014-08-29,47.21114730834961,0.37640904474254455,0.7515875460851117,-0.37517850134256714,HOLD,0,14684608.57502651,0.0,14684608.57502651,0,1368.4608575026512,842.3382265770174
2014-09-01,47.35765075683594,0.36840014318605796,0.674950065505301,-0.30654992231924305,HOLD,0,14684608.57502651,0.0,14684608.57502651,0,1368.4608575026512,845.2624469720938
2014-09-02,48.3465576171875,0.43681422748539234,0.6273228979013193,-0.190508670415927,HOLD,0,14684608.57502651,0.0,14684608.57502651,0,1368.4608575026512,865.0011059575899
2014-09-03,48.566314697265625,0.5029675451906996,0.6024518273591954,-0.09948428216849581,HOLD,0,14684608.57502651,0.0,14684608.57502651,0,1368.4608575026512,869.3874746210333
2014-09-04,49.628475189208984,0.6337959952266345,0.6087206609326833,0.025075334293951257,BUY,292900,139706.48387744837,14536180.382919312,14675886.86679676,292900,1367.588686679676,890.5882818748969
2014-09-05,49.92148208618164,0.752447940794184,0.6374661169049834,0.11498182388920053,HOLD,292900,139706.48387744837,14622002.103042603,14761708.58692005,0,1376.1708586920051,896.4367226650495
2014-09-09,49.188961029052734,0.7783992332964331,0.6656527401832735,0.11274649311315965,HOLD,292900,139706.48387744837,14407446.685409546,14547153.169286994,0,1354.7153169286994,881.8155445480098
2014-09-10,48.71281814575195,0.7518778879189725,0.6828977697304133,0.0689801181885592,HOLD,292900,139706.48387744837,14267984.434890747,14407690.918768195,0,1340.7690918768196,872.3116950161098
2014-09-11,49.005828857421875,0.7459047209568084,0.6954991599756923,0.05040556098111604,HOLD,292900,139706.48387744837,14353807.272338867,14493513.756216316,0,1349.3513756216316,878.1602119479206
2014-09-12,49.005828857421875,0.7327245505909303,0.70294423809874,0.029780312492190375,HOLD,292900,139706.48387744837,14353807.272338867,14493513.756216316,0,1349.3513756216316,878.1602119479206
2014-09-15,48.63956832885742,0.6848307048565019,0.6993215314502924,-0.014490826593790529,SELL,0,14377688.129661674,0.0,14377688.129661674,292900,1337.7688129661674,870.8496228894008
2014-09-16,47.10126876831055,0.5167893427718653,0.662815093714607,-0.14602575094274173,HOLD,0,14377688.129661674,0.0,14377688.129661674,0,1337.7688129661674,840.1450422452957
2014-09-17,47.35765075683594,0.3996957921574733,0.6101912334031803,-0.21049544124570696,HOLD,0,14377688.129661674,0.0,14377688.129661674,0,1337.7688129661674,845.2624469720938
2014-09-18,47.57740783691406,0.320931372370012,0.5523392611965466,-0.23140788882653462,HOLD,0,14377688.129661674,0.0,14377688.129661674,0,1337.7688129661674,849.6488156355373
2014-09-19,48.01692199707031,0.2906249779350887,0.4999964045442551,-0.2093714266091664,HOLD,0,14377688.129661674,0.0,14377688.129661674,0,1337.7688129661674,858.4215529624246
2014-09-22,47.02801513671875,0.1846815292992332,0.4369334294952507,-0.2522519001960175,HOLD,0,14377688.129661674,0.0,14377688.129661674,0,1337.7688129661674,838.6828939769282
2014-09-23,47.79716491699219,0.1609294476912453,0.38173263313444966,-0.22080318544320438,HOLD,0,14377688.129661674,0.0,14377688.129661674,0,1337.7688129661674,854.0351842989809
2014-09-24,49.40871810913086,0.2690432629246402,0.35919475909248777,-0.09015149616784757,HOLD,0,14377688.129661674,0.0,14377688.129661674,0,1337.7688129661674,886.2019132114534
2014-09-25,48.749446868896484,0.29809036096146,0.3469738794662822,-0.0488835185048222,HOLD,0,14377688.129661674,0.0,14377688.129661674,0,1337.7688129661674,873.0428072211225
2014-09-26,48.63956832885742,0.308685778041756,0.339316259181377,-0.03063048113962097,HOLD,0,14377688.129661674,0.0,14377688.129661674,0,1337.7688129661674,870.8496228894008
2014-09-29,49.04245376586914,0.3456082533159517,0.34057465800829195,0.005033595307659733,BUY,290200,137028.77475673705,14232120.082855225,14369148.857611962,290200,1336.914885761196,878.8912480112751
2014-09-30,48.78607177734375,0.35014543852515345,0.34248881411166426,0.007656624413489188,HOLD,290200,137028.77475673705,14157718.029785156,14294746.804541893,0,1329.4746804541892,873.773843284477
2014-10-08,48.93257522583008,0.3613968366335527,0.34627041861604196,0.015126418017510745,HOLD,290200,137028.77475673705,14200233.330535889,14337262.105292626,0,1333.7262105292625,876.6980636795532
2014-10-09,49.04245376586914,0.37485879177420856,0.35198809324767527,0.022870698526533284,HOLD,290200,137028.77475673705,14232120.082855225,14369148.857611962,0,1336.914885761196,878.8912480112751
2014-10-10,48.49306106567383,0.33730781425601464,0.34905203744934316,-0.011744223193328518,SELL,0,14201271.484222526,0.0,14201271.484222526,290200,1320.1271484222525,867.9253263526662
2014-10-13,47.943668365478516,0.2602173707232609,0.3312851041041267,-0.0710677333808658,HOLD,0,14201271.484222526,0.0,14201271.484222526,0,1320.1271484222525,856.9594046940571
2014-10-14,47.5407829284668,0.1647144257354256,0.2979709684303865,-0.1332565426949609,HOLD,0,14201271.484222526,0.0,14201271.484222526,0,1320.1271484222525,848.917779572183
2014-10-15,48.85932540893555,0.19319596954889562,0.27701596865408834,-0.08381999910519272,HOLD,0,14201271.484222526,0.0,14201271.484222526,0,1320.1271484222525,875.2359915528444
2014-10-16,48.126800537109375,0.15487387342176362,0.2525875496076234,-0.0977136761858598,HOLD,0,14201271.484222526,0.0,14201271.484222526,0,1320.1271484222525,860.6147372941463
2014-10-17,48.71281814575195,0.16983233813215293,0.23603650731252934,-0.06620416918037642,HOLD,0,14201271.484222526,0.0,14201271.484222526,0,1320.1271484222525,872.3116950161098
2014-10-20,48.52968978881836,0.16500799183211257,0.221830804216446,-0.056822812384333427,HOLD,0,14201271.484222526,0.0,14201271.484222526,0,1320.1271484222525,868.656438557679
2014-10-21,48.2733039855957,0.13889537163247212,0.20524371769965122,-0.0663483460671791,HOLD,0,14201271.484222526,0.0,14201271.484222526,0,1320.1271484222525,863.5389576892225
2014-10-22,47.72391128540039,0.07302771451879408,0.1788005170634798,-0.10577280254468571,HOLD,0,14201271.484222526,0.0,14201271.484222526,0,1320.1271484222525,852.5730360306135
2014-10-23,46.91813659667969,-0.04368854715788473,0.1343027042192069,-0.17799125137709162,HOLD,0,14201271.484222526,0.0,14201271.484222526,0,1320.1271484222525,836.4897096452065
2014-10-24,46.44199752807617,-0.17261764030134685,0.07291863531509615,-0.245536275616443,HOLD,0,14201271.484222526,0.0,14201271.484222526,0,1320.1271484222525,826.9859362549649
2014-10-27,45.16007995605469,-0.3739245407852394,-0.01644999990497096,-0.3574745408802684,HOLD,0,14201271.484222526,0.0,14201271.484222526,0,1320.1271484222525,801.3987603376577
2014-10-28,46.5885009765625,-0.413434258436844,-0.09584685161134557,-0.31758740682549846,HOLD,0,14201271.484222526,0.0,14201271.484222526,0,1320.1271484222525,829.9101566500411
2014-10-29,47.3942756652832,-0.3753993411612413,-0.15175734952132472,-0.22364199163991658,HOLD,0,14201271.484222526,0.0,14201271.484222526,0,1320.1271484222525,845.9934830354481
2014-10-30,47.5407829284668,-0.3296346602935003,-0.18733281167575985,-0.14230184861774045,HOLD,0,14201271.484222526,0.0,14201271.484222526,0,1320.1271484222525,848.917779572183
2014-10-31,48.60293960571289,-0.205292173562178,-0.1909246840530435,-0.014367489509134496,HOLD,0,14201271.484222526,0.0,14201271.484222526,0,1320.1271484222525,870.1185106843878
2014-11-03,48.383182525634766,-0.12306381372407316,-0.17735250998724944,0.054288696263176284,BUY,290500,137523.77181140892,14055314.5236969,14192838.295508308,290500,1319.2838295508307,865.7321420209444
2014-11-04,48.09017562866211,-0.0806112180114269,-0.15800425159208495,0.07739303358065805,HOLD,290500,137523.77181140892,13970196.020126343,14107719.791937752,0,1310.7719791937752,859.8837012307918
2014-11-05,48.566314697265625,-0.00844938720252486,-0.12809327871417295,0.11964389151164809,HOLD,290500,137523.77181140892,14108514.419555664,14246038.191367073,0,1324.6038191367074,869.3874746210333
2014-11-06,48.2733039855957,0.024809875174959473,-0.09751264793634647,0.12232252311130594,HOLD,290500,137523.77181140892,14023394.807815552,14160918.57962696,0,1316.091857962696,863.5389576892225
2014-11-07,49.92148208618164,0.18206356312229843,-0.041597405724617495,0.22366096884691594,HOLD,290500,137523.77181140892,14502190.546035767,14639714.317847176,0,1363.9714317847177,896.4367226650495
2014-11-10,51.71616744995117,0.44635900505556236,0.05599387643141849,0.39036512862414385,HOLD,290500,137523.77181140892,15023546.644210815,15161070.416022224,0,1416.1070416022226,932.258784177611
2014-11-11,52.22893142700195,0.6892456200665222,0.18264422515843926,0.506601394908083,HOLD,290500,137523.77181140892,15172504.579544067,15310028.351355476,0,1431.0028351355477,942.4935936312071
2014-11-12,56.3310661315918,1.1989225670074433,0.38589989352824006,0.8130226734792032,HOLD,290500,137523.77181140892,16364174.711227417,16501698.483038826,0,1550.1698483038826,1024.3725261099264
2014-11-13,55.159027099609375,1.4910831859396865,0.6069365520105293,0.8841466339291572,HOLD,290500,137523.77181140892,16023697.372436523,16161221.144247932,0,1516.1221144247932,1000.9785345243412
2014-11-14,56.3310661315918,1.796487545934312,0.8448467507952859,0.951640795139026,HOLD,290500,137523.77181140892,16364174.711227417,16501698.483038826,0,1550.1698483038826,1024.3725261099264
2014-11-17,54.79276657104492,1.8925783183544596,1.0543930643071207,0.8381852540473389,HOLD,290500,137523.77181140892,15917298.68888855,16054822.460699959,0,1505.4822460699959,993.6679454658213
2014-11-18,53.29109191894531,1.8265035573383201,1.2088151629133606,0.6176883944249596,HOLD,290500,137523.77181140892,15481062.202453613,15618585.974265022,0,1461.8585974265022,963.6944008850706
2014-11-19,52.74169921875,1.7100945285227667,1.3090710360352418,0.4010234924875249,HOLD,290500,137523.77181140892,15321463.623046875,15458987.394858284,0,1445.8987394858284,952.7284792264617
2014-11-20,53.47422409057617,1.657837649242893,1.378824358676772,0.2790132905661209,HOLD,290500,137523.77181140892,15534262.098312378,15671785.870123787,0,1467.1785870123786,967.3497334851598
2014-11-21,57.02696228027344,1.8814122273414284,1.4793419324097035,0.40207029493172497,HOLD,290500,137523.77181140892,16566332.542419434,16703856.314230843,0,1570.3856314230843,1038.2626681636116
2014-11-24,60.5797004699707,2.318546214176912,1.6471827887631454,0.6713634254137668,HOLD,290500,137523.77181140892,17598402.98652649,17735926.7583379,0,1673.59267583379,1109.1756028420634
2014-11-25,60.28669357299805,2.6112341583587266,1.8399930626822618,0.7712410956764648,HOLD,290500,137523.77181140892,17513284.482955933,17650808.254767343,0,1665.0808254767344,1103.327162051911
2014-11-26,62.3377571105957,2.974408024653023,2.0668760550764143,0.9075319695766089,HOLD,290500,137523.77181140892,18109118.44062805,18246642.212439463,0,1724.664221243946,1144.2665521496122
2014-11-27,64.13243865966797,3.368215046038621,2.3271438532688555,1.0410711927697656,HOLD,290500,137523.77181140892,18630473.430633545,18767997.202444956,0,1776.7997202444956,1180.0885375205155
2014-11-28,63.2167854309082,3.5653255311999033,2.574780188855065,0.9905453423448383,HOLD,290500,137523.77181140892,18364476.167678833,18501999.939490244,0,1750.1999939490242,1161.8120268033867
2014-12-01,64.1690673828125,3.7550918444417007,2.8108425199723923,0.9442493244693084,HOLD,290500,137523.77181140892,18641114.07470703,18778637.846518442,0,1777.8637846518443,1180.8196497255283
2014-12-02,68.85721588134766,4.2349594419423084,3.095665904366376,1.1392935375759325,HOLD,290500,137523.77181140892,20003021.213531494,20140544.985342905,0,1914.0544985342906,1274.3954637845527
2014-12-03,70.1391372680664,4.664923972919581,3.409517518077017,1.2554064548425643,HOLD,290500,137523.77181140892,20375419.37637329,20512943.1481847,0,1951.2943148184704,1299.9827158435182
2014-12-04,77.1713638305664,5.509604582255967,3.8295349309128075,1.6800696513431599,HOLD,290500,137523.77181140892,22418281.19277954,22555804.96459095,0,2155.5804964590952,1440.3465130737131
2014-12-05,84.89948272705078,6.72509198493416,4.408646341717079,2.3164456432170812,HOLD,290500,137523.77181140892,24663299.732208252,24800823.504019663,0,2380.0823504019663,1594.6003762159346
2014-12-08,93.39675903320312,8.27860310849266,5.182637695072195,3.0959654134204655,HOLD,290500,137523.77181140892,27131758.499145508,27269282.27095692,0,2626.928227095692,1764.2066819635256
2014-12-09,97.20587921142578,9.705259836512184,6.087162123360193,3.6180977131519905,HOLD,290500,137523.77181140892,28238307.91091919,28375831.6827306,0,2737.58316827306,1840.2370213687757
2014-12-10,99.87959289550781,10.925697283844414,7.054869155457038,3.8708281283873758,HOLD,290500,137523.77181140892,29015021.73614502,29152545.50795643,0,2815.254550795643,1893.6045575351116
2014-12-11,90.50328826904297,11.00940377769048,7.845776079903727,3.163627697786753,HOLD,290500,137523.77181140892,26291205.242156982,26428729.013968393,0,2542.8729013968396,1706.4527771337464
2014-12-12,93.28688049316406,11.17157543858022,8.510935951639027,2.660639486941193,HOLD,290500,137523.77181140892,27099838.78326416,27237362.55507557,0,2623.736255507557,1762.013497631804
2014-12-15,99.11044311523438,11.635879308689411,9.135924623049105,2.499954685640306,HOLD,290500,137523.77181140892,28791583.724975586,28929107.496786997,0,2792.9107496786996,1878.2522672130592
2014-12-16,109.03614044189453,12.658841052825466,9.840507909004378,2.8183331438210875,HOLD,290500,137523.77181140892,31674998.79837036,31812522.570181772,0,3081.2522570181773,2076.369969273034
2014-12-17,119.95073699951172,14.186726577154218,10.709751642634346,3.4769749345198715,HOLD,290500,137523.77181140892,34845689.098358154,34983212.870169565,0,3398.321287016957,2294.2261780351873
2014-12-18,116.25149536132812,14.927019588586276,11.553205231824734,3.3738143567615424,HOLD,290500,137523.77181140892,33771059.40246582,33908583.17427723,0,3290.8583174277233,2220.3890229616595
2014-12-19,118.04618072509766,15.480078534384049,12.338579892336597,3.141498642047452,HOLD,290500,137523.77181140892,34292415.50064087,34429939.27245228,0,3342.993927245228,2256.2110844742206
2014-12-22,112.58887481689453,15.301635031612435,12.931190920191765,2.370444111420669,HOLD,290500,137523.77181140892,32707068.13430786,32844591.906119272,0,3184.459190611927,2147.282827809827
2014-12-23,113.5777816772461,15.066338418225527,13.358220419798519,1.7081179984270083,HOLD,290500,137523.77181140892,32994345.57723999,33131869.3490514,0,3213.18693490514,2167.021486795323
2014-12-24,103.28582763671875,13.889282476661236,13.464432831171063,0.42484964549017334,HOLD,290500,137523.77181140892,30004532.928466797,30142056.700278208,0,2914.205670027821,1961.5932718184877
2014-12-25,106.94844818115234,13.10098008750829,13.391742282438509,-0.2907621949302186,SELL,0,31187406.853918187,0.0,31187406.853918187,290500,3018.7406853918187,2034.6994669703197
2014-12-26,117.6432876586914,13.187214925126526,13.350836810976112,-0.1636218858495866,HOLD,0,31187406.853918187,0.0,31187406.853918187,0,3018.7406853918187,2248.16930706903
2014-12-29,117.89967346191406,13.124948609271101,13.30565917063511,-0.18071056136400898,HOLD,0,31187406.853918187,0.0,31187406.853918187,0,3018.7406853918187,2253.286787937486
2014-12-30,122.55120086669922,13.297654409945338,13.304058218497156,-0.006403808551818102,HOLD,0,31187406.853918187,0.0,31187406.853918187,0,3018.7406853918187,2346.1316420748144
2014-12-31,124.16275024414062,13.40998164673735,13.325242904145195,0.08473874259215464,BUY,248600,302027.0273984149,30866859.71069336,31168886.738091774,248600,3016.8886738091774,2378.298294845629
2015-01-05,126.94634246826172,13.56721995387764,13.373638314091686,0.193581639785954,HOLD,248600,302027.0273984149,31558860.737609863,31860887.76500828,0,3086.088776500828,2433.859015343686
2015-01-06,127.12947082519531,13.55040869644803,13.408992390562956,0.14141630588507503,HOLD,248600,302027.0273984149,31604386.447143555,31906413.47454197,0,3090.641347454197,2437.514271802117
2015-01-07,132.4036407470703,13.803548375176149,13.487903587485595,0.3156447876905535,HOLD,248600,302027.0273984149,32915545.08972168,33217572.117120095,0,3221.7572117120094,2542.787119724763
2015-01-08,129.10728454589844,13.581614598870487,13.506645789762574,0.07496880910791326,HOLD,248600,302027.0273984149,32096070.93811035,32398097.965508766,0,3139.809796550877,2476.9915897731094
2015-01-09,128.0451202392578,13.168227569054324,13.438962145620925,-0.2707345765666016,SELL,0,32114944.708743017,0.0,32114944.708743017,248600,3111.494470874302,2455.7907063775874
2015-01-12,122.80757904052734,12.276474016233479,13.206464519743436,-0.9299905035099574,HOLD,0,32114944.708743017,0.0,32114944.708743017,0,3111.494470874302,2351.248970659954
2015-01-13,117.82642364501953,11.040546739410445,12.77328096367684,-1.7327342242663946,HOLD,0,32114944.708743017,0.0,32114944.708743017,0,3111.494470874302,2251.8247158107774
2015-01-14,119.62110137939453,10.089574626813643,12.2365396963042,-2.146965069490557,HOLD,0,32114944.708743017,0.0,32114944.708743017,0,3111.494470874302,2287.646625040022
2015-01-15,122.22156524658203,9.436974509462871,11.676626658935936,-2.2396521494730646,HOLD,0,32114944.708743017,0.0,32114944.708743017,0,3111.494470874302,2339.552089079649
2015-01-16,120.53675842285156,8.68373370782821,11.078048068714391,-2.394314360886181,HOLD,0,32114944.708743017,0.0,32114944.708743017,0,3111.494470874302,2305.9232118988093
2015-01-19,108.48674774169922,7.033373439015918,10.269113142774698,-3.23573970375878,HOLD,0,32114944.708743017,0.0,32114944.708743017,0,3111.494470874302,2065.4040476144246
2015-01-20,97.7552719116211,4.804131584538339,9.176116831127427,-4.371985246589087,HOLD,0,32114944.708743017,0.0,32114944.708743017,0,3111.494470874302,1851.202943027385
2015-01-21,105.3002700805664,3.6047068335724646,8.061834831616435,-4.457127998043971,HOLD,0,32114944.708743017,0.0,32114944.708743017,0,3111.494470874302,2001.8017019944928
2015-01-22,104.12822723388672,2.5304110114729355,6.955550067587736,-4.4251390561148005,HOLD,0,32114944.708743017,0.0,32114944.708743017,0,3111.494470874302,1978.4076342672488
2015-01-23,106.98506927490234,1.887785889037545,5.941997231877698,-4.054211342840153,HOLD,0,32114944.708743017,0.0,32114944.708743017,0,3111.494470874302,2035.4304268920157
2015-01-26,104.82412719726562,1.190408594451469,4.991679504392453,-3.8012709099409836,HOLD,0,32114944.708743017,0.0,32114944.708743017,0,3111.494470874302,1992.2978524625926
2015-01-27,102.73643493652344,0.46392490872567294,4.086128585259097,-3.622203676533424,HOLD,0,32114944.708743017,0.0,32114944.708743017,0,3111.494470874302,1950.6273501598785
2015-01-28,105.73978424072266,0.12903906060054737,3.294710680327387,-3.1656716197268397,HOLD,0,32114944.708743017,0.0,32114944.708743017,0,3111.494470874302,2010.5744393213797
2015-01-29,103.21257781982422,-0.3364069344478082,2.5684871573723482,-2.9048940918201565,HOLD,0,32114944.708743017,0.0,32114944.708743017,0,3111.494470874302,1960.1311996917786
2015-01-30,102.04053497314453,-0.7907351982869386,1.896642686240491,-2.6873778845274297,HOLD,0,32114944.708743017,0.0,32114944.708743017,0,3111.494470874302,1936.7371319645347
2015-02-02,98.5976791381836,-1.4123229337328667,1.2348495622458195,-2.647172495978686,HOLD,0,32114944.708743017,0.0,32114944.708743017,0,3111.494470874302,1868.017457759463
2015-02-03,104.01834869384766,-1.4508089393001171,0.6977178619366322,-2.1485268012367493,HOLD,0,32114944.708743017,0.0,32114944.708743017,0,3111.494470874302,1976.214449935527
2015-02-04,102.6631851196289,-1.5725325742058658,0.2436677747081326,-1.8162003489139984,HOLD,0,32114944.708743017,0.0,32114944.708743017,0,3111.494470874302,1949.1652780331694
2015-02-05,102.8463134765625,-1.6353709653970867,-0.13213997331291127,-1.5032309920841755,HOLD,0,32114944.708743017,0.0,32114944.708743017,0,3111.494470874302,1952.8205344916003
2015-02-06,103.68871307373047,-1.5987666491443662,-0.42546530847920233,-1.1733013406651638,HOLD,0,32114944.708743017,0.0,32114944.708743017,0,3111.494470874302,1969.6348969403616
2015-02-09,107.71759796142578,-1.2304759641827019,-0.5864674396199022,-0.6440085245627997,HOLD,0,32114944.708743017,0.0,32114944.708743017,0,3111.494470874302,2050.0517572923723
2015-02-10,108.19373321533203,-0.8899243136682742,-0.6471588144295767,-0.2427654992386975,HOLD,0,32114944.708743017,0.0,32114944.708743017,0,3111.494470874302,2059.555454540955
2015-02-11,107.3879623413086,-0.6772467732879761,-0.6531764062012566,-0.024070367086719502,HOLD,0,32114944.708743017,0.0,32114944.708743017,0,3111.494470874302,2043.4722042972069
2015-02-12,106.2159194946289,-0.5963974542261496,-0.6418206158062353,0.045423161580085636,BUY,299300,305445.74917774275,31790424.70474243,32095870.453920174,299300,3109.587045392018,2020.078136569963
2015-02-13,106.69206237792969,-0.4882745103762005,-0.6111113947202284,0.12283688434402784,HOLD,299300,305445.74917774275,31932934.269714355,32238380.0188921,0,3123.8380018892103,2029.5819861018633
2015-02-16,106.10604095458984,-0.4447465680778464,-0.577838429391752,0.1330918613139056,HOLD,299300,305445.74917774275,31757538.05770874,32062983.806886483,0,3106.2983806886486,2017.884952238241
2015-02-17,106.87519073486328,-0.3442184647957447,-0.5311144364725505,0.18689597167680583,HOLD,299300,305445.74917774275,31987744.58694458,32293190.336122323,0,3129.319033612232,2033.2372425602937
2015-02-25,105.26364135742188,-0.3900910582618451,-0.5029097608304095,0.11281870256856441,HOLD,299300,305445.74917774275,31505407.858276367,31810853.60745411,0,3081.085360745411,2001.0705897894798
2015-02-26,109.62215423583984,-0.07389800519752043,-0.4171074097038317,0.34320940450631127,HOLD,299300,305445.74917774275,32809910.762786865,33115356.511964608,0,3211.5356511964605,2088.0668508533386
2015-02-27,108.15711212158203,0.0578042808829764,-0.3221250715864701,0.3799293524694465,HOLD,299300,305445.74917774275,32371423.657989502,32676869.407167245,0,3167.6869407167246,2058.8244946192594
2015-03-02,109.40239715576172,0.25967007149732524,-0.20576604296971102,0.46543611446703625,HOLD,299300,305445.74917774275,32744137.468719482,33049583.217897225,0,3204.958321789722,2083.680482189895
2015-03-03,104.82412719726562,0.04964971051461475,-0.15468289227284587,0.20433260278746063,HOLD,299300,305445.74917774275,31373861.2701416,31679307.019319344,0,3067.9307019319344,1992.2978524625926
2015-03-04,103.9084701538086,-0.1885058317335364,-0.16144748016498398,-0.027058351568552436,SELL,0,31386590.98314243,0.0,31386590.98314243,299300,3038.6590983142432,1974.0212656038054
2015-03-05,103.5788345336914,-0.3992424361625524,-0.20900647136449765,-0.19023596479805474,HOLD,0,31386590.98314243,0.0,31386590.98314243,0,3038.6590983142432,1967.44171260864
2015-03-06,102.95619201660156,-0.6094691796151039,-0.28909901301461893,-0.320370166600485,HOLD,0,31386590.98314243,0.0,31386590.98314243,0,3038.6590983142432,1955.0137188233218
2015-03-09,101.30801391601562,-0.8987098193512963,-0.41102117428195445,-0.4876886450693419,HOLD,0,31386590.98314243,0.0,31386590.98314243,0,3038.6590983142432,1922.115953847495
2015-03-10,100.83187103271484,-1.1530640569081783,-0.5594297508071993,-0.593634306100979,HOLD,0,31386590.98314243,0.0,31386590.98314243,0,3038.6590983142432,1912.6121043155952
2015-03-11,100.61211395263672,-1.3567345906480597,-0.7188907187753714,-0.6378438718726883,HOLD,0,31386590.98314243,0.0,31386590.98314243,0,3038.6590983142432,1908.2257356521513
2015-03-12,103.28582763671875,-1.2875564574901546,-0.8326238665183281,-0.4549325909718265,HOLD,0,31386590.98314243,0.0,31386590.98314243,0,3038.6590983142432,1961.5932718184877
2015-03-13,103.39570617675781,-1.2099188176910758,-0.9080828567528777,-0.3018359609381981,HOLD,0,31386590.98314243,0.0,31386590.98314243,0,3038.6590983142432,1963.7864561502092
2015-03-16,105.37351989746094,-0.9775290444853937,-0.921972094299381,-0.0555569501860127,HOLD,0,31386590.98314243,0.0,31386590.98314243,0,3038.6590983142432,2003.2637741212013
2015-03-17,108.41349029541016,-0.5418125916304604,-0.8459401937655969,0.30412760213513657,BUY,286600,296641.88068668544,31071306.31866455,31367948.199351236,286600,3036.7948199351235,2063.941823204399
2015-03-18,109.80529022216797,-0.08323802510381029,-0.6933997600332397,0.6101617349294294,HOLD,286600,296641.88068668544,31470196.17767334,31766838.058360025,0,3076.6838058360026,2091.7222595950866
2015-03-19,108.74312591552734,0.19226156836998598,-0.5162674943525946,0.7085290627225805,HOLD,286600,296641.88068668544,31165779.887390137,31462421.768076822,0,3046.2421768076824,2070.521376199564
2015-03-20,118.4856948852539,1.1831028022279924,-0.1763934350364772,1.3594962372644694,HOLD,286600,296641.88068668544,33958000.15411377,34254642.034800455,0,3325.4642034800454,2264.983821801108
2015-03-23,122.0384292602539,2.2293292711796653,0.3047511062067513,1.924578164972914,HOLD,286600,296641.88068668544,34976213.82598877,35272855.706675455,0,3427.285570667546,2335.8966803379017
2015-03-24,118.8519515991211,2.7694249616790216,0.7976858773012054,1.9717390843778162,HOLD,286600,296641.88068668544,34062969.328308105,34359611.20899479,0,3335.9611208994793,2272.2943347179694
2015-03-25,118.55894470214844,3.1376426879621278,1.26567723943339,1.8719654485287378,HOLD,286600,296641.88068668544,33978993.55163574,34275635.43232243,0,3327.5635432322424,2266.445893927817
2015-03-26,117.27703094482422,3.2881148212126448,1.670164755789241,1.6179500654234038,HOLD,286600,296641.88068668544,33611597.06878662,33908238.94947331,0,3290.8238949473307,2240.8587941521682
2015-03-27,117.6432876586914,3.3977517595240982,2.0156821565362124,1.3820696029878858,HOLD,286600,296641.88068668544,33716566.24298096,34013208.12366764,0,3301.3208123667646,2248.16930706903
2015-03-30,120.53675842285156,3.6757470085099726,2.3476951269309647,1.3280518815790079,HOLD,286600,296641.88068668544,34545834.96398926,34842476.84467594,0,3384.2476844675944,2305.9232118988093
2015-03-31,120.20712280273438,3.8253649802301766,2.6432290975908073,1.1821358826393693,HOLD,286600,296641.88068668544,34451361.39526367,34748003.27595036,0,3374.800327595036,2299.3436589036437
2015-04-01,124.30925750732422,4.22622895182748,2.959829068438142,1.266399883389338,HOLD,286600,296641.88068668544,35627033.20159912,35923675.08228581,0,3492.3675082285804,2381.222591382363
2015-04-02,122.47794342041016,4.346046279315672,3.237072510613648,1.108973768702024,HOLD,286600,296641.88068668544,35102178.58428955,35398820.464976236,0,3439.882046497624,2344.6694176647884
2015-04-03,125.33478546142578,4.618288892108907,3.5133157869127003,1.104973105196207,HOLD,286600,296641.88068668544,35920949.51324463,36217591.393931314,0,3521.7591393931316,2401.692210289555
2015-04-07,126.83646392822266,4.898746328063368,3.790401895142834,1.1083444329205334,HOLD,286600,296641.88068668544,36351330.56182861,36647972.4425153,0,3564.7972442515297,2431.6658310119647
2015-04-08,132.1472625732422,5.486305221612582,4.129582560436784,1.356722661175798,HOLD,286600,296641.88068668544,37873405.45349121,38170047.3341779,0,3717.0047334177893,2537.6697911396236
2015-04-09,131.0118408203125,5.793546434597047,4.462375335268837,1.33117109932821,HOLD,286600,296641.88068668544,37547993.57910156,37844635.45978825,0,3684.463545978825,2515.006683334076
2015-04-10,131.2682342529297,5.988692200823891,4.767638708379849,1.2210534924440424,HOLD,286600,296641.88068668544,37621475.93688965,37918117.817576334,0,3691.811781757633,2520.1243164858492
2015-04-13,129.5834197998047,5.938935825386807,5.001898131781241,0.937037693605566,HOLD,286600,296641.88068668544,37138608.11462402,37435249.99531071,0,3643.5249995310705,2486.4952870216925
2015-04-14,128.8875274658203,5.776759951032659,5.156870495631525,0.6198894554011343,HOLD,286600,296641.88068668544,36939165.3717041,37235807.25239079,0,3623.5807252390787,2472.6052211096658
2015-04-15,124.89527130126953,5.2653964813490575,5.1785756927750315,0.08682078857402598,HOLD,286600,296641.88068668544,35794984.75494385,36091626.63563053,0,3509.1626635630532,2392.919472962668
2015-04-16,128.22825622558594,5.070630207253529,5.156986595670731,-0.08635638841720183,SELL,0,37024809.98399906,0.0,37024809.98399906,286600,3602.4809983999057,2459.446115119335
2015-04-17,128.7043914794922,4.898232887891979,5.105235854114981,-0.20700296622300218,HOLD,0,37024809.98399906,0.0,37024809.98399906,0,3602.4809983999057,2468.9498123679177
2015-04-20,123.17384338378906,4.266160121351575,4.9374207075623,-0.6712605862107246,HOLD,0,37024809.98399906,0.0,37024809.98399906,0,3602.4809983999057,2358.5596358601324
2015-04-21,128.48463439941406,4.145982050563774,4.779132976162595,-0.6331509255988212,HOLD,0,37024809.98399906,0.0,37024809.98399906,0,3602.4809983999057,2464.5634437044746
2015-04-22,138.5202178955078,4.805137150910568,4.78433381111219,0.020803339798377785,BUY,264600,350368.8590546027,36652449.65515137,37002818.51420597,264600,3600.281851420597,2664.8744823794877
2015-04-23,134.93084716796875,4.980478243846832,4.823562697659119,0.15691554618771342,HOLD,264600,350368.8590546027,35702702.16064453,36053071.019699134,0,3505.307101969913,2593.2303593543643
2015-04-24,129.65667724609375,4.640364653446795,4.786923088816654,-0.14655843536985902,SELL,0,34636941.364291415,0.0,34636941.364291415,264600,3363.6941364291415,2487.9575114317186
2015-04-27,130.9385986328125,4.423273778387895,4.714193226730902,-0.29091944834300776,HOLD,0,34636941.364291415,0.0,34636941.364291415,0,3363.6941364291415,2513.544763490684
2015-04-28,130.0595703125,4.13265873928961,4.597886329242644,-0.4652275899530336,HOLD,0,34636941.364291415,0.0,34636941.364291415,0,3363.6941364291415,2495.9992888369093
2015-04-29,130.31594848632812,3.8783248878879135,4.453974040971698,-0.5756491530837842,HOLD,0,34636941.364291415,0.0,34636941.364291415,0,3363.6941364291415,2501.1166174220493
2015-04-30,125.8475570678711,3.2784101630907116,4.218861265395501,-0.940451102304789,HOLD,0,34636941.364291415,0.0,34636941.364291415,0,3363.6941364291415,2411.9271720264683
2015-05-04,123.61335754394531,2.5928039618328427,3.8936498046829695,-1.3008458428501268,HOLD,0,34636941.364291415,0.0,34636941.364291415,0,3363.6941364291415,2367.3323731870196
2015-05-05,121.1227798461914,1.827421919866012,3.4804042277195784,-1.6529823078535664,HOLD,0,34636941.364291415,0.0,34636941.364291415,0,3363.6941364291415,2317.620245762431
2015-05-06,121.89192962646484,1.2682949814822848,3.03798237847212,-1.769687396989835,HOLD,0,34636941.364291415,0.0,34636941.364291415,0,3363.6941364291415,2332.9725360844836
2015-05-07,121.4524154663086,0.7807181026622629,2.5865295233101486,-1.8058114206478857,HOLD,0,34636941.364291415,0.0,34636941.364291415,0,3363.6941364291415,2324.199798757597
2015-05-08,122.0384292602539,0.43656389224720726,2.1565363970975606,-1.7199725048503534,HOLD,0,34636941.364291415,0.0,34636941.364291415,0,3363.6941364291415,2335.8966803379017
2015-05-11,124.38250732421875,0.34894429782522707,1.795017977243094,-1.446073679417867,HOLD,0,34636941.364291415,0.0,34636941.364291415,0,3363.6941364291415,2382.684663509072
2015-05-12,125.99405670166016,0.4048765397369465,1.5169896897418647,-1.1121131500049182,HOLD,0,34636941.364291415,0.0,34636941.364291415,0,3363.6941364291415,2414.851316279886
2015-05-13,122.22156524658203,0.14314462983548992,1.2422206777605898,-1.0990760479250998,HOLD,0,34636941.364291415,0.0,34636941.364291415,0,3363.6941364291415,2339.552089079649
2015-05-14,121.19602966308594,-0.14535636754379766,0.9647052686997123,-1.1100616362435098,HOLD,0,34636941.364291415,0.0,34636941.364291415,0,3363.6941364291415,2319.08231788914
2015-05-15,117.13052368164062,-0.694047297143797,0.6329547555310104,-1.3270020526748074,HOLD,0,34636941.364291415,0.0,34636941.364291415,0,3363.6941364291415,2237.9344976154334
2015-05-18,113.46790313720703,-1.4081988404360004,0.2247240363376083,-1.6329228767736086,HOLD,0,34636941.364291415,0.0,34636941.364291415,0,3363.6941364291415,2164.8283024636016
2015-05-19,120.90302276611328,-1.3585564741517828,-0.09193206576026991,-1.2666244083915128,HOLD,0,34636941.364291415,0.0,34636941.364291415,0,3363.6941364291415,2313.2338770989877
2015-05-20,118.70545196533203,-1.4794855504968183,-0.3694427627075796,-1.1100427877892387,HOLD,0,34636941.364291415,0.0,34636941.364291415,0,3363.6941364291415,2269.370190464552
2015-05-21,118.33918762207031,-1.586587987545883,-0.6128718076752403,-0.9737161798706427,HOLD,0,34636941.364291415,0.0,34636941.364291415,0,3363.6941364291415,2262.0595252643734
2015-05-22,121.305908203125,-1.4157579076848492,-0.7734490276771621,-0.6423088800076872,HOLD,0,34636941.364291415,0.0,34636941.364291415,0,3363.6941364291415,2321.2755022208617
2015-05-25,125.40804290771484,-0.938546866884181,-0.8064685955185659,-0.13207827136561512,HOLD,0,34636941.364291415,0.0,34636941.364291415,0,3363.6941364291415,2403.154434699581
2015-05-26,125.95743560791016,-0.5101416837127033,-0.7472032131573934,0.23706152944469006,BUY,272200,330756.023434788,34285613.972473145,34616369.99590793,272200,3361.636999590793,2414.12035635819
2015-05-27,124.27262878417969,-0.30308356108433543,-0.6583792827427818,0.35529572165844636,HOLD,272200,330756.023434788,33827009.55505371,34157765.5784885,0,3315.77655784885,2380.4914791773504
2015-05-28,112.55225372314453,-1.0723632868445918,-0.7411760835631438,-0.331187203281448,SELL,0,30949097.452796664,0.0,30949097.452796664,272200,2994.9097452796664,2146.5518678881313
2015-05-29,111.23371124267578,-1.7680375343939119,-0.9465483737292975,-0.8214891606646144,HOLD,0,30949097.452796664,0.0,30949097.452796664,0,2994.9097452796664,2120.2336559074693
2015-06-01,119.07170867919922,-1.667679527886321,-1.0907746045607023,-0.5769049233256187,HOLD,0,30949097.452796664,0.0,30949097.452796664,0,2994.9097452796664,2276.680703381413
2015-06-02,117.27703094482422,-1.713211740596762,-1.2152620317679144,-0.4979497088288476,HOLD,0,30949097.452796664,0.0,30949097.452796664,0,2994.9097452796664,2240.8587941521682
2015-06-03,116.06836700439453,-1.825778982377443,-1.33736542188982,-0.48841356048762297,HOLD,0,30949097.452796664,0.0,30949097.452796664,0,2994.9097452796664,2216.7337665032287
2015-06-04,117.9729232788086,-1.741235677182516,-1.4181394729483594,-0.3230962042341565,HOLD,0,30949097.452796664,0.0,30949097.452796664,0,2994.9097452796664,2254.748860064195
2015-06-05,116.80088806152344,-1.748650590135938,-1.484241696385875,-0.2644088937500628,HOLD,0,30949097.452796664,0.0,30949097.452796664,0,2994.9097452796664,2231.3549446202683
2015-06-08,122.62445068359375,-1.269974650773193,-1.4413882872633388,0.17141363649014574,BUY,249800,299130.71936649084,30631587.78076172,30930718.50012821,249800,2993.071850012821,2347.593714201523
2015-06-09,121.59891510009766,-0.9622801049328729,-1.3455666507972457,0.38328654586437283,HOLD,249800,299130.71936649084,30375408.992004395,30674539.711370885,0,2967.4539711370885,2327.1239430110145
2015-06-10,119.6943588256836,-0.8621731395703875,-1.248887948551874,0.38671480898148647,HOLD,249800,299130.71936649084,29899650.83465576,30198781.554022253,0,2919.8781554022253,2289.108849450048
2015-06-11,117.49678802490234,-0.9492212147524697,-1.1889546017919932,0.23973338703952352,HOLD,249800,299130.71936649084,29350697.648620605,29649828.367987096,0,2864.9828367987097,2245.245162815612
2015-06-12,117.16715240478516,-1.0328996568588735,-1.1577436128053693,0.12484395594649578,HOLD,249800,299130.71936649084,29268354.670715332,29567485.390081823,0,2856.7485390081824,2238.6656098204467
2015-06-15,114.0905532836914,-1.3321154641023156,-1.1926179830647585,-0.1394974810375571,SELL,0,28781851.037506443,0.0,28781851.037506443,249800,2778.185103750644,2177.2564485322364
2015-06-16,114.4201889038086,-1.5250672811172876,-1.2591078426752644,-0.2659594384420232,HOLD,0,28781851.037506443,0.0,28781851.037506443,0,2778.185103750644,2183.8360015274015
2015-06-17,114.71319580078125,-1.635486903451806,-1.3343836548305728,-0.3011032486212333,HOLD,0,28781851.037506443,0.0,28781851.037506443,0,2778.185103750644,2189.684442317554
2015-06-18,109.51227569580078,-2.118248189684394,-1.4911565618013372,-0.6270916278830567,HOLD,0,28781851.037506443,0.0,28781851.037506443,0,2778.185103750644,2085.8736665216165
2015-06-19,103.79859161376953,-2.9281328485222815,-1.778551819145526,-1.1495810293767554,HOLD,0,28781851.037506443,0.0,28781851.037506443,0,2778.185103750644,1971.8280812720834
2015-06-23,107.27808380126953,-3.251722502471935,-2.073185955810808,-1.1785365466611273,HOLD,0,28781851.037506443,0.0,28781851.037506443,0,2778.185103750644,2041.279019965485
2015-06-24,106.3624267578125,-3.541234360144486,-2.366795636677544,-1.1744387234669422,HOLD,0,28781851.037506443,0.0,28781851.037506443,0,2778.185103750644,2023.002433106698
2015-06-25,104.93400573730469,-3.8416520581319276,-2.6617669209684207,-1.1798851371635068,HOLD,0,28781851.037506443,0.0,28781851.037506443,0,2778.185103750644,1994.4910367943144
2015-06-26,95.33794403076172,-4.79874033875079,-3.089161604524895,-1.7095787342258948,HOLD,0,28781851.037506443,0.0,28781851.037506443,0,2778.185103750644,1802.9528877295054
2015-06-29,90.10040283203125,-5.911718883991924,-3.653673060418301,-2.2580458235736227,HOLD,0,28781851.037506443,0.0,28781851.037506443,0,2778.185103750644,1698.411152011872
2015-06-30,98.56105041503906,-6.041417152029311,-4.1312218787405035,-1.9101952732888074,HOLD,0,28781851.037506443,0.0,28781851.037506443,0,2778.185103750644,1867.2863455544502
2015-07-01,92.9938735961914,-6.51828981878117,-4.6086354667486376,-1.9096543520325326,HOLD,0,28781851.037506443,0.0,28781851.037506443,0,2778.185103750644,1756.1650568416517
2015-07-02,93.39675903320312,-6.785486490705125,-5.044005671539935,-1.74148081916519,HOLD,0,28781851.037506443,0.0,28781851.037506443,0,2778.185103750644,1764.2066819635256
2015-07-03,91.45557403564453,-7.072353495684908,-5.44967523636893,-1.622678259315978,HOLD,0,28781851.037506443,0.0,28781851.037506443,0,2778.185103750644,1725.4604761975465
2015-07-06,97.68202209472656,-6.71981351486555,-5.703702892068254,-1.0161106227972958,HOLD,0,28781851.037506443,0.0,28781851.037506443,0,2778.185103750644,1849.7408709006759
2015-07-07,95.33794403076172,-6.5540198881026726,-5.873766291275138,-0.6802535968275345,HOLD,0,28781851.037506443,0.0,28781851.037506443,0,2778.185103750644,1802.9528877295054
2015-07-08,85.81513977050781,-7.109088812247705,-6.120830795469652,-0.9882580167780537,HOLD,0,28781851.037506443,0.0,28781851.037506443,0,2778.185103750644,1612.8769630747222
2015-07-09,94.38566589355469,-6.7792679217792795,-6.252518220731577,-0.5267497010477022,HOLD,0,28781851.037506443,0.0,28781851.037506443,0,2778.185103750644,1783.9453409490218
2015-07-10,101.52777099609375,-5.873864048739307,-6.176787386333124,0.30292333759381673,BUY,280600,276065.28047763556,28488692.541503906,28764757.82198154,280600,2776.475782198154,1926.502322510939
2015-07-13,100.3923568725586,-5.188137764346237,-5.979057461935747,0.7909196975895094,HOLD,280600,276065.28047763556,28170095.33843994,28446160.618917577,0,2744.616061891758,1903.8393669887078
2015-07-14,93.9095230102539,-5.108912889357796,-5.805028547420156,0.69611565806236,HOLD,280600,276065.28047763556,26351012.156677246,26627077.43715488,0,2562.707743715488,1774.441491417122
2015-07-15,90.50328826904297,-5.260343318345406,-5.696091501605206,0.43574818325980047,HOLD,280600,276065.28047763556,25395222.688293457,25671287.968771093,0,2467.1287968771094,1706.4527771337464
2015-07-16,89.660888671875,-5.386238427801004,-5.634120886844366,0.24788245904336215,HOLD,280600,276065.28047763556,25158845.361328125,25434910.64180576,0,2443.491064180576,1689.6384146849848
2015-07-17,92.95724487304688,-5.160535372975573,-5.539403784070608,0.3788684110950342,HOLD,280600,276065.28047763556,26083802.911376953,26359868.19185459,0,2535.986819185459,1755.433944636639
2015-07-20,89.91727447509766,-5.167397736433358,-5.465002574543158,0.2976048381098,HOLD,280600,276065.28047763556,25230787.217712402,25506852.498190038,0,2450.6852498190037,1694.7558955534414
2015-07-21,89.55101013183594,-5.143104176936163,-5.400622895021759,0.25751871808559645,HOLD,280600,276065.28047763556,25128013.442993164,25404078.7234708,0,2440.40787234708,1687.4452303532632
2015-07-22,87.93946075439453,-5.194016533058345,-5.359301622629077,0.16528508957073118,HOLD,280600,276065.28047763556,24675812.687683105,24951877.96816074,0,2395.187796816074,1655.2785775824489
2015-07-23,89.88064575195312,-5.019861695080365,-5.2914136371193345,0.27155194203896915,HOLD,280600,276065.28047763556,25220509.197998047,25496574.478475682,0,2449.657447847568,1694.0247833484286
2015-07-24,87.53656768798828,-5.013201178176502,-5.2357711453307685,0.2225699671542669,HOLD,280600,276065.28047763556,24562760.89324951,24838826.173727147,0,2383.882617372715,1647.2368001772577
2015-07-27,78.78291320800781,-5.6491495501941245,-5.31844682630344,-0.3307027238906848,SELL,0,22369286.835376926,0.0,22369286.835376926,280600,2136.9286835376925,1472.513165844527
2015-07-28,81.23686981201172,-5.8872647045871815,-5.432210401960188,-0.4550543026269933,HOLD,0,22369286.835376926,0.0,22369286.835376926,0,2136.9286835376925,1521.4943333474196
2015-07-29,80.46772003173828,-6.0680875036965745,-5.5593858223074655,-0.508701681389109,HOLD,0,22369286.835376926,0.0,22369286.835376926,0,2136.9286835376925,1506.142043025367
2015-07-30,76.4754638671875,-6.459076370784089,-5.73932393200279,-0.719752438781299,HOLD,0,22369286.835376926,0.0,22369286.835376926,0,2136.9286835376925,1426.4562948783696
2015-07-31,76.14582824707031,-6.7180946908103465,-5.935078083764302,-0.7830166070460445,HOLD,0,22369286.835376926,0.0,22369286.835376926,0,2136.9286835376925,1419.876741883204
2015-08-03,74.9005355834961,-6.943809374069758,-6.136824341825394,-0.8069850322443646,HOLD,0,22369286.835376926,0.0,22369286.835376926,0,2136.9286835376925,1395.0206020292514
2015-08-04,76.98822784423828,-6.874980078056296,-6.284455489071575,-0.5905245889847217,HOLD,0,22369286.835376926,0.0,22369286.835376926,0,2136.9286835376925,1436.6911043319653
2015-08-05,74.35114288330078,-6.953072391988854,-6.418178869655031,-0.5348935223338236,HOLD,0,22369286.835376926,0.0,22369286.835376926,0,2136.9286835376925,1384.0546803706425
2015-08-06,72.70296478271484,-7.066497131532742,-6.547842522030574,-0.5186546095021685,HOLD,0,22369286.835376926,0.0,22369286.835376926,0,2136.9286835376925,1351.1569153948153
2015-08-07,74.27789306640625,-6.949197481689666,-6.628113513962393,-0.3210839677272732,HOLD,0,22369286.835376926,0.0,22369286.835376926,0,2136.9286835376925,1382.5926082439335
2015-08-10,81.71300506591797,-6.184988565393553,-6.539488524248625,0.35449995885507235,BUY,271000,211775.9278894402,22144224.37286377,22356000.30075321,271000,2135.600030075321,1530.9980305960025
2015-08-11,80.98048400878906,-5.574199913987869,-6.346430802196474,0.7722308882086057,HOLD,271000,211775.9278894402,21945711.166381836,22157487.094271276,0,2115.7487094271273,1516.3768524789632
2015-08-12,80.50434112548828,-5.070121059115806,-6.091168853580341,1.0210477944645353,HOLD,271000,211775.9278894402,21816676.445007324,22028452.372896764,0,2102.8452372896763,1506.873002947063
2015-08-13,81.16361236572266,-4.564816888025078,-5.785898460469289,1.221081572444211,HOLD,271000,211775.9278894402,21995338.95111084,22207114.87900028,0,2120.711487900028,1520.0321089373936
2015-08-14,83.2038345336914,-3.9541498358735794,-5.419548735550147,1.4653988996765674,HOLD,271000,211775.9278894402,22548239.15863037,22760015.08651981,0,2176.001508651981,1560.7551044416095
2015-08-17,81.5345687866211,-3.5638062524912755,-5.048400238938373,1.4845939864470976,HOLD,271000,211775.9278894402,22095868.141174316,22307644.069063757,0,2130.7644069063754,1527.4364283775392
2015-08-18,75.37681579589844,-3.7085850938022134,-4.780437209911142,1.0718521161089285,HOLD,271000,211775.9278894402,20427117.080688477,20638893.008577917,0,1963.8893008577916,1404.5271926608577
2015-08-19,76.45256805419922,-3.6939377369727993,-4.563137315323473,0.8691995783506741,HOLD,271000,211775.9278894402,20718645.94268799,20930421.87057743,0,1993.042187057743,1425.9992926439925
2015-08-20,73.26240539550781,-3.8948516411533802,-4.429480180489455,0.534628539336075,HOLD,271000,211775.9278894402,19854111.862182617,20065887.790072057,0,1906.5887790072059,1362.3233941819396
2015-08-21,67.51270294189453,-4.466542768749434,-4.436892698141452,-0.029650070607982748,SELL,0,18496740.859644506,0.0,18496740.859644506,271000,1749.6740859644508,1247.558879392755
2015-08-24,60.76142883300781,-5.4021113273327614,-4.629936423979713,-0.7721749033530481,HOLD,0,18496740.859644506,0.0,18496740.859644506,0,1749.6740859644508,1112.8029153118212
2015-08-25,54.6778678894043,-6.558842423406787,-5.015717623865129,-1.5431247995416584,HOLD,0,18496740.859644506,0.0,18496740.859644506,0,1749.6740859644508,991.3745587115004
2015-08-26,53.305355072021484,-7.499856784128852,-5.5125454559178735,-1.9873113282109784,HOLD,0,18496740.859644506,0.0,18496740.859644506,0,1749.6740859644508,963.9790945462394
2015-08-27,57.05194091796875,-7.852777349301306,-5.98059183459456,-1.8721855147067457,HOLD,0,18496740.859644506,0.0,18496740.859644506,0,1749.6740859644508,1038.761243743535
2015-08-28,58.832496643066406,-7.897753092100416,-6.364024086095732,-1.533729006004684,HOLD,0,18496740.859644506,0.0,18496740.859644506,0,1749.6740859644508,1074.3012765529757
2015-08-31,55.902000427246094,-8.07675939108708,-6.706571147094002,-1.370188243993078,HOLD,0,18496740.859644506,0.0,18496740.859644506,0,1749.6740859644508,1015.8083407856982
2015-09-01,56.347137451171875,-8.089454143186977,-6.983147746312597,-1.1063063968743796,HOLD,0,18496740.859644506,0.0,18496740.859644506,0,1749.6740859644508,1024.6933109172292
2015-09-02,55.16010284423828,-8.101904881787732,-7.206899173407624,-0.8950057083801077,HOLD,0,18496740.859644506,0.0,18496740.859644506,0,1749.6740859644508,1001.000006472041
2015-09-07,54.75205612182617,-8.051881069296549,-7.375895552585409,-0.6759855167111395,HOLD,0,18496740.859644506,0.0,18496740.859644506,0,1749.6740859644508,992.8553616862027
2015-09-08,56.53261184692383,-7.778890661846425,-7.456494574437613,-0.3223960874088121,HOLD,0,18496740.859644506,0.0,18496740.859644506,0,1749.6740859644508,1028.3953944956434
2015-09-09,58.16478729248047,-7.346158932012358,-7.434427445952562,0.08826851394020441,BUY,314800,175479.65494785085,18310275.03967285,18485754.694620702,314800,1748.5754694620703,1060.973745214021
2015-09-10,56.19875717163086,-7.0802415016743865,-7.363590257096927,0.2833487554225407,HOLD,314800,175479.65494785085,17691368.757629395,17866848.412577245,0,1686.6848412577244,1021.731628826166
2015-09-11,55.71652603149414,-6.8296837027404464,-7.2568089462256316,0.4271252434851851,HOLD,314800,175479.65494785085,17539562.394714355,17715042.049662206,0,1671.5042049662206,1012.1062572072839
2015-09-14,51.59899139404297,-6.884010883170184,-7.182249333614543,0.2982384504443587,HOLD,314800,175479.65494785085,16243362.490844727,16418842.145792577,0,1541.8842145792578,929.9199408531596
2015-09-15,50.15229034423828,-6.963530998497902,-7.1385056665912145,0.17497466809331286,HOLD,314800,175479.65494785085,15787941.000366211,15963420.655314062,0,1496.3420655314062,901.0436737131964
2015-09-16,53.52792739868164,-6.6771950161523606,-7.046243536503444,0.3690485203510834,HOLD,314800,175479.65494785085,16850591.54510498,17026071.20005283,0,1602.6071200052834,968.4216557536635
2015-09-17,51.3022346496582,-6.554312457072655,-6.9478573206172864,0.3935448635446317,HOLD,314800,175479.65494785085,16149943.467712402,16325423.122660253,0,1532.5423122660254,923.9966528126919
2015-09-18,51.11676025390625,-6.398139606661957,-6.837913777826221,0.439774171164264,HOLD,314800,175479.65494785085,16091556.127929688,16267035.782877538,0,1526.7035782877538,920.2945692342777
2015-09-21,51.71027755737305,-6.155522578779738,-6.701435538016924,0.5459129592371861,HOLD,314800,175479.65494785085,16278395.375061035,16453875.030008886,0,1545.3875030008885,932.1412214568717
2015-09-22,52.748931884765625,-5.81243399145859,-6.523635228705258,0.7112012372466676,HOLD,314800,175479.65494785085,16605363.757324219,16780843.41227207,0,1578.084341227207,952.8728438109965
2015-09-23,50.59743118286133,-5.6490235133223266,-6.348712885628672,0.6996893723063451,HOLD,314800,175479.65494785085,15928071.336364746,16103550.991312597,0,1510.3550991312597,909.9287199863859
2015-09-24,51.07966232299805,-5.418150443622643,-6.162600397227466,0.744449953604823,HOLD,314800,175479.65494785085,16079877.699279785,16255357.354227636,0,1525.5357354227638,919.554091605268
2015-09-25,49.336204528808594,-5.314600934492731,-5.99300050468052,0.6783995701877892,HOLD,314800,175479.65494785085,15531037.185668945,15706516.840616796,0,1470.6516840616796,884.754536424837
2015-09-28,49.92972183227539,-5.1255610392056425,-5.8195126115855444,0.6939515723799019,HOLD,314800,175479.65494785085,15717876.432800293,15893356.087748144,0,1489.3356087748143,896.6011886474311
2015-09-29,49.48458480834961,-4.954551413305786,-5.6465203719295936,0.6919689586238071,HOLD,314800,175479.65494785085,15577747.297668457,15753226.952616308,0,1475.3226952616308,887.7162185159001
2015-09-30,50.37485885620117,-4.69308837593961,-5.455833972731597,0.7627455967919872,HOLD,314800,175479.65494785085,15858005.567932129,16033485.22287998,0,1503.3485222879979,905.4861587789619
2015-10-08,52.89731216430664,-4.233534582758949,-5.211374094737067,0.977839511978118,HOLD,314800,175479.65494785085,16652073.86932373,16827553.52427158,0,1582.7553524271582,955.8345259020598
2015-10-09,53.75049591064453,-3.7571796643738296,-4.92053520866442,1.1633555442905905,HOLD,314800,175479.65494785085,16920656.1126709,17096135.76761875,0,1609.6135767618748,972.8641408194288
2015-10-12,56.94065475463867,-3.0866646534187367,-4.553761097615284,1.4670964441965468,HOLD,314800,175479.65494785085,17924918.116760254,18100397.771708105,0,1710.0397771708106,1036.5399631398232
2015-10-13,56.60680389404297,-2.5527886917958114,-4.153566616451389,1.6007779246555778,HOLD,314800,175479.65494785085,17819821.865844727,17995301.520792577,0,1699.5301520792577,1029.876273612004
2015-10-14,56.60680389404297,-2.105418195461091,-3.74393693225333,1.6385187367922387,HOLD,314800,175479.65494785085,17819821.865844727,17995301.520792577,0,1699.5301520792577,1029.876273612004
2015-10-15,58.313167572021484,-1.5948006961525678,-3.3141096850331775,1.7193089888806097,HOLD,314800,175479.65494785085,18356985.151672363,18532464.806620214,0,1753.2464806620214,1063.935427305084
2015-10-16,58.94377899169922,-1.1262646994419399,-2.8765406879149302,1.7502759884729904,HOLD,314800,175479.65494785085,18555501.626586914,18730981.281534765,0,1773.0981281534764,1076.5224810150291
2015-10-19,59.83405685424805,-0.6753238503121466,-2.4362973203943734,1.7609734700822268,HOLD,314800,175479.65494785085,18835761.097717285,19011240.752665136,0,1801.1240752665135,1094.2924974197495
2015-10-20,59.4260139465332,-0.3468770483294463,-2.0184132659813883,1.671536217651942,HOLD,314800,175479.65494785085,18707309.190368652,18882788.845316503,0,1788.2788845316504,1086.1479287755697
2015-10-21,55.45685958862305,-0.4022216160870613,-1.695174936002523,1.2929533199154617,HOLD,314800,175479.65494785085,17457819.398498535,17633299.053446386,0,1663.3299053446385,1006.9232945125087
2015-10-22,56.94065475463867,-0.3226335962026141,-1.4206666680425413,1.0980330718399272,HOLD,314800,175479.65494785085,17924918.116760254,18100397.771708105,0,1710.0397771708106,1036.5399631398232
2015-10-23,58.238975524902344,-0.15303182577408592,-1.1671396995888503,1.0141078738147644,HOLD,314800,175479.65494785085,18333629.495239258,18509109.15018711,0,1750.9109150187107,1062.4545481887233
2015-10-26,58.79540252685547,0.025978345808908898,-0.9285160905092985,0.9544944363182074,HOLD,314800,175479.65494785085,18508792.7154541,18684272.370401952,0,1768.4272370401952,1073.5608750656245
2015-10-27,58.38735580444336,0.13338169502414843,-0.7161365334026092,0.8495182284267576,HOLD,314800,175479.65494785085,18380339.60723877,18555819.26218662,0,1755.5819262186621,1065.4162302797863
2015-10-28,56.569705963134766,0.07101189074339231,-0.5587068485734089,0.6297187393168012,HOLD,314800,175479.65494785085,17808143.437194824,17983623.092142675,0,1698.3623092142675,1029.1357959829945
2015-10-29,56.71808624267578,0.03317401064927594,-0.44033067672887194,0.4735046873781479,HOLD,314800,175479.65494785085,17854853.549194336,18030333.204142187,0,1703.033320414219,1032.0974780740576
2015-10-30,58.869590759277344,0.17478088642239697,-0.3173083640986182,0.49208925052101515,HOLD,314800,175479.65494785085,18532147.171020508,18707626.82596836,0,1770.7626825968357,1075.0416780403268
2015-11-02,57.64545822143555,0.1860830409305123,-0.21663008309279208,0.4027131240233044,HOLD,314800,175479.65494785085,18146790.24810791,18322269.90305576,0,1732.2269903055762,1050.607895966129
2015-11-03,58.49864196777344,0.26087764270678093,-0.12112853793287749,0.3820061806396584,HOLD,314800,175479.65494785085,18415372.491455078,18590852.14640293,0,1759.085214640293,1067.6375108834984
2015-11-04,64.35963439941406,0.7840479931443411,0.05990676828256623,0.7241412248617749,HOLD,314800,175479.65494785085,20260412.908935547,20435892.563883398,0,1943.58925638834,1184.6233824180536
2015-11-05,69.1448745727539,1.566732834316042,0.36127198148926143,1.2054608528267807,HOLD,314800,175479.65494785085,21766806.51550293,21942286.17045078,0,2094.228617045078,1280.137153969474
2015-11-06,76.04452514648438,2.7124924242003914,0.8315160700314875,1.880976354168904,HOLD,314800,175479.65494785085,23938816.51611328,24114296.171061132,0,2311.4296171061133,1417.8547239998127
2015-11-09,75.63648223876953,3.5467052905974867,1.3745539141446874,2.172151376452799,HOLD,314800,175479.65494785085,23810364.60876465,23985844.2637125,0,2298.58442637125,1409.710155355633
2015-11-10,76.71223449707031,4.2456875707377435,1.9487806454632988,2.2969069252744445,HOLD,314800,175479.65494785085,24149011.419677734,24324491.074625585,0,2332.4491074625585,1431.1822553387676
2015-11-11,77.37994384765625,4.798203919945806,2.5186653003598,2.2795386195860057,HOLD,314800,175479.65494785085,24359206.323242188,24534685.97819004,0,2353.4685978190037,1444.5097866777226
2015-11-12,74.78329467773438,4.969266608249569,3.008785561937754,1.960481046311815,HOLD,314800,175479.65494785085,23541781.16455078,23717260.819498632,0,2271.7260819498633,1392.6804642966054
2015-11-13,75.15424346923828,5.076251619681614,3.4222787734865263,1.6539728461950873,HOLD,314800,175479.65494785085,23658555.84411621,23834035.49906406,0,2283.403549906406,1400.084631453434
2015-11-16,73.81883239746094,4.9956942454802515,3.7369618678852716,1.25873237759498,HOLD,314800,175479.65494785085,23238168.438720703,23413648.093668554,0,2241.3648093668553,1373.429721058841
2015-11-17,74.93167877197266,4.964422574822208,3.9824540092726592,0.9819685655495491,HOLD,314800,175479.65494785085,23588492.477416992,23763972.132364843,0,2276.3972132364843,1395.6422225293268
2015-11-18,77.08318328857422,5.054977351843846,4.196958677786896,0.8580186740569493,HOLD,314800,175479.65494785085,24265786.099243164,24441265.754191015,0,2344.1265754191013,1438.586422495596
2015-11-19,78.158935546875,5.154133242174311,4.388393590664379,0.7657396515099313,HOLD,314800,175479.65494785085,24604432.91015625,24779912.5651041,0,2377.99125651041,1460.0585224787308
2015-11-20,76.15580749511719,5.013289229134315,4.513372718358367,0.49991651077594845,HOLD,314800,175479.65494785085,23973848.19946289,24149327.85441074,0,2314.9327854410744,1420.0759284618662
2015-11-23,74.56072998046875,4.71856720374204,4.554411615435102,0.16415558830693833,HOLD,314800,175479.65494785085,23471717.797851562,23647197.452799413,0,2264.7197452799414,1388.2380553724984
2015-11-24,75.26553344726562,4.490110426740529,4.541551377696187,-0.05144095095565859,SELL,0,23854853.43018955,0.0,23854853.43018955,314800,2285.485343018955,1402.3059881988042
2015-11-25,74.52363586425781,4.200768011622017,4.473394704481354,-0.2726266928593368,HOLD,0,23854853.43018955,0.0,23854853.43018955,0,2285.485343018955,1387.4976538851472
2015-11-26,73.78173828125,3.867020522937409,4.352119868172565,-0.48509934523515597,HOLD,0,23854853.43018955,0.0,23854853.43018955,0,2285.485343018955,1372.68931957149
2015-11-27,66.39985656738281,2.972600780862493,4.076216050710551,-1.1036152698480581,HOLD,0,23854853.43018955,0.0,23854853.43018955,0,2285.485343018955,1225.3463779222693
2015-11-30,65.3982925415039,2.1580719349403807,3.6925872275565172,-1.5345152926161365,HOLD,0,23854853.43018955,0.0,23854853.43018955,0,2285.485343018955,1205.355080913837
2015-12-01,65.91761779785156,1.5367425526309546,3.261418292571405,-1.7246757399404502,HOLD,0,23854853.43018955,0.0,23854853.43018955,0,2285.485343018955,1215.7208540200702
2015-12-02,69.81258392333984,1.3431428408590307,2.8777632022289303,-1.5346203613698997,HOLD,0,23854853.43018955,0.0,23854853.43018955,0,2285.485343018955,1293.464685308429
2015-12-03,69.51582336425781,1.152482476884643,2.532707057160073,-1.38022458027543,HOLD,0,23854853.43018955,0.0,23854853.43018955,0,2285.485343018955,1287.5413211263026
2015-12-04,67.66107940673828,0.8420142124657133,2.194568488221201,-1.3525542757554878,HOLD,0,23854853.43018955,0.0,23854853.43018955,0,2285.485343018955,1250.5204853421596
2015-12-07,66.39985656738281,0.48856387324343586,1.853367565225648,-1.3648036919822122,HOLD,0,23854853.43018955,0.0,23854853.43018955,0,2285.485343018955,1225.3463779222693
2015-12-08,65.43538665771484,0.1291386417625091,1.5085217805330204,-1.3793831387705113,HOLD,0,23854853.43018955,0.0,23854853.43018955,0,2285.485343018955,1206.095482401188
2015-12-09,65.99180603027344,-0.10954725793169473,1.1849079728400775,-1.2944552307717723,HOLD,0,23854853.43018955,0.0,23854853.43018955,0,2285.485343018955,1217.2016569947725
2015-12-10,66.10309600830078,-0.2864256453944023,0.8906412491931817,-1.177066894587584,HOLD,0,23854853.43018955,0.0,23854853.43018955,0,2285.485343018955,1219.423013740143
2015-12-11,66.2143783569336,-0.4128642442802999,0.6299401504984854,-1.0428043947787853,HOLD,0,23854853.43018955,0.0,23854853.43018955,0,2285.485343018955,1221.6442182021965
2015-12-14,72.1495590209961,-0.03375911357588279,0.4972002976836118,-0.5309594112594946,HOLD,0,23854853.43018955,0.0,23854853.43018955,0,2285.485343018955,1340.110892711454
2015-12-15,69.44163513183594,0.047628574462663664,0.40728595303942217,-0.3596573785767585,HOLD,0,23854853.43018955,0.0,23854853.43018955,0,2285.485343018955,1286.0605181516003
2015-12-16,69.07068634033203,0.08125972474940113,0.342080707381418,-0.26082098263201686,HOLD,0,23854853.43018955,0.0,23854853.43018955,0,2285.485343018955,1278.6563509947716
2015-12-17,70.7028579711914,0.2368846053588527,0.32104148697690493,-0.08415688161805224,HOLD,0,23854853.43018955,0.0,23854853.43018955,0,2285.485343018955,1311.2346255714908
2015-12-18,69.9609603881836,0.296930677786051,0.3162193251387342,-0.019288647352683208,HOLD,0,23854853.43018955,0.0,23854853.43018955,0,2285.485343018955,1296.4262912578336
2015-12-21,72.81726837158203,0.5684451243430004,0.3666644849795875,0.20178063936341295,BUY,324300,226044.5132057555,23614640.132904053,23840684.64610981,324300,2284.0684646109808,1353.438424050409
2015-12-22,73.93011474609375,0.8634661807307964,0.46602482412982926,0.39744135660096713,HOLD,324300,226044.5132057555,23975536.212158203,24201580.72536396,0,2320.1580725363956,1375.6509255208946
2015-12-23,78.45569610595703,1.4457830008444574,0.661976459472755,0.7838065413717025,HOLD,324300,226044.5132057555,25443182.247161865,25669226.76036762,0,2466.922676036762,1465.981886660857
2015-12-24,76.5267562866211,1.7316624270167438,0.8759136529815528,0.855748774035191,HOLD,324300,226044.5132057555,24817627.06375122,25043671.576956976,0,2404.3671576956976,1427.4800956186948
2015-12-25,77.12027740478516,1.9832544036489423,1.0973818031150306,0.8858726005339117,HOLD,324300,226044.5132057555,25010105.962371826,25236150.47557758,0,2423.6150475577583,1439.3268239829472
2015-12-28,72.55760192871094,1.793795322820415,1.2366645070561075,0.5571308157643076,HOLD,324300,226044.5132057555,23530430.305480957,23756474.818686713,0,2275.647481868671,1348.2554613556338
2015-12-29,73.48497772216797,1.6988953048650615,1.3291106666178985,0.369784638247163,HOLD,324300,226044.5132057555,23831178.275299072,24057222.788504828,0,2305.722278850483,1366.7659553893636
2015-12-30,73.07693481445312,1.5726323773060926,1.3778150087555374,0.1948173685505552,HOLD,324300,226044.5132057555,23698849.96032715,23924894.473532904,0,2292.4894473532904,1358.6213867451838
2015-12-31,71.77861022949219,1.3522166423578028,1.3726953354759905,-0.02047869311818773,SELL,0,23489881.128651615,0.0,23489881.128651615,324300,2248.9881128651614,1332.7067255546253
2016-01-04,64.73058319091797,0.6018806003056909,1.2185323884419306,-0.6166517881362397,HOLD,0,23489881.128651615,0.0,23489881.128651615,0,2248.9881128651614,1192.0275495748822
2016-01-05,65.47248077392578,0.0663341568830873,0.988092742130162,-0.9217585852470747,HOLD,0,23489881.128651615,0.0,23489881.128651615,0,2248.9881128651614,1206.8358838885392
2016-01-06,66.51113891601562,-0.27115353710617285,0.736243486282895,-1.007397023389068,HOLD,0,23489881.128651615,0.0,23489881.128651615,0,2248.9881128651614,1227.5675823843228
2016-01-07,60.6130485534668,-1.0029798386730988,0.3883988212916963,-1.391378659964795,HOLD,0,23489881.128651615,0.0,23489881.128651615,0,2248.9881128651614,1109.8412332207579
2016-01-08,62.43069839477539,-1.4199203458513665,0.02673498786308374,-1.4466553337144503,HOLD,0,23489881.128651615,0.0,23489881.128651615,0,2248.9881128651614,1146.1216675175497
2016-01-11,58.16478729248047,-2.0707023086857674,-0.3927524714466865,-1.6779498372390809,HOLD,0,23489881.128651615,0.0,23489881.128651615,0,2248.9881128651614,1060.973745214021
2016-01-12,58.94377899169922,-2.4948346818099623,-0.8131689135193417,-1.6816657682906206,HOLD,0,23489881.128651615,0.0,23489881.128651615,0,2248.9881128651614,1076.5224810150291
2016-01-13,58.94377899169922,-2.7987009606758164,-1.2102753229506367,-1.5884256377251798,HOLD,0,23489881.128651615,0.0,23489881.128651615,0,2248.9881128651614,1076.5224810150291
2016-01-14,60.427574157714844,-2.886513377191399,-1.5455229337987892,-1.3409904433926096,HOLD,0,23489881.128651615,0.0,23489881.128651615,0,2248.9881128651614,1106.1391496423437
2016-01-15,57.682552337646484,-3.1413936392852264,-1.8646970748960767,-1.2766965643891497,HOLD,0,23489881.128651615,0.0,23489881.128651615,0,2248.9881128651614,1051.3482974534802
2016-01-18,58.05350112915039,-3.275695438021849,-2.146896747521231,-1.1287986905006178,HOLD,0,23489881.128651615,0.0,23489881.128651615,0,2248.9881128651614,1058.7524646103088
2016-01-19,59.79696273803711,-3.2045082239240017,-2.3584190428017853,-0.8460891811222164,HOLD,0,23489881.128651615,0.0,23489881.128651615,0,2248.9881128651614,1093.5520959323985
2016-01-20,58.68411636352539,-3.2009902231083913,-2.5269332788631065,-0.6740569442452848,HOLD,0,23489881.128651615,0.0,23489881.128651615,0,2248.9881128651614,1071.3395944619126
2016-01-21,56.013282775878906,-3.374813383613734,-2.6965092998132323,-0.6783040838005019,HOLD,0,23489881.128651615,0.0,23489881.128651615,0,2248.9881128651614,1018.0295452477516
2016-01-22,56.680992126464844,-3.4192756451183186,-2.84106256887425,-0.5782130762440687,HOLD,0,23489881.128651615,0.0,23489881.128651615,0,2248.9881128651614,1031.3570765867064
2016-01-25,56.94065475463867,-3.3944308181793446,-2.951736218735269,-0.44269459944407563,HOLD,0,23489881.128651615,0.0,23489881.128651615,0,2248.9881128651614,1036.5399631398232
2016-01-26,51.67318344116211,-3.7564796674568655,-3.1126849084795882,-0.6437947589772772,HOLD,0,23489881.128651615,0.0,23489881.128651615,0,2248.9881128651614,931.4008199695205
2016-01-27,51.71027755737305,-3.9943682134043996,-3.2890215694645506,-0.705346643939849,HOLD,0,23489881.128651615,0.0,23489881.128651615,0,2248.9881128651614,932.1412214568717
2016-01-28,50.81999969482422,-4.206247579311295,-3.4724667714338997,-0.7337808078773955,HOLD,0,23489881.128651615,0.0,23489881.128651615,0,2248.9881128651614,914.3712050521513
2016-01-29,53.78759002685547,-4.087584633471629,-3.595490343841446,-0.49209428963018276,HOLD,0,23489881.128651615,0.0,23489881.128651615,0,2248.9881128651614,973.60454230678
2016-02-01,52.78602981567383,-4.027929469008072,-3.681978168874771,-0.3459513001333008,HOLD,0,23489881.128651615,0.0,23489881.128651615,0,2248.9881128651614,953.6133214400063
2016-02-02,54.158538818359375,-3.8258008645103345,-3.710742708001884,-0.11505815650845053,HOLD,0,23489881.128651615,0.0,23489881.128651615,0,2248.9881128651614,981.0087094636086
2016-02-03,53.676307678222656,-3.6623077084673383,-3.701055708094975,0.03874799962763653,BUY,433200,223353.09655383974,23252576.486206055,23475929.582759894,433200,2247.5929582759895,971.3833378447266
2016-02-04,54.26982498168945,-3.4451329698839643,-3.649871160452773,0.2047381905688086,HOLD,433200,223353.09655383974,23509688.18206787,23733041.27862171,0,2273.3041278621713,983.2299900673206
2016-02-05,52.600555419921875,-3.3688821514780614,-3.593673358657831,0.22479120717976953,HOLD,433200,223353.09655383974,22786560.607910156,23009913.704463996,0,2200.9913704463997,949.9112378615919
2016-02-15,51.85865783691406,-3.3299323755711754,-3.5409251620405002,0.21099278646932484,HOLD,433200,223353.09655383974,22465170.574951172,22688523.67150501,0,2168.8523671505013,935.1029035479348
2016-02-16,55.011722564697266,-3.0099416910851176,-3.434728467849424,0.4247867767643063,HOLD,433200,223353.09655383974,23831078.215026855,24054431.311580695,0,2305.4431311580697,998.0383243809778
2016-02-17,55.67942810058594,-2.671671149766347,-3.2821170042328087,0.6104458544664619,HOLD,433200,223353.09655383974,24120328.253173828,24343681.349727668,0,2334.3681349727667,1011.3657795782742
2016-02-18,55.45685958862305,-2.393952730601768,-3.1044841495066007,0.7105314189048326,HOLD,433200,223353.09655383974,24023911.573791504,24247264.670345344,0,2324.7264670345344,1006.9232945125087
2016-02-19,56.013282775878906,-2.1046985270808847,-2.9045270250214577,0.799828497940573,HOLD,433200,223353.09655383974,24264954.098510742,24488307.195064582,0,2348.830719506458,1018.0295452477516
2016-02-22,57.79383850097656,-1.7120510616127902,-2.6660318323397245,0.9539807707269343,HOLD,433200,223353.09655383974,25036290.838623047,25259643.935176887,0,2425.9643935176887,1053.5695780571923
2016-02-23,56.53261184692383,-1.4855214008244673,-2.4299297460366733,0.9444083452122061,HOLD,433200,223353.09655383974,24489927.452087402,24713280.548641242,0,2371.328054864124,1028.3953944956434
2016-02-24,57.200321197509766,-1.2378473149655136,-2.1915132598224414,0.9536659448569278,HOLD,433200,223353.09655383974,24779179.14276123,25002532.23931507,0,2400.253223931507,1041.722925834598
2016-02-25,52.526363372802734,-1.4025454808365225,-2.0337197040252577,0.6311742231887352,HOLD,433200,223353.09655383974,22754420.613098145,22977773.709651984,0,2197.7773709651983,948.4303587452312
2016-02-26,53.379547119140625,-1.447538839223185,-1.9164835310648431,0.4689446918416582,HOLD,433200,223353.09655383974,23124019.81201172,23347372.90856556,0,2234.737290856556,965.4599736626004
2016-02-29,52.97150421142578,-1.4988443082130871,-1.832955686494492,0.3341113782814049,HOLD,433200,223353.09655383974,22947255.62438965,23170608.72094349,0,2217.0608720943487,957.3154050184206
2016-03-01,56.8664665222168,-1.211250809743639,-1.7086147111443215,0.49736390140068254,HOLD,433200,223353.09655383974,24634553.297424316,24857906.393978156,0,2385.7906393978155,1035.0591601651208
2016-03-02,59.79696273803711,-0.7383530622762748,-1.5145623813707123,0.7762093190944375,HOLD,433200,223353.09655383974,25904044.258117676,26127397.354671516,0,2512.7397354671516,1093.5520959323985
2016-03-03,59.0550651550293,-0.41861756233778635,-1.2953734175641272,0.8767558552263408,HOLD,433200,223353.09655383974,25582654.22515869,25806007.32171253,0,2480.600732171253,1078.7437616187412
2016-03-04,59.35182571411133,-0.1396687635151892,-1.0642324867543396,0.9245637232391504,HOLD,433200,223353.09655383974,25711210.899353027,25934563.995906867,0,2493.4563995906865,1084.6671258008676
2016-03-07,59.27763366699219,0.07455407811141868,-0.836475173781188,0.9110292518926066,HOLD,433200,223353.09655383974,25679070.904541016,25902424.001094855,0,2490.2424001094855,1083.1862466845066
2016-03-08,59.945343017578125,0.29480743124896946,-0.6102186527751565,0.905026084024126,HOLD,433200,223353.09655383974,25968322.595214844,26191675.691768683,0,2519.1675691768683,1096.5137780234616
2016-03-09,59.35182571411133,0.41666486113717127,-0.40484194999269096,0.8215068111298622,HOLD,433200,223353.09655383974,25711210.899353027,25934563.995906867,0,2493.4563995906865,1084.6671258008676
2016-03-10,57.60836410522461,0.3683093304416687,-0.25021169390581904,0.6185210243474877,HOLD,433200,223353.09655383974,24955943.3303833,25179296.42693714,0,2417.929642693714,1049.867494478778
2016-03-11,59.166351318359375,0.4505105660677202,-0.1100672419111112,0.5605778079788314,HOLD,433200,223353.09655383974,25630863.39111328,25854216.48766712,0,2485.421648766712,1080.9650422224531
2016-03-14,59.98243713378906,0.5748800827769074,0.026922223026492515,0.5479578597504149,HOLD,433200,223353.09655383974,25984391.766357422,26207744.86291126,0,2520.7744862911263,1097.2541795108127
2016-03-15,59.388919830322266,0.6184231376682163,0.1452224059548373,0.47320073171337906,HOLD,433200,223353.09655383974,25727280.070495605,25950633.167049445,0,2495.0633167049446,1085.4075272882187
2016-03-16,59.68567657470703,0.6691634122756511,0.25001060721900004,0.4191528050566511,HOLD,433200,223353.09655383974,25855835.092163086,26079188.188716926,0,2507.9188188716926,1091.3308153286864
2016-03-17,61.65170669555664,0.8581257064401271,0.37163362706322545,0.48649207937690164,HOLD,433200,223353.09655383974,26707519.340515137,26930872.437068976,0,2593.087243706898,1130.5729317165412
2016-03-18,62.87583923339844,1.0940454760385308,0.5161159968582866,0.5779294791802442,HOLD,433200,223353.09655383974,27237813.555908203,27461166.652462043,0,2646.1166652462043,1155.006713790739
2016-03-21,69.18196868896484,1.7694682096318815,0.7667864394130056,1.0026817702188757,HOLD,433200,223353.09655383974,29969628.83605957,30192981.93261341,0,2919.298193261341,1280.8775554568251
2016-03-22,66.73370361328125,2.083177488208811,1.0300646491721668,1.0531128390366444,HOLD,433200,223353.09655383974,28909040.405273438,29132393.501827277,0,2813.239350182728,1232.0099913084298
2016-03-23,68.06912231445312,2.411750323788965,1.3064017840955264,1.1053485396934386,HOLD,433200,223353.09655383974,29487543.786621094,29710896.883174933,0,2871.0896883174933,1258.6650539863394
2016-03-24,64.58220672607422,2.363536340925087,1.5178286954614386,0.8457076454636485,HOLD,433200,223353.09655383974,27977011.95373535,28200365.05028919,0,2720.0365050289192,1189.0659436254773
2016-03-25,64.87895965576172,2.3224995642298794,1.6787628692151269,0.6437366950147525,HOLD,433200,223353.09655383974,28105565.322875977,28328918.419429816,0,2732.8918419429815,1194.9891555242868
2016-03-28,63.32097625732422,2.1395974360123517,1.770929782574572,0.36866765343777974,HOLD,433200,223353.09655383974,27430646.91467285,27654000.01122669,0,2665.4000011226694,1163.89168392227
2016-03-29,63.54354476928711,1.9896699241351214,1.814677810886682,0.17499211324843955,HOLD,433200,223353.09655383974,27527063.594055176,27750416.690609016,0,2675.0416690609013,1168.3341689880353
2016-03-30,65.5837631225586,2.0122835094024154,1.8541989505898286,0.15808455881258676,HOLD,433200,223353.09655383974,28410886.184692383,28634239.281246223,0,2763.4239281246223,1209.0570883505927
2016-03-31,66.0289077758789,2.042578814826541,1.8918749234371712,0.1507038913893699,HOLD,433200,223353.09655383974,28603722.848510742,28827075.945064582,0,2782.707594506458,1217.9422107654407
2016-04-01,65.657958984375,2.013445844941117,1.9161891077379605,0.09725673720315653,HOLD,433200,223353.09655383974,28443027.83203125,28666380.92858509,0,2766.638092858509,1210.538043608612
2016-04-05,66.51113891601562,2.0357355543077276,1.940098397051914,0.09563715725581368,HOLD,433200,223353.09655383974,28812625.37841797,29035978.47497181,0,2803.5978474971807,1227.5675823843228
2016-04-06,66.0289077758789,1.9915311552614554,1.9503849486938223,0.041146206567633126,HOLD,433200,223353.09655383974,28603722.848510742,28827075.945064582,0,2782.707594506458,1217.9422107654407
2016-04-07,64.28544616699219,1.7951230088010703,1.919332560715272,-0.12420955191420169,SELL,0,28055099.30292713,0.0,28055099.30292713,433200,2705.509930292713,1183.1425794433512
2016-04-08,62.8387451171875,1.50537838855508,1.8365417262832338,-0.33116333772815376,HOLD,0,28055099.30292713,0.0,28055099.30292713,0,2705.509930292713,1154.2663123033878
2016-04-11,64.50801086425781,1.3943759862647696,1.748108578279541,-0.35373259201477136,HOLD,0,28055099.30292713,0.0,28055099.30292713,0,2705.509930292713,1187.5849883674582
2016-04-12,64.32254028320312,1.2767225935456068,1.653831381332754,-0.3771087877871473,HOLD,0,28055099.30292713,0.0,28055099.30292713,0,2705.509930292713,1183.8829809307024
2016-04-13,66.2143783569336,1.3209103220142637,1.5872471694690562,-0.26633684745479247,HOLD,0,28055099.30292713,0.0,28055099.30292713,0,2705.509930292713,1221.6442182021965
2016-04-14,66.77080535888672,1.3848645673006317,1.5467706490353714,-0.16190608173473975,HOLD,0,28055099.30292713,0.0,28055099.30292713,0,2705.509930292713,1232.7505450790977
2016-04-15,66.39985656738281,1.3895978807548772,1.5153360953792727,-0.1257382146243955,HOLD,0,28055099.30292713,0.0,28055099.30292713,0,2705.509930292713,1225.3463779222693
2016-04-18,64.396728515625,1.217676753198397,1.4558042269430977,-0.23812747374470078,HOLD,0,28055099.30292713,0.0,28055099.30292713,0,2705.509930292713,1185.3637839054047
2016-04-19,64.69348907470703,1.0927772619262441,1.3831988339397272,-0.29042157201348306,HOLD,0,28055099.30292713,0.0,28055099.30292713,0,2705.509930292713,1191.2871480875308
2016-04-20,63.87739944458008,0.9173670659401978,1.2900324803398213,-0.37266541439962353,HOLD,0,28055099.30292713,0.0,28055099.30292713,0,2705.509930292713,1174.9979346575128
2016-04-21,62.65327072143555,0.6718318055186216,1.1663923453755813,-0.4945605398569597,HOLD,0,28055099.30292713,0.0,28055099.30292713,0,2705.509930292713,1150.5642287249736
2016-04-22,63.209693908691406,0.5161917069578266,1.0363522176920303,-0.5201605107342038,HOLD,0,28055099.30292713,0.0,28055099.30292713,0,2705.509930292713,1161.6704794602165
2016-04-25,62.17103576660156,0.3055130120559184,0.890184376564808,-0.5846713645088896,HOLD,0,28055099.30292713,0.0,28055099.30292713,0,2705.509930292713,1140.9387809644331
2016-04-26,62.579078674316406,0.16952015812363896,0.7460515328765742,-0.5765313747529353,HOLD,0,28055099.30292713,0.0,28055099.30292713,0,2705.509930292713,1149.083349608613
2016-04-27,61.6146125793457,-0.01589626957736101,0.5936619723857872,-0.6095582419631482,HOLD,0,28055099.30292713,0.0,28055099.30292713,0,2705.509930292713,1129.8325302291903
2016-04-28,61.2436637878418,-0.19057575305763663,0.43681442729710246,-0.627390180354739,HOLD,0,28055099.30292713,0.0,28055099.30292713,0,2705.509930292713,1122.4283630723614
2016-04-29,60.9839973449707,-0.34597522697568195,0.2802564964425456,-0.6262317234182275,HOLD,0,28055099.30292713,0.0,28055099.30292713,0,2705.509930292713,1117.2454003775865
2016-05-03,62.39360427856445,-0.3513369371720856,0.15393780971961937,-0.5052747468917049,HOLD,0,28055099.30292713,0.0,28055099.30292713,0,2705.509930292713,1145.3812660301985
2016-05-04,61.98556137084961,-0.38408429891379114,0.04633338799293727,-0.43041768690672844,HOLD,0,28055099.30292713,0.0,28055099.30292713,0,2705.509930292713,1137.236697386019
2016-05-05,62.059749603271484,-0.3994458851687739,-0.04282246663940496,-0.3566234185293689,HOLD,0,28055099.30292713,0.0,28055099.30292713,0,2705.509930292713,1138.7175003607213
2016-05-06,59.722774505615234,-0.5933545900514545,-0.1529288913218149,-0.44042569872963966,HOLD,0,28055099.30292713,0.0,28055099.30292713,0,2705.509930292713,1092.0712929576962
2016-05-09,58.05350112915039,-0.8716768978108504,-0.29667849261962204,-0.5749984051912285,HOLD,0,28055099.30292713,0.0,28055099.30292713,0,2705.509930292713,1058.7524646103088
2016-05-10,57.86802673339844,-1.0945977243739407,-0.4562623389704858,-0.6383353854034548,HOLD,0,28055099.30292713,0.0,28055099.30292713,0,2705.509930292713,1055.0503810318946
2016-05-11,57.756744384765625,-1.2656539698698737,-0.6181406651503634,-0.6475133047195103,HOLD,0,28055099.30292713,0.0,28055099.30292713,0,2705.509930292713,1052.8291765698411
2016-05-12,57.86802673339844,-1.376371764371818,-0.7697868849946543,-0.6065848793771638,HOLD,0,28055099.30292713,0.0,28055099.30292713,0,2705.509930292713,1055.0503810318946
2016-05-13,57.16322708129883,-1.503654660922635,-0.9165604401802505,-0.5870942207423844,HOLD,0,28055099.30292713,0.0,28055099.30292713,0,2705.509930292713,1040.9825243472471
2016-05-16,57.756744384765625,-1.5388959526910497,-1.0410275426824105,-0.49786841000863924,HOLD,0,28055099.30292713,0.0,28055099.30292713,0,2705.509930292713,1052.8291765698411
2016-05-17,57.756744384765625,-1.5489693755558633,-1.142615909257101,-0.40635346629876223,HOLD,0,28055099.30292713,0.0,28055099.30292713,0,2705.509930292713,1052.8291765698411
2016-05-18,57.8309326171875,-1.5332914361763414,-1.2207510146409493,-0.3125404215353922,HOLD,0,28055099.30292713,0.0,28055099.30292713,0,2705.509930292713,1054.3099795445435
2016-05-19,57.60836410522461,-1.5212894967486719,-1.2808587110624938,-0.24043078568617804,HOLD,0,28055099.30292713,0.0,28055099.30292713,0,2705.509930292713,1049.867494478778
2016-05-20,58.201881408691406,-1.4472035257325047,-1.314127673996496,-0.13307585173600867,HOLD,0,28055099.30292713,0.0,28055099.30292713,0,2705.509930292713,1061.714146701372
2016-05-23,58.35026168823242,-1.3608300101783044,-1.3234681412328577,-0.037361868945446686,HOLD,0,28055099.30292713,0.0,28055099.30292713,0,2705.509930292713,1064.6758287924351
2016-05-24,57.57126998901367,-1.3397922060757637,-1.326732954201439,-0.013059251874324662,HOLD,0,28055099.30292713,0.0,28055099.30292713,0,2705.509930292713,1049.127092991427
2016-05-25,57.682552337646484,-1.2991640843828236,-1.321219180237716,0.022055095854892404,BUY,481500,264285.8629800007,27774148.950576782,28038434.813556783,481500,2703.8434813556783,1051.3482974534802
2016-05-26,57.756744384765625,-1.246609192296134,-1.3062971826493996,0.05968799035326566,HOLD,481500,264285.8629800007,27809872.42126465,28074158.28424465,0,2707.415828424465,1052.8291765698411
2016-05-27,57.57126998901367,-1.206023012774864,-1.2862423486744925,0.0802193358996286,HOLD,481500,264285.8629800007,27720566.499710083,27984852.362690084,0,2698.4852362690085,1049.127092991427
2016-05-30,58.12769317626953,-1.1160938370978997,-1.252212646359174,0.1361188092612744,HOLD,481500,264285.8629800007,27988484.26437378,28252770.12735378,0,2725.277012735378,1060.2333437266698
2016-05-31,62.28232192993164,-0.7014941112799633,-1.1420689393433319,0.44057482806336856,HOLD,481500,264285.8629800007,29988938.009262085,30253223.872242086,0,2925.3223872242083,1143.160061568145
2016-06-01,61.46623229980469,-0.43377219845518766,-1.0004095911657032,0.5666373927105155,HOLD,481500,264285.8629800007,29595990.852355957,29860276.715335958,0,2886.027671533596,1126.870848138127
2016-06-02,61.577518463134766,-0.21019776143559454,-0.8423672252196814,0.6321694637840869,HOLD,481500,264285.8629800007,29649575.13999939,29913861.00297939,0,2891.3861002979393,1129.0921287418391
2016-06-03,61.65170669555664,-0.026719038546865193,-0.6792375878851182,0.652518549338253,HOLD,481500,264285.8629800007,29685296.773910522,29949582.636890523,0,2894.9582636890523,1130.5729317165412
2016-06-06,61.058189392089844,0.06999047840902506,-0.5293919746262896,0.5993824530353147,HOLD,481500,264285.8629800007,29399518.19229126,29663804.05527126,0,2866.380405527126,1118.7262794939472
2016-06-07,61.169471740722656,0.15383965507840713,-0.3927456486853503,0.5465853037637574,HOLD,481500,264285.8629800007,29453100.64315796,29717386.50613796,0,2871.738650613796,1120.9474839560007
2016-06-08,60.79852294921875,0.1881889394136067,-0.2765587310655589,0.4647476704791656,HOLD,481500,264285.8629800007,29274488.800048828,29538774.66302883,0,2853.877466302883,1113.5433167991723
2016-06-13,57.90512466430664,-0.017856230224602143,-0.22481823089736755,0.2069620006727654,HOLD,481500,264285.8629800007,27881317.525863647,28145603.388843648,0,2714.5603388843647,1055.7908586609044
2016-06-14,58.238975524902344,-0.15245216365175907,-0.21034501744824585,0.05789285379648679,HOLD,481500,264285.8629800007,28042066.71524048,28306352.57822048,0,2730.635257822048,1062.4545481887233
2016-06-15,59.0550651550293,-0.19106630437627103,-0.2064892748338509,0.015422970457579871,HOLD,481500,264285.8629800007,28435013.872146606,28699299.735126607,0,2769.929973512661,1078.7437616187412
2016-06-16,58.01640701293945,-0.3019980749182949,-0.22559103485073972,-0.07640704006755517,SELL,0,28182424.89972431,0.0,28182424.89972431,481500,2718.2424899724306,1058.012063122958
2016-06-17,58.12769317626953,-0.3765913285540279,-0.25579109359139734,-0.12080023496263054,HOLD,0,28182424.89972431,0.0,28182424.89972431,0,2718.2424899724306,1060.2333437266698
2016-06-20,58.090599060058594,-0.4337007721139088,-0.29137302929589964,-0.14232774281800914,HOLD,0,28182424.89972431,0.0,28182424.89972431,0,2718.2424899724306,1059.4929422393186
2016-06-21,58.758304595947266,-0.42023791993621273,-0.31714600742396226,-0.10309191251225047,HOLD,0,28182424.89972431,0.0,28182424.89972431,0,2718.2424899724306,1072.820397436615
2016-06-22,59.57439422607422,-0.33979989807819067,-0.32167678555480794,-0.018123112523382723,HOLD,0,28182424.89972431,0.0,28182424.89972431,0,2718.2424899724306,1089.109610866633
2016-06-23,59.20344543457031,-0.30249764895807374,-0.3178409582354611,0.015343309277387362,BUY,471200,269023.41286151856,27896663.48876953,28165686.90163105,471200,2716.5686901631047,1081.7054437098043
2016-06-24,58.201881408691406,-0.34972181881774844,-0.32421713035191857,-0.025504688465829872,SELL,0,27677295.096725043,0.0,27677295.096725043,471200,2667.7295096725043,1061.714146701372
2016-06-27,59.12925338745117,-0.3087569869968476,-0.3211251016809044,0.012368114684056797,BUY,463400,260358.77936832607,27400496.019744873,27660854.7991132,463400,2666.08547991132,1080.2245645934436
2016-06-28,60.05662536621094,-0.19916504368058696,-0.2967330900808409,0.09756804640025396,HOLD,463400,260358.77936832607,27830240.19470215,28090598.974070475,0,2709.059897407047,1098.734982485515
2016-06-29,59.945343017578125,-0.11990994731313975,-0.2613684615273007,0.14145851421416095,HOLD,463400,260358.77936832607,27778671.954345703,28039030.73371403,0,2703.903073371403,1096.5137780234616
2016-06-30,60.20500564575195,-0.03573517557761363,-0.21624180433736329,0.18050662875974965,HOLD,463400,260358.77936832607,27898999.616241455,28159358.39560978,0,2715.9358395609784,1101.6966645765783
2016-07-01,59.83405685424805,0.0010296015376880518,-0.17278752316235302,0.17381712470004107,HOLD,463400,260358.77936832607,27727101.946258545,27987460.72562687,0,2698.746072562687,1094.2924974197495
2016-07-04,61.577518463134766,0.1689017392852179,-0.10444967067283883,0.27335140995805673,HOLD,463400,260358.77936832607,28535022.05581665,28795380.835184976,0,2779.5380835184974,1129.0921287418391
2016-07-05,61.503326416015625,0.2925822338837776,-0.025043289761515552,0.3176255236452931,HOLD,463400,260358.77936832607,28500641.46118164,28761000.240549967,0,2776.1000240549965,1127.6112496254782
2016-07-06,61.39204406738281,0.37727141142608644,0.05541965047600485,0.3218517609500816,HOLD,463400,260358.77936832607,28449073.220825195,28709432.00019352,0,2770.9432000193524,1125.3900451634247
2016-07-07,61.577518463134766,0.45411962014257057,0.135159644409318,0.3189599757332526,HOLD,463400,260358.77936832607,28535022.05581665,28795380.835184976,0,2779.5380835184974,1129.0921287418391
2016-07-08,61.54042434692383,0.5061941035116746,0.20936653622978932,0.2968275672818853,HOLD,463400,260358.77936832607,28517832.642364502,28778191.421732828,0,2777.8191421732827,1128.351727254488
2016-07-11,61.39204406738281,0.5293880029000206,0.27337082956383557,0.25601717333618507,HOLD,463400,260358.77936832607,28449073.220825195,28709432.00019352,0,2770.9432000193524,1125.3900451634247
2016-07-12,62.8016471862793,0.6539739221287846,0.3494914480768254,0.30448247405195916,HOLD,463400,260358.77936832607,29102283.306121826,29362642.085490152,0,2836.264208549015,1153.5258346743783
2016-07-13,62.8387451171875,0.7470906576411025,0.42901128998968086,0.31807936765142164,HOLD,463400,260358.77936832607,29119474.487304688,29379833.266673014,0,2837.9833266673013,1154.2663123033878
2016-07-14,62.912933349609375,0.8174496608979069,0.5066989641713261,0.31075069672658084,HOLD,463400,260358.77936832607,29153853.314208984,29414212.09357731,0,2841.421209357731,1155.7471152780902
2016-07-15,62.39360427856445,0.8218306103644935,0.5697252934099596,0.25210531695453386,HOLD,463400,260358.77936832607,28913196.222686768,29173555.002055094,0,2817.355500205509,1145.3812660301985
2016-07-18,61.280757904052734,0.7271233174172664,0.601204898211421,0.12591841920584546,HOLD,463400,260358.77936832607,28397503.212738037,28657861.992106363,0,2765.7861992106364,1123.1687645597126
2016-07-19,61.577518463134766,0.6683093482552778,0.6146257882201923,0.053683560035085454,HOLD,463400,260358.77936832607,28535022.05581665,28795380.835184976,0,2779.5380835184974,1129.0921287418391
2016-07-20,61.42913818359375,0.6027773632418345,0.6122561032245208,-0.009478739982686335,SELL,0,28709541.656065103,0.0,28709541.656065103,463400,2770.9541656065103,1126.1304466507759
2016-07-21,61.94846725463867,0.5859933423232988,0.6070035510442765,-0.021010208720977697,HOLD,0,28709541.656065103,0.0,28709541.656065103,0,2770.9541656065103,1136.4962958986678
2016-07-22,61.65170669555664,0.5424922745848733,0.5941012957523959,-0.05160902116752264,HOLD,0,28709541.656065103,0.0,28709541.656065103,0,2770.9541656065103,1130.5729317165412
2016-07-25,61.46623229980469,0.48743231501946127,0.572767499605809,-0.0853351845863477,HOLD,0,28709541.656065103,0.0,28709541.656065103,0,2770.9541656065103,1126.870848138127
2016-07-26,62.39360427856445,0.5127177773120692,0.560757555147061,-0.048039777834991804,HOLD,0,28709541.656065103,0.0,28709541.656065103,0,2770.9541656065103,1145.3812660301985
2016-07-27,61.76299285888672,0.47638020258341385,0.5438820846343316,-0.06750188205091778,HOLD,0,28709541.656065103,0.0,28709541.656065103,0,2770.9541656065103,1132.7942123202533
2016-07-28,60.501766204833984,0.34187108527802934,0.5034798847630712,-0.1616087994850418,HOLD,0,28709541.656065103,0.0,28709541.656065103,0,2770.9541656065103,1107.6200287587044
2016-07-29,60.167911529541016,0.20595820063901016,0.443975547938259,-0.23801734729924884,HOLD,0,28709541.656065103,0.0,28709541.656065103,0,2770.9541656065103,1100.9562630892271
2016-08-01,59.90824890136719,0.07641281697191005,0.37046300174498925,-0.2940501847730792,HOLD,0,28709541.656065103,0.0,28709541.656065103,0,2770.9541656065103,1095.7733765361104
2016-08-02,60.13081741333008,-0.008198902234298089,0.29473062094913177,-0.30292952318342986,HOLD,0,28709541.656065103,0.0,28709541.656065103,0,2770.9541656065103,1100.2158616018758
2016-08-03,59.90824890136719,-0.09215145353837784,0.21735420605162986,-0.3095056595900077,HOLD,0,28709541.656065103,0.0,28709541.656065103,0,2770.9541656065103,1095.7733765361104
2016-08-04,60.13081741333008,-0.1391213323403946,0.14605909837322498,-0.28518043071361954,HOLD,0,28709541.656065103,0.0,28709541.656065103,0,2770.9541656065103,1100.2158616018758
2016-08-05,60.24209976196289,-0.16545844225343131,0.08375559024789372,-0.24921403250132504,HOLD,0,28709541.656065103,0.0,28709541.656065103,0,2770.9541656065103,1102.4370660639295
2016-08-08,60.6130485534668,-0.1546160071963385,0.03608127075904728,-0.19069727795538577,HOLD,0,28709541.656065103,0.0,28709541.656065103,0,2770.9541656065103,1109.8412332207579
2016-08-09,60.946903228759766,-0.11772693432543235,0.0053196297421513545,-0.12304656406758371,HOLD,0,28709541.656065103,0.0,28709541.656065103,0,2770.9541656065103,1116.5049988902354
2016-08-10,60.6130485534668,-0.11411590336076216,-0.018567476878431348,-0.0955484264823308,HOLD,0,28709541.656065103,0.0,28709541.656065103,0,2770.9541656065103,1109.8412332207579
2016-08-11,61.31785202026367,-0.05376264353444071,-0.025606510209633223,-0.02815613332480749,HOLD,0,28709541.656065103,0.0,28709541.656065103,0,2770.9541656065103,1123.9091660470638
2016-08-12,63.61773681640625,0.17760194711618027,0.015035181255529478,0.1625667658606508,BUY,446700,274447.7943549007,28418043.035888672,28692490.830243573,446700,2769.249083024357,1169.8150481043963
2016-08-15,66.80789947509766,0.6113324573264833,0.13429463646972026,0.47703782085676305,HOLD,446700,274447.7943549007,29843088.695526123,30117536.489881024,0,2911.753648988102,1233.4909465664489
2016-08-16,65.54666900634766,0.8435720794163046,0.27615012505903713,0.5674219543572675,HOLD,446700,274447.7943549007,29279697.045135498,29554144.8394904,0,2855.41448394904,1208.3166868632416
2016-08-17,65.32410430908203,0.9981583934721385,0.42055177874165744,0.577606614730481,HOLD,446700,274447.7943549007,29180277.394866943,29454725.189221844,0,2845.4725189221845,1203.8742779391348
2016-08-18,64.80477142333984,1.0664697381749448,0.549735370628315,0.5167343675466298,HOLD,446700,274447.7943549007,28948291.39480591,29222739.18916081,0,2822.2739189160807,1193.5083525495845
2016-08-19,64.69020080566406,1.0986969847437535,0.6595276934514027,0.4391692912923508,HOLD,446700,274447.7943549007,28897112.699890137,29171560.494245037,0,2817.156049424504,1191.2215139778953
2016-08-22,64.04100799560547,1.0596380280081519,0.7395497603627526,0.3200882676453993,HOLD,446700,274447.7943549007,28607118.271636963,28881566.065991864,0,2788.156606599186,1178.2635742493478
2016-08-23,64.19375610351562,1.0291456684844036,0.7974689419870827,0.23167672649732085,HOLD,446700,274447.7943549007,28675350.85144043,28949798.64579533,0,2794.979864579533,1181.312438539405
2016-08-24,63.81188201904297,0.9630645975208623,0.8305880730938388,0.1324765244270235,HOLD,446700,274447.7943549007,28504767.697906494,28779215.492261395,0,2777.921549226139,1173.6902016726037
2016-08-25,64.15557098388672,0.9277333670666366,0.8500171318883983,0.07771623517823822,HOLD,446700,274447.7943549007,28658293.558502197,28932741.352857098,0,2793.2741352857097,1180.55026053772
2016-08-26,63.88825607299805,0.8681554771861144,0.8536448009479416,0.014510676238172815,HOLD,446700,274447.7943549007,28538883.987808228,28813331.78216313,0,2781.3331782163127,1175.2146338176324
2016-08-29,63.81188201904297,0.805491616398001,0.8440141640379535,-0.03852254763995244,SELL,0,28762112.63164265,0.0,28762112.63164265,446700,2776.211263164265,1173.6902016726037
2016-08-30,64.27013397216797,0.7837723186919447,0.8319657949687518,-0.048193476276807035,HOLD,0,28762112.63164265,0.0,28762112.63164265,0,2776.211263164265,1182.8369468260921
2016-08-31,64.5374526977539,0.7791484673314741,0.8214023294412963,-0.04225386210982218,HOLD,0,28762112.63164265,0.0,28762112.63164265,0,2776.211263164265,1188.1726496878382
2016-09-01,63.65913009643555,0.6965809863332666,0.7964380608196904,-0.09985707448642378,HOLD,0,28762112.63164265,0.0,28762112.63164265,0,2776.211263164265,1170.6412612408883
2016-09-02,64.15557098388672,0.6635552416859554,0.7698614969929434,-0.106306255306988,HOLD,0,28762112.63164265,0.0,28762112.63164265,0,2776.211263164265,1180.55026053772
2016-09-05,64.19375610351562,0.6331645938365398,0.7425221163616627,-0.10935752252512287,HOLD,0,28762112.63164265,0.0,28762112.63164265,0,2776.211263164265,1181.312438539405
2016-09-06,64.30831909179688,0.6112776341155737,0.7162732199124449,-0.10499558579687118,HOLD,0,28762112.63164265,0.0,28762112.63164265,0,2776.211263164265,1183.5991248277771
2016-09-07,64.15557098388672,0.5749785700665271,0.6880142899432613,-0.11303571987673422,HOLD,0,28762112.63164265,0.0,28762112.63164265,0,2776.211263164265,1180.55026053772
2016-09-08,63.88825607299805,0.5186624036886514,0.6541439126923394,-0.13548150900368805,HOLD,0,28762112.63164265,0.0,28762112.63164265,0,2776.211263164265,1175.2146338176324
2016-09-09,63.850067138671875,0.46558295773480296,0.6164317217008322,-0.1508487639660292,HOLD,0,28762112.63164265,0.0,28762112.63164265,0,2776.211263164265,1174.4523796742887
2016-09-12,62.85718536376953,0.33948646438575025,0.5610426702378158,-0.2215562058520656,HOLD,0,28762112.63164265,0.0,28762112.63164265,0,2776.211263164265,1154.6343810806252
2016-09-13,62.36074447631836,0.19722200177275084,0.48827853654480285,-0.291056534772052,HOLD,0,28762112.63164265,0.0,28762112.63164265,0,2776.211263164265,1144.7253817837934
2016-09-14,61.826114654541016,0.04086516349516245,0.3987958619348748,-0.35793069843971237,HOLD,0,28762112.63164265,0.0,28762112.63164265,0,2776.211263164265,1134.0541283436182
2016-09-19,61.97886276245117,-0.06991729849580963,0.30505322984873795,-0.3749705283445476,HOLD,0,28762112.63164265,0.0,28762112.63164265,0,2776.211263164265,1137.1029926336753
2016-09-20,61.86429977416992,-0.16505482420922846,0.21103161903714468,-0.37608644324637314,HOLD,0,28762112.63164265,0.0,28762112.63164265,0,2776.211263164265,1134.8163063453032
2016-09-21,61.940677642822266,-0.23161898361688316,0.12250149850633911,-0.3541204821232223,HOLD,0,28762112.63164265,0.0,28762112.63164265,0,2776.211263164265,1136.3408146319903
2016-09-22,62.20799255371094,-0.25980659158769726,0.04603988048753184,-0.3058464720752291,HOLD,0,28762112.63164265,0.0,28762112.63164265,0,2776.211263164265,1141.676441352078
2016-09-23,61.673362731933594,-0.32157867373980054,-0.027483830357934638,-0.2940948433818659,HOLD,0,28762112.63164265,0.0,28762112.63164265,0,2776.211263164265,1131.0051879119026
2016-09-26,60.795040130615234,-0.4363765105881825,-0.10926236640398422,-0.32711414418419826,HOLD,0,28762112.63164265,0.0,28762112.63164265,0,2776.211263164265,1113.4737994649524
2016-09-27,61.59698486328125,-0.4573720848796512,-0.17888431009911762,-0.27848777478053355,HOLD,0,28762112.63164265,0.0,28762112.63164265,0,2776.211263164265,1129.4806796252155
2016-09-28,61.32966995239258,-0.4899336578013518,-0.24109417963956448,-0.2488394781617873,HOLD,0,28762112.63164265,0.0,28762112.63164265,0,2776.211263164265,1124.145052905128
2016-09-29,61.673362731933594,-0.4824444842831568,-0.28936424056828297,-0.1930802437148738,HOLD,0,28762112.63164265,0.0,28762112.63164265,0,2776.211263164265,1131.0051879119026
2016-09-30,61.558799743652344,-0.48021788319267245,-0.3275349690931609,-0.15268291409951157,HOLD,0,28762112.63164265,0.0,28762112.63164265,0,2776.211263164265,1128.7185016235305
2016-10-10,62.66624450683594,-0.3846576546975342,-0.3389595062140356,-0.045698148483498624,HOLD,0,28762112.63164265,0.0,28762112.63164265,0,2776.211263164265,1150.8231865055661
2016-10-11,63.08631134033203,-0.2718953618404285,-0.3255466773393142,0.05365131549888569,BUY,451300,274177.8123660721,28470852.307891846,28745030.120257918,451300,2774.503012025792,1159.2077536573693
2016-10-12,62.74262237548828,-0.20786709697592443,-0.30201076126663623,0.0941436642907118,HOLD,451300,274177.8123660721,28315745.47805786,28589923.290423933,0,2758.992329042393,1152.3476947922532
2016-10-13,62.58987045288086,-0.1675189847461951,-0.275112405962548,0.1075934212163529,HOLD,451300,274177.8123660721,28246808.53538513,28520986.347751204,0,2752.0986347751204,1149.2987543605375
2016-10-14,62.85718536376953,-0.11267390125034638,-0.2426247050201077,0.1299508037697613,HOLD,451300,274177.8123660721,28367447.75466919,28641625.56703526,0,2764.162556703526,1154.6343810806252
2016-10-17,61.940677642822266,-0.14153180045309455,-0.22240612410670507,0.08087432365361052,HOLD,451300,274177.8123660721,27953827.82020569,28228005.63257176,0,2722.8005632571762,1136.3408146319903
2016-10-18,63.506378173828125,-0.037629179970984694,-0.18545073527956102,0.14782155530857632,HOLD,451300,274177.8123660721,28660428.469848633,28934606.282214705,0,2793.4606282214704,1167.5923208091726
2016-10-19,63.08631134033203,0.01069522462893957,-0.1462215432978609,0.15691676792680048,HOLD,451300,274177.8123660721,28470852.307891846,28745030.120257918,0,2774.503012025792,1159.2077536573693
2016-10-20,62.97174835205078,0.03929541464201236,-0.10911815170988626,0.14841356635189862,HOLD,451300,274177.8123660721,28419150.031280518,28693327.84364659,0,2769.332784364659,1156.9210673689972
2016-10-21,63.506378173828125,0.10390369271834743,-0.06651378282423952,0.17041747554258696,HOLD,451300,274177.8123660721,28660428.469848633,28934606.282214705,0,2793.4606282214704,1167.5923208091726
2016-10-24,64.7665786743164,0.2538674411906854,-0.002437538021254539,0.2563049792119399,HOLD,451300,274177.8123660721,29229156.955718994,29503334.768085066,0,2850.3334768085065,1192.7460222645823
2016-10-25,64.38469696044922,0.3380038317230145,0.06565073592759928,0.2723530957954152,HOLD,451300,274177.8123660721,29056813.738250732,29330991.550616805,0,2833.0991550616804,1185.1236331144642
2016-10-26,64.19375610351562,0.3848390114248943,0.12948839102705828,0.255350620397836,HOLD,451300,274177.8123660721,28970642.1295166,29244819.941882674,0,2824.4819941882674,1181.312438539405
2016-10-27,64.00282287597656,0.4019164701178397,0.1839740068452146,0.21794246327262512,HOLD,451300,274177.8123660721,28884473.963928223,29158651.776294295,0,2815.8651776294296,1177.501396247663
2016-10-28,64.19375610351562,0.42594714143174883,0.23236863376252145,0.19357850766922738,HOLD,451300,274177.8123660721,28970642.1295166,29244819.941882674,0,2824.4819941882674,1181.312438539405
2016-10-31,63.43000411987305,0.37899440782378235,0.26169378857477366,0.1173006192490087,HOLD,451300,274177.8123660721,28625960.859298706,28900138.67166478,0,2790.0138671664777,1166.067888664144
2016-11-01,64.19375610351562,0.39881513764859733,0.2891180583895384,0.10969707925905892,HOLD,451300,274177.8123660721,28970642.1295166,29244819.941882674,0,2824.4819941882674,1181.312438539405
2016-11-02,63.506378173828125,0.35496573058300385,0.30228759282823153,0.052678137754772314,HOLD,451300,274177.8123660721,28660428.469848633,28934606.282214705,0,2793.4606282214704,1167.5923208091726
2016-11-03,64.38469696044922,0.38663090482807405,0.31915625522820007,0.06747464959987398,HOLD,451300,274177.8123660721,29056813.738250732,29330991.550616805,0,2833.0991550616804,1185.1236331144642
2016-11-04,64.30831909179688,0.4009409304002034,0.33551319026260074,0.06542774013760266,HOLD,451300,274177.8123660721,29022344.40612793,29296522.218494,0,2829.6522218494,1183.5991248277771
2016-11-07,64.65201568603516,0.43500075361789214,0.35541070293365906,0.07959005068423308,HOLD,451300,274177.8123660721,29177454.679107666,29451632.491473738,0,2845.163249147374,1190.4593359762102
2016-11-08,64.69020080566406,0.4597746331620485,0.37628348897933694,0.08349114418271153,HOLD,451300,274177.8123660721,29194687.62359619,29468865.435962263,0,2846.8865435962266,1191.2215139778953
2016-11-09,63.620941162109375,0.3886477053058215,0.3787563322446339,0.009891373061187592,HOLD,451300,274177.8123660721,28712130.74645996,28986308.558826033,0,2798.630855882603,1169.8790070975447
2016-11-10,64.95751953125,0.43511408238347116,0.39002788227240137,0.045086200111069785,HOLD,451300,274177.8123660721,29315328.564453125,29589506.376819197,0,2858.95063768192,1196.5572168396416
2016-11-11,67.01966094970703,0.6310621082627108,0.43823472747046327,0.19282738079224754,HOLD,451300,274177.8123660721,30245972.986602783,30520150.798968855,0,2952.0150798968857,1237.7177223136555
2016-11-14,67.40153503417969,0.8078539403110625,0.5121585700385831,0.2956953702724794,HOLD,451300,274177.8123660721,30418312.760925293,30692490.573291365,0,2969.2490573291366,1245.3399591804568
2016-11-15,66.63777923583984,0.8762333582556181,0.5849735276819902,0.2912598305736279,HOLD,451300,274177.8123660721,30073629.76913452,30347807.581500594,0,2934.7807581500592,1230.0953331635376
2016-11-16,66.67597198486328,0.9228681259889129,0.6525524473433748,0.27031567864553807,HOLD,451300,274177.8123660721,30090866.1567688,30365043.96913487,0,2936.504396913487,1230.8576634485394
2016-11-17,66.63777923583984,0.9458416064733797,0.7112102791693758,0.23463132730400382,HOLD,451300,274177.8123660721,30073629.76913452,30347807.581500594,0,2934.7807581500592,1230.0953331635376
2016-11-18,65.72127532958984,0.8799505276481057,0.7449583288651218,0.13499219878298385,HOLD,451300,274177.8123660721,29660011.556243896,29934189.36860997,0,2893.418936860997,1211.8018428565608
2016-11-21,66.40865325927734,0.8731321038410158,0.7705930838603007,0.10253901998071513,HOLD,451300,274177.8123660721,29970225.215911865,30244403.028277937,0,2924.440302827794,1225.5219605867933
2016-11-22,67.36334991455078,0.9339979482437002,0.8032740567369806,0.1307238915067196,HOLD,451300,274177.8123660721,30401079.816436768,30675257.62880284,0,2967.5257628802838,1244.5777811787718
2016-11-23,66.7523422241211,0.922299657889667,0.8270791769675179,0.09522048092214908,HOLD,451300,274177.8123660721,30125332.04574585,30399509.85811192,0,2939.9509858111924,1232.3820194519096
2016-11-24,67.21060180664062,0.9391801132504298,0.8494993642241003,0.0896807490263295,HOLD,451300,274177.8123660721,30332144.595336914,30606322.407702986,0,2960.6322407702987,1241.5289168887148
2016-11-25,67.47791290283203,0.9630265960554567,0.8722048105903717,0.09082178546508501,HOLD,451300,274177.8123660721,30452782.093048096,30726959.905414168,0,2972.695990541417,1246.864467467144
2016-11-28,67.24878692626953,0.9524572201107588,0.8882552924944492,0.0642019276163096,HOLD,451300,274177.8123660721,30349377.53982544,30623555.35219151,0,2962.355535219151,1242.2910948903998
2016-11-29,68.58535766601562,1.0399431843490987,0.9185928708653792,0.1213503134837195,HOLD,451300,274177.8123660721,30952571.91467285,31226749.727038924,0,3022.6749727038923,1268.9691523491795
2016-11-30,67.78341674804688,1.0326626194631245,0.9414068205849283,0.09125579887819624,HOLD,451300,274177.8123660721,30590655.978393555,30864833.790759627,0,2986.4833790759626,1252.9623483305752
2016-12-01,68.08892059326172,1.0395609153164571,0.9610376395312341,0.078523275785223,HOLD,451300,274177.8123660721,30728529.863739014,31002707.676105086,0,3000.2707676105088,1259.0602291940063
2016-12-02,66.2940902709961,0.8899413673818799,0.9468183851013633,-0.05687701771948339,SELL,0,30174749.637903027,0.0,30174749.637903027,451300,2917.474963790303,1223.2352742984212
2016-12-05,64.34651184082031,0.607213910981713,0.8788974902774332,-0.2716835792957203,HOLD,0,30174749.637903027,0.0,30174749.637903027,0,2917.474963790303,1184.3614551127791
2016-12-06,64.07919311523438,0.3574594082171103,0.7746098738653687,-0.4171504656482584,HOLD,0,30174749.637903027,0.0,30174749.637903027,0,2917.474963790303,1179.0257522510328
2016-12-07,64.49925994873047,0.1912187969486041,0.6579316584820158,-0.46671286153341174,HOLD,0,30174749.637903027,0.0,30174749.637903027,0,2917.474963790303,1187.4103194028362
2016-12-08,63.7736930847168,0.0009141944442774275,0.5265281656744681,-0.5256139712301907,HOLD,0,30174749.637903027,0.0,30174749.637903027,0,2917.474963790303,1172.9279475292603
2016-12-09,64.07919311523438,-0.12382489846731914,0.39645755284611073,-0.5202824513134299,HOLD,0,30174749.637903027,0.0,30174749.637903027,0,2917.474963790303,1179.0257522510328
2016-12-12,62.81899642944336,-0.3206723576096948,0.25303157075494964,-0.5737039283646445,HOLD,0,30174749.637903027,0.0,30174749.637903027,0,2917.474963790303,1153.8721269372818
2016-12-13,62.62805938720703,-0.48647463400949675,0.10513032980206037,-0.5916049638115571,HOLD,0,30174749.637903027,0.0,30174749.637903027,0,2917.474963790303,1150.061008503881
2016-12-14,62.017051696777344,-0.6595741861631552,-0.04781057339098276,-0.6117636127721725,HOLD,0,30174749.637903027,0.0,30174749.637903027,0,2917.474963790303,1137.8652467770187
2016-12-15,61.558799743652344,-0.8242326898244272,-0.20309499667767167,-0.6211376931467556,HOLD,0,30174749.637903027,0.0,30174749.637903027,0,2917.474963790303,1128.7185016235305
2016-12-16,61.482421875,-0.9499384962911464,-0.35246369660036664,-0.5974747996907797,HOLD,0,30174749.637903027,0.0,30174749.637903027,0,2917.474963790303,1127.1939933368435
2016-12-19,61.44423294067383,-1.0406468522863435,-0.490100327737562,-0.5505465245487815,HOLD,0,30174749.637903027,0.0,30174749.637903027,0,2917.474963790303,1126.4317391935
2016-12-20,61.29148483276367,-1.1120404634288477,-0.6144883548758192,-0.49755210855302845,HOLD,0,30174749.637903027,0.0,30174749.637903027,0,2917.474963790303,1123.3828749034428
2016-12-21,61.74973678588867,-1.1187470916994258,-0.7153401022405406,-0.4034069894588852,HOLD,0,30174749.637903027,0.0,30174749.637903027,0,2917.474963790303,1132.529620056931
2016-12-22,61.7115478515625,-1.1142987286474124,-0.795131827521915,-0.3191669011254974,HOLD,0,30174749.637903027,0.0,30174749.637903027,0,2917.474963790303,1131.7673659135876
2016-12-23,61.062355041503906,-1.1499024435412792,-0.8660859507257879,-0.2838164928154914,HOLD,0,30174749.637903027,0.0,30174749.637903027,0,2917.474963790303,1118.8094261850401
2016-12-26,61.44423294067383,-1.1342295963757323,-0.9197146798557768,-0.21451491651995547,HOLD,0,30174749.637903027,0.0,30174749.637903027,0,2917.474963790303,1126.4317391935
2016-12-27,61.176918029785156,-1.1303488731530962,-0.9618415185152408,-0.16850735463785538,HOLD,0,30174749.637903027,0.0,30174749.637903027,0,2917.474963790303,1121.0961124734122
2016-12-28,61.176918029785156,-1.1144269518458643,-0.9923586051813655,-0.12206834666449873,HOLD,0,30174749.637903027,0.0,30174749.637903027,0,2917.474963790303,1121.0961124734122
2016-12-29,60.795040130615234,-1.1197156840677636,-1.0178300209586453,-0.10188566310911829,HOLD,0,30174749.637903027,0.0,30174749.637903027,0,2917.474963790303,1113.4737994649524
2016-12-30,61.32966995239258,-1.068450452201624,-1.0279541072072411,-0.04049634499438293,HOLD,0,30174749.637903027,0.0,30174749.637903027,0,2917.474963790303,1124.145052905128
2017-01-03,61.826114654541016,-0.9765068845886589,-1.0176646626835246,0.04115777809486576,BUY,483100,288632.7307005003,29868195.989608765,30156828.720309265,483100,2915.6828720309263,1134.0541283436182
2017-01-04,61.940677642822266,-0.8842041144923698,-0.9909725530452937,0.10676843855292395,HOLD,483100,288632.7307005003,29923541.369247437,30212174.099947937,0,2921.217409994794,1136.3408146319903
2017-01-05,61.673362731933594,-0.8231349956047183,-0.9574050415571788,0.1342700459524605,HOLD,483100,288632.7307005003,29794401.53579712,30083034.26649762,0,2908.303426649762,1131.0051879119026
2017-01-06,61.13873291015625,-0.8085568968390291,-0.9276354126135489,0.11907851577451978,HOLD,483100,288632.7307005003,29536121.868896484,29824754.599596985,0,2882.4754599596986,1120.3339344717274
2017-01-09,61.36785888671875,-0.7696431301960942,-0.896036956130058,0.12639382593396375,HOLD,483100,288632.7307005003,29646812.628173828,29935445.35887433,0,2893.544535887433,1124.9073070484715
2017-01-10,61.52061080932617,-0.7181989359493741,-0.8604693520939213,0.14227041614454716,HOLD,483100,288632.7307005003,29720607.081985474,30009239.812685974,0,2900.9239812685973,1127.956247480187
2017-01-11,61.482421875,-0.6727554630134378,-0.8229265742778247,0.15017111126438687,HOLD,483100,288632.7307005003,29702158.0078125,29990790.738513,0,2899.0790738512997,1127.1939933368435
2017-01-12,61.673362731933594,-0.6142531242568054,-0.7811918842736209,0.1669387600168154,HOLD,483100,288632.7307005003,29794401.53579712,30083034.26649762,0,2908.303426649762,1131.0051879119026
2017-01-13,61.902488708496094,-0.543140067280028,-0.7335815208749024,0.1904414535948744,HOLD,483100,288632.7307005003,29905092.295074463,30193725.025774963,0,2919.372502577496,1135.5785604886466
2017-01-16,62.47530746459961,-0.4355401353466064,-0.6739732437692432,0.23843310842263676,HOLD,483100,288632.7307005003,30181821.03614807,30470453.76684857,0,2947.0453766848573,1147.0120680721654
2017-01-17,62.09342956542969,-0.3767379682630647,-0.6145261886680076,0.23778822040494285,HOLD,483100,288632.7307005003,29997335.823059082,30285968.553759582,0,2928.596855375958,1139.389755063706
2017-01-18,62.131614685058594,-0.32332847774844,-0.5562866464840941,0.23295816873565411,HOLD,483100,288632.7307005003,30015783.054351807,30304415.785052307,0,2930.4415785052306,1140.1519330653907
2017-01-19,62.131614685058594,-0.27779878030537475,-0.5005890732483502,0.22279029294297548,HOLD,483100,288632.7307005003,30015783.054351807,30304415.785052307,0,2930.4415785052306,1140.1519330653907
2017-01-20,62.66624450683594,-0.1963130340722472,-0.43973386541312964,0.24342083134088244,HOLD,483100,288632.7307005003,30274062.72125244,30562695.45195294,0,2956.269545195294,1150.8231865055661
2017-01-23,62.78080749511719,-0.12109481178656267,-0.3760060546878163,0.2549112429012536,HOLD,483100,288632.7307005003,30329408.100891113,30618040.831591614,0,2961.8040831591616,1153.1098727939382
2017-01-24,62.55168151855469,-0.07906101397470877,-0.3166170465451948,0.23755603257048602,HOLD,483100,288632.7307005003,30218717.34161377,30507350.07231427,0,2950.735007231427,1148.536500217194
2017-01-25,62.58987045288086,-0.04218116036989272,-0.26172986931013437,0.21954870894024164,HOLD,483100,288632.7307005003,30237166.415786743,30525799.146487243,0,2952.5799146487243,1149.2987543605375
2017-01-26,62.93355941772461,0.01461079233219209,-0.2064617369816691,0.22107252931386118,HOLD,483100,288632.7307005003,30403202.55470276,30691835.28540326,0,2969.183528540326,1156.1588132256538
2017-02-03,62.513492584228516,0.02542980226338898,-0.1600834291326575,0.18551323139604647,HOLD,483100,288632.7307005003,30200268.267440796,30488900.998141296,0,2948.89009981413,1147.7742460738507
2017-02-06,62.398929595947266,0.02447750838918239,-0.12317124162828953,0.1476487500174719,HOLD,483100,288632.7307005003,30144922.887802124,30433555.618502624,0,2943.3555618502623,1145.4875597854787
2017-02-07,62.246177673339844,0.01126712467986124,-0.09628356836665938,0.10755069304652062,HOLD,483100,288632.7307005003,30071128.43399048,30359761.16469098,0,2935.976116469098,1142.438619353763
2017-02-08,63.08631134033203,0.06780791857444513,-0.06346527097843849,0.1312731895528836,HOLD,483100,288632.7307005003,30476997.008514404,30765629.739214905,0,2976.5629739214905,1159.2077536573693
2017-02-09,63.04812240600586,0.10828711084105436,-0.029114794614539922,0.13740190545559428,HOLD,483100,288632.7307005003,30458547.93434143,30747180.66504193,0,2974.7180665041933,1158.4454995140259
2017-02-10,63.65913009643555,0.18750889078972932,0.014209942466313925,0.17329894832341539,HOLD,483100,288632.7307005003,30753725.749588013,31042358.480288513,0,3004.2358480288513,1170.6412612408883
2017-02-13,63.735504150390625,0.25353290057169175,0.06207453408738949,0.19145836648430226,HOLD,483100,288632.7307005003,30790622.05505371,31079254.78575421,0,3007.925478575421,1172.1656933859167
2017-02-14,63.5445671081543,0.2871404045749202,0.10708770818489563,0.18005269639002455,HOLD,483100,288632.7307005003,30698380.36994934,30987013.10064984,0,2998.7013100649838,1168.3545749525163
2017-02-15,63.23906326293945,0.2858281376705776,0.14283579408203204,0.14299234358854554,HOLD,483100,288632.7307005003,30550791.46232605,30839424.19302655,0,2983.942419302655,1162.2566940890852
2017-02-16,63.850067138671875,0.33028375753134753,0.18032538677189514,0.1499583707594524,HOLD,483100,288632.7307005003,30845967.434692383,31134600.165392883,0,3013.460016539288,1174.4523796742887
2017-02-17,63.65913009643555,0.3461182967022012,0.21348396875795636,0.13263432794424482,HOLD,483100,288632.7307005003,30753725.749588013,31042358.480288513,0,3004.2358480288513,1170.6412612408883
2017-02-20,64.46107482910156,0.4185527058185059,0.2544977161700663,0.16405498964843962,HOLD,483100,288632.7307005003,31141145.249938965,31429777.980639465,0,3042.9777980639465,1186.6481414011512
2017-02-21,64.57563781738281,0.47967240768627306,0.2995326544733077,0.18013975321296538,HOLD,483100,288632.7307005003,31196490.629577637,31485123.360278137,0,3048.512336027814,1188.9348276895232
2017-02-22,64.15557098388672,0.4885822568173239,0.33734257494211095,0.15123968187521297,HOLD,483100,288632.7307005003,30993556.342315674,31282189.073016174,0,3028.2189073016175,1180.55026053772
2017-02-23,63.620941162109375,0.4473464860879943,0.3593433571712876,0.0880031289167067,HOLD,483100,288632.7307005003,30735276.67541504,31023909.40611554,0,3002.390940611554,1169.8790070975447
2017-02-24,63.81188201904297,0.42517304192623584,0.3725092941222773,0.05266374780395855,HOLD,483100,288632.7307005003,30827520.20339966,31116152.93410016,0,3011.6152934100155,1173.6902016726037
2017-02-27,63.162689208984375,0.3511679479267258,0.368241024883167,-0.017073076956441224,SELL,0,30784219.550466735,0.0,30784219.550466735,483100,2978.4219550466732,1160.7322619440565
2017-02-28,63.20087432861328,0.29223094139691597,0.3530390081859168,-0.06080806678900086,HOLD,0,30784219.550466735,0.0,30784219.550466735,0,2978.4219550466732,1161.4944399457413
2017-03-01,63.162689208984375,0.2396788504826759,0.33036697664526865,-0.09068812616259275,HOLD,0,30784219.550466735,0.0,30784219.550466735,0,2978.4219550466732,1160.7322619440565
2017-03-02,62.85718536376953,0.17140349985771763,0.2985742812877585,-0.12717078143004085,HOLD,0,30784219.550466735,0.0,30784219.550466735,0,2978.4219550466732,1154.6343810806252
2017-03-03,62.513492584228516,0.08854101197041331,0.25656762742428946,-0.16802661545387615,HOLD,0,30784219.550466735,0.0,30784219.550466735,0,2978.4219550466732,1147.7742460738507
2017-03-06,62.74262237548828,0.04088940495726945,0.21343198293088547,-0.17254257797361602,HOLD,0,30784219.550466735,0.0,30784219.550466735,0,2978.4219550466732,1152.3476947922532
2017-03-07,62.81899642944336,0.009182065818514218,0.17258199950841124,-0.16339993368989703,HOLD,0,30784219.550466735,0.0,30784219.550466735,0,2978.4219550466732,1153.8721269372818
2017-03-08,62.513492584228516,-0.04013518259301918,0.13003856308812517,-0.17017374568114435,HOLD,0,30784219.550466735,0.0,30784219.550466735,0,2978.4219550466732,1147.7742460738507
2017-03-09,62.36074447631836,-0.09050170568215066,0.08593050933407001,-0.17643221501622067,HOLD,0,30784219.550466735,0.0,30784219.550466735,0,2978.4219550466732,1144.7253817837934
2017-03-10,62.017051696777344,-0.156348386177676,0.037474730231720814,-0.1938231164093968,HOLD,0,30784219.550466735,0.0,30784219.550466735,0,2978.4219550466732,1137.8652467770187
2017-03-13,62.398929595947266,-0.17569272354177912,-0.005158760522979173,-0.17053396301879994,HOLD,0,30784219.550466735,0.0,30784219.550466735,0,2978.4219550466732,1145.4875597854787
2017-03-14,62.513492584228516,-0.1797074192941679,-0.04006849227721691,-0.13963892701695096,HOLD,0,30784219.550466735,0.0,30784219.550466735,0,2978.4219550466732,1147.7742460738507
2017-03-15,62.246177673339844,-0.20212915479163485,-0.0724806247801005,-0.12964853001153434,HOLD,0,30784219.550466735,0.0,30784219.550466735,0,2978.4219550466732,1142.438619353763
2017-03-16,63.31543731689453,-0.13209550984321794,-0.08440360179272399,-0.04769190805049395,HOLD,0,30784219.550466735,0.0,30784219.550466735,0,2978.4219550466732,1163.7811262341136
2017-03-17,62.284366607666016,-0.15797113792929451,-0.0991171090200381,-0.05885402890925641,HOLD,0,30784219.550466735,0.0,30784219.550466735,0,2978.4219550466732,1143.2008734971066
2017-03-20,62.246177673339844,-0.1794902357443533,-0.11519173436490115,-0.06429850137945214,HOLD,0,30784219.550466735,0.0,30784219.550466735,0,2978.4219550466732,1142.438619353763
2017-03-21,61.940677642822266,-0.21867482779750702,-0.13588835305142233,-0.08278647474608469,HOLD,0,30784219.550466735,0.0,30784219.550466735,0,2978.4219550466732,1136.3408146319903
2017-03-22,61.36785888671875,-0.2925779294337616,-0.1672262683278902,-0.1253516611058714,HOLD,0,30784219.550466735,0.0,30784219.550466735,0,2978.4219550466732,1124.9073070484715
2017-03-23,61.673362731933594,-0.32277432136031337,-0.19833587893437485,-0.12443844242593852,HOLD,0,30784219.550466735,0.0,30784219.550466735,0,2978.4219550466732,1131.0051879119026
2017-03-24,62.20799255371094,-0.3001055905471901,-0.21868982125693792,-0.08141576929025218,HOLD,0,30784219.550466735,0.0,30784219.550466735,0,2978.4219550466732,1141.676441352078
2017-03-27,62.09342956542969,-0.28806411002319265,-0.23256467901018887,-0.05549943101300378,HOLD,0,30784219.550466735,0.0,30784219.550466735,0,2978.4219550466732,1139.389755063706
2017-03-28,61.826114654541016,-0.29667138615052124,-0.24538602043825536,-0.051285365712265885,HOLD,0,30784219.550466735,0.0,30784219.550466735,0,2978.4219550466732,1134.0541283436182
2017-03-29,61.63517379760742,-0.31526585733158896,-0.2593619878169221,-0.05590386951466686,HOLD,0,30784219.550466735,0.0,30784219.550466735,0,2978.4219550466732,1130.242933768559
2017-03-30,61.36785888671875,-0.34756566830124314,-0.27700272391378633,-0.0705629443874568,HOLD,0,30784219.550466735,0.0,30784219.550466735,0,2978.4219550466732,1124.9073070484715
2017-03-31,61.52061080932617,-0.35672558713441305,-0.2929472965579117,-0.06377829057650136,HOLD,0,30784219.550466735,0.0,30784219.550466735,0,2978.4219550466732,1127.956247480187
2017-04-05,62.20799255371094,-0.30500304151563284,-0.29535844554945595,-0.009644595966176894,HOLD,0,30784219.550466735,0.0,30784219.550466735,0,2978.4219550466732,1141.676441352078
2017-04-06,62.017051696777344,-0.27623561069773217,-0.2915338785791112,0.015298267881379057,BUY,491400,290755.2391480729,30475179.203796387,30765934.44294446,491400,2976.593444294446,1137.8652467770187
2017-04-07,62.169803619384766,-0.23836370257601658,-0.28089984337849233,0.04253614080247575,HOLD,491400,290755.2391480729,30550241.498565674,30840996.737713747,0,2984.099673771375,1140.9141872087343
2017-04-10,62.017051696777344,-0.21816092277325794,-0.2683520592574455,0.05019113648418755,HOLD,491400,290755.2391480729,30475179.203796387,30765934.44294446,0,2976.593444294446,1137.8652467770187
2017-04-11,62.131614685058594,-0.1907074418367145,-0.2528231357732993,0.06211569393658478,HOLD,491400,290755.2391480729,30531475.456237793,30822230.695385866,0,2982.2230695385865,1140.1519330653907
2017-04-12,62.513492584228516,-0.13656180593456924,-0.2295708698055533,0.09300906387098407,HOLD,491400,290755.2391480729,30719130.255889893,31009885.495037965,0,3000.9885495037965,1147.7742460738507
2017-04-13,62.20799255371094,-0.11695412433247299,-0.20704752071093724,0.09009339637846425,HOLD,491400,290755.2391480729,30569007.540893555,30859762.780041628,0,2985.976278004163,1141.676441352078
2017-04-14,61.787925720214844,-0.133768775044679,-0.1923917715776856,0.05862299653300662,HOLD,491400,290755.2391480729,30362586.698913574,30653341.938061647,0,2965.334193806165,1133.2918742002746
2017-04-17,61.787925720214844,-0.14541821620045425,-0.18299706050223935,0.0375788443017851,HOLD,491400,290755.2391480729,30362586.698913574,30653341.938061647,0,2965.334193806165,1133.2918742002746
2017-04-18,61.21510696411133,-0.19858302709485542,-0.18611425382076258,-0.012468773274092848,SELL,0,30353810.13917508,0.0,30353810.13917508,491400,2935.381013917508,1121.8583666167558
2017-04-19,61.29148483276367,-0.23188049309290903,-0.19526750167519188,-0.03661299141771715,HOLD,0,30353810.13917508,0.0,30353810.13917508,0,2935.381013917508,1123.3828749034428
2017-04-20,61.482421875,-0.2400942936469619,-0.20423286006954589,-0.035861433577416,HOLD,0,30353810.13917508,0.0,30353810.13917508,0,2935.381013917508,1127.1939933368435
2017-04-21,62.055240631103516,-0.1980985466580094,-0.2030059973872386,0.004907450729229185,BUY,484200,288634.3370866105,30047147.513580322,30335781.850666933,484200,2933.5781850666935,1138.6275009203623
2017-04-24,62.246177673339844,-0.14770691762322485,-0.19194618143443587,0.044239263811211016,HOLD,484200,288634.3370866105,30139599.229431152,30428233.566517763,0,2942.823356651776,1142.438619353763
2017-04-25,61.558799743652344,-0.16137659390867043,-0.1858322639292828,0.024455670020612358,HOLD,484200,288634.3370866105,29806770.835876465,30095405.172963075,0,2909.540517296308,1128.7185016235305
2017-04-26,61.86429977416992,-0.14587703193821966,-0.17784121753107016,0.0319641855928505,HOLD,484200,288634.3370866105,29954693.950653076,30243328.287739687,0,2924.3328287739687,1134.8163063453032
2017-04-27,61.97886276245117,-0.1229321563214043,-0.166859405289137,0.0439272489677327,HOLD,484200,288634.3370866105,30010165.349578857,30298799.686665468,0,2929.879968666547,1137.1029926336753
2017-04-28,61.97886276245117,-0.10355446566639159,-0.15419841736458795,0.050643951698196354,HOLD,484200,288634.3370866105,30010165.349578857,30298799.686665468,0,2929.879968666547,1137.1029926336753
2017-05-02,61.52061080932617,-0.12374811778805395,-0.14810835744928116,0.024360239661227218,HOLD,484200,288634.3370866105,29788279.753875732,30076914.090962343,0,2907.6914090962346,1127.956247480187
2017-05-03,61.29148483276367,-0.15643697592496864,-0.14977408114441867,-0.0066628947805499605,SELL,0,29948164.890937164,0.0,29948164.890937164,484200,2894.8164890937164,1123.3828749034428
2017-05-04,61.32966995239258,-0.1772190406951708,-0.1552630730545691,-0.021955967640601703,HOLD,0,29948164.890937164,0.0,29948164.890937164,0,2894.8164890937164,1124.145052905128
2017-05-05,60.26041030883789,-0.27677876054860917,-0.17956621055337713,-0.09721254999523204,HOLD,0,29948164.890937164,0.0,29948164.890937164,0,2894.8164890937164,1102.8025460247773
2017-05-08,59.80215835571289,-0.3881829275144213,-0.22128955394558597,-0.16689337356883532,HOLD,0,29948164.890937164,0.0,29948164.890937164,0,2894.8164890937164,1093.6558008712889
2017-05-09,59.573028564453125,-0.48931981743127295,-0.2748956066427234,-0.21442421078854956,HOLD,0,29948164.890937164,0.0,29948164.890937164,0,2894.8164890937164,1089.0823521528864
2017-05-10,59.114776611328125,-0.5995375386418402,-0.3398239930425468,-0.25971354559929344,HOLD,0,29948164.890937164,0.0,29948164.890937164,0,2894.8164890937164,1079.9356069993983
2017-05-11,59.26752853393555,-0.6668727789419293,-0.4052337502224233,-0.261639028719506,HOLD,0,29948164.890937164,0.0,29948164.890937164,0,2894.8164890937164,1082.9845474311137
2017-05-12,59.76396942138672,-0.6724264972271783,-0.4586722996233743,-0.21375419760380399,HOLD,0,29948164.890937164,0.0,29948164.890937164,0,2894.8164890937164,1092.8935467279455
2017-05-15,60.37497329711914,-0.6203736710705599,-0.49101257391281145,-0.1293610971577484,HOLD,0,29948164.890937164,0.0,29948164.890937164,0,2894.8164890937164,1105.0892323131493
2017-05-16,60.489540100097656,-0.5633825247436377,-0.5054865640789767,-0.05789596066466096,HOLD,0,29948164.890937164,0.0,29948164.890937164,0,2894.8164890937164,1107.37599474318
2017-05-17,60.489540100097656,-0.5123110280516769,-0.5068514568735168,-0.005459571178160094,HOLD,0,29948164.890937164,0.0,29948164.890937164,0,2894.8164890937164,1107.37599474318
2017-05-18,59.87853240966797,-0.5152007990759913,-0.5085213253140117,-0.006679473761979526,HOLD,0,29948164.890937164,0.0,29948164.890937164,0,2894.8164890937164,1095.1802330163175
2017-05-19,59.99309539794922,-0.5024547026757276,-0.507308000786355,0.004853298110627402,BUY,494200,281787.9926232621,29648587.745666504,29930375.738289766,494200,2893.0375738289763,1097.4669193046896
2017-05-22,59.3820915222168,-0.5354835152105792,-0.5129431036711999,-0.022540411539379357,SELL,0,29610809.645124633,0.0,29610809.645124633,494200,2861.080964512463,1085.2712337194857
2017-05-23,60.06947326660156,-0.5004245423999549,-0.5104393914169509,0.010014849016996008,BUY,488000,279318.3492506109,29313902.954101562,29593221.303352173,488000,2859.3221303352175,1098.9914275913768
2017-05-24,60.29859924316406,-0.4489759867410541,-0.4981467104817716,0.049170723740717515,HOLD,488000,279318.3492506109,29425716.430664062,29705034.779914673,0,2870.503477991467,1103.5648001681209
2017-05-25,62.66624450683594,-0.21467876698044108,-0.44145312178150553,0.22677435480106445,HOLD,488000,279318.3492506109,30581127.319335938,30860445.66858655,0,2986.044566858655,1150.8231865055661
2017-05-26,62.58987045288086,-0.034758604611930366,-0.3601142183475905,0.32535561373566013,HOLD,488000,279318.3492506109,30543856.78100586,30823175.13025647,0,2982.317513025647,1149.2987543605375
2017-05-31,62.78080749511719,0.12183203998181114,-0.2637249666817102,0.38555700666352133,HOLD,488000,279318.3492506109,30637034.057617188,30916352.4068678,0,2991.63524068678,1153.1098727939382
2017-06-01,62.513492584228516,0.22180435222816897,-0.16661910289973436,0.3884234551279033,HOLD,488000,279318.3492506109,30506584.381103516,30785902.730354127,0,2978.590273035413,1147.7742460738507
2017-06-02,62.55168151855469,0.30064896368106986,-0.07316548958357352,0.37381445326464335,HOLD,488000,279318.3492506109,30525220.581054688,30804538.9303053,0,2980.45389303053,1148.536500217194
2017-06-05,61.902488708496094,0.30720814776421435,0.0029092378859840516,0.3042989098782303,HOLD,488000,279318.3492506109,30208414.489746094,30487732.838996705,0,2948.773283899671,1135.5785604886466
2017-06-06,62.055240631103516,0.3210315006554225,0.06653369043987176,0.25449781021555073,HOLD,488000,279318.3492506109,30282957.427978516,30562275.777229127,0,2956.2275777229124,1138.6275009203623
2017-06-07,62.513492584228516,0.36475899561257563,0.12617875147441254,0.2385802441381631,HOLD,488000,279318.3492506109,30506584.381103516,30785902.730354127,0,2978.590273035413,1147.7742460738507
2017-06-08,62.78080749511719,0.41618589770844494,0.18418018072121903,0.2320057169872259,HOLD,488000,279318.3492506109,30637034.057617188,30916352.4068678,0,2991.63524068678,1153.1098727939382
2017-06-09,63.277252197265625,0.4913371972688054,0.24561158403073632,0.2457256132380691,HOLD,488000,279318.3492506109,30879299.072265625,31158617.421516236,0,3015.8617421516237,1163.0189482324286
2017-06-12,62.74262237548828,0.5019686034803712,0.2968829879206633,0.2050856155597079,HOLD,488000,279318.3492506109,30618399.71923828,30897718.068488892,0,2989.7718068488894,1152.3476947922532
2017-06-13,62.70443344116211,0.5015312021502396,0.3378126307665786,0.16371857138366103,HOLD,488000,279318.3492506109,30599763.51928711,30879081.86853772,0,2987.908186853772,1151.5854406489098
2017-06-14,62.43711853027344,0.4741487871095913,0.36507986203518117,0.10906892507441013,HOLD,488000,279318.3492506109,30469313.842773438,30748632.19202405,0,2974.8632192024047,1146.249813928822
2017-06-15,62.85718536376953,0.48080152800210385,0.3882241952285657,0.09257733277353813,HOLD,488000,279318.3492506109,30674306.45751953,30953624.806770142,0,2995.3624806770144,1154.6343810806252
2017-06-16,62.284366607666016,0.43483962618596195,0.397547281420045,0.037292344765916974,HOLD,488000,279318.3492506109,30394770.904541016,30674089.253791627,0,2967.4089253791626,1143.2008734971066
2017-06-19,63.81188201904297,0.5157272330645171,0.42118327174893944,0.09454396131557763,HOLD,488000,279318.3492506109,31140198.42529297,31419516.77454358,0,3041.951677454358,1173.6902016726037
2017-06-20,63.69731521606445,0.5640842486655018,0.4497634671322519,0.11432078153324987,HOLD,488000,279318.3492506109,31084289.825439453,31363608.174690064,0,3036.3608174690066,1171.4034392425733
2017-06-21,64.04100799560547,0.6229595766505653,0.4844026890359146,0.13855688761465074,HOLD,488000,279318.3492506109,31252011.90185547,31531330.25110608,0,3053.133025110608,1178.2635742493478
2017-06-22,64.5374526977539,0.7015901423185014,0.527840179692432,0.17374996262606934,HOLD,488000,279318.3492506109,31494276.916503906,31773595.265754517,0,3077.3595265754516,1188.1726496878382
2017-06-23,64.69020080566406,0.7673849913523867,0.575749142024423,0.19163584932796374,HOLD,488000,279318.3492506109,31568817.993164062,31848136.342414673,0,3084.8136342414673,1191.2215139778953
2017-06-26,65.9122085571289,0.9076706339732539,0.6421334404141892,0.2655371935590647,HOLD,488000,279318.3492506109,32165157.775878906,32444476.125129517,0,3144.4476125129518,1215.6128851483031
2017-06-27,65.33939361572266,0.9615425736469518,0.7060152670607417,0.25552730658621015,HOLD,488000,279318.3492506109,31885624.084472656,32164942.433723267,0,3116.4942433723268,1204.1794537064427
2017-06-28,65.26301574707031,0.98669936223218,0.7621520860950294,0.22454727613715064,HOLD,488000,279318.3492506109,31848351.684570312,32127670.033820923,0,3112.7670033820928,1202.6549454197557
2017-06-29,65.26301574707031,0.9951646597022901,0.8087546008164815,0.18641005888580853,HOLD,488000,279318.3492506109,31848351.684570312,32127670.033820923,0,3112.7670033820928,1202.6549454197557
2017-06-30,64.9957046508789,0.9691321453778272,0.8408301097287507,0.1283020356490765,HOLD,488000,279318.3492506109,31717903.869628906,31997222.218879517,0,3099.722221887952,1197.3193948413264
2017-07-03,64.57563781738281,0.904182454897402,0.853500578762481,0.05068187613492103,HOLD,488000,279318.3492506109,31512911.254882812,31792229.604133423,0,3079.2229604133427,1188.9348276895232
2017-07-04,63.88825607299805,0.78815800035472,0.8404320630809289,-0.052274062726208936,SELL,0,31438080.831495482,0.0,31438080.831495482,488000,3043.808083149548,1175.2146338176324
2017-07-05,64.42288970947266,0.7309226294733335,0.8185301763594098,-0.0876075468860763,HOLD,0,31438080.831495482,0.0,31438080.831495482,0,3043.808083149548,1185.8859633994662
2017-07-06,63.88825607299805,0.6351016627167354,0.781844473630875,-0.14674281091413954,HOLD,0,31438080.831495482,0.0,31438080.831495482,0,3043.808083149548,1175.2146338176324
2017-07-07,64.72838592529297,0.6198095355239417,0.7494374860094883,-0.12962795048554665,HOLD,0,31438080.831495482,0.0,31438080.831495482,0,3043.808083149548,1191.9836919795805
2017-07-10,64.95751953125,0.6190436319532395,0.7233587151982386,-0.10431508324499905,HOLD,0,31438080.831495482,0.0,31438080.831495482,0,3043.808083149548,1196.5572168396416
2017-07-11,65.53033447265625,0.6570835759692386,0.7101036873524387,-0.053020111383200064,HOLD,0,31438080.831495482,0.0,31438080.831495482,0,3043.808083149548,1207.9906482815018
2017-07-12,65.79764556884766,0.7007227810800174,0.7082275060979545,-0.007504725017937086,HOLD,0,31438080.831495482,0.0,31438080.831495482,0,3043.808083149548,1213.326198859931
2017-07-13,66.79053497314453,0.806132449460236,0.7278084947704109,0.07832395468982511,BUY,465900,301699.96136105433,31117710.243988037,31419410.20534909,465900,3041.941020534909,1233.1443497369114
2017-07-14,66.37046813964844,0.8460220724483491,0.7514512103059986,0.09457086214235055,HOLD,465900,301699.96136105433,30922001.106262207,31223701.06762326,0,3022.370106762326,1224.7597825851083
2017-07-17,64.91932678222656,0.7518727847677837,0.7515355251983556,0.00033725956942809443,HOLD,465900,301699.96136105433,30245914.347839355,30547614.30920041,0,2954.7614309200408,1195.7948865546393
2017-07-18,64.23194885253906,0.6147071799744168,0.7241698561535679,-0.10946267617915106,SELL,0,30209409.53277676,0.0,30209409.53277676,465900,2920.9409532776763,1182.074768824407
2017-07-19,67.89797973632812,0.79268294837334,0.7378724745975224,0.0548104737758176,BUY,440400,289197.89473233,29902270.275878906,30191468.170611236,440400,2919.146817061124,1255.2490346189472
2017-07-20,67.24878692626953,0.8713017684148383,0.7645583333609856,0.10674343505385275,HOLD,440400,289197.89473233,29616365.7623291,29905563.65706143,0,2890.556365706143,1242.2910948903998
2017-07-21,66.90509796142578,0.8955515616402892,0.7907569790168464,0.10479458262344277,HOLD,440400,289197.89473233,29465005.142211914,29754203.036944244,0,2875.4203036944245,1235.4310360252834
2017-07-24,66.86690521240234,0.9012982565627254,0.8128652345260222,0.08843302203670322,HOLD,440400,289197.89473233,29448185.055541992,29737382.950274322,0,2873.7382950274323,1234.6687057402817
2017-07-25,66.5232162475586,0.8681126641461816,0.8239147204500542,0.044197943696127395,HOLD,440400,289197.89473233,29296824.435424805,29586022.330157135,0,2858.6022330157134,1227.8086468751656
2017-07-26,66.86690521240234,0.8596363178341875,0.8310590399268809,0.028577277907306575,HOLD,440400,289197.89473233,29448185.055541992,29737382.950274322,0,2873.7382950274323,1234.6687057402817
2017-07-27,66.5614013671875,0.8188282033807752,0.8286128726176598,-0.009784669236884591,SELL,0,29585250.87214444,0.0,29585250.87214444,440400,2858.525087214444,1228.5708248768503
2017-07-28,65.98858642578125,0.7318300191996201,0.8092563019340518,-0.07742628273443175,HOLD,0,29585250.87214444,0.0,29585250.87214444,0,2858.525087214444,1217.1373934349901
2017-07-31,66.25590515136719,0.676653676150579,0.7827357767773573,-0.10608210062677825,HOLD,0,29585250.87214444,0.0,29585250.87214444,0,2858.525087214444,1222.4730962967362
2017-08-01,67.05784606933594,0.6896856894270513,0.7641257593072961,-0.07444006988024476,HOLD,0,29585250.87214444,0.0,29585250.87214444,0,2858.525087214444,1238.4799003153407
2017-08-02,67.40153503417969,0.7194530737830149,0.75519122220244,-0.03573814841942502,HOLD,0,29585250.87214444,0.0,29585250.87214444,0,2858.525087214444,1245.3399591804568
2017-08-03,66.82872009277344,0.688881563935098,0.7419292905489716,-0.05304772661387358,HOLD,0,29585250.87214444,0.0,29585250.87214444,0,2858.525087214444,1233.9065277385967
2017-08-04,67.05784606933594,0.6753568798320657,0.7286148084055905,-0.05325792857352474,HOLD,0,29585250.87214444,0.0,29585250.87214444,0,2858.525087214444,1238.4799003153407
2017-08-07,66.1031494140625,0.5809061049166218,0.6990730677077968,-0.118166962791175,HOLD,0,29585250.87214444,0.0,29585250.87214444,0,2858.525087214444,1219.4240797233622
2017-08-08,66.21771240234375,0.5094251252883026,0.6611434792238979,-0.1517183539355953,HOLD,0,29585250.87214444,0.0,29585250.87214444,0,2858.525087214444,1221.7107660117342
2017-08-09,65.415771484375,0.3836435993565033,0.605643503250419,-0.22199990389391577,HOLD,0,29585250.87214444,0.0,29585250.87214444,0,2858.525087214444,1205.7039619931297
2017-08-10,65.75946044921875,0.30814159647033534,0.5461431218944023,-0.23800152542406694,HOLD,0,29585250.87214444,0.0,29585250.87214444,0,2858.525087214444,1212.5640208582458
2017-08-11,64.42288970947266,0.1388549927880831,0.46468549607313847,-0.32583050328505536,HOLD,0,29585250.87214444,0.0,29585250.87214444,0,2858.525087214444,1185.8859633994662
2017-08-14,65.11026763916016,0.05947421229656413,0.3836432393178236,-0.3241690270212595,HOLD,0,29585250.87214444,0.0,29585250.87214444,0,2858.525087214444,1199.6060811296984
2017-08-15,64.9957046508789,-0.012535403533149747,0.30440751074762895,-0.3169429142807787,HOLD,0,29585250.87214444,0.0,29585250.87214444,0,2858.525087214444,1197.3193948413264
2017-08-16,65.2248306274414,-0.05053248443140035,0.2334195117118231,-0.2839519961432234,HOLD,0,29585250.87214444,0.0,29585250.87214444,0,2858.525087214444,1201.8927674180707
2017-08-17,65.53033447265625,-0.055355731278339704,0.17566446311379055,-0.23102019439213026,HOLD,0,29585250.87214444,0.0,29585250.87214444,0,2858.525087214444,1207.9906482815018
2017-08-18,65.10152435302734,-0.09271086890628055,0.12198939670977633,-0.21470026561605687,HOLD,0,29585250.87214444,0.0,29585250.87214444,0,2858.525087214444,1199.4315644483936
2017-08-21,65.53034210205078,-0.08671349682479956,0.08024881800286116,-0.16696231482766072,HOLD,0,29585250.87214444,0.0,29585250.87214444,0,2858.525087214444,1207.9908005648188
2017-08-22,65.37440490722656,-0.09346594738141789,0.04550586492600535,-0.13897181230742323,HOLD,0,29585250.87214444,0.0,29585250.87214444,0,2858.525087214444,1204.8782818482473
2017-08-23,65.920166015625,-0.05415469119448346,0.02557375370190759,-0.07972844489639105,HOLD,0,29585250.87214444,0.0,29585250.87214444,0,2858.525087214444,1215.771716647955
2017-08-24,64.90660858154297,-0.10359171096118303,-0.00025933923071053366,-0.1033323717304725,HOLD,0,29585250.87214444,0.0,29585250.87214444,0,2858.525087214444,1195.5410302651671
2017-08-25,66.81678009033203,0.011234467540518267,0.0020394221235352267,0.00919504541698304,BUY,438300,281884.68172375485,29285794.71359253,29567679.395316284,438300,2856.767939531628,1233.6682043474602
2017-08-28,70.94896697998047,0.43070311177970666,0.08777216005476951,0.34293095172493715,HOLD,438300,281884.68172375485,31096932.22732544,31378816.909049194,0,3037.8816909049197,1316.1469808119214
2017-08-29,70.1693115234375,0.6922436016243125,0.20866644836867815,0.4835771532556344,HOLD,438300,281884.68172375485,30755209.240722656,31037093.92244641,0,3003.709392244641,1300.5849963623323
2017-08-30,70.24727630615234,0.89548483870918,0.34603012643677855,0.5494547122724015,HOLD,438300,281884.68172375485,30789381.204986572,31071265.886710327,0,3007.126588671033,1302.1411795789595
2017-08-31,71.06591796875,1.1098192187554332,0.49878794490050954,0.6110312738549237,HOLD,438300,281884.68172375485,31148191.845703125,31430076.52742688,0,3043.007652742688,1318.4813317785206
2017-09-01,71.33879852294922,1.2868657519613436,0.6564035063126764,0.6304622456486672,HOLD,438300,281884.68172375485,31267795.392608643,31549680.074332397,0,3054.9680074332396,1323.9280491783743
2017-09-04,70.87100219726562,1.373595200692506,0.7998418451886424,0.5737533555038636,HOLD,438300,281884.68172375485,31062760.263061523,31344644.94478528,0,3034.464494478528,1314.5907975952941
2017-09-05,70.90998840332031,1.4290021276663936,0.9256739016841927,0.5033282259822008,HOLD,438300,281884.68172375485,31079847.917175293,31361732.598899048,0,3036.173259889905,1315.3689653452664
2017-09-06,70.5981216430664,1.4312489285781993,1.026788907062994,0.4044600215152052,HOLD,438300,281884.68172375485,30943156.716156006,31225041.39787976,0,3022.504139787976,1309.1440801954404
2017-09-07,69.97439575195312,1.3669428020404837,1.094819686058492,0.2721231159819917,HOLD,438300,281884.68172375485,30669777.658081055,30951662.33980481,0,2995.1662339804807,1296.6944621791058
2017-09-08,69.272705078125,1.2450074890113711,1.1248572466490678,0.12015024236230332,HOLD,438300,281884.68172375485,30362226.635742188,30644111.317465942,0,2964.411131746594,1282.6886609461437
2017-09-11,69.31168365478516,1.138395406696361,1.1275648786585266,0.010830528037834464,HOLD,438300,281884.68172375485,30379310.945892334,30661195.62761609,0,2966.119562761609,1283.466676412799
2017-09-12,69.81846618652344,1.0823213514976544,1.1185161732263522,-0.03619482172869781,SELL,0,30864957.551039245,0.0,30864957.551039245,438300,2986.4957551039247,1293.5820957458513
2017-09-13,69.74049377441406,1.0198345192335552,1.0987798424277928,-0.07894532319423764,HOLD,0,30864957.551039245,0.0,30864957.551039245,0,2986.4957551039247,1292.0257602459071
2017-09-14,70.05236053466797,0.9841338136425435,1.075850636670743,-0.0917168230281995,HOLD,0,30864957.551039245,0.0,30864957.551039245,0,2986.4957551039247,1298.250645395733
2017-09-15,70.28626251220703,0.9636068224146044,1.0534018738195152,-0.08979505140491084,HOLD,0,30864957.551039245,0.0,30864957.551039245,0,2986.4957551039247,1302.9193473289317
2017-09-18,71.65066528320312,1.0453843942395338,1.051798377903519,-0.006413983663985157,HOLD,0,30864957.551039245,0.0,30864957.551039245,0,2986.4957551039247,1330.1529343282002
2017-09-19,70.79303741455078,1.0291271701729556,1.0472641363574062,-0.018136966184450598,HOLD,0,30864957.551039245,0.0,30864957.551039245,0,2986.4957551039247,1313.034614378667
2017-09-20,70.6371078491211,0.9922232581187274,1.0362559607096704,-0.04403270259094305,HOLD,0,30864957.551039245,0.0,30864957.551039245,0,2986.4957551039247,1309.9222479454124
2017-09-21,70.5981216430664,0.9488925384124087,1.018783276250218,-0.0698907378378093,HOLD,0,30864957.551039245,0.0,30864957.551039245,0,2986.4957551039247,1309.1440801954404
2017-09-22,70.71507263183594,0.9134598022661322,0.9977185814534009,-0.08425877918726865,HOLD,0,30864957.551039245,0.0,30864957.551039245,0,2986.4957551039247,1311.4784311620397
2017-09-25,70.48117065429688,0.8566304660257344,0.9695009583678676,-0.1128704923421332,HOLD,0,30864957.551039245,0.0,30864957.551039245,0,2986.4957551039247,1306.809729228841
2017-09-26,70.1693115234375,0.7774662352727972,0.9310940137488536,-0.15362777847605635,HOLD,0,30864957.551039245,0.0,30864957.551039245,0,2986.4957551039247,1300.5849963623323
2017-09-27,70.28626251220703,0.7159123870887498,0.8880576884168329,-0.17214530132808303,HOLD,0,30864957.551039245,0.0,30864957.551039245,0,2986.4957551039247,1302.9193473289317
2017-09-28,70.28626251220703,0.6595278919349994,0.8423517291204662,-0.1828238371854668,HOLD,0,30864957.551039245,0.0,30864957.551039245,0,2986.4957551039247,1302.9193473289317
2017-09-29,70.90998840332031,0.6575919295878521,0.8053997692139434,-0.14780783962609134,HOLD,0,30864957.551039245,0.0,30864957.551039245,0,2986.4957551039247,1315.3689653452664
2017-10-09,70.5981216430664,0.623702964770402,0.7690604083252351,-0.14535744355483315,HOLD,0,30864957.551039245,0.0,30864957.551039245,0,2986.4957551039247,1309.1440801954404
2017-10-10,71.06591796875,0.627361141224128,0.7407205549050138,-0.11335941368088576,HOLD,0,30864957.551039245,0.0,30864957.551039245,0,2986.4957551039247,1318.4813317785206
2017-10-11,70.36422729492188,0.5671024947645549,0.705996942876922,-0.13889444811236717,HOLD,0,30864957.551039245,0.0,30864957.551039245,0,2986.4957551039247,1304.4755305455587
2017-10-12,70.1693115234375,0.49787976155371894,0.6643735066122815,-0.16649374505856251,HOLD,0,30864957.551039245,0.0,30864957.551039245,0,2986.4957551039247,1300.5849963623323
2017-10-13,70.1693115234375,0.4379715829805235,0.6190931218859299,-0.1811215389054064,HOLD,0,30864957.551039245,0.0,30864957.551039245,0,2986.4957551039247,1300.5849963623323
2017-10-16,70.05236053466797,0.37671442307996017,0.570617382124736,-0.19390295904477584,HOLD,0,30864957.551039245,0.0,30864957.551039245,0,2986.4957551039247,1298.250645395733
2017-10-17,69.77947998046875,0.3026596305370788,0.5170258318072046,-0.21436620127012584,HOLD,0,30864957.551039245,0.0,30864957.551039245,0,2986.4957551039247,1292.8039279958791
2017-10-18,70.36422729492188,0.28783689074575136,0.471188043594914,-0.18335115284916265,HOLD,0,30864957.551039245,0.0,30864957.551039245,0,2986.4957551039247,1304.4755305455587
2017-10-19,69.35066986083984,0.19208985610218576,0.4153684060963684,-0.22327854999418262,HOLD,0,30864957.551039245,0.0,30864957.551039245,0,2986.4957551039247,1284.2448441627712
2017-10-20,69.31168365478516,0.11177530419071502,0.35464978571523775,-0.24287448152452273,HOLD,0,30864957.551039245,0.0,30864957.551039245,0,2986.4957551039247,1283.466676412799
2017-10-23,68.53202819824219,-0.014617732207057088,0.2807962821307788,-0.2954140143378359,HOLD,0,30864957.551039245,0.0,30864957.551039245,0,2986.4957551039247,1267.9046919632099
2017-10-24,69.35066986083984,-0.048172283568391094,0.21500256899094483,-0.2631748525593359,HOLD,0,30864957.551039245,0.0,30864957.551039245,0,2986.4957551039247,1284.2448441627712
2017-10-25,69.58456420898438,-0.05525425149443208,0.16095120489386947,-0.21620545638830155,HOLD,0,30864957.551039245,0.0,30864957.551039245,0,2986.4957551039247,1288.9133938126527
2017-10-26,69.8574447631836,-0.03840487444631435,0.12107998902583271,-0.15948486347214708,HOLD,0,30864957.551039245,0.0,30864957.551039245,0,2986.4957551039247,1294.3601112125064
2017-10-27,69.62355041503906,-0.04342437177402303,0.08817911686586156,-0.13160348863988458,HOLD,0,30864957.551039245,0.0,30864957.551039245,0,2986.4957551039247,1289.6915615626249
2017-10-30,68.10321044921875,-0.16814284277401725,0.03691472493788581,-0.20505756771190306,HOLD,0,30864957.551039245,0.0,30864957.551039245,0,2986.4957551039247,1259.3454558467847
2017-10-31,67.51847076416016,-0.31058648760460983,-0.03258551757061332,-0.2780009700339965,HOLD,0,30864957.551039245,0.0,30864957.551039245,0,2986.4957551039247,1247.674005580422
2017-11-01,67.1286392211914,-0.4497458596305961,-0.11601758598260989,-0.3337282736479862,HOLD,0,30864957.551039245,0.0,30864957.551039245,0,2986.4957551039247,1239.8929372139692
2017-11-02,67.1676254272461,-0.5505385379755836,-0.20292177638120465,-0.34761676159437893,HOLD,0,30864957.551039245,0.0,30864957.551039245,0,2986.4957551039247,1240.6711049639412
2017-11-03,67.32355499267578,-0.6107943914255429,-0.2844962993900723,-0.3262980920354706,HOLD,0,30864957.551039245,0.0,30864957.551039245,0,2986.4957551039247,1243.7834713971956
2017-11-06,66.77779388427734,-0.6945792722466138,-0.3665128939613806,-0.32806637828523316,HOLD,0,30864957.551039245,0.0,30864957.551039245,0,2986.4957551039247,1232.8900365974882
2017-11-07,68.29812622070312,-0.6310271916679397,-0.41941575350269245,-0.2116114381652473,HOLD,0,30864957.551039245,0.0,30864957.551039245,0,2986.4957551039247,1263.2359900300112
2017-11-08,70.5981216430664,-0.3905690641694122,-0.41364641563603644,0.023077351466624263,BUY,432800,291757.5836918354,30554867.04711914,30846624.630810976,432800,2984.6624630810975,1309.1440801954404
2017-11-09,71.26083374023438,-0.14485909254699436,-0.35988895101822804,0.21502985847123368,HOLD,432800,291757.5836918354,30841688.842773438,31133446.426465273,0,3013.3446426465275,1322.371865961747
2017-11-10,71.68964385986328,0.08350661091729705,-0.271209838631123,0.3547164495484201,HOLD,432800,291757.5836918354,31027277.862548828,31319035.446240664,0,3031.9035446240664,1330.9309497948555
2017-11-13,71.10490417480469,0.2148280662659232,-0.1740022576517138,0.388830323917637,HOLD,432800,291757.5836918354,30774202.52685547,31065960.110547304,0,3006.5960110547303,1319.2594995284928
2017-11-14,70.71507263183594,0.28416939034764255,-0.08236792805184252,0.36653731839948506,HOLD,432800,291757.5836918354,30605483.435058594,30897241.01875043,0,2989.724101875043,1311.4784311620397
2017-11-15,70.48117065429688,0.3165993937379312,-0.002574463693887769,0.319173857431819,HOLD,432800,291757.5836918354,30504250.659179688,30796008.242871523,0,2979.600824287152,1306.809729228841
2017-11-16,69.46761322021484,0.2575459612680646,0.04944962129850271,0.2080963399695619,HOLD,432800,291757.5836918354,30065583.001708984,30357340.58540082,0,2935.734058540082,1286.5790428460534
2017-11-17,71.33879852294922,0.35761237352527075,0.11108217174385633,0.24653020178141444,HOLD,432800,291757.5836918354,30875432.000732422,31167189.584424257,0,3016.718958442426,1323.9280491783743
2017-11-20,69.11676788330078,0.2546806241420114,0.13980186222348737,0.11487876191852406,HOLD,432800,291757.5836918354,29913737.139892578,30205494.723584414,0,2920.549472358441,1279.5761422295725
2017-11-21,74.92523193359375,0.6344870054275873,0.23873889086430738,0.3957481145632799,HOLD,432800,291757.5836918354,32427640.380859375,32719397.96455121,0,3171.9397964551213,1395.513543126445
2017-11-22,76.71844482421875,1.0678738081891908,0.4045658743292841,0.6633079338599066,HOLD,432800,291757.5836918354,33203742.919921875,33495500.50361371,0,3249.550050361371,1431.306213958822
2017-11-23,74.65235137939453,1.230435799846191,0.5697398594326655,0.6606959404135255,HOLD,432800,291757.5836918354,32309537.677001953,32601295.26069379,0,3160.1295260693787,1390.0668257265913
2017-11-24,74.1065902709961,1.3002406245502698,0.7158400124561863,0.5844006120940834,HOLD,432800,291757.5836918354,32073332.26928711,32365089.852978945,0,3136.508985297895,1379.173390926884
2017-11-27,74.14556884765625,1.3432228594274989,0.8413165818504489,0.50190627757705,HOLD,432800,291757.5836918354,32090202.197265625,32381959.78095746,0,3138.195978095746,1379.951406393539
2017-11-28,73.52184295654297,1.311835105018261,0.9354202864840113,0.37641481853424974,HOLD,432800,291757.5836918354,31820253.631591797,32112011.215283632,0,3111.201121528363,1367.5017883772043
2017-11-29,74.73031616210938,1.368696292691311,1.0220754877254714,0.3466208049658397,HOLD,432800,291757.5836918354,32343280.834960938,32635038.418652773,0,3163.5038418652775,1391.6230089432186
2017-11-30,74.80828094482422,1.403867390569772,1.0984338682943315,0.3054335222754405,HOLD,432800,291757.5836918354,32377023.992919922,32668781.576611757,0,3166.8781576611755,1393.1791921598456
2017-12-01,73.83370971679688,1.3376810315086232,1.14628330093719,0.19139773057143317,HOLD,432800,291757.5836918354,31955229.565429688,32246987.149121523,0,3124.6987149121524,1373.7266735270302
2017-12-04,73.83370971679688,1.2705813937084827,1.1711429194914487,0.099438474217034,HOLD,432800,291757.5836918354,31955229.565429688,32246987.149121523,0,3124.6987149121524,1373.7266735270302
2017-12-05,75.12014770507812,1.3061527261928063,1.1981448808317203,0.10800784536108599,HOLD,432800,291757.5836918354,32511999.926757812,32803757.510449648,0,3180.375751044965,1399.4040773096715
2017-12-06,75.08116149902344,1.3160270616882173,1.2217213170030197,0.09430574468519759,HOLD,432800,291757.5836918354,32495126.696777344,32786884.28046918,0,3178.688428046918,1398.6259095596995
2017-12-07,72.54727172851562,1.106632248127724,1.1987035032279607,-0.09207125510023673,SELL,0,31671377.712270934,0.0,31671377.712270934,432800,3067.1377712270937,1348.0492697443885
2017-12-08,72.15744018554688,0.8988676158634235,1.1387363257550533,-0.2398687098916299,HOLD,0,31671377.712270934,0.0,31671377.712270934,0,3067.1377712270937,1340.2682013779356
2017-12-11,73.13201141357422,0.803589125973474,1.0717068857987375,-0.26811775982526354,HOLD,0,31671377.712270934,0.0,31671377.712270934,0,3067.1377712270937,1359.7207200107512
2017-12-12,71.29981231689453,0.5736246931225821,0.9720904472635065,-0.39846575414092433,HOLD,0,31671377.712270934,0.0,31671377.712270934,0,3067.1377712270937,1323.1498814284023
2017-12-13,71.80659484863281,0.4273431919322377,0.8631409961972527,-0.435797804265015,HOLD,0,31671377.712270934,0.0,31671377.712270934,0,3067.1377712270937,1333.2653007614547
2017-12-14,70.71507263183594,0.22079217294252373,0.734671231546307,-0.5138790586037832,HOLD,0,31671377.712270934,0.0,31671377.712270934,0,3067.1377712270937,1311.4784311620397
2017-12-15,69.97439575195312,-0.0026370337545102984,0.5872095784861435,-0.5898466122406538,HOLD,0,31671377.712270934,0.0,31671377.712270934,0,3067.1377712270937,1296.6944621791058
2017-12-18,70.28626251220703,-0.15278009477889043,0.43921164383313677,-0.5919917386120273,HOLD,0,31671377.712270934,0.0,31671377.712270934,0,3067.1377712270937,1302.9193473289317
2017-12-19,71.22184753417969,-0.1940389004408587,0.3125615349783377,-0.5066004354191964,HOLD,0,31671377.712270934,0.0,31671377.712270934,0,3067.1377712270937,1321.593698211775
2017-12-20,69.66252899169922,-0.3485429891722873,0.18034063014821272,-0.5288836193205,HOLD,0,31671377.712270934,0.0,31671377.712270934,0,3067.1377712270937,1290.46957702928
2017-12-21,70.90998840332031,-0.36610876956848415,0.07105075020487336,-0.43715951977335754,HOLD,0,31671377.712270934,0.0,31671377.712270934,0,3067.1377712270937,1315.3689653452664
2017-12-22,70.90998840332031,-0.375698953416574,-0.01829919051941611,-0.3573997628971579,HOLD,0,31671377.712270934,0.0,31671377.712270934,0,3067.1377712270937,1315.3689653452664
2017-12-25,70.40320587158203,-0.41935825721495235,-0.09851100385852336,-0.320847253356429,HOLD,0,31671377.712270934,0.0,31671377.712270934,0,3067.1377712270937,1305.2535460122137
2017-12-26,71.76760864257812,-0.33994400629701715,-0.14679760434622213,-0.19314640195079502,HOLD,0,31671377.712270934,0.0,31671377.712270934,0,3067.1377712270937,1332.4871330114827
2017-12-27,70.55914306640625,-0.3702526704143736,-0.19148861755985244,-0.17876405285452115,HOLD,0,31671377.712270934,0.0,31671377.712270934,0,3067.1377712270937,1308.3660647287854
2017-12-28,70.6371078491211,-0.3835599582622393,-0.22990288570032982,-0.1536570725619095,HOLD,0,31671377.712270934,0.0,31671377.712270934,0,3067.1377712270937,1309.9222479454124
2017-12-29,70.55914306640625,-0.39583425524550364,-0.2630891596093646,-0.13274509563613907,HOLD,0,31671377.712270934,0.0,31671377.712270934,0,3067.1377712270937,1308.3660647287854
2018-01-02,71.88455963134766,-0.2952087020576357,-0.2695130680990188,-0.025695633958616904,HOLD,0,31671377.712270934,0.0,31671377.712270934,0,3067.1377712270937,1334.8214839780817
2018-01-03,72.54727172851562,-0.16014089392201925,-0.24763863326361893,0.08749773934159968,BUY,432100,304892.99271100014,31347676.1138916,31652569.1066026,432100,3065.25691066026,1348.0492697443885
2018-01-04,72.78116607666016,-0.033835331070093844,-0.20487797282491393,0.1710426417548201,HOLD,432100,304892.99271100014,31448741.861724854,31753634.854435854,0,3075.3634854435854,1352.7178193942702
2018-01-05,73.59980773925781,0.1308123545746156,-0.13773990734500804,0.26855226191962367,HOLD,432100,304892.99271100014,31802476.9241333,32107369.9168443,0,3110.73699168443,1369.0579715938316
2018-01-08,76.17268371582031,0.46356275764512134,-0.017479374346982168,0.4810421319921035,HOLD,432100,304892.99271100014,32914216.633605957,33219109.626316957,0,3221.910962631696,1420.4127791591145
2018-01-09,75.78285217285156,0.687884200980406,0.12359334071849548,0.5642908602619106,HOLD,432100,304892.99271100014,32745770.42388916,33050663.41660016,0,3205.066341660016,1412.6317107926614
2018-01-10,76.44556427001953,0.908661405635641,0.2806069537019246,0.6280544519337163,HOLD,432100,304892.99271100014,33032128.32107544,33337021.31378644,0,3233.7021313786436,1425.8594965589682
2018-01-11,75.15912628173828,0.9686580494697381,0.4182171728554874,0.5504408766142508,HOLD,432100,304892.99271100014,32476258.46633911,32781151.45905011,0,3178.1151459050116,1400.1820927763265
2018-01-12,75.35404205322266,1.0201739653046644,0.5386085313453228,0.4815654339593416,HOLD,432100,304892.99271100014,32560481.57119751,32865374.56390851,0,3186.537456390851,1404.0726269595532
2018-01-15,75.82183837890625,1.086226609499903,0.6481321469762389,0.438094462523664,HOLD,432100,304892.99271100014,32762616.36352539,33067509.35623639,0,3206.750935623639,1413.4098785426334
2018-01-16,78.94047546386719,1.3743787721625722,0.7933814720135056,0.5809973001490666,HOLD,432100,304892.99271100014,34110179.44793701,34415072.44064801,0,3341.507244064801,1475.6581209076237
2018-01-17,81.63029479980469,1.7990490600538322,0.994514989621571,0.8045340704322612,HOLD,432100,304892.99271100014,35272450.382995605,35577343.375706606,0,3457.7343375706605,1529.3471271561891
2018-01-18,83.46249389648438,2.2574242954866435,1.2470968507945857,1.0103274446920578,HOLD,432100,304892.99271100014,36064143.6126709,36369036.6053819,0,3536.9036605381903,1565.917965738538
2018-01-19,82.99469757080078,2.5535074733867447,1.5083789753130175,1.0451284980737272,HOLD,432100,304892.99271100014,35862008.82034302,36166901.81305402,0,3516.690181305402,1556.5807141554576
2018-01-22,82.64385223388672,2.7283940106955384,1.7523819823895217,0.9760120283060167,HOLD,432100,304892.99271100014,35710408.55026245,36015301.54297345,0,3501.5301542973452,1549.5778135389767
2018-01-23,82.6828384399414,2.837430579033608,1.969391701718339,0.868038877315269,HOLD,432100,304892.99271100014,35727254.48989868,36032147.48260968,0,3503.214748260968,1550.355981288949
2018-01-24,89.34892272949219,3.42229010633919,2.2599713826425094,1.1623187236966808,HOLD,432100,304892.99271100014,38607669.511413574,38912562.504124574,0,3791.256250412457,1683.4115498520375
2018-01-25,87.0489273071289,3.658037507357733,2.5395846075855544,1.1184528997721785,HOLD,432100,304892.99271100014,37613841.4894104,37918734.4821214,0,3691.87344821214,1637.5034596866087
2018-01-26,87.0879135131836,3.8041628606916333,2.79250025820677,1.0116626024848632,HOLD,432100,304892.99271100014,37630687.42904663,37935580.42175763,0,3693.5580421757627,1638.281627436581
2018-01-29,86.19129943847656,3.8037714835755594,2.9947545032805283,0.8090169802950311,HOLD,432100,304892.99271100014,37243260.48736572,37548153.48007672,0,3654.815348007672,1620.3851397370752
2018-01-30,84.32012176513672,3.6108492912828467,3.117973460880992,0.49287583040185456,HOLD,432100,304892.99271100014,36434724.614715576,36739617.60742658,0,3573.9617607426576,1583.036285688071
2018-01-31,82.99469757080078,3.3128183012913013,3.1569424289630543,0.15587587232824696,HOLD,432100,304892.99271100014,35862008.82034302,36166901.81305402,0,3516.690181305402,1556.5807141554576
2018-02-01,83.81333923339844,3.1068700708066785,3.1469279573317794,-0.040057886525100894,SELL,0,36498907.42913281,0.0,36498907.42913281,432100,3549.8907429132814,1572.920866355019
2018-02-02,83.89131164550781,2.9163287143182544,3.1008081087290744,-0.18447939441082006,HOLD,0,36498907.42913281,0.0,36498907.42913281,0,3549.8907429132814,1574.4772018549631
2018-02-05,84.94384765625,2.8177726471079723,3.044201016404854,-0.22642836929688182,HOLD,0,36498907.42913281,0.0,36498907.42913281,0,3549.8907429132814,1595.485903704406
2018-02-06,80.1099624633789,2.322835910721494,2.8999279952681825,-0.5770920845466883,HOLD,0,36498907.42913281,0.0,36498907.42913281,0,3549.8907429132814,1499.001173723666
2018-02-07,76.211669921875,1.5976189953047708,2.6394661952755003,-1.0418471999707295,HOLD,0,36498907.42913281,0.0,36498907.42913281,0,3549.8907429132814,1421.1909469090865
2018-02-08,75.0031967163086,0.9148201990749101,2.2945369960353825,-1.3797167969604724,HOLD,0,36498907.42913281,0.0,36498907.42913281,0,3549.8907429132814,1397.0697263430723
2018-02-09,67.63542175292969,-0.21830415629294464,1.7919687655697172,-2.010272921862662,HOLD,0,36498907.42913281,0.0,36498907.42913281,0,3549.8907429132814,1250.0083565470215
2018-02-12,67.55744934082031,-1.1098118732161737,1.2116126378125391,-2.321424511028713,HOLD,0,36498907.42913281,0.0,36498907.42913281,0,3549.8907429132814,1248.4520210470773
2018-02-13,68.68795776367188,-1.7054561433619853,0.6281988815776343,-2.3336550249396195,HOLD,0,36498907.42913281,0.0,36498907.42913281,0,3549.8907429132814,1271.0170583964643
2018-02-14,68.72694396972656,-2.149583596202774,0.07264238602155258,-2.2222259822243267,HOLD,0,36498907.42913281,0.0,36498907.42913281,0,3549.8907429132814,1271.7952261464363
2018-02-22,70.20829010009766,-2.3548799594392875,-0.4128620830706155,-1.942017876368672,HOLD,0,36498907.42913281,0.0,36498907.42913281,0,3549.8907429132814,1301.3630118289873
2018-02-23,70.90998840332031,-2.432912516596133,-0.816872169775719,-1.616040346820414,HOLD,0,36498907.42913281,0.0,36498907.42913281,0,3549.8907429132814,1315.3689653452664
2018-02-26,72.70320129394531,-2.323275314927315,-1.1181527988060382,-1.2051225161212769,HOLD,0,36498907.42913281,0.0,36498907.42913281,0,3549.8907429132814,1351.161636177643
2018-02-27,71.14388275146484,-2.3352912336475953,-1.3615804857743496,-0.9737107478732456,HOLD,0,36498907.42913281,0.0,36498907.42913281,0,3549.8907429132814,1320.0375149951478
2018-02-28,70.5981216430664,-2.361628908145164,-1.5615901702485127,-0.8000387378966514,HOLD,0,36498907.42913281,0.0,36498907.42913281,0,3549.8907429132814,1309.1440801954404
2018-03-01,70.67608642578125,-2.3491312754905493,-1.71909839129692,-0.6300328841936294,HOLD,0,36498907.42913281,0.0,36498907.42913281,0,3549.8907429132814,1310.7002634120677
2018-03-02,69.50659942626953,-2.4058613663861337,-1.856450986314763,-0.5494103800713708,HOLD,0,36498907.42913281,0.0,36498907.42913281,0,3549.8907429132814,1287.3572105960254
2018-03-05,69.66252899169922,-2.410451969516359,-1.9672511829550823,-0.4432007865612766,HOLD,0,36498907.42913281,0.0,36498907.42913281,0,3549.8907429132814,1290.46957702928
2018-03-06,71.80659484863281,-2.2155424652103903,-2.016909439406144,-0.19863302580424635,HOLD,0,36498907.42913281,0.0,36498907.42913281,0,3549.8907429132814,1333.2653007614547
2018-03-07,71.22184753417969,-2.084233750850572,-2.0303743016950295,-0.05385944915554264,HOLD,0,36498907.42913281,0.0,36498907.42913281,0,3549.8907429132814,1321.593698211775
2018-03-08,71.68964385986328,-1.9202875156041586,-2.0083569444768554,0.08806942887269686,BUY,504000,345647.9754584953,36131580.505371094,36477228.48082959,504000,3547.722848082959,1330.9309497948555
2018-03-09,73.52184295654297,-1.623797659586458,-1.931445087498776,0.30764742791231803,HOLD,504000,345647.9754584953,37055008.850097656,37400656.82555615,0,3640.0656825556152,1367.5017883772043
2018-03-12,75.23709106445312,-1.2361713118237958,-1.7923903323637802,0.5562190205399844,HOLD,504000,345647.9754584953,37919493.896484375,38265141.87194287,0,3726.5141871942874,1401.738275992954
2018-03-13,73.87268829345703,-1.027229279646761,-1.6393581218203765,0.6121288421736155,HOLD,504000,345647.9754584953,37231834.899902344,37577482.87536084,0,3657.748287536084,1374.5046889936852
2018-03-14,72.89811706542969,-0.9295655144544384,-1.497399600347189,0.5678340858927506,HOLD,504000,345647.9754584953,36740651.00097656,37086298.97643506,0,3608.629897643506,1355.0521703608697
2018-03-15,73.28794860839844,-0.8113573073637497,-1.3601911417505013,0.5488338343867516,HOLD,504000,345647.9754584953,36937126.09863281,37282774.07409131,0,3628.277407409131,1362.8332387273226
2018-03-16,71.4947280883789,-0.8525467329510832,-1.2586622599906176,0.40611552703953446,HOLD,504000,345647.9754584953,36033342.95654297,36378990.932001464,0,3537.8990932001466,1327.040415611629
2018-03-19,72.2743911743164,-0.8129066722629261,-1.1695111424450795,0.35660447018215335,HOLD,504000,345647.9754584953,36426293.15185547,36771941.127313964,0,3577.1941127313967,1342.6025523445348
2018-03-20,72.82015228271484,-0.7290492522815981,-1.0814187644123834,0.35236951213078527,HOLD,504000,345647.9754584953,36701356.75048828,37047004.72594678,0,3604.7004725946776,1353.4959871442425
2018-03-21,72.11845397949219,-0.711016673894818,-1.0073383463088703,0.2963216724140523,HOLD,504000,345647.9754584953,36347700.80566406,36693348.78112256,0,3569.334878112256,1339.4900336279636
2018-03-22,73.13201141357422,-0.6079322468115151,-0.9274571264093994,0.3195248795978842,HOLD,504000,345647.9754584953,36858533.752441406,37204181.7278999,0,3620.41817278999,1359.7207200107512
2018-03-23,68.99982452392578,-0.8498732339197943,-0.9119403479114784,0.062067113991684075,HOLD,504000,345647.9754584953,34775911.560058594,35121559.53551709,0,3412.1559535517085,1277.24194354629
2018-03-26,70.24727630615234,-0.9302311502068363,-0.91559850837055,-0.01463264183628632,SELL,0,35729032.45740429,0.0,35729032.45740429,504000,3472.9032457404296,1302.1411795789595
2018-03-27,71.41676330566406,-0.8892962966221631,-0.9103380660208726,0.021041769398709498,BUY,495200,342231.91972607374,35365581.188964844,35707813.10869092,495200,3470.781310869092,1325.4842323950015
2018-03-28,69.62355041503906,-0.9901387211669714,-0.9262981970500924,-0.06384052411687902,SELL,0,34799127.5359541,0.0,34799127.5359541,495200,3379.912753595411,1289.6915615626249
2018-03-29,71.3777847290039,-0.9179237669622466,-0.9246233110325233,0.00669954407027662,BUY,482600,331540.474390693,34446918.910217285,34778459.38460798,482600,3377.8459384607977,1324.7062169283465
2018-03-30,72.4303207397461,-0.7669214428171358,-0.8930829373894458,0.12616149457230996,HOLD,482600,331540.474390693,34954872.789001465,35286413.26339216,0,3428.6413263392155,1345.7149187777893
2018-04-02,73.79472351074219,-0.5310336864095433,-0.8206730871934653,0.28963940078392203,HOLD,482600,331540.474390693,35613333.56628418,35944874.04067487,0,3494.4874040674877,1372.948505777058
2018-04-03,74.88624572753906,-0.2530966783524491,-0.7071578054252621,0.454061127072813,HOLD,482600,331540.474390693,36140102.18811035,36471642.662501045,0,3547.164266250105,1394.7353753764728
2018-04-04,74.1065902709961,-0.09465020785130207,-0.5846562859104701,0.49000607805916807,HOLD,482600,331540.474390693,35763840.464782715,36095380.93917341,0,3509.538093917341,1379.173390926884
2018-04-09,75.39302825927734,0.13318923343388178,-0.4410871820415998,0.5742764154754816,HOLD,482600,331540.474390693,36384675.437927246,36716215.91231794,0,3571.6215912317944,1404.8507947095252
2018-04-10,76.95234680175781,0.43456817534027437,-0.265956110565225,0.7005242859054994,HOLD,482600,331540.474390693,37137202.56652832,37468743.04091901,0,3646.8743040919016,1435.9749158920204
2018-04-11,75.82183837890625,0.5755559260042418,-0.09765370325133166,0.6732096292555734,HOLD,482600,331540.474390693,36591619.201660156,36923159.67605085,0,3592.315967605085,1413.4098785426334
2018-04-12,74.49641418457031,0.5737255279619831,0.036622142991331284,0.5371033849706518,HOLD,482600,331540.474390693,35951969.48547363,36283509.959864326,0,3528.3509959864327,1386.9543070100199
2018-04-13,73.75574493408203,0.506668546232234,0.13063142363951183,0.37603712259272215,HOLD,482600,331540.474390693,35594522.50518799,35926062.97957868,0,3492.6062979578683,1372.170490310403
2018-04-16,71.68964385986328,0.2835398446973869,0.16121310785108686,0.12232673684630005,HOLD,482600,331540.474390693,34597422.12677002,34928962.60116071,0,3392.896260116071,1330.9309497948555
2018-04-17,71.76760864257812,0.11171210001117515,0.15131290628310454,-0.039600806271929384,SELL,0,34945807.37654035,0.0,34945807.37654035,482600,3394.580737654035,1332.4871330114827
2018-04-18,73.24896240234375,0.09398682105016576,0.1398476892365168,-0.045860868186351045,HOLD,0,34945807.37654035,0.0,34945807.37654035,0,3394.580737654035,1362.0550709773506
2018-04-19,74.1065902709961,0.14744317809800123,0.1413667870088137,0.006076391089187533,BUY,466800,332095.2642362714,34592956.33850098,34925051.60273725,466800,3392.505160273725,1379.173390926884
2018-04-20,71.26083374023438,-0.03936724180390172,0.10521998124627062,-0.14458722305017235,SELL,0,33576693.71986371,0.0,33576693.71986371,466800,3257.669371986371,1322.371865961747
2018-04-23,72.23540496826172,-0.10753647861598381,0.06266868927381974,-0.17020516788980355,HOLD,0,33576693.71986371,0.0,33576693.71986371,0,3257.669371986371,1341.8243845945628
2018-04-24,75.0031967163086,0.061072566217220015,0.062349464662499805,-0.0012768984452797907,HOLD,0,33576693.71986371,0.0,33576693.71986371,0,3257.669371986371,1397.0697263430723
2018-04-25,74.61336517333984,0.1613800131150498,0.08215557435300981,0.07922443876203998,BUY,445500,316495.3826299794,33240254.1847229,33556749.567352876,445500,3255.674956735287,1389.288657976619
2018-04-26,73.05404663085938,0.11373929703239583,0.08847231888888701,0.02526697814350881,HOLD,445500,316495.3826299794,32545577.77404785,32862073.15667783,0,3186.207315667783,1358.164536794124
2018-04-27,74.02862548828125,0.15286195770747213,0.10135024665260405,0.051511711054868084,HOLD,445500,316495.3826299794,32979752.655029297,33296248.037659276,0,3229.6248037659275,1377.6172077102567
2018-05-02,74.61336517333984,0.22841749912188902,0.12676369714646105,0.10165380197542798,HOLD,445500,316495.3826299794,33240254.1847229,33556749.567352876,0,3255.674956735287,1389.288657976619
2018-05-03,76.36759948730469,0.42494930733695924,0.1864008191845607,0.23854848815239854,HOLD,445500,316495.3826299794,34021765.57159424,34338260.954224214,0,3333.826095422421,1424.303313342341
2018-05-04,75.50997161865234,0.505669733854134,0.2502546021184754,0.25541513173565866,HOLD,445500,316495.3826299794,33639692.35610962,33956187.738739595,0,3295.6187738739595,1407.1849933928077
2018-05-07,76.52352905273438,0.6440031996977496,0.32900432163433024,0.3149988780634193,HOLD,445500,316495.3826299794,34091232.192993164,34407727.57562314,0,3340.772757562314,1427.4156797755954
2018-05-08,77.73200225830078,0.8414474733845339,0.431492951984371,0.40995452140016286,HOLD,445500,316495.3826299794,34629607.006073,34946102.38870297,0,3394.6102388702975,1451.5369003416095
2018-05-09,76.99132537841797,0.9274658002609044,0.5306875216396777,0.3967782786212267,HOLD,445500,316495.3826299794,34299635.456085205,34616130.83871518,0,3361.613083871518,1436.7529313586756
2018-05-10,77.34217071533203,1.012277327678433,0.6270054828474287,0.3852718448310042,HOLD,445500,316495.3826299794,34455937.05368042,34772432.436310396,0,3377.2432436310396,1443.7558319751565
2018-05-11,75.97776794433594,0.9583479349183648,0.693273973261616,0.2650739616567488,HOLD,445500,316495.3826299794,33848095.61920166,34164591.001831636,0,3316.459100183164,1416.5222449758878
2018-05-14,77.45912170410156,1.0233448879803149,0.7592881562053558,0.26405673177495903,HOLD,445500,316495.3826299794,34508038.719177246,34824534.10180722,0,3382.4534101807226,1446.0901829417558
2018-05-15,77.26420593261719,1.0470575402269162,0.816842033009668,0.23021550721724826,HOLD,445500,316495.3826299794,34421203.74298096,34737699.12561093,0,3373.769912561093,1442.1996487585293
2018-05-16,76.09471893310547,0.9604111391459327,0.8455558542369209,0.11485528490901176,HOLD,445500,316495.3826299794,33900197.28469849,34216692.66732846,0,3321.669266732846,1418.856595942487
2018-05-17,75.04217529296875,0.7976173306625043,0.8359681495220377,-0.0383508188595334,SELL,0,33727725.70219174,0.0,33727725.70219174,445500,3272.772570219174,1397.8477418097275
2018-05-18,76.91336059570312,0.810251011064139,0.830824721830458,-0.020573710766318976,HOLD,0,33727725.70219174,0.0,33727725.70219174,0,3272.772570219174,1435.1967481420484
2018-05-21,77.22522735595703,0.8357938240365144,0.8318185422716693,0.003975281764845073,BUY,432300,323229.23673992977,33384465.785980225,33707695.02272016,432300,3270.769502272016,1441.421633291874
2018-05-22,76.7964096069336,0.8120735998159887,0.8278695537805332,-0.015795953964544474,SELL,0,33502397.657093473,0.0,33502397.657093473,432300,3250.2397657093475,1432.8623971754491
2018-05-23,76.05573272705078,0.7251496434153495,0.8073255717074965,-0.08217592829214704,HOLD,0,33502397.657093473,0.0,33502397.657093473,0,3250.2397657093475,1418.078428192515
2018-05-24,75.50997161865234,0.6052465162957077,0.7669097606251388,-0.16166324432943113,HOLD,0,33502397.657093473,0.0,33502397.657093473,0,3250.2397657093475,1407.1849933928077
2018-05-25,74.30150604248047,0.40800611129314746,0.6951290307587406,-0.2871229194655931,HOLD,0,33502397.657093473,0.0,33502397.657093473,0,3250.2397657093475,1383.0639251101104
2018-05-28,75.04217529296875,0.3079081146914291,0.6176848475452783,-0.3097767328538492,HOLD,0,33502397.657093473,0.0,33502397.657093473,0,3250.2397657093475,1397.8477418097275
2018-05-29,73.56082916259766,0.1078047723135711,0.5157088324989368,-0.40790406018536574,HOLD,0,33502397.657093473,0.0,33502397.657093473,0,3250.2397657093475,1368.2799561271763
2018-05-30,70.6371078491211,-0.2834312248958639,0.3558808210199767,-0.6393120459158406,HOLD,0,33502397.657093473,0.0,33502397.657093473,0,3250.2397657093475,1309.9222479454124
2018-05-31,72.66421508789062,-0.4250186085068606,0.19970093511460926,-0.6247195436214699,HOLD,0,33502397.657093473,0.0,33502397.657093473,0,3250.2397657093475,1350.383468427671
2018-06-01,72.3913345336914,-0.5528736272435424,0.04918602264297893,-0.6020596498865213,HOLD,0,33502397.657093473,0.0,33502397.657093473,0,3250.2397657093475,1344.9367510278173
2018-06-04,72.859130859375,-0.6094272982534363,-0.08253664153630412,-0.5268906567171322,HOLD,0,33502397.657093473,0.0,33502397.657093473,0,3250.2397657093475,1354.2740026108975
2018-06-05,73.1709976196289,-0.6219124294431708,-0.19041179911767747,-0.43150063032549335,HOLD,0,33502397.657093473,0.0,33502397.657093473,0,3250.2397657093475,1360.4988877607234
2018-06-06,72.89811706542969,-0.6463751555884159,-0.2816044704118252,-0.36477068517659067,HOLD,0,33502397.657093473,0.0,33502397.657093473,0,3250.2397657093475,1355.0521703608697
2018-06-07,74.0676040649414,-0.564882600264383,-0.3382600963823368,-0.2266225038820462,HOLD,0,33502397.657093473,0.0,33502397.657093473,0,3250.2397657093475,1378.3952231769117
2018-06-08,72.46930694580078,-0.6220972333719885,-0.3950275237802672,-0.22706970959172135,HOLD,0,33502397.657093473,0.0,33502397.657093473,0,3250.2397657093475,1346.4930865277613
2018-06-11,72.89811706542969,-0.6256270106411961,-0.441147421152453,-0.1844795894887431,HOLD,0,33502397.657093473,0.0,33502397.657093473,0,3250.2397657093475,1355.0521703608697
2018-06-12,73.36591339111328,-0.5839457673002499,-0.4697070903820124,-0.11423867691823753,HOLD,0,33502397.657093473,0.0,33502397.657093473,0,3250.2397657093475,1364.3894219439499
2018-06-13,72.31336975097656,-0.6285984651232326,-0.5014853653302564,-0.12711309979297614,HOLD,0,33502397.657093473,0.0,33502397.657093473,0,3250.2397657093475,1343.38056781119
2018-06-14,72.78116607666016,-0.6191021714528233,-0.5250087265547698,-0.09409344489805349,HOLD,0,33502397.657093473,0.0,33502397.657093473,0,3250.2397657093475,1352.7178193942702
2018-06-15,71.84557342529297,-0.6792409315471417,-0.5558551675532443,-0.12338576399389745,HOLD,0,33502397.657093473,0.0,33502397.657093473,0,3250.2397657093475,1334.0433162281097
2018-06-19,67.24559020996094,-1.0855677843364475,-0.6617976909098849,-0.4237700934265626,HOLD,0,33502397.657093473,0.0,33502397.657093473,0,3250.2397657093475,1242.2272881805684
2018-06-20,66.58287811279297,-1.4444098131125713,-0.8183201153504223,-0.6260896977621491,HOLD,0,33502397.657093473,0.0,33502397.657093473,0,3250.2397657093475,1228.9995024142615
2018-06-21,63.46424102783203,-1.9578735083829173,-1.0462307939569213,-0.911642714425996,HOLD,0,33502397.657093473,0.0,33502397.657093473,0,3250.2397657093475,1166.7512600492712
2018-06-22,64.47779846191406,-2.2569943460225517,-1.2883835043700473,-0.9686108416525043,HOLD,0,33502397.657093473,0.0,33502397.657093473,0,3250.2397657093475,1186.981946432059
2018-06-25,62.9964485168457,-2.583797911346551,-1.5474663857653481,-1.0363315255812027,HOLD,0,33502397.657093473,0.0,33502397.657093473,0,3250.2397657093475,1157.4140846078496
2018-06-26,63.77610778808594,-2.748200558708348,-1.787613220353948,-0.9605873383543997,HOLD,0,33502397.657093473,0.0,33502397.657093473,0,3250.2397657093475,1172.9761451990971
2018-06-27,62.52865219116211,-2.9451996541599925,-2.019130507115157,-0.9260691470448355,HOLD,0,33502397.657093473,0.0,33502397.657093473,0,3250.2397657093475,1148.0768330247693
2018-06-28,62.9964485168457,-3.028663060181131,-2.221037017728352,-0.807626042452779,HOLD,0,33502397.657093473,0.0,33502397.657093473,0,3250.2397657093475,1157.4140846078496
2018-06-29,64.5947494506836,-2.932040149262704,-2.3632376440352227,-0.5688025052274814,HOLD,0,33502397.657093473,0.0,33502397.657093473,0,3250.2397657093475,1189.3162973986582
2018-07-02,62.52865219116211,-2.9877417508780297,-2.488138465403784,-0.4996032854742456,HOLD,0,33502397.657093473,0.0,33502397.657093473,0,3250.2397657093475,1148.0768330247693
2018-07-03,63.620174407958984,-2.910261270451784,-2.572563026413384,-0.33769824403839976,HOLD,0,33502397.657093473,0.0,33502397.657093473,0,3250.2397657093475,1169.8637026241843
2018-07-04,62.723567962646484,-2.8879159806219405,-2.6356336172550954,-0.2522823633668452,HOLD,0,33502397.657093473,0.0,33502397.657093473,0,3250.2397657093475,1151.9673672079957
2018-07-05,62.450687408447266,-2.8592665130774435,-2.6803601964195654,-0.17890631665787815,HOLD,0,33502397.657093473,0.0,33502397.657093473,0,3250.2397657093475,1146.520649808142
2018-07-06,63.035430908203125,-2.7575899101708785,-2.6958061391698283,-0.06178377100105026,HOLD,0,33502397.657093473,0.0,33502397.657093473,0,3250.2397657093475,1158.192176216163
2018-07-09,64.36084747314453,-2.540771992055923,-2.6647993097470475,0.1240273176911244,BUY,515300,317353.86736034974,33165144.702911377,33482498.570271727,515300,3248.2498570271728,1184.6475954654597
2018-07-10,64.39983367919922,-2.3388357264736754,-2.599606593092373,0.26077086661869764,HOLD,515300,317353.86736034974,33185234.294891357,33502588.162251707,0,3250.2588162251704,1185.4257632154317
2018-07-11,62.6845817565918,-2.2907993671916103,-2.5378451479122206,0.24704578072061034,HOLD,515300,317353.86736034974,32301364.979171753,32618718.846532103,0,3161.8718846532106,1151.1891994580237
2018-07-12,64.63372802734375,-2.0715706154753946,-2.4445902414248555,0.3730196259494609,HOLD,515300,317353.86736034974,33305760.052490234,33623113.91985059,0,3262.311391985059,1190.0943128653134
2018-07-13,64.71170043945312,-1.8699825336437215,-2.3296686998686287,0.4596861662249072,HOLD,515300,317353.86736034974,33345939.236450195,33663293.10381055,0,3266.3293103810547,1191.6506483652577
2018-07-16,64.39983367919922,-1.715611071104746,-2.2068571741158522,0.49124610301110616,HOLD,515300,317353.86736034974,33185234.294891357,33502588.162251707,0,3250.2588162251704,1185.4257632154317
2018-07-17,63.659156799316406,-1.6341989803756434,-2.0923255353678107,0.45812655499216737,HOLD,515300,317353.86736034974,32803563.498687744,33120917.366048094,0,3212.0917366048097,1170.6417942324977
2018-07-18,63.11339569091797,-1.595327727279198,-1.9929259737500882,0.39759824647089026,HOLD,515300,317353.86736034974,32522332.79953003,32839686.66689038,0,3183.968666689038,1159.7483594327903
2018-07-19,63.347293853759766,-1.5280341259395698,-1.8999476041879846,0.3719134782484148,HOLD,515300,317353.86736034974,32642860.522842407,32960214.390202757,0,3196.021439020276,1164.4169852243306
2018-07-20,65.60830688476562,-1.2775320127192913,-1.775464485894246,0.4979324731749548,HOLD,515300,317353.86736034974,33807960.53771973,34125314.40508008,0,3312.5314405080085,1209.546983781446
2018-07-23,66.81678009033203,-0.9703084829691164,-1.6144332853092203,0.6441248023401038,HOLD,515300,317353.86736034974,34430686.780548096,34748040.64790845,0,3374.8040647908447,1233.6682043474602
2018-07-24,67.51847076416016,-0.6625733163583902,-1.4240612915190543,0.761487975160664,HOLD,515300,317353.86736034974,34792267.98477173,35109621.85213208,0,3410.9621852132077,1247.674005580422
2018-07-25,67.32355499267578,-0.42946840900278005,-1.2251427150157994,0.7956743060130194,HOLD,515300,317353.86736034974,34691827.88772583,35009181.75508618,0,3400.9181755086183,1243.7834713971956
2018-07-26,65.95915222167969,-0.3507833788862058,-1.0502708477898808,0.699487468903675,HOLD,515300,317353.86736034974,33988751.13983154,34306105.0071919,0,3330.6105007191895,1216.549884397927
2018-07-27,65.64728546142578,-0.3100162919617304,-0.9022199366242507,0.5922036446625203,HOLD,515300,317353.86736034974,33828046.198272705,34145400.06563306,0,3314.540006563306,1210.324999248101
2018-07-30,66.15406799316406,-0.2341162208484775,-0.7685991934690961,0.5344829726206186,HOLD,515300,317353.86736034974,34089191.23687744,34406545.104237795,0,3340.6545104237794,1220.4404185811536
2018-07-31,65.72525024414062,-0.20619004572915856,-0.6561173639211086,0.4499273181919501,HOLD,515300,317353.86736034974,33868221.450805664,34185575.31816602,0,3318.5575318166016,1211.8811824647282
2018-08-01,64.5557632446289,-0.2752532299046493,-0.5799445371178168,0.3046913072131675,HOLD,515300,317353.86736034974,33265584.799957275,33582938.66731763,0,3258.2938667317626,1188.5381296486862
2018-08-02,62.84051513671875,-0.46305468218422163,-0.5565665661310978,0.09351188394687615,HOLD,515300,317353.86736034974,32381717.449951172,32699071.31731152,0,3169.9071317311523,1154.3016420329366
2018-08-03,62.450687408447266,-0.6360129643487369,-0.5724558457746256,-0.06355711857411128,SELL,0,32478884.58540028,0.0,32478884.58540028,515300,3147.888458540028,1146.520649808142
2018-08-06,62.021873474121094,-0.79848095836293,-0.6176608682922865,-0.18082009007064348,HOLD,0,32478884.58540028,0.0,32478884.58540028,0,3147.888458540028,1137.9614898333755
2018-08-07,63.85407257080078,-0.7705128666632675,-0.6482312679664828,-0.12228159869678468,HOLD,0,32478884.58540028,0.0,32478884.58540028,0,3147.888458540028,1174.5323284157244
2018-08-08,62.48966979980469,-0.8486610173864264,-0.6883172178504715,-0.1603437995359549,HOLD,0,32478884.58540028,0.0,32478884.58540028,0,3147.888458540028,1147.2987414164556
2018-08-09,63.85407257080078,-0.7913756036868023,-0.7089288950177377,-0.08244670866906456,HOLD,0,32478884.58540028,0.0,32478884.58540028,0,3147.888458540028,1174.5323284157244
2018-08-10,63.81509017944336,-0.7405850503416858,-0.7152601260825273,-0.025324924259158443,HOLD,0,32478884.58540028,0.0,32478884.58540028,0,3147.888458540028,1173.7542368074107
2018-08-13,63.19136047363281,-0.7421083819411791,-0.7206297772542577,-0.02147860468692142,HOLD,0,32478884.58540028,0.0,32478884.58540028,0,3147.888458540028,1161.3045426494175
2018-08-14,63.11339569091797,-0.7410642126480553,-0.7247166643330173,-0.01634754831503804,HOLD,0,32478884.58540028,0.0,32478884.58540028,0,3147.888458540028,1159.7483594327903
2018-08-15,61.86594009399414,-0.8313130824704587,-0.7460359479605057,-0.085277134509953,HOLD,0,32478884.58540028,0.0,32478884.58540028,0,3147.888458540028,1134.8490472584626
2018-08-16,62.17780685424805,-0.8676689730236475,-0.770362552973134,-0.09730642005051349,HOLD,0,32478884.58540028,0.0,32478884.58540028,0,3147.888458540028,1141.0739324082883
2018-08-17,61.39814758300781,-0.9484600089346458,-0.8059820441654364,-0.14247796476920938,HOLD,0,32478884.58540028,0.0,32478884.58540028,0,3147.888458540028,1125.5118718170409
2018-08-20,62.645599365234375,-0.9014373449387492,-0.825073104320099,-0.07636424061865021,HOLD,0,32478884.58540028,0.0,32478884.58540028,0,3147.888458540028,1150.41110784971
2018-08-21,62.9964485168457,-0.8263354696574368,-0.8253255773875665,-0.0010098922698702495,HOLD,0,32478884.58540028,0.0,32478884.58540028,0,3147.888458540028,1157.4140846078496
2018-08-22,63.035430908203125,-0.7549683342186881,-0.8112541287537909,0.05628579453510274,BUY,510000,311525.98035877943,32148069.763183594,32459595.743542373,510000,3145.9595743542372,1158.192176216163
2018-08-23,63.46424102783203,-0.6562432090558943,-0.7802519448142116,0.12400873575831728,HOLD,510000,311525.98035877943,32366762.924194336,32678288.904553115,0,3167.8288904553115,1166.7512600492712
2018-08-24,63.943824768066406,-0.5331585167979043,-0.7308332592109501,0.19767474241304583,HOLD,510000,311525.98035877943,32611350.631713867,32922876.612072647,0,3192.287661207265,1176.3237893571475
2018-08-27,65.26266479492188,-0.3254421487349646,-0.649755037115753,0.3243128883807884,HOLD,510000,311525.98035877943,33283959.045410156,33595485.025768936,0,3259.548502576894,1202.6479403871726
2018-08-28,64.78308868408203,-0.1972494458610825,-0.5592539188648189,0.3620044730037364,HOLD,510000,311525.98035877943,33039375.228881836,33350901.209240615,0,3235.090120924062,1193.0755633626136
2018-08-29,64.22357940673828,-0.13919892931368594,-0.4752429209545923,0.33604399164090637,HOLD,510000,311525.98035877943,32754025.497436523,33065551.477795303,0,3206.55514777953,1181.907714025636
2018-08-30,63.70403289794922,-0.1335767483401895,-0.40690968643171177,0.27333293809152226,HOLD,510000,311525.98035877943,32489056.7779541,32800582.75831288,0,3180.0582758312876,1171.5375247032093
2018-08-31,63.863895416259766,-0.11489709798758696,-0.34850716874288684,0.23361007075529988,HOLD,510000,311525.98035877943,32570586.66229248,32882112.64265126,0,3188.211264265126,1174.7283931863876
2018-09-03,64.30350494384766,-0.06388410935118571,-0.29158255686454665,0.22769844751336094,HOLD,510000,311525.98035877943,32794787.521362305,33106313.501721084,0,3210.6313501721083,1183.5030340547376
2018-09-04,65.02287292480469,0.03419683588873568,-0.22642667831389018,0.26062351420262586,HOLD,510000,311525.98035877943,33161665.19165039,33473191.17200917,0,3247.3191172009174,1197.8616757332347
2018-09-05,63.62410354614258,-0.0009315686842441551,-0.181327656387961,0.18039608770371685,HOLD,510000,311525.98035877943,32448292.808532715,32759818.788891494,0,3175.9818788891494,1169.9421285324495
2018-09-06,63.384315490722656,-0.04757159869732419,-0.15457644484983366,0.10700484615250946,HOLD,510000,311525.98035877943,32326000.900268555,32637526.880627334,0,3163.7526880627333,1165.15594002017
2018-09-07,63.50421142578125,-0.07400645817642726,-0.13846244751515238,0.06445598933872512,HOLD,510000,311525.98035877943,32387147.827148438,32698673.807507217,0,3169.867380750722,1167.549072347139
2018-09-10,61.62586212158203,-0.24371398251154375,-0.15951275451443067,-0.08420122799711308,SELL,0,31721858.14855641,0.0,31721858.14855641,510000,3072.185814855641,1130.0570719801362
2018-09-11,62.025508880615234,-0.3420176976374165,-0.19601374313902786,-0.14600395449838866,HOLD,0,31721858.14855641,0.0,31721858.14855641,0,3072.185814855641,1138.0340528339354
2018-09-12,62.025508880615234,-0.4151386402843258,-0.23983872256808747,-0.17529991771623832,HOLD,0,31721858.14855641,0.0,31721858.14855641,0,3072.185814855641,1138.0340528339354
2018-09-13,62.78484344482422,-0.4071225060077168,-0.2732954792560134,-0.13382702675170344,HOLD,0,31721858.14855641,0.0,31721858.14855641,0,3072.185814855641,1153.1904306686417
2018-09-14,62.664947509765625,-0.4057668343027103,-0.2997897502653528,-0.1059770840373575,HOLD,0,31721858.14855641,0.0,31721858.14855641,0,3072.185814855641,1150.7972983416728
2018-09-17,62.30526351928711,-0.4287733148648485,-0.325586463185252,-0.10318685167959651,HOLD,0,31721858.14855641,0.0,31721858.14855641,0,3072.185814855641,1143.617977502424
2018-09-18,63.54417419433594,-0.3430815484653138,-0.3290854802412643,-0.013996068224049474,HOLD,0,31721858.14855641,0.0,31721858.14855641,0,3072.185814855641,1168.3467323616896
2018-09-19,64.46337127685547,-0.1987081004189264,-0.30301000427679675,0.10430190385787036,BUY,487100,302909.93471074104,31400108.1489563,31703018.08366704,487100,3070.301808366704,1186.6939786795742
2018-09-20,64.50333404541016,-0.08014260715977883,-0.2584365248533932,0.17829391769361436,HOLD,487100,302909.93471074104,31419574.013519287,31722483.94823003,0,3072.248394823003,1187.491638694125
2018-09-21,66.66143798828125,0.18582033151628252,-0.16958515357945805,0.35540548509574055,HOLD,487100,302909.93471074104,32470786.444091797,32773696.378802538,0,3177.3696378802542,1230.5675637296163
2018-09-25,65.58238220214844,0.30599971840555895,-0.07446817918245466,0.3804678975880136,HOLD,487100,302909.93471074104,31945178.370666504,32248088.305377245,0,3124.8088305377246,1209.0295250702122
2018-09-26,66.18185424804688,0.4444913132946766,0.029323719312971598,0.415167593981705,HOLD,487100,302909.93471074104,32237181.204223633,32540091.138934374,0,3154.009113893437,1220.9950344217402
2018-09-27,66.06196594238281,0.538366956550334,0.13113236676044407,0.4072345897898899,HOLD,487100,302909.93471074104,32178783.610534668,32481693.54524541,0,3148.1693545245407,1218.6020543780883
2018-09-28,66.70140075683594,0.656790058754865,0.23626390515932827,0.4205261535955367,HOLD,487100,302909.93471074104,32490252.308654785,32793162.243365526,0,3179.3162243365528,1231.365223744167
2018-10-08,63.783966064453125,0.5093570715312552,0.29088253843371364,0.21847453309754156,HOLD,487100,302909.93471074104,31069169.869995117,31372079.80470586,0,3037.207980470586,1173.1329970156278
2018-10-09,64.10368347167969,0.4135467798780468,0.3154153867225803,0.09813139315546648,HOLD,487100,302909.93471074104,31224904.219055176,31527814.153765917,0,3052.7814153765917,1179.5145816986671
2018-10-10,64.54329681396484,0.368837823353374,0.326099874048739,0.04273794930463498,HOLD,487100,302909.93471074104,31439039.878082275,31741949.812793016,0,3074.194981279302,1188.2892987086755
2018-10-11,60.626739501953125,0.01717423624788239,0.26431474648856773,-0.24714051024068534,SELL,0,29816475.975225266,0.0,29816475.975225266,487100,2881.6475975225267,1110.1145056331502
2018-10-12,60.786598205566406,-0.2457891247145909,0.162293972247936,-0.4080830969625269,HOLD,0,29816475.975225266,0.0,29816475.975225266,0,2881.6475975225267,1113.3052979746699
2018-10-15,60.02726364135742,-0.5095872317336045,0.027917731451627906,-0.5375049631852324,HOLD,0,29816475.975225266,0.0,29816475.975225266,0,2881.6475975225267,1098.1489201399636
2018-10-16,59.54768753051758,-0.7487161821803596,-0.1274090512747696,-0.62130713090559,HOLD,0,29816475.975225266,0.0,29816475.975225266,0,2881.6475975225267,1088.5765431154045
2018-10-17,60.3070182800293,-0.8669621527154234,-0.2753196715629004,-0.591642481152523,HOLD,0,29816475.975225266,0.0,29816475.975225266,0,2881.6475975225267,1103.7328448084522
2018-10-18,59.30789566040039,-1.0294271858661048,-0.42614117442354127,-0.6032860114425636,HOLD,0,29816475.975225266,0.0,29816475.975225266,0,2881.6475975225267,1083.7902784614664
2018-10-19,61.465999603271484,-0.9728268011726087,-0.5354782997733548,-0.43734850139925385,HOLD,0,29816475.975225266,0.0,29816475.975225266,0,2881.6475975225267,1126.866203496958
2018-10-22,67.62059020996094,-0.4264309322760127,-0.5136688262738864,0.08723789399787374,BUY,436500,282378.5160013288,29516387.62664795,29798766.142649278,436500,2879.876614264928,1249.7123177787346
2018-10-23,66.78133392333984,-0.060432608486046036,-0.4230215827163184,0.36258897423027237,HOLD,436500,282378.5160013288,29150052.25753784,29432430.77353917,0,2843.243077353917,1232.9606960565854
2018-10-24,67.66056060791016,0.29714464691039666,-0.2789883367909754,0.576132983701372,HOLD,436500,282378.5160013288,29533834.705352783,29816213.221354112,0,2881.621322135411,1250.5101300766023
2018-10-25,69.33908081054688,0.7078105509565802,-0.0816285592414643,0.7894391101980445,HOLD,436500,282378.5160013288,30266508.77380371,30548887.28980504,0,2954.8887289805043,1284.0135258042178
2018-10-26,67.46073150634766,0.8716512942366279,0.10902741145415415,0.7626238827824737,HOLD,436500,282378.5160013288,29446609.302520752,29728987.81852208,0,2872.8987818522082,1246.521525437215
2018-10-29,66.54154205322266,0.9167575464804116,0.2705734384594057,0.646184108021006,HOLD,436500,282378.5160013288,29045383.10623169,29327761.62223302,0,2832.776162223302,1228.1744314026473
2018-10-30,69.1392593383789,1.148875133846488,0.4462337775368222,0.7026413563096658,HOLD,436500,282378.5160013288,30179286.701202393,30461665.21720372,0,2946.166521720372,1280.0250734481474
2018-10-31,68.57975006103516,1.273007829643234,0.6115885879581046,0.6614192416851293,HOLD,436500,282378.5160013288,29935060.901641846,30217439.417643175,0,2921.7439417643172,1268.85722411117
2018-11-01,69.3790512084961,1.4195174939008979,0.7731743691466633,0.6463431247542346,HOLD,436500,282378.5160013288,30283955.852508545,30566334.368509874,0,2956.6334368509874,1284.8113381020853
2018-11-02,71.09754180908203,1.655214999632122,0.949582495243755,0.7056325043883669,HOLD,436500,282378.5160013288,31034076.999664307,31316455.515665635,0,3031.6455515665634,1319.1125461275685
2018-11-05,70.77781677246094,1.7955103074730516,1.1187680576896144,0.6767422497834372,HOLD,436500,282378.5160013288,30894517.0211792,31176895.537180528,0,3017.6895537180526,1312.730809161212
2018-11-06,70.77781677246094,1.8849666277760804,1.2720077717069076,0.6129588560691728,HOLD,436500,282378.5160013288,30894517.0211792,31176895.537180528,0,3017.6895537180526,1312.730809161212
2018-11-07,69.1392593383789,1.8028612528983956,1.3781784679452052,0.42468278495319045,HOLD,436500,282378.5160013288,30179286.701202393,30461665.21720372,0,2946.166521720372,1280.0250734481474
2018-11-08,67.82041931152344,1.6127816407761486,1.425099102511394,0.18768253826475467,HOLD,436500,282378.5160013288,29603613.02947998,29885991.54548131,0,2888.599154548131,1253.700922418122
2018-11-09,67.62059020996094,1.429538806757705,1.4259870433606563,0.0035517633970487683,HOLD,436500,282378.5160013288,29516387.62664795,29798766.142649278,0,2879.876614264928,1249.7123177787346
2018-11-12,68.45985412597656,1.33663127133417,1.408115888955359,-0.07148461762118918,SELL,0,30147175.206194505,0.0,30147175.206194505,436500,2914.7175206194506,1266.464091784201
2018-11-13,69.49894714355469,1.3314988131158714,1.3927924737874617,-0.061293660671590366,HOLD,0,30147175.206194505,0.0,30147175.206194505,0,2914.7175206194506,1287.2044704290545
2018-11-14,68.14013671875,1.2039087471414263,1.3550157284582547,-0.15110698131682843,HOLD,0,30147175.206194505,0.0,30147175.206194505,0,2914.7175206194506,1260.0825071011616
2018-11-15,69.53890991210938,1.2018083091999046,1.3243742446065847,-0.12256593540668015,HOLD,0,30147175.206194505,0.0,30147175.206194505,0,2914.7175206194506,1288.002130443605
2018-11-16,70.2582778930664,1.2438523257129503,1.3082698608278578,-0.06441753511490744,HOLD,0,30147175.206194505,0.0,30147175.206194505,0,2914.7175206194506,1302.3607721221022
2018-11-19,72.216552734375,1.4188334960687286,1.330382587876032,0.08845090819269652,BUY,413200,289391.6885968521,29839879.58984375,30129271.278440602,413200,2912.92712784406,1341.4480925182063
2018-11-20,69.41901397705078,1.3165924780017377,1.3276245659011732,-0.011032087899435439,SELL,0,28956117.90196904,0.0,28956117.90196904,413200,2795.611790196904,1285.608998116636
2018-11-21,68.49982452392578,1.1481595590047817,1.291731564521895,-0.14357200551711324,HOLD,0,28956117.90196904,0.0,28956117.90196904,0,2795.611790196904,1267.2619040820684
2018-11-22,68.10017395019531,0.9712310489630909,1.2276314614101342,-0.25640041244704337,HOLD,0,28956117.90196904,0.0,28956117.90196904,0,2795.611790196904,1259.2848470866106
2018-11-23,66.34172058105469,0.6812682033982611,1.1183588098077597,-0.4370906064094986,HOLD,0,28956117.90196904,0.0,28956117.90196904,0,2795.611790196904,1224.185979046577
2018-11-26,66.2218246459961,0.4367612474849807,0.9820392973432039,-0.5452780498582233,HOLD,0,28956117.90196904,0.0,28956117.90196904,0,2795.611790196904,1221.792846719608
2018-11-27,66.78133392333984,0.2848518511873408,0.8426018081120313,-0.5577499569246905,HOLD,0,28956117.90196904,0.0,28956117.90196904,0,2795.611790196904,1232.9606960565854
2018-11-28,67.98027801513672,0.25823060669651454,0.725727567828928,-0.46749696113241346,HOLD,0,28956117.90196904,0.0,28956117.90196904,0,2795.611790196904,1256.8917147596417
2018-11-29,66.46160888671875,0.11328331251567647,0.6032387167662777,-0.48995540425060125,HOLD,0,28956117.90196904,0.0,28956117.90196904,0,2795.611790196904,1226.578959090229
2018-11-30,67.42076873779297,0.07494381587831356,0.49757973658868493,-0.42263592071037137,HOLD,0,28956117.90196904,0.0,28956117.90196904,0,2795.611790196904,1245.7238654226644
2018-12-03,69.69876861572266,0.22577247611548046,0.44321828449404405,-0.2174458083785636,HOLD,0,28956117.90196904,0.0,28956117.90196904,0,2795.611790196904,1291.192922785125
2018-12-04,70.33820343017578,0.3923792181822847,0.4330504712316922,-0.040671253049407496,HOLD,0,28956117.90196904,0.0,28956117.90196904,0,2795.611790196904,1303.9560921512036
2018-12-05,69.73873138427734,0.4706188760469132,0.44056415219473644,0.03005472385217678,BUY,411000,276301.7318716943,28662618.59893799,28938920.330809683,411000,2793.8920330809683,1291.9905827996756
2018-12-06,67.98027801513672,0.38627909277811057,0.4297071403114113,-0.04342804753330071,SELL,0,28199432.059534352,0.0,28199432.059534352,411000,2719.943205953435,1256.8917147596417
2018-12-07,68.14013671875,0.3285511353169568,0.4094759393125204,-0.08092480399556362,HOLD,0,28199432.059534352,0.0,28199432.059534352,0,2719.943205953435,1260.0825071011616
2018-12-10,67.0211181640625,0.190312068723415,0.36564316519469936,-0.17533109647128436,HOLD,0,28199432.059534352,0.0,28199432.059534352,0,2719.943205953435,1237.7468084272066
2018-12-11,67.46073150634766,0.11490517982274184,0.3154955681203079,-0.20059038829756604,HOLD,0,28199432.059534352,0.0,28199432.059534352,0,2719.943205953435,1246.521525437215
2018-12-12,67.82041931152344,0.083209292010622,0.2690383128983707,-0.18582902088774872,HOLD,0,28199432.059534352,0.0,28199432.059534352,0,2719.943205953435,1253.700922418122
2018-12-13,68.65968322753906,0.12437790549228112,0.24010623141715282,-0.1157283259248717,HOLD,0,28199432.059534352,0.0,28199432.059534352,0,2719.943205953435,1270.4526964235881
2018-12-14,67.3408432006836,0.05000849333711699,0.20208668380114567,-0.15207819046402868,HOLD,0,28199432.059534352,0.0,28199432.059534352,0,2719.943205953435,1244.128545393563
2018-12-17,67.86038208007812,0.032616659454006935,0.16819267893171794,-0.135576019477711,HOLD,0,28199432.059534352,0.0,28199432.059534352,0,2719.943205953435,1254.4985824326727
2018-12-18,66.54154205322266,-0.08658773287541521,0.11723659657029131,-0.20382432944570653,HOLD,0,28199432.059534352,0.0,28199432.059534352,0,2719.943205953435,1228.1744314026473
2018-12-19,65.62235260009766,-0.2523203871391928,0.04332519982839449,-0.2956455869675873,HOLD,0,28199432.059534352,0.0,28199432.059534352,0,2719.943205953435,1209.82733736808
2018-12-20,65.94207000732422,-0.35378793976495615,-0.03609742809027565,-0.3176905116746805,HOLD,0,28199432.059534352,0.0,28199432.059534352,0,2719.943205953435,1216.208922051119
2018-12-21,64.34347534179688,-0.5567767598441264,-0.14023329444104582,-0.4165434654030806,HOLD,0,28199432.059534352,0.0,28199432.059534352,0,2719.943205953435,1184.3008463526053
2018-12-24,63.983787536621094,-0.738161594679795,-0.25981895448879566,-0.47834264019099937,HOLD,0,28199432.059534352,0.0,28199432.059534352,0,2719.943205953435,1177.121449371698
2018-12-25,63.983787536621094,-0.8718601223182247,-0.38222718805468153,-0.4896329342635432,HOLD,0,28199432.059534352,0.0,28199432.059534352,0,2719.943205953435,1177.121449371698
2018-12-26,63.983787536621094,-0.9666739531196242,-0.4991165410676701,-0.4675574120519541,HOLD,0,28199432.059534352,0.0,28199432.059534352,0,2719.943205953435,1177.121449371698
2018-12-27,63.983787536621094,-1.0299420661051215,-0.6052816460751604,-0.42466042002996107,HOLD,0,28199432.059534352,0.0,28199432.059534352,0,2719.943205953435,1177.121449371698
2018-12-28,63.983787536621094,-1.0677738689729068,-0.6977800906547098,-0.369993778318197,HOLD,0,28199432.059534352,0.0,28199432.059534352,0,2719.943205953435,1177.121449371698
2019-01-02,63.983787536621094,-1.0852458071858564,-0.7752732339609392,-0.3099725732249172,HOLD,0,28199432.059534352,0.0,28199432.059534352,0,2719.943205953435,1177.121449371698
2019-01-03,63.983787536621094,-1.0865671740799314,-0.8375320219847376,-0.24903515209519378,HOLD,0,28199432.059534352,0.0,28199432.059534352,0,2719.943205953435,1177.121449371698
2019-01-04,63.983787536621094,-1.0752199011441803,-0.8850695978166262,-0.19015030332755412,HOLD,0,28199432.059534352,0.0,28199432.059534352,0,2719.943205953435,1177.121449371698
2019-01-07,63.983787536621094,-1.0540763693438748,-0.9188709521220759,-0.1352054172217989,HOLD,0,28199432.059534352,0.0,28199432.059534352,0,2719.943205953435,1177.121449371698
2019-01-08,63.983787536621094,-1.0254986578838725,-0.9401964932744353,-0.08530216460943718,HOLD,0,28199432.059534352,0.0,28199432.059534352,0,2719.943205953435,1177.121449371698
2019-01-09,63.983787536621094,-0.991422118615958,-0.9504416183427399,-0.04098050027321809,HOLD,0,28199432.059534352,0.0,28199432.059534352,0,2719.943205953435,1177.121449371698
2019-01-10,67.1410140991211,-0.7015671883505945,-0.9006667323443108,0.19909954399371632,BUY,415800,265448.0569223538,27917233.66241455,28182681.719336905,415800,2718.2681719336906,1240.1399407541755
2019-01-11,67.82041931152344,-0.4122802352917887,-0.8029894329338064,0.3907091976420177,HOLD,415800,265448.0569223538,28199730.349731445,28465178.4066538,0,2746.51784066538,1253.700922418122
2019-01-14,67.94031524658203,-0.17136821473913244,-0.6766651892948716,0.5052969745557392,HOLD,415800,265448.0569223538,28249583.07952881,28515031.136451162,0,2751.503113645116,1256.094054745091
2019-01-15,70.33820343017578,0.21061796090633322,-0.4992085592546307,0.7098265201609639,HOLD,415800,265448.0569223538,29246624.98626709,29512073.043189444,0,2851.2073043189444,1303.9560921512036
2019-01-16,70.4980697631836,0.5202475443339551,-0.29531733853691355,0.8155648828708687,HOLD,415800,265448.0569223538,29313097.40753174,29578545.464454092,0,2857.854546445409,1307.1470367760403
2019-01-17,70.1783447265625,0.731400946726751,-0.08997368148418063,0.8213746282109317,HOLD,415800,265448.0569223538,29180155.737304688,29445603.79422704,0,2844.560379422704,1300.765299809684
2019-01-18,71.45722198486328,0.9905181692439413,0.12612468866144375,0.8643934805824975,HOLD,415800,265448.0569223538,29711912.901306152,29977360.958228506,0,2897.7360958228505,1326.2917908251586
2019-01-21,71.29736328125,1.1694900205661156,0.33479775504237813,0.8346922655237374,HOLD,415800,265448.0569223538,29645443.65234375,29910891.709266104,0,2891.08917092661,1323.100998483639
2019-01-22,69.81866455078125,1.178423737313139,0.5035229514965304,0.6749007858166086,HOLD,415800,265448.0569223538,29030600.720214844,29296048.777137198,0,2829.60487771372,1293.5860551120938
2019-01-23,70.01848602294922,1.1879339321190656,0.6404051476210375,0.5475287844980281,HOLD,415800,265448.0569223538,29113686.488342285,29379134.54526464,0,2837.9134545264637,1297.5745074681643
2019-01-24,71.49718475341797,1.299806103903336,0.7722853388774972,0.5275207650258388,HOLD,415800,265448.0569223538,29728529.42047119,29993977.477393545,0,2899.3977477393546,1327.0894508397091
2019-01-25,72.09666442871094,1.4204643766476863,0.901921146431535,0.5185432302161513,HOLD,415800,265448.0569223538,29977793.069458008,30243241.12638036,0,2924.3241126380362,1339.0551124745543
2019-01-28,71.93680572509766,1.486057321938091,1.0187483815328462,0.46730894040524484,HOLD,415800,265448.0569223538,29911323.820495605,30176771.87741796,0,2917.677187741796,1335.8643201330347
2019-01-29,72.3364486694336,1.5523930287999548,1.125477310986268,0.42691571781368687,HOLD,415800,265448.0569223538,30077495.35675049,30342943.413672842,0,2934.2943413672842,1343.8412248451755
2019-01-30,71.69701385498047,1.5356653150310962,1.2075149117952335,0.32815040323586264,HOLD,415800,265448.0569223538,29811618.36090088,30077066.417823233,0,2907.7066417823235,1331.0780554790967
2019-01-31,72.97589111328125,1.6070777956175846,1.287427488559704,0.31965030705788067,HOLD,415800,265448.0569223538,30343375.524902344,30608823.581824698,0,2960.88235818247,1356.6045464945712
2019-02-01,74.25476837158203,1.7467321665897657,1.3792884241657164,0.3674437424240493,HOLD,415800,265448.0569223538,30875132.68890381,31140580.745826162,0,3014.0580745826164,1382.1310375100459
2019-02-11,75.373779296875,1.925508033425075,1.488532346017588,0.4369756874074868,HOLD,415800,265448.0569223538,31340417.431640625,31605865.48856298,0,3060.586548856298,1404.4665839006839
2019-02-12,75.81339263916016,2.078700354878052,1.606565947789681,0.47213440708837084,HOLD,415800,265448.0569223538,31523208.659362793,31788656.716285147,0,3078.8656716285145,1413.2413009106922
2019-02-13,77.89157104492188,2.340814549582845,1.753415668148314,0.587398881434531,HOLD,415800,265448.0569223538,32387315.240478516,32652763.29740087,0,3165.2763297400866,1454.7219059170825
2019-02-14,77.13224029541016,2.4589253312328765,1.8945176007652265,0.56440773046765,HOLD,415800,265448.0569223538,32071585.514831543,32337033.571753897,0,3133.70335717539,1439.5656042240348
2019-02-15,74.49455261230469,2.3130264950558796,1.9782193796233571,0.3348071154325225,HOLD,415800,265448.0569223538,30974834.97619629,31240283.033118643,0,3024.0283033118644,1386.917149880667
2019-02-18,79.21041107177734,2.5485528509998687,2.0922860738986597,0.456266777101209,HOLD,415800,265448.0569223538,32935688.92364502,33201136.980567373,0,3220.1136980567376,1481.0460569471077
2019-02-19,79.05055236816406,2.6912864486620407,2.212086148851336,0.4792002998107048,HOLD,415800,265448.0569223538,32869219.674682617,33134667.73160497,0,3213.4667731604973,1477.855264605588
2019-02-20,80.24949645996094,2.868087098612932,2.3432863388036553,0.5248007598092768,HOLD,415800,265448.0569223538,33367740.628051758,33633188.68497411,0,3263.3188684974107,1501.7862833086444
2019-02-21,81.48841094970703,3.0727521585985045,2.4891795027626253,0.5835726558358791,HOLD,415800,265448.0569223538,33882881.27288818,34148329.32981054,0,3314.8329329810535,1526.5151143095682
2019-02-22,89.64125061035156,3.848454133982216,2.7610344290065436,1.0874197049756722,HOLD,415800,265448.0569223538,37272832.00378418,37538280.06070653,0,3653.8280060706534,1689.2464374269753
2019-02-25,98.5933837890625,5.126471101784205,3.234121763562076,1.8923493382221288,HOLD,415800,265448.0569223538,40995128.97949219,41260577.03641454,0,4026.057703641454,1867.931722251981
2019-02-26,97.91397857666016,6.015147557029621,3.790326922255585,2.2248206347740362,HOLD,415800,265448.0569223538,40712632.29217529,40978080.34909765,0,3997.8080349097645,1854.3707405880343
2019-02-27,96.11556243896484,6.499391953351292,4.332139928474727,2.167252024876565,HOLD,415800,265448.0569223538,39964850.86212158,40230298.919043936,0,3923.029891904394,1818.4742125334499
2019-02-28,93.95745849609375,6.632562126498485,4.792224368079479,1.8403377584190057,HOLD,415800,265448.0569223538,39067511.24267578,39332959.299598135,0,3833.2959299598137,1775.3982874979583
2019-03-01,97.75411987304688,6.964180552892131,5.22661560504201,1.737564947850121,HOLD,415800,265448.0569223538,40646163.04321289,40911611.100135244,0,3991.1611100135246,1851.1799482465146
2019-03-04,97.87401580810547,7.154196026477095,5.612131689329027,1.5420643371480676,HOLD,415800,265448.0569223538,40696015.773010254,40961463.82993261,0,3996.1463829932604,1853.5730805734836
2019-03-05,99.11293029785156,7.320370034576371,5.953779358378497,1.366590676197874,HOLD,415800,265448.0569223538,41211156.41784668,41476604.47476903,0,4047.6604474769033,1878.3019115744078
2019-03-06,106.70625305175781,7.9728754738879815,6.357598581480394,1.6152768924075875,HOLD,415800,265448.0569223538,44368460.0189209,44633908.07584325,0,4363.390807584326,2029.8652330715204
2019-03-07,106.946044921875,8.412367400607124,6.76855234530574,1.643815055301384,HOLD,415800,265448.0569223538,44468165.478515625,44733613.53543798,0,4373.361353543798,2034.6514977254583
2019-03-08,96.23545837402344,7.806425482958957,6.976126972836384,0.8302985101225735,HOLD,415800,265448.0569223538,40014703.591918945,40280151.6488413,0,3928.0151648841297,1820.867344860419
2019-03-11,96.27542114257812,7.2459104636838845,7.030083671005884,0.21582679267800042,HOLD,415800,265448.0569223538,40031320.111083984,40296768.16800634,0,3929.676816800634,1821.6650048749696
2019-03-12,98.63334655761719,6.91228265589389,7.006523467983485,-0.09424081208959567,SELL,0,41252586.50828038,0.0,41252586.50828038,415800,4025.258650828038,1868.7293822665317
2019-03-13,95.59601593017578,6.32982671477086,6.8711841173409605,-0.5413574025701005,HOLD,0,41252586.50828038,0.0,41252586.50828038,0,4025.258650828038,1808.1040232110233
2019-03-14,93.39794921875,5.626007459534861,6.622148785779741,-0.9961413262448797,HOLD,0,41252586.50828038,0.0,41252586.50828038,0,4025.258650828038,1764.230438160981
2019-03-15,95.15640258789062,5.150743554429155,6.327867739509625,-1.1771241850804692,HOLD,0,41252586.50828038,0.0,41252586.50828038,0,4025.258650828038,1799.3293062010146
2019-03-18,98.43352508544922,4.981110739072619,6.058516339422224,-1.0774056003496044,HOLD,0,41252586.50828038,0.0,41252586.50828038,0,4025.258650828038,1864.7409299104613
2019-03-19,96.83493041992188,4.663919520229015,5.7795969755835825,-1.1156774553545672,HOLD,0,41252586.50828038,0.0,41252586.50828038,0,4025.258650828038,1832.8328542119473
2019-03-20,98.15377044677734,4.467464413360204,5.517170463138907,-1.0497060497787025,HOLD,0,41252586.50828038,0.0,41252586.50828038,0,4025.258650828038,1859.1570052419727
2019-03-21,99.5125732421875,4.371029844212401,5.287942339353606,-0.9169124951412044,HOLD,0,41252586.50828038,0.0,41252586.50828038,0,4025.258650828038,1886.2788162865486
2019-03-22,99.11293029785156,4.213783039842312,5.073110479451347,-0.8593274396090349,HOLD,0,41252586.50828038,0.0,41252586.50828038,0,4025.258650828038,1878.3019115744078
2019-03-25,94.71678924560547,3.6918743423379397,4.796863252028666,-1.104988909690726,HOLD,0,41252586.50828038,0.0,41252586.50828038,0,4025.258650828038,1790.5545891910062
2019-03-26,91.55956268310547,2.98904034537766,4.435298670698464,-1.4462583253208043,HOLD,0,41252586.50828038,0.0,41252586.50828038,0,4025.258650828038,1727.536097808529
2019-03-27,91.79935455322266,2.423452487308424,4.032929434020456,-1.6094769467120322,HOLD,0,41252586.50828038,0.0,41252586.50828038,0,4025.258650828038,1732.322362462467
2019-03-28,91.2398452758789,1.9080771862146975,3.6079589844593047,-1.6998817982446073,HOLD,0,41252586.50828038,0.0,41252586.50828038,0,4025.258650828038,1721.1545131254893
2019-03-29,99.03299713134766,2.104224580538016,3.307212103675047,-1.2029875231370308,HOLD,0,41252586.50828038,0.0,41252586.50828038,0,4025.258650828038,1876.7064392619893
2019-04-01,101.03124237060547,2.3933257253129057,3.124434828002619,-0.7311091026897132,HOLD,0,41252586.50828038,0.0,41252586.50828038,0,4025.258650828038,1916.591571955961
2019-04-02,100.7115249633789,2.567050581465324,3.01295797869516,-0.4459073972298362,HOLD,0,41252586.50828038,0.0,41252586.50828038,0,4025.258650828038,1910.209987272922
2019-04-03,104.54814910888672,2.979961148958978,3.0063586127479236,-0.026397463788945696,HOLD,0,41252586.50828038,0.0,41252586.50828038,0,4025.258650828038,1986.7893080360286
2019-04-04,103.9087142944336,3.2184978630906755,3.0487864628164743,0.16971140027420129,BUY,393000,391960.11573735625,40836124.7177124,41228084.83344976,393000,4022.8084833449757,1974.0261386699497
2019-04-08,101.15113830566406,3.14872999200324,3.0687751686538274,0.07995482334941251,HOLD,393000,391960.11573735625,39752397.35412598,40144357.46986333,0,3914.435746986333,1918.9847042829304
2019-04-09,101.55078887939453,3.090066549118319,3.073033444746726,0.017033104371593222,HOLD,393000,391960.11573735625,39909460.02960205,40301420.14533941,0,3930.1420145339407,1926.961761278388
2019-04-10,99.71240234375,2.862238811261136,3.030874518049608,-0.16863570678847184,SELL,0,39555422.05235845,0.0,39555422.05235845,393000,3855.5422052358454,1890.267420925936
2019-04-11,97.5942611694336,2.482154663008629,2.9211305470414124,-0.43897588403278354,HOLD,0,39555422.05235845,0.0,39555422.05235845,0,3855.5422052358454,1847.989155904995
2019-04-12,96.99478912353516,2.1082601424769223,2.7585564661285145,-0.6502963236515922,HOLD,0,39555422.05235845,0.0,39555422.05235845,0,3855.5422052358454,1836.023646553467
2019-04-15,95.11643981933594,1.6414572529221942,2.5351366234872508,-0.8936793705650565,HOLD,0,39555422.05235845,0.0,39555422.05235845,0,3855.5422052358454,1798.531646186464
2019-04-16,97.91397857666016,1.4801879126539461,2.32414688132059,-0.843958968666644,HOLD,0,39555422.05235845,0.0,39555422.05235845,0,3855.5422052358454,1854.3707405880343
2019-04-17,97.3544692993164,1.2923358329103252,2.117784671638537,-0.825448838728212,HOLD,0,39555422.05235845,0.0,39555422.05235845,0,3855.5422052358454,1843.202891251057
2019-04-18,97.03475189208984,1.1049262811625056,1.9152129935433309,-0.8102867123808253,HOLD,0,39555422.05235845,0.0,39555422.05235845,0,3855.5422052358454,1836.8213065680177
2019-04-19,97.91397857666016,1.0156414245034568,1.7352986797353562,-0.7196572552318994,HOLD,0,39555422.05235845,0.0,39555422.05235845,0,3855.5422052358454,1854.3707405880343
2019-04-22,95.07647705078125,0.7077612421562662,1.5297911922195384,-0.8220299500632722,HOLD,0,39555422.05235845,0.0,39555422.05235845,0,3855.5422052358454,1797.7339861719133
2019-04-23,95.71591186523438,0.5094879649214619,1.3257305467599232,-0.8162425818384613,HOLD,0,39555422.05235845,0.0,39555422.05235845,0,3855.5422052358454,1810.4971555379923
2019-04-24,96.63510131835938,0.4216651774235771,1.144917472892654,-0.723252295469077,HOLD,0,39555422.05235845,0.0,39555422.05235845,0,3855.5422052358454,1828.8442495725596
2019-04-25,93.91748809814453,0.1312631904217909,0.9421866163984816,-0.8109234259766906,HOLD,0,39555422.05235845,0.0,39555422.05235845,0,3855.5422052358454,1774.6004752000906
2019-04-26,94.27717590332031,-0.06906256639376807,0.7399367798400317,-0.8089993462337998,HOLD,0,39555422.05235845,0.0,39555422.05235845,0,3855.5422052358454,1781.779872180998
2019-04-29,91.99917602539062,-0.40694669585454335,0.5105600847011167,-0.91750678055566,HOLD,0,39555422.05235845,0.0,39555422.05235845,0,3855.5422052358454,1736.3108148185372
2019-04-30,92.07910919189453,-0.6606567247895327,0.27631672280298686,-0.9369734475925195,HOLD,0,39555422.05235845,0.0,39555422.05235845,0,3855.5422052358454,1737.9062871309557
2019-05-06,82.8871841430664,-1.5851625151745878,-0.0959791247925281,-1.4891833903820597,HOLD,0,39555422.05235845,0.0,39555422.05235845,0,3855.5422052358454,1554.4347376520122
2019-05-07,82.9271469116211,-2.2882379703758886,-0.5344308939092002,-1.7538070764666884,HOLD,0,39555422.05235845,0.0,39555422.05235845,0,3855.5422052358454,1555.2323976665625
2019-05-08,81.00883483886719,-2.966031521190615,-1.0207510193654832,-1.945280501825132,HOLD,0,39555422.05235845,0.0,39555422.05235845,0,3855.5422052358454,1516.9427372850091
2019-05-09,79.05055236816406,-3.619481690902788,-1.5404971536729442,-2.078984537229844,HOLD,0,39555422.05235845,0.0,39555422.05235845,0,3855.5422052358454,1477.855264605588
2019-05-10,82.48753356933594,-3.816021281428206,-1.9956019792239967,-1.8204193022042094,HOLD,0,39555422.05235845,0.0,39555422.05235845,0,3855.5422052358454,1546.4576806565542
2019-05-13,80.08963775634766,-4.117803005167389,-2.4200421844126754,-1.6977608207547132,HOLD,0,39555422.05235845,0.0,39555422.05235845,0,3855.5422052358454,1498.5954909671245
2019-05-14,79.45020294189453,-4.3583241926667995,-2.8076985860635,-1.5506256066032993,HOLD,0,39555422.05235845,0.0,39555422.05235845,0,3855.5422052358454,1485.832321601046
2019-05-15,81.12872314453125,-4.363200158814493,-3.1187989006136987,-1.2444012582007944,HOLD,0,39555422.05235845,0.0,39555422.05235845,0,3855.5422052358454,1519.3357173286613
2019-05-16,80.8489761352539,-4.339613282219403,-3.36296177693484,-0.9766515052845635,HOLD,0,39555422.05235845,0.0,39555422.05235845,0,3855.5422052358454,1513.7519449434894
2019-05-17,78.49104309082031,-4.459776476098639,-3.5823247167676,-0.8774517593310396,HOLD,0,39555422.05235845,0.0,39555422.05235845,0,3855.5422052358454,1466.6874152686107
2019-05-20,79.41024017333984,-4.429771502029837,-3.7518140738200474,-0.6779574282097895,HOLD,0,39555422.05235845,0.0,39555422.05235845,0,3855.5422052358454,1485.0346615864953
2019-05-21,80.8489761352539,-4.241010645019486,-3.8496533880599353,-0.3913572569595507,HOLD,0,39555422.05235845,0.0,39555422.05235845,0,3855.5422052358454,1513.7519449434894
2019-05-22,80.48928833007812,-4.073483523330012,-3.894419415113951,-0.1790641082160609,HOLD,0,39555422.05235845,0.0,39555422.05235845,0,3855.5422052358454,1506.5725479625826
2019-05-23,80.12960815429688,-3.9245010514324434,-3.9004357423776495,-0.024065309054793982,HOLD,0,39555422.05235845,0.0,39555422.05235845,0,3855.5422052358454,1499.3933032649925
2019-05-24,80.20953369140625,-3.7566774075104377,-3.8716840754042074,0.11500666789376979,BUY,488200,373632.72760502994,39158294.34814453,39531927.07574956,488200,3853.1927075749563,1500.9886232940935
2019-05-27,82.44757080078125,-3.4038476332338092,-3.778116786970128,0.37426915373631875,HOLD,488200,373632.72760502994,40250904.064941406,40624536.792546436,0,3962.4536792546437,1545.6600206420035
2019-05-28,82.28771209716797,-3.101376024237126,-3.6427686344235277,0.5413926101864015,HOLD,488200,373632.72760502994,40172861.0458374,40546493.77344243,0,3954.6493773442435,1542.4692283004838
2019-05-29,82.12784576416016,-2.841806396753313,-3.482576186889485,0.6407697901361722,HOLD,488200,373632.72760502994,40094814.30206299,40468447.02966802,0,3946.844702966802,1539.2782836756471
2019-05-30,80.76904296875,-2.714449146401236,-3.3289507787918353,0.6145016323905992,HOLD,488200,373632.72760502994,39431446.77734375,39805079.50494878,0,3880.507950494878,1512.1564726310712
2019-05-31,80.44932556152344,-2.6092384540078513,-3.1850083138350387,0.5757698598271874,HOLD,488200,373632.72760502994,39275360.73913574,39648993.46674077,0,3864.899346674077,1505.7748879480318
2019-06-03,80.6891098022461,-2.4779454256191116,-3.0435957361918535,0.565650310572742,HOLD,488200,373632.72760502994,39392423.40545654,39766056.13306157,0,3876.6056133061575,1510.5610003186528
2019-06-04,80.44932556152344,-2.365969910607305,-2.908070571074944,0.5421006604676393,HOLD,488200,373632.72760502994,39275360.73913574,39648993.46674077,0,3864.899346674077,1505.7748879480318
2019-06-05,81.24861907958984,-2.1875158799049217,-2.76395963284094,0.5764437529360182,HOLD,488200,373632.72760502994,39665575.83465576,40039208.56226079,0,3903.9208562260787,1521.7288496556303
2019-06-06,80.20953369140625,-2.1056625149658004,-2.632300209265912,0.5266376943001116,HOLD,488200,373632.72760502994,39158294.34814453,39531927.07574956,0,3853.1927075749563,1500.9886232940935
2019-06-10,80.24949645996094,-2.0143483185622273,-2.5087098311251754,0.49436151256294814,HOLD,488200,373632.72760502994,39177804.17175293,39551436.89935796,0,3855.143689935796,1501.7862833086444
2019-06-11,84.28594970703125,-1.597854050177034,-2.3265386749355472,0.7286846247585133,HOLD,488200,373632.72760502994,41148400.646972656,41522033.374577686,0,4052.2033374577686,1582.3542087111389
2019-06-12,83.16693878173828,-1.3425975427741008,-2.129750448503258,0.7871529057291573,HOLD,488200,373632.72760502994,40602099.51324463,40975732.24084966,0,3997.573224084966,1560.0186623205009
2019-06-13,83.96623229980469,-1.063548687467076,-1.9165100962960218,0.8529614088289457,HOLD,488200,373632.72760502994,40992314.60876465,41365947.33636968,0,4036.5947336369677,1575.9726240280993
2019-06-14,82.56745910644531,-0.944383500728506,-1.7220847771825187,0.7777012764540128,HOLD,488200,373632.72760502994,40309433.5357666,40683066.26337163,0,3968.306626337163,1548.053000685656
2019-06-17,82.84721374511719,-0.817941648196225,-1.54125615138526,0.7233145031890351,HOLD,488200,373632.72760502994,40446009.75036621,40819642.47797124,0,3981.9642477971242,1553.6369253541445
2019-06-18,83.32679748535156,-0.6712988539918712,-1.3672646919065823,0.6959658379147111,HOLD,488200,373632.72760502994,40680142.53234863,41053775.25995366,0,4005.377525995366,1563.2094546620206
2019-06-19,86.12433624267578,-0.3255921616065649,-1.1589301858465788,0.8333380242400139,HOLD,488200,373632.72760502994,42045900.95367432,42419533.68127935,0,4141.9533681279345,1619.0485490635908
2019-06-20,92.11907196044922,0.42718364793771,-0.8417074190897211,1.2688910670274312,HOLD,488200,373632.72760502994,44972530.93109131,45346163.65869634,0,4434.616365869634,1738.7039471455064
2019-06-21,94.59689331054688,1.2097580377828905,-0.43141432771519883,1.6411723654980892,HOLD,488200,373632.72760502994,46182203.314208984,46555836.041814014,0,4555.583604181401,1788.1614568640373
2019-06-24,94.317138671875,1.7867830952571921,0.012225156879279367,1.7745579383779129,HOLD,488200,373632.72760502994,46045627.099609375,46419259.827214405,0,4541.92598272144,1782.5775321955487
2019-06-25,93.83756256103516,2.1802492699605835,0.4458299794955402,1.7344192904650433,HOLD,488200,373632.72760502994,45811498.04229736,46185130.76990239,0,4518.513076990239,1773.0051551709896
2019-06-26,93.07823181152344,2.4031009508074845,0.8372841737579291,1.5658167770495555,HOLD,488200,373632.72760502994,45440792.77038574,45814425.49799077,0,4481.442549799077,1757.8488534779417
2019-06-27,95.59601593017578,2.7511629557987334,1.22005993016609,1.5311030256326434,HOLD,488200,373632.72760502994,46669974.97711182,47043607.70471685,0,4604.360770471685,1808.1040232110233
2019-06-28,95.15640258789062,2.9574399528512174,1.5675359347031155,1.389904018148102,HOLD,488200,373632.72760502994,46455355.7434082,46828988.47101323,0,4582.898847101324,1799.3293062010146
2019-07-01,97.43440246582031,3.267070753307223,1.907442898423937,1.359627854883286,HOLD,488200,373632.72760502994,47567475.28381348,47941108.01141851,0,4694.110801141851,1844.7983635634753
2019-07-02,96.51521301269531,3.399101757366111,2.205774670212372,1.193327087153739,HOLD,488200,373632.72760502994,47118726.99279785,47492359.72040288,0,4649.235972040288,1826.4512695289077
2019-07-03,93.63773345947266,3.234266120888904,2.4114729603476786,0.8227931605412255,HOLD,488200,373632.72760502994,45713941.47491455,46087574.20251958,0,4508.757420251958,1769.016550531602
2019-07-04,94.317138671875,3.122461224685125,2.553670613215168,0.5687906114699572,HOLD,488200,373632.72760502994,46045627.099609375,46419259.827214405,0,4541.92598272144,1782.5775321955487
2019-07-05,94.07735443115234,2.9801531047563117,2.638967111523397,0.3411859932329149,HOLD,488200,373632.72760502994,45928564.433288574,46302197.160893604,0,4530.21971608936,1777.7914198249273
2019-07-08,92.59864807128906,2.7167367985579602,2.6545210489303095,0.06221574962765075,HOLD,488200,373632.72760502994,45206659.98840332,45580292.71600835,0,4458.029271600835,1748.2763241700652
2019-07-09,92.83843994140625,2.4985252343542754,2.623321886015103,-0.12479665166082743,SELL,0,45670164.87117192,0.0,45670164.87117192,488200,4467.016487117192,1753.0625888240036
2019-07-10,92.71854400634766,2.289524187986544,2.556562346409391,-0.26703815842284717,HOLD,0,45670164.87117192,0.0,45670164.87117192,0,4467.016487117192,1750.6694564970346
2019-07-11,92.63861846923828,2.093309659376473,2.4639118090028074,-0.3706021496263343,HOLD,0,45670164.87117192,0.0,45670164.87117192,0,4467.016487117192,1749.074136467933
2019-07-12,93.39794921875,1.9762983402341803,2.366389115249082,-0.39009077501490186,HOLD,0,45670164.87117192,0.0,45670164.87117192,0,4467.016487117192,1764.230438160981
2019-07-15,94.67682647705078,1.964119585554272,2.28593520931012,-0.32181562375584827,HOLD,0,45670164.87117192,0.0,45670164.87117192,0,4467.016487117192,1789.7569291764555
2019-07-16,93.63773345947266,1.849304085920707,2.1986089846322376,-0.3493048987115306,HOLD,0,45670164.87117192,0.0,45670164.87117192,0,4467.016487117192,1769.016550531602
2019-07-17,92.2789306640625,1.6298797069623134,2.084863129098253,-0.45498342213593945,HOLD,0,45670164.87117192,0.0,45670164.87117192,0,4467.016487117192,1741.8947394870263
2019-07-18,90.80023193359375,1.3214330189437078,1.932177107067344,-0.6107440881236361,HOLD,0,45670164.87117192,0.0,45670164.87117192,0,4467.016487117192,1712.379796115481
2019-07-19,92.63861846923828,1.2113653600182204,1.7880147576575194,-0.576649397639299,HOLD,0,45670164.87117192,0.0,45670164.87117192,0,4467.016487117192,1749.074136467933
2019-07-22,91.11994934082031,0.9901778863991808,1.6284473834058517,-0.6382694970066709,HOLD,0,45670164.87117192,0.0,45670164.87117192,0,4467.016487117192,1718.7613807985206
2019-07-23,91.39970397949219,0.827915388085728,1.4683409843418271,-0.6404255962560992,HOLD,0,45670164.87117192,0.0,45670164.87117192,0,4467.016487117192,1724.3453054670092
2019-07-24,92.95833587646484,0.8156870249139132,1.3378101924562444,-0.5221231675423312,HOLD,0,45670164.87117192,0.0,45670164.87117192,0,4467.016487117192,1755.4557211509725
2019-07-25,93.47787475585938,0.8382555167975028,1.2378992573244962,-0.3996437405269935,HOLD,0,45670164.87117192,0.0,45670164.87117192,0,4467.016487117192,1765.8257581900823
2019-07-26,93.47787475585938,0.8463846142356743,1.159596328706732,-0.31321171447105756,HOLD,0,45670164.87117192,0.0,45670164.87117192,0,4467.016487117192,1765.8257581900823
2019-07-29,92.59864807128906,0.772970415291482,1.082271146023682,-0.3093007307322,HOLD,0,45670164.87117192,0.0,45670164.87117192,0,4467.016487117192,1748.2763241700652
2019-07-30,93.55780792236328,0.783157564748052,1.022448429768556,-0.23929086502050412,HOLD,0,45670164.87117192,0.0,45670164.87117192,0,4467.016487117192,1767.4212305025005
2019-07-31,92.83843994140625,0.7248285971547972,0.9629244632458044,-0.2380958660910072,HOLD,0,45670164.87117192,0.0,45670164.87117192,0,4467.016487117192,1753.0625888240036
2019-08-01,91.59952545166016,0.572038323110192,0.8847472352186819,-0.31270891210848994,HOLD,0,45670164.87117192,0.0,45670164.87117192,0,4467.016487117192,1728.3337578230796
2019-08-02,88.1092300415039,0.16738376430939184,0.741274541036824,-0.5738907767274322,HOLD,0,45670164.87117192,0.0,45670164.87117192,0,4467.016487117192,1658.6671859527776
2019-08-05,84.98421478271484,-0.4008497569827796,0.5128496814329033,-0.9136994384156829,HOLD,0,45670164.87117192,0.0,45670164.87117192,0,4467.016487117192,1596.2916347347586
2019-08-06,84.61894989013672,-0.8706168120243802,0.23615638274144662,-1.1067731947658268,HOLD,0,45670164.87117192,0.0,45670164.87117192,0,4467.016487117192,1589.00091864911
2019-08-07,83.19849395751953,-1.3420590883822854,-0.0794867114832998,-1.2625723768989856,HOLD,0,45670164.87117192,0.0,45670164.87117192,0,4467.016487117192,1560.6485061196956
2019-08-08,84.86246490478516,-1.5633901514063808,-0.376267399467916,-1.1871227519384648,HOLD,0,45670164.87117192,0.0,45670164.87117192,0,4467.016487117192,1593.8614975617536
2019-08-09,84.37544250488281,-1.7578320571706598,-0.6525803310084648,-1.105251726162195,HOLD,0,45670164.87117192,0.0,45670164.87117192,0,4467.016487117192,1584.140492019783
2019-08-12,86.60759735107422,-1.71207667302005,-0.8644795994107819,-0.8475970736092682,HOLD,0,45670164.87117192,0.0,45670164.87117192,0,4467.016487117192,1628.6944789302704
2019-08-13,85.5118179321289,-1.7441301955185509,-1.0404097186323358,-0.7037204768862151,HOLD,0,45670164.87117192,0.0,45670164.87117192,0,4467.016487117192,1606.8226352399583
2019-08-14,85.83649444580078,-1.7234671058382105,-1.1770211960735109,-0.5464459097646996,HOLD,0,45670164.87117192,0.0,45670164.87117192,0,4467.016487117192,1613.303204079061
2019-08-15,86.03941345214844,-1.6714501535214623,-1.2759069875631013,-0.39554316595836103,HOLD,0,45670164.87117192,0.0,45670164.87117192,0,4467.016487117192,1617.3534834618415
2019-08-16,86.5670166015625,-1.5695602655306118,-1.3346376431566034,-0.2349226223740084,HOLD,0,45670164.87117192,0.0,45670164.87117192,0,4467.016487117192,1627.8844839670412
2019-08-19,93.87224578857422,-0.8890919535763828,-1.2455285052405594,0.35643655166417654,BUY,481600,434165.97525151074,45208873.571777344,45643039.547028854,481600,4464.303954702886,1773.6974351301621
2019-08-20,92.37062072753906,-0.46561716185918556,-1.0895462365642847,0.6239290747050992,HOLD,481600,434165.97525151074,44485690.94238281,44919856.91763432,0,4391.9856917634315,1743.7248803909722
2019-08-21,91.88360595703125,-0.1673789202767324,-0.9051127733067743,0.7377338530300419,HOLD,481600,434165.97525151074,44251144.62890625,44685310.60415776,0,4368.531060415777,1734.0040271323187
2019-08-22,92.16769409179688,0.09085327314127767,-0.7059195640171639,0.7967728371584416,HOLD,481600,434165.97525151074,44387961.474609375,44822127.449860886,0,4382.212744986089,1739.6744487248745
2019-08-23,91.88360595703125,0.2694742769132148,-0.5108407958310882,0.780315072744303,HOLD,481600,434165.97525151074,44251144.62890625,44685310.60415776,0,4368.531060415777,1734.0040271323187
2019-08-26,90.17904663085938,0.27037233331441257,-0.35459817000198807,0.6249705033164006,HOLD,481600,434165.97525151074,43430228.857421875,43864394.832673386,0,4286.439483267339,1699.980888443714
2019-08-27,92.41120147705078,0.4460584070193363,-0.1944668545977232,0.6405252616170595,HOLD,481600,434165.97525151074,44505234.631347656,44939400.60659917,0,4393.9400606599165,1744.5348753542014
2019-08-28,90.99073791503906,0.4653075719892854,-0.06251196928032147,0.5278195412696068,HOLD,481600,434165.97525151074,43821139.37988281,44255305.35513432,0,4325.530535513432,1716.18231054147
2019-08-29,90.3008041381836,0.4200487239175601,0.034000169359254845,0.3860485545583052,HOLD,481600,434165.97525151074,43488867.27294922,43923033.24820073,0,4292.303324820073,1702.4111779000361
2019-08-30,90.58489227294922,0.4024649337695365,0.1076931222413112,0.2947718115282253,HOLD,481600,434165.97525151074,43625684.118652344,44059850.093903854,0,4305.985009390385,1708.081599492592
2019-09-02,92.41120147705078,0.5297904485531717,0.19211258750368332,0.3376778610494884,HOLD,481600,434165.97525151074,44505234.631347656,44939400.60659917,0,4393.9400606599165,1744.5348753542014
2019-09-03,92.69529724121094,0.6461723179770189,0.28292453359835046,0.36324778437866845,HOLD,481600,434165.97525151074,44642055.15136719,45076221.1266187,0,4407.62211266187,1750.2054492300747
2019-09-04,94.68394470214844,0.8886294510992485,0.4040655170985301,0.4845639340007184,HOLD,481600,434165.97525151074,45599787.76855469,46033953.7438062,0,4503.3953743806205,1789.8990095112354
2019-09-05,96.71317291259766,1.230337666759624,0.569319947030749,0.661017719728875,HOLD,481600,434165.97525151074,46577064.07470703,47011230.04995854,0,4601.123004995854,1830.4025647556252
2019-09-06,98.01187896728516,1.5876373196679339,0.772983421558186,0.8146538981097479,HOLD,481600,434165.97525151074,47202520.91064453,47636686.88589604,0,4663.668688589604,1856.3248401120347
2019-09-09,98.70182037353516,1.9045182730756665,0.9992903918616821,0.9052278812139843,HOLD,481600,434165.97525151074,47534796.69189453,47968962.66714604,0,4696.896266714604,1870.0961250367861
2019-09-10,98.21480560302734,2.0922327332483377,1.2178788601390134,0.8743538731093243,HOLD,481600,434165.97525151074,47300250.37841797,47734416.35366948,0,4673.4416353669485,1860.3752717781322
2019-09-11,98.98591613769531,2.276972450015265,1.4296975781142638,0.847274871901001,HOLD,481600,434165.97525151074,47671617.21191406,48105783.18716557,0,4710.578318716557,1875.7666989126592
2019-09-12,100.28462219238281,2.4993636233545686,1.6436307871623248,0.8557328361922438,HOLD,481600,434165.97525151074,48297074.04785156,48731240.02310307,0,4773.124002310307,1901.6889742690687
2019-09-16,98.53948211669922,2.505905492459263,1.8160857282217127,0.6898197642375503,HOLD,481600,434165.97525151074,47456614.587402344,47890780.562653854,0,4689.078056265385,1866.855840617235
2019-09-17,95.49563598632812,2.239659624606162,1.9008005074986025,0.33885911710755945,HOLD,481600,434165.97525151074,45990698.291015625,46424864.266267136,0,4542.486426626713,1806.1004316089914
2019-09-18,95.08979034423828,1.9731640971516242,1.9152732254292069,0.05789087172241736,HOLD,481600,434165.97525151074,45795243.029785156,46229409.00503667,0,4522.940900503667,1797.9997205601132
2019-09-19,95.73914337158203,1.7936853459465567,1.890955649532677,-0.09727030358612021,SELL,0,46514472.64013676,0.0,46514472.64013676,481600,4551.447264013676,1810.9608582383182
2019-09-20,94.72452545166016,1.5516890504394638,1.8231023297140345,-0.2714132792745707,HOLD,0,46514472.64013676,0.0,46514472.64013676,0,4551.447264013676,1790.7090044744646
2019-09-23,93.22289276123047,1.224619384347605,1.7034057406407488,-0.4787863562931438,HOLD,0,46514472.64013676,0.0,46514472.64013676,0,4551.447264013676,1760.7362974519574
2019-09-24,93.18231201171875,0.9511752342080655,1.5529596393542122,-0.6017844051461467,HOLD,0,46514472.64013676,0.0,46514472.64013676,0,4551.447264013676,1759.9263024887282
2019-09-25,92.7764663696289,0.6937236096960362,1.381112433422577,-0.6873888237265409,HOLD,0,46514472.64013676,0.0,46514472.64013676,0,4551.447264013676,1751.82559143985
2019-09-26,92.20828247070312,0.4387856030022732,1.1926470673385163,-0.7538614643362431,HOLD,0,46514472.64013676,0.0,46514472.64013676,0,4551.447264013676,1740.4845959714207
2019-09-27,93.54756927490234,0.3408851365201713,1.0222946811748475,-0.6814095446546762,HOLD,0,46514472.64013676,0.0,46514472.64013676,0,4551.447264013676,1767.2168662910601
2019-09-30,91.23424530029297,0.07575909629873934,0.8329875641996258,-0.7572284679008865,HOLD,0,46514472.64013676,0.0,46514472.64013676,0,4551.447264013676,1721.042737170797
2019-10-08,90.62548065185547,-0.18138650940593948,0.6301127494785128,-0.8114992588844523,HOLD,0,46514472.64013676,0.0,46514472.64013676,0,4551.447264013676,1708.8917467391384
2019-10-09,90.21963500976562,-0.41316193251043387,0.4214578130807235,-0.8346197455911574,HOLD,0,46514472.64013676,0.0,46514472.64013676,0,4551.447264013676,1700.7910356902603
2019-10-10,90.86898803710938,-0.5382437241288613,0.22951750563880655,-0.7677612297676679,HOLD,0,46514472.64013676,0.0,46514472.64013676,0,4551.447264013676,1713.752173368465
2019-10-11,93.10114288330078,-0.4520448127476442,0.0932050419615164,-0.5452498547091605,HOLD,0,46514472.64013676,0.0,46514472.64013676,0,4551.447264013676,1758.3061602789528
2019-10-14,93.70990753173828,-0.33079612318331897,0.008404808932549327,-0.33920093211586827,HOLD,0,46514472.64013676,0.0,46514472.64013676,0,4551.447264013676,1770.457150710611
2019-10-15,92.0865249633789,-0.3615315584857086,-0.06558246455110227,-0.29594909393460633,HOLD,0,46514472.64013676,0.0,46514472.64013676,0,4551.447264013676,1738.0543065150991
2019-10-16,91.55892181396484,-0.42358001050226335,-0.13718197374133448,-0.2863980367609289,HOLD,0,46514472.64013676,0.0,46514472.64013676,0,4551.447264013676,1727.523306009899
2019-10-17,91.3965835571289,-0.48031640780695284,-0.20580886055445816,-0.2745075472524947,HOLD,0,46514472.64013676,0.0,46514472.64013676,0,4551.447264013676,1724.2830215903482
2019-10-18,89.28618621826172,-0.687645094746685,-0.3021761073929035,-0.3854689873537815,HOLD,0,46514472.64013676,0.0,46514472.64013676,0,4551.447264013676,1682.1593241361825
2019-10-21,88.67741394042969,-0.8908087195578958,-0.419902629825902,-0.47090608973199377,HOLD,0,46514472.64013676,0.0,46514472.64013676,0,4551.447264013676,1670.008181421207
2019-10-22,89.69203186035156,-0.9588926517147058,-0.5277006342036628,-0.4311920175110431,HOLD,0,46514472.64013676,0.0,46514472.64013676,0,4551.447264013676,1690.2600351850606
2019-10-23,88.43390655517578,-1.1016704844246306,-0.6424946042478563,-0.45917588017677424,HOLD,0,46514472.64013676,0.0,46514472.64013676,0,4551.447264013676,1665.1477547918803
2019-10-24,88.67741394042969,-1.181553718813305,-0.7503064271609461,-0.43124729165235887,HOLD,0,46514472.64013676,0.0,46514472.64013676,0,4551.447264013676,1670.008181421207
2019-10-25,89.52969360351562,-1.1626871775461467,-0.8327825772379862,-0.3299046003081605,HOLD,0,46514472.64013676,0.0,46514472.64013676,0,4551.447264013676,1687.0197507655093
2019-10-28,90.70664978027344,-1.04076746099949,-0.874379553990287,-0.16638790700920292,HOLD,0,46514472.64013676,0.0,46514472.64013676,0,4551.447264013676,1710.5118889489138
2019-10-29,88.75858306884766,-1.088787050815995,-0.9172610533554286,-0.1715259974605663,HOLD,0,46514472.64013676,0.0,46514472.64013676,0,4551.447264013676,1671.6283236309823
2019-10-30,88.75858306884766,-1.1140014069307398,-0.9566091240704909,-0.15739228286024887,HOLD,0,46514472.64013676,0.0,46514472.64013676,0,4551.447264013676,1671.6283236309823
2019-10-31,88.06864929199219,-1.176098523898787,-1.0005070040361501,-0.175591519862637,HOLD,0,46514472.64013676,0.0,46514472.64013676,0,4551.447264013676,1657.8571909895484
2019-11-01,90.01670837402344,-1.0559465545932198,-1.0115949141475642,-0.04435164044565565,HOLD,0,46514472.64013676,0.0,46514472.64013676,0,4551.447264013676,1696.7406040241626
2019-11-04,90.34138488769531,-0.9238766965869019,-0.9940512706354317,0.07017457404852989,BUY,509700,439840.56055211276,46047003.8772583,46486844.43781041,509700,4548.684443781041,1703.2211728632653
2019-11-05,91.80243682861328,-0.6933234997669899,-0.9339057164617435,0.24058221669475355,HOLD,509700,439840.56055211276,46791702.05154419,47231542.6120963,0,4623.154261209631,1732.383884922543
2019-11-06,91.03132629394531,-0.5663026218358169,-0.8603850975365582,0.2940824757007413,HOLD,509700,439840.56055211276,46398667.012023926,46838507.57257604,0,4583.8507572576045,1716.9924577880163
2019-11-07,92.16769409179688,-0.3696808262282474,-0.7622442432748961,0.39256341704664877,HOLD,509700,439840.56055211276,46977873.67858887,47417714.23914098,0,4641.771423914098,1739.6744487248745
2019-11-08,90.99073791503906,-0.30530776597817066,-0.670856947815551,0.3655491818373804,HOLD,509700,439840.56055211276,46377979.11529541,46817819.67584752,0,4581.781967584752,1716.18231054147
2019-11-11,89.28618621826172,-0.3873693753145915,-0.6141594333153592,0.22679005800076768,HOLD,509700,439840.56055211276,45509169.115448,45949009.67600011,0,4494.9009676000105,1682.1593241361825
2019-11-12,89.4079360961914,-0.437535952192718,-0.578834737090831,0.14129878489811298,HOLD,509700,439840.56055211276,45571225.02822876,46011065.58878087,0,4501.1065588780875,1684.5894613091873
2019-11-13,88.63683319091797,-0.5333665680912105,-0.569741103290907,0.03637453519969647,HOLD,509700,439840.56055211276,45178193.87741089,45618034.437963,0,4461.803443796301,1669.1981864579777
2019-11-14,88.88034057617188,-0.5829441929134731,-0.5723817212154203,-0.0105624716980528,SELL,0,45714968.76647191,0.0,45714968.76647191,509700,4471.49687664719,1674.0586130873044
2019-11-15,88.1092300415039,-0.6766569137829066,-0.5932367597289175,-0.08342015405398906,HOLD,0,45714968.76647191,0.0,45714968.76647191,0,4471.49687664719,1658.6671859527776
2019-11-18,88.83975219726562,-0.6840920996023812,-0.6114078277036104,-0.0726842718987708,HOLD,0,45714968.76647191,0.0,45714968.76647191,0,4471.49687664719,1673.2484658407582
2019-11-19,89.89495849609375,-0.597945465228463,-0.6087153552085809,0.010769889980117853,BUY,503400,434694.78627415746,45253122.106933594,45687816.89320775,503400,4468.7816893207755,1694.310466851158
2019-11-20,88.14981842041016,-0.6628509233635071,-0.6195424688395662,-0.04330845452394094,SELL,0,44782688.60795293,0.0,44782688.60795293,503400,4378.268860795292,1659.4773331993242
2019-11-21,87.82514190673828,-0.7320490420999732,-0.6420437834916476,-0.09000525860832564,HOLD,0,44782688.60795293,0.0,44782688.60795293,0,4378.268860795292,1652.9967643602215
2019-11-22,87.21636962890625,-0.8264846838761173,-0.6789319635685416,-0.1475527203075757,HOLD,0,44782688.60795293,0.0,44782688.60795293,0,4378.268860795292,1640.845621645246
2019-11-25,87.74397277832031,-0.8489660929055702,-0.7129387894359474,-0.13602730346962288,HOLD,0,44782688.60795293,0.0,44782688.60795293,0,4378.268860795292,1651.376622150446
2019-11-26,87.33812713623047,-0.8892800561249175,-0.7482070427737414,-0.14107301335117606,HOLD,0,44782688.60795293,0.0,44782688.60795293,0,4378.268860795292,1643.275911101568
2019-11-27,86.97286224365234,-0.9398687645380477,-0.7865393871266027,-0.15332937741144503,HOLD,0,44782688.60795293,0.0,44782688.60795293,0,4378.268860795292,1635.9851950159193
2019-11-28,87.29753875732422,-0.9428929165968754,-0.8178100930206572,-0.12508282357621814,HOLD,0,44782688.60795293,0.0,44782688.60795293,0,4378.268860795292,1642.4657638550218
2019-11-29,86.89169311523438,-0.9668921990136994,-0.8476265142192657,-0.11926568479443367,HOLD,0,44782688.60795293,0.0,44782688.60795293,0,4378.268860795292,1634.365052806144
2019-12-02,87.98748016357422,-0.8872631292560271,-0.855553837226618,-0.031709292029409086,HOLD,0,44782688.60795293,0.0,44782688.60795293,0,4378.268860795292,1656.237048779773
2019-12-03,88.67741394042969,-0.7597269684231662,-0.8363884634659278,0.07666149504276154,BUY,499900,426251.47559484094,44329839.2288208,44756090.70441564,499900,4375.609070441564,1670.008181421207
2019-12-04,88.35273742675781,-0.6770477384518756,-0.8045203184631173,0.12747258001124173,HOLD,499900,426251.47559484094,44167533.43963623,44593784.91523107,0,4359.378491523107,1663.5276125821044
2019-12-05,90.50372314453125,-0.43296631596308544,-0.730209517963111,0.2972432020000255,HOLD,499900,426251.47559484094,45242811.19995117,45669062.67554601,0,4466.906267554602,1706.4614572828164
2019-12-06,90.82839965820312,-0.2109002224272416,-0.6263476588559371,0.4154474364286955,HOLD,499900,426251.47559484094,45405116.98913574,45831368.46473058,0,4483.136846473058,1712.9420261219188
2019-12-09,90.3008041381836,-0.07660078638301115,-0.5163982843613519,0.4397974979783408,HOLD,499900,426251.47559484094,45141371.98867798,45567623.46427282,0,4456.762346427282,1702.4111779000361
2019-12-10,90.13846588134766,0.01654245255228659,-0.40981013697862423,0.4263525895309108,HOLD,499900,426251.47559484094,45060219.09408569,45486470.569680534,0,4448.647056968053,1699.1708934804847
2019-12-11,90.21963500976562,0.09580443686196816,-0.30868722221050576,0.4044916590724739,HOLD,499900,426251.47559484094,45100795.541381836,45527047.01697668,0,4452.704701697668,1700.7910356902603
2019-12-12,90.0978775024414,0.14709964407745701,-0.21752984895291322,0.36462949303037023,HOLD,499900,426251.47559484094,45039928.96347046,45466180.4390653,0,4446.61804390653,1698.3607462339385
2019-12-13,93.34465026855469,0.4446136636191085,-0.08510114643850888,0.5297148100576173,HOLD,499900,426251.47559484094,46662990.66925049,47089242.14484533,0,4608.924214484533,1763.1665869082794
2019-12-16,94.64335632324219,0.7762423537921137,0.08716755360761563,0.6890748001844981,HOLD,499900,426251.47559484094,47312213.82598877,47738465.30158361,0,4673.846530158361,1789.0888622646892
2019-12-17,96.8755111694336,1.2052829693926128,0.3107906367646151,0.8944923326279977,HOLD,499900,426251.47559484094,48428068.03359985,48854319.509194694,0,4785.431950919469,1833.6428491751765
2019-12-18,96.59142303466797,1.5050281820396805,0.5496381458196282,0.9553900362200523,HOLD,499900,426251.47559484094,48286052.37503052,48712303.85062536,0,4771.230385062536,1827.9724275826204
2019-12-19,96.38849639892578,1.7065320992733177,0.7810169365103662,0.9255151627629515,HOLD,499900,426251.47559484094,48184609.349823,48610860.82541784,0,4761.086082541784,1823.921995916523
2019-12-20,95.69855499267578,1.789919818552974,0.9827975129188878,0.8071223056340863,HOLD,499900,426251.47559484094,47839707.64083862,48265959.116433464,0,4726.595911643346,1810.150710991772
2019-12-23,93.54756927490234,1.6632655263308465,1.1188911156012795,0.5443744107295669,HOLD,499900,426251.47559484094,46764429.88052368,47190681.35611852,0,4619.068135611852,1767.2168662910601
2019-12-24,94.0751724243164,1.5871683631319513,1.2125465651074139,0.37462179802453743,HOLD,499900,426251.47559484094,47028178.69491577,47454430.17051061,0,4645.443017051061,1777.7478667962598
2019-12-25,93.87224578857422,1.4932728100464772,1.2686918140952266,0.22458099595125058,HOLD,499900,426251.47559484094,46926735.66970825,47352987.14530309,0,4635.29871453031,1773.6974351301621
2019-12-26,96.38849639892578,1.6034171084828017,1.3356368729727417,0.26778023551006,HOLD,499900,426251.47559484094,48184609.349823,48610860.82541784,0,4761.086082541784,1823.921995916523
2019-12-27,94.68394470214844,1.535464305423801,1.3756023594629536,0.15986194596084746,HOLD,499900,426251.47559484094,47332503.956604004,47758755.432198845,0,4675.875543219885,1789.8990095112354
2019-12-30,104.1401596069336,2.2190686908114543,1.5442956257326539,0.6747730650788004,HOLD,499900,426251.47559484094,52059665.7875061,52485917.263100944,0,5148.591726310095,1978.6458053750682
2019-12-31,102.67911529541016,2.612817096782109,1.757999919942545,0.8548171768395643,HOLD,499900,426251.47559484094,51329289.73617554,51755541.21177038,0,5075.554121177038,1949.4832455991072
2020-01-02,103.4502182006836,2.953046226703634,1.9970091812947628,0.9560370454088714,HOLD,499900,426251.47559484094,51714764.07852173,52141015.55411657,0,5114.1015554116575,1964.874520450317
2020-01-03,103.00379180908203,3.1503422006545208,2.2276757851667144,0.9226664154878064,HOLD,499900,426251.47559484094,51491595.52536011,51917847.00095495,0,5091.784700095495,1955.96381443821
2020-01-06,102.76028442382812,3.249592392240757,2.432059106581523,0.8175332856592341,HOLD,499900,426251.47559484094,51369866.18347168,51796117.65906652,0,5079.611765906652,1951.1033878088829
2020-01-07,104.30249786376953,3.41334569547611,2.6283164243604404,0.7850292711156697,HOLD,499900,426251.47559484094,52140818.68209839,52567070.15769323,0,5156.707015769323,1981.8860897946195
2020-01-08,101.21807098388672,3.256692769467861,2.753991693381925,0.5027010760859363,HOLD,499900,426251.47559484094,50598913.68484497,51025165.16043981,0,5002.516516043981,1920.3206858231465
2020-01-09,103.24729919433594,3.258721442295311,2.854937643164602,0.40378379913070894,HOLD,499900,426251.47559484094,51613324.867248535,52039576.342843376,0,5103.9576342843375,1960.8242410675366
2020-01-10,103.69373321533203,3.2587874019712615,2.935707594925934,0.32307980704532735,HOLD,499900,426251.47559484094,51836497.23434448,52262748.70993932,0,5126.274870993932,1969.735099362961
2020-01-13,105.39828491210938,3.3576775353409687,3.020101583008941,0.33757595233202764,HOLD,499900,426251.47559484094,52688602.62756348,53114854.10315832,0,5211.485410315831,2003.7580857682485
2020-01-14,103.73431396484375,3.264153005460244,3.0689118674992018,0.19524113796104237,HOLD,499900,426251.47559484094,51856783.55102539,52283035.02662023,0,5128.303502662024,1970.54509432619
2020-01-15,102.76028442382812,3.0759801140429346,3.0703255168079484,0.005654597234986181,HOLD,499900,426251.47559484094,51369866.18347168,51796117.65906652,0,5079.611765906652,1951.1033878088829
2020-01-16,101.90800476074219,2.8255091848055116,3.0213622504074613,-0.1958530656019497,SELL,0,51339496.768541925,0.0,51339496.768541925,499900,5033.949676854193,1934.0918184645805
2020-01-17,102.92262268066406,2.6780099240599213,2.9526917851379535,-0.27468186107803216,HOLD,0,51339496.768541925,0.0,51339496.768541925,0,5033.949676854193,1954.3436722284341
2020-01-20,104.54600524902344,2.661429797315705,2.894439387573504,-0.2330095902577991,HOLD,0,51339496.768541925,0.0,51339496.768541925,0,5033.949676854193,1986.746516423946
2020-01-21,102.1515121459961,2.4270962903963778,2.800970768138079,-0.37387447774170113,HOLD,0,51339496.768541925,0.0,51339496.768541925,0,5033.949676854193,1938.9522450939075
2020-01-22,102.27326965332031,2.225555295070677,2.685887673524599,-0.4603323784539217,HOLD,0,51339496.768541925,0.0,51339496.768541925,0,5033.949676854193,1941.3825345502294
2020-01-23,96.99726867675781,1.6214127815703847,2.4729926951337564,-0.8515799135633717,HOLD,0,51339496.768541925,0.0,51339496.768541925,0,5033.949676854193,1836.0731386314985
2020-02-03,87.29753875732422,0.35583648503761367,2.049561453114528,-1.6937249680769142,HOLD,0,51339496.768541925,0.0,51339496.768541925,0,5033.949676854193,1642.4657638550218
2020-02-04,88.19039916992188,-0.5685416800163097,1.5259408264883605,-2.0944825065046704,HOLD,0,51339496.768541925,0.0,51339496.768541925,0,5033.949676854193,1660.2873281625534
2020-02-05,89.57028198242188,-1.176214357850398,0.9855097896206089,-2.161724147471007,HOLD,0,51339496.768541925,0.0,51339496.768541925,0,5033.949676854193,1687.8298980120555
2020-02-06,91.843017578125,-1.457606187745796,0.49688659414732794,-1.954492781893124,HOLD,0,51339496.768541925,0.0,51339496.768541925,0,5033.949676854193,1733.1938798857725
2020-02-07,91.47775268554688,-1.6905969155589986,0.059389892206062646,-1.7499868077650613,HOLD,0,51339496.768541925,0.0,51339496.768541925,0,5033.949676854193,1725.9031638001236
2020-02-10,92.00535583496094,-1.8117854463362164,-0.31484517550239316,-1.4969402708338233,HOLD,0,51339496.768541925,0.0,51339496.768541925,0,5033.949676854193,1736.4341643053233
2020-02-11,92.0865249633789,-1.8796115676544218,-0.627798453932799,-1.2518131137216228,HOLD,0,51339496.768541925,0.0,51339496.768541925,0,5033.949676854193,1738.0543065150991
2020-02-12,92.93880462646484,-1.8433434950774483,-0.8709074621617289,-0.9724360329157195,HOLD,0,51339496.768541925,0.0,51339496.768541925,0,5033.949676854193,1755.0658758594016
2020-02-13,91.51834106445312,-1.9072349076055133,-1.0781729512504858,-0.8290619563550274,HOLD,0,51339496.768541925,0.0,51339496.768541925,0,5033.949676854193,1726.7133110466698
2020-02-14,93.26348114013672,-1.7963439580204863,-1.221807152604486,-0.5745368054160003,HOLD,0,51339496.768541925,0.0,51339496.768541925,0,5033.949676854193,1761.5464446985036
2020-02-17,98.13363647460938,-1.3004900083532505,-1.237543723754239,-0.06294628459901142,HOLD,0,51339496.768541925,0.0,51339496.768541925,0,5033.949676854193,1858.7551295683568
2020-02-18,97.32194519042969,-0.9619303495644402,-1.1824210489162794,0.22049069935183918,BUY,522200,487484.0782324821,50821519.77844238,51309003.856674865,522200,5030.900385667486,1842.5537074706008
2020-02-19,97.40311431884766,-0.6792398562285911,-1.0817848103787417,0.4025449541501507,HOLD,522200,487484.0782324821,50863906.297302246,51351390.37553473,0,5035.139037553473,1844.1738496803764
2020-02-20,103.16613006591797,0.009709676564114034,-0.8634859129901706,0.8731955895542847,HOLD,522200,487484.0782324821,53873353.12042236,54360837.198654845,0,5336.083719865484,1959.2040988577608
2020-02-21,102.19210052490234,0.4716739377131205,-0.5964539428495125,1.068127880562633,HOLD,522200,487484.0782324821,53364714.894104004,53852198.972336486,0,5285.219897233649,1939.7623923404537
2020-02-24,101.62391662597656,0.7829113362749496,-0.32058088702462006,1.1034922232995696,HOLD,522200,487484.0782324821,53068009.26208496,53555493.34031744,0,5255.549334031744,1928.4213968720244
2020-02-25,102.31385040283203,1.0728736867346527,-0.04188997227276551,1.1147636590074181,HOLD,522200,487484.0782324821,53428292.68035889,53915776.75859137,0,5291.577675859137,1942.1925295134586
2020-02-26,100.28462219238281,1.1259499309993402,0.19167800838165563,0.9342719226176845,HOLD,522200,487484.0782324821,52368629.708862305,52856113.78709479,0,5185.611378709478,1901.6889742690687
2020-02-27,100.52812957763672,1.1741276353751147,0.3881679337803475,0.7859597015947672,HOLD,522200,487484.0782324821,52495789.265441895,52983273.34367438,0,5198.327334367437,1906.5494008983953
2020-02-28,94.96803283691406,0.7549528474024925,0.4615249165047765,0.29342793089771596,HOLD,522200,487484.0782324821,49592306.74743652,50079790.825669006,0,4907.979082566901,1795.5694311037912
2020-03-02,99.3511734008789,0.7675883394507252,0.5227376010939663,0.24485073835675897,HOLD,522200,487484.0782324821,51881182.749938965,52368666.82817145,0,5136.8666828171445,1883.0572627149909
2020-03-03,100.36579132080078,0.8496786776651817,0.5881258164082094,0.2615528612569723,HOLD,522200,487484.0782324821,52411016.22772217,52898500.30595465,0,5189.850030595465,1903.309116478844
2020-03-04,102.80086517333984,1.0985624274355672,0.6902131386136809,0.40834928882188626,HOLD,522200,487484.0782324821,53682611.79351807,54170095.87175055,0,5317.009587175055,1951.9133827721123
2020-03-05,105.47945404052734,1.494714193128928,0.8511133495167305,0.6436008436121976,HOLD,522200,487484.0782324821,55081370.89996338,55568854.97819586,0,5456.885497819586,2005.378227978024
2020-03-06,101.90800476074219,1.5031537913032054,0.9815214378740256,0.5216323534291798,HOLD,522200,487484.0782324821,53216360.08605957,53703844.16429205,0,5270.384416429205,1934.0918184645805
2020-03-09,98.6612319946289,1.2336342382591567,1.0319439979510519,0.2016902403081049,HOLD,522200,487484.0782324821,51520895.347595215,52008379.4258277,0,5100.83794258277,1869.2859777902395
2020-03-10,101.70508575439453,1.251228230376796,1.0758008444362008,0.17542738594059526,HOLD,522200,487484.0782324821,53110395.780944824,53597879.85917731,0,5259.78798591773,1930.0415390818002
2020-03-11,98.78298950195312,1.0176519906117818,1.064171073671317,-0.04651908305953523,SELL,0,52041010.50988165,0.0,52041010.50988165,522200,5104.101050988165,1871.7162672465615
2020-03-12,97.32194519042969,0.7065029461089836,0.9926374481588504,-0.2861345020498668,HOLD,0,52041010.50988165,0.0,52041010.50988165,0,5104.101050988165,1842.5537074706008
2020-03-13,97.15960693359375,0.4417238286898595,0.8824547242650522,-0.44073089557519274,HOLD,0,52041010.50988165,0.0,52041010.50988165,0,5104.101050988165,1839.3134230510493
2020-03-16,92.00535583496094,-0.18192341736920525,0.6695790959382008,-0.851502513307406,HOLD,0,52041010.50988165,0.0,52041010.50988165,0,5104.101050988165,1736.4341643053233
2020-03-17,93.06055450439453,-0.5842873383168694,0.41880580908718673,-1.003093147404056,HOLD,0,52041010.50988165,0.0,52041010.50988165,0,5104.101050988165,1757.4960130324062
2020-03-18,90.21963500976562,-1.1194972379093144,0.11114519968788651,-1.230642437597201,HOLD,0,52041010.50988165,0.0,52041010.50988165,0,5104.101050988165,1700.7910356902603
2020-03-19,90.74723052978516,-1.4839760381250926,-0.20787904787470932,-1.2760969902503834,HOLD,0,52041010.50988165,0.0,52041010.50988165,0,5104.101050988165,1711.3218839121434
2020-03-20,91.96477508544922,-1.6554988824220942,-0.4974030147841863,-1.1580958676379078,HOLD,0,52041010.50988165,0.0,52041010.50988165,0,5104.101050988165,1735.624169342094
2020-03-23,88.83975219726562,-2.0203063682372573,-0.8019836854748006,-1.2183226827624567,HOLD,0,52041010.50988165,0.0,52041010.50988165,0,5104.101050988165,1673.2484658407582
2020-03-24,90.5443115234375,-2.1471245220646438,-1.0710118527927692,-1.0761126692718745,HOLD,0,52041010.50988165,0.0,52041010.50988165,0,5104.101050988165,1707.2716045293628
2020-03-25,92.37062072753906,-2.0763263354533166,-1.2720747493248787,-0.8042515861284378,HOLD,0,52041010.50988165,0.0,52041010.50988165,0,5104.101050988165,1743.7248803909722
2020-03-26,91.23424530029297,-2.0878468633819978,-1.4352291721363026,-0.6526176912456951,HOLD,0,52041010.50988165,0.0,52041010.50988165,0,5104.101050988165,1721.042737170797
2020-03-27,91.5995101928711,-2.043941851230059,-1.556971707955054,-0.4869701432750051,HOLD,0,52041010.50988165,0.0,52041010.50988165,0,5104.101050988165,1728.3334532564456
2020-03-30,90.38197326660156,-2.0833760056142268,-1.6622525674868887,-0.4211234381273381,HOLD,0,52041010.50988165,0.0,52041010.50988165,0,5104.101050988165,1704.0313201098115
2020-03-31,89.93553924560547,-2.126142504249785,-1.755030554839468,-0.3711119494103168,HOLD,0,52041010.50988165,0.0,52041010.50988165,0,5104.101050988165,1695.1204618143872
2020-04-01,89.69203186035156,-2.154844566628384,-1.8349933571972514,-0.31985120943113254,HOLD,0,52041010.50988165,0.0,52041010.50988165,0,5104.101050988165,1690.2600351850606
2020-04-02,91.03132629394531,-2.045937001804944,-1.87718208611879,-0.16875491568615408,HOLD,0,52041010.50988165,0.0,52041010.50988165,0,5104.101050988165,1716.9924577880163
2020-04-03,89.81378936767578,-2.034420493548211,-1.9086297676046744,-0.12579072594353669,HOLD,0,52041010.50988165,0.0,52041010.50988165,0,5104.101050988165,1692.6903246413822
2020-04-07,91.64009094238281,-1.8565254341846895,-1.8982089009206775,0.041683466735987995,BUY,562200,490039.34659735113,51520059.12780762,52010098.47440497,562200,5101.009847440497,1729.1434482196748
2020-04-08,91.51834106445312,-1.7057042191428735,-1.8597079645651169,0.15400374542224338,HOLD,562200,490039.34659735113,51451611.34643555,51941650.6930329,0,5094.16506930329,1726.7133110466698
2020-04-09,91.92418670654297,-1.535726073867707,-1.794911586425635,0.2591855125579281,HOLD,562200,490039.34659735113,51679777.76641846,52169817.11301581,0,5116.981711301581,1734.814022095548
2020-04-10,91.27483367919922,-1.4368514029830521,-1.7232995497371186,0.2864481467540665,HOLD,562200,490039.34659735113,51314711.4944458,51804750.84104315,0,5080.475084104315,1721.8528844173431
2020-04-13,90.38197326660156,-1.4142364498420932,-1.6614869297581136,0.24725047991602045,HOLD,562200,490039.34659735113,50812745.3704834,51302784.71708075,0,5030.278471708075,1704.0313201098115
2020-04-14,94.19692993164062,-1.0760744996021288,-1.5444044437269167,0.4683299441247879,HOLD,562200,490039.34659735113,52957514.00756836,53447553.35416571,0,5244.755335416571,1780.1781562525819
2020-04-15,93.42581939697266,-0.8603829345203735,-1.4076001418856081,0.5472172073652346,HOLD,562200,490039.34659735113,52523995.66497803,53014035.01157538,0,5201.403501157538,1764.786729118055
2020-04-16,96.0638198852539,-0.471150097462143,-1.2203101330009152,0.7491600355387722,HOLD,562200,490039.34659735113,54007079.539489746,54497118.8860871,0,5349.711888608709,1817.4414270774203
2020-04-17,94.8868637084961,-0.2547146056341063,-1.0271910275275535,0.7724764218934472,HOLD,562200,490039.34659735113,53345394.776916504,53835434.123513855,0,5283.543412351386,1793.9492888940158
2020-04-20,95.33329772949219,-0.046626938217755765,-0.831078209665594,0.7844512714478382,HOLD,562200,490039.34659735113,53596379.98352051,54086419.33011786,0,5308.641933011786,1802.86014718944
2020-04-21,94.03458404541016,0.013334979554528559,-0.6621955718215695,0.6755305513760981,HOLD,562200,490039.34659735113,52866243.15032959,53356282.49692694,0,5235.628249692694,1776.9377195497136
2020-04-22,94.11575317382812,0.06663675466809593,-0.5164291065236365,0.5830658611917324,HOLD,562200,490039.34659735113,52911876.43432617,53401915.78092352,0,5240.191578092353,1778.557861759489
2020-04-23,93.01997375488281,0.02022540824954433,-0.40909820356900034,0.42932361181854467,HOLD,562200,490039.34659735113,52295829.24499512,52785868.59159247,0,5178.586859159247,1756.686018069177
2020-04-24,92.12711334228516,-0.08759257878985238,-0.34479707861317077,0.2572044998233184,HOLD,562200,490039.34659735113,51793863.121032715,52283902.467630066,0,5128.390246763006,1738.8644537616453
2020-04-27,92.65470886230469,-0.12897976272185474,-0.3016336154349076,0.17265385271305284,HOLD,562200,490039.34659735113,52090477.322387695,52580516.66898505,0,5158.051666898505,1749.395301983528
2020-04-28,94.5216064453125,-0.011009461314998248,-0.24350878461092573,0.23249932329592748,HOLD,562200,490039.34659735113,53140047.14355469,53630086.49015204,0,5263.008649015203,1786.6587250916841
2020-04-29,94.92745208740234,0.11391802788917005,-0.1720234221109066,0.28594145000007665,HOLD,562200,490039.34659735113,53368213.5635376,53858252.91013495,0,5285.825291013495,1794.759436140562
2020-04-30,96.1855697631836,0.31086014282210783,-0.07544670912430372,0.38630685194641157,HOLD,562200,490039.34659735113,54075527.32086182,54565566.66745917,0,5356.556666745917,1819.8715642504253
2020-05-06,95.86089324951172,0.43571683413965445,0.02678599952848791,0.4089308346111665,HOLD,562200,490039.34659735113,53892994.18487549,54383033.53147284,0,5338.303353147284,1813.3909954113228
2020-05-07,95.00862121582031,0.46058608152542035,0.1135460159278744,0.34704006559754597,HOLD,562200,490039.34659735113,53413846.84753418,53903886.19413153,0,5290.388619413153,1796.3795783503376
2020-05-08,96.67259216308594,0.607560113515234,0.21234883544534633,0.39521127806988765,HOLD,562200,490039.34659735113,54349331.314086914,54839370.660684265,0,5383.937066068427,1829.5925697923958
2020-05-11,95.65797424316406,0.6348487647554748,0.29684882130737206,0.33799994344810275,HOLD,562200,490039.34659735113,53778913.119506836,54268952.46610419,0,5326.895246610419,1809.3407160285424
2020-05-12,95.90148162841797,0.6684191089695872,0.3711628788398151,0.29725623012977215,HOLD,562200,490039.34659735113,53915812.97149658,54405852.31809393,0,5340.585231809393,1814.2011426578695
2020-05-13,96.34790802001953,0.7227157106443656,0.4414734452007252,0.2812422654436404,HOLD,562200,490039.34659735113,54166793.88885498,54656833.23545233,0,5365.683323545233,1823.1118486699768
2020-05-14,95.13037109375,0.6598942538991821,0.4851576069404166,0.1747366469587655,HOLD,562200,490039.34659735113,53482294.62890625,53972333.9755036,0,5297.233397550361,1798.8097155233427
2020-05-15,95.13037109375,0.6031550014190543,0.5087570858361442,0.09439791558291011,HOLD,562200,490039.34659735113,53482294.62890625,53972333.9755036,0,5297.233397550361,1798.8097155233427
2020-05-18,93.66932678222656,0.4352770664892347,0.49406108196676235,-0.05878401547752765,SELL,0,53119338.32625494,0.0,53119338.32625494,562200,5211.933832625494,1769.6471557473817
2020-05-19,94.19692993164062,0.340876348004727,0.4634241351743553,-0.12254778716962833,HOLD,0,53119338.32625494,0.0,53119338.32625494,0,5211.933832625494,1780.1781562525819
2020-05-20,93.70990753173828,0.2241802506471089,0.41557535826890607,-0.19139510762179718,HOLD,0,53119338.32625494,0.0,53119338.32625494,0,5211.933832625494,1770.457150710611
2020-05-21,93.42581939697266,0.10753462230131561,0.353967211075388,-0.24643258877407237,HOLD,0,53119338.32625494,0.0,53119338.32625494,0,5211.933832625494,1764.786729118055
2020-05-22,90.50372314453125,-0.218181563888578,0.2395374560825948,-0.4577190199711728,HOLD,0,53119338.32625494,0.0,53119338.32625494,0,5211.933832625494,1706.4614572828164
2020-05-25,90.13846588134766,-0.5000232400019939,0.09162531686567706,-0.591648556867671,HOLD,0,53119338.32625494,0.0,53119338.32625494,0,5211.933832625494,1699.1708934804847
2020-05-26,91.19366455078125,-0.6309657050363029,-0.05289288751471894,-0.5780728175215839,HOLD,0,53119338.32625494,0.0,53119338.32625494,0,5211.933832625494,1720.2327422075675
2020-05-27,90.46314239501953,-0.7846407347389146,-0.19924245695955808,-0.5853982777793565,HOLD,0,53119338.32625494,0.0,53119338.32625494,0,5211.933832625494,1705.651462319587
2020-05-28,91.23424530029297,-0.834587141809024,-0.3263113939294513,-0.5082757478795727,HOLD,0,53119338.32625494,0.0,53119338.32625494,0,5211.933832625494,1721.042737170797
2020-05-29,90.38197326660156,-0.9321954903001881,-0.4474882132035987,-0.4847072770965894,HOLD,0,53119338.32625494,0.0,53119338.32625494,0,5211.933832625494,1704.0313201098115
2020-06-01,93.91283416748047,-0.7163818397282853,-0.5012669385085361,-0.2151149012197492,HOLD,0,53119338.32625494,0.0,53119338.32625494,0,5211.933832625494,1774.5075823767086
2020-06-02,93.42581939697266,-0.5779833562753964,-0.5166102220619082,-0.06137313421348822,HOLD,0,53119338.32625494,0.0,53119338.32625494,0,5211.933832625494,1764.786729118055
2020-06-03,92.93880462646484,-0.501814972228587,-0.513651172095244,0.011836199866657071,BUY,565800,503011.80320654064,52584775.65765381,53087787.46086035,565800,5208.7787460860345,1755.0658758594016
2020-06-04,92.37062072753906,-0.4817454100295464,-0.5072700196821045,0.025524609652558095,HOLD,565800,503011.80320654064,52263297.2076416,52766309.01084814,0,5176.630901084814,1743.7248803909722
2020-06-05,92.69529724121094,-0.43463129713020976,-0.4927422751717256,0.058110978041515826,HOLD,565800,503011.80320654064,52446999.17907715,52950010.98228369,0,5195.001098228368,1750.2054492300747
2020-06-08,93.22289276123047,-0.3506780754880907,-0.46432943523499864,0.11365135974690793,HOLD,565800,503011.80320654064,52745512.7243042,53248524.52751074,0,5224.8524527510735,1760.7362974519574
2020-06-09,94.5216064453125,-0.17730533643442925,-0.4069246154748848,0.22961927904045554,HOLD,565800,503011.80320654064,53480324.92675781,53983336.72996435,0,5298.333672996435,1786.6587250916841
2020-06-10,93.5881576538086,-0.11391457169544594,-0.34832260671899706,0.23440803502355112,HOLD,565800,503011.80320654064,52952179.6005249,53455191.40373144,0,5245.519140373144,1768.0270135376063
2020-06-11,92.49237060546875,-0.1503644827025994,-0.3087309819157176,0.15836649921311818,HOLD,565800,503011.80320654064,52332183.28857422,52835195.09178076,0,5183.519509178076,1746.1550175639773
2020-06-12,91.76184844970703,-0.23548382161281722,-0.2940815498551375,0.05859772824232029,HOLD,565800,503011.80320654064,51918853.85284424,52421865.65605078,0,5142.186565605078,1731.5737376759967
2020-06-15,91.68067932128906,-0.305964216226954,-0.29645808312950084,-0.009506133097453184,SELL,0,52344816.4061759,0.0,52344816.4061759,565800,5134.48164061759,1729.953595466221
2020-06-16,92.7764663696289,-0.2702839150886831,-0.2912232495213373,0.020939334432654222,BUY,558500,498070.5448576957,51815656.467437744,52313727.01229544,558500,5131.372701229544,1751.82559143985
2020-06-17,92.41120147705078,-0.2683870447718846,-0.2866560085714468,0.01826896379956222,HOLD,558500,498070.5448576957,51611656.02493286,52109726.56979056,0,5110.972656979056,1744.5348753542014
2020-06-18,93.66932678222656,-0.16347907878576962,-0.26202062261431136,0.09854154382854174,HOLD,558500,498070.5448576957,52314319.007873535,52812389.55273123,0,5181.238955273123,1769.6471557473817
2020-06-19,96.79434204101562,0.16986574801599374,-0.17564334848825036,0.3455090965042441,HOLD,558500,498070.5448576957,54059640.02990723,54557710.57476492,0,5355.771057476492,1832.022706965401
2020-06-22,97.84954071044922,0.5132729477953717,-0.03786008923152595,0.5511330370268976,HOLD,558500,498070.5448576957,54648968.48678589,55147039.031643584,0,5414.703903164359,1853.0845556924837
2020-06-23,97.5654525756836,0.7538126069825779,0.12047445001129482,0.633338156971283,HOLD,558500,498070.5448576957,54490305.26351929,54988375.80837698,0,5398.837580837699,1847.4141340999274
2020-06-24,98.417724609375,1.0016666605207831,0.2967128921131925,0.7049537684075906,HOLD,558500,498070.5448576957,54966299.19433594,55464369.73919363,0,5446.4369739193635,1864.4255511609128
2020-06-29,95.3738784790039,0.9416253683000804,0.4256953873505701,0.5159299809495103,HOLD,558500,498070.5448576957,53266311.13052368,53764381.67538138,0,5276.438167538138,1803.6701421526693
2020-06-30,97.84954071044922,1.0813424214242247,0.5568247941653011,0.5245176272589236,HOLD,558500,498070.5448576957,54648968.48678589,55147039.031643584,0,5414.703903164359,1853.0845556924837
2020-07-01,100.32520294189453,1.3759730835436272,0.7206544520409663,0.6553186315026609,HOLD,558500,498070.5448576957,56031625.843048096,56529696.38790579,0,5552.96963879058,1902.498969232298
2020-07-02,105.76354217529297,2.0249560985972437,0.9815147813522218,1.0434413172450219,HOLD,558500,498070.5448576957,59068938.30490112,59567008.84975882,0,5856.700884975882,2011.04864957058
2020-07-03,116.35613250732422,3.355335112962564,1.4562788476742903,1.8990562652882736,HOLD,558500,498070.5448576957,64984900.005340576,65482970.55019827,0,6448.297055019828,2222.4775886545885
2020-07-06,128.00392150878906,5.288585769770634,2.222740232093559,3.0658455376770752,HOLD,558500,498070.5448576957,71490190.16265869,71988260.70751639,0,7098.826070751639,2454.9683764656793
2020-07-07,126.33995056152344,6.6102336359236205,3.1002389128595715,3.509994723064049,HOLD,558500,498070.5448576957,70560862.38861084,71058932.93346854,0,7005.893293346854,2421.755385023621
2020-07-08,135.95851135253906,8.337675034205148,4.1477261371286875,4.1899488970764605,HOLD,558500,498070.5448576957,75932828.59039307,76430899.13525076,0,7543.089913525077,2613.7426175903224
2020-07-09,134.2539520263672,9.460091054882596,5.210199120679469,4.249891934203127,HOLD,558500,498070.5448576957,74980832.20672607,75478902.75158377,0,7447.890275158377,2579.7194789017176
2020-07-10,128.93736267089844,9.807554130420044,6.1296701226275845,3.6778840077924597,HOLD,558500,498070.5448576957,72011517.05169678,72509587.59655447,0,7150.958759655447,2473.5999357364403
2020-07-13,131.81887817382812,10.197880521682578,6.943312202438584,3.254568319243994,HOLD,558500,498070.5448576957,73620843.46008301,74118914.0049407,0,7311.891400494071,2531.1152126084494
2020-07-14,129.99256896972656,10.241788150729931,7.6030073920968535,2.638780758633078,HOLD,558500,498070.5448576957,72600849.76959229,73098920.31444998,0,7209.892031444999,2494.66193674684
2020-07-15,129.87081909179688,10.14976093934267,8.112358101546018,2.0374028377966518,HOLD,558500,498070.5448576957,72532852.46276855,73030923.00762625,0,7203.092300762626,2492.231799573835
2020-07-16,118.99413299560547,9.094337185547147,8.308753918346245,0.7855832672009022,HOLD,558500,498070.5448576957,66458223.278045654,66956293.82290335,0,6595.629382290334,2275.132286613954
2020-07-17,116.15321350097656,7.93717300638599,8.234437735954193,-0.2972647295682034,SELL,0,65330717.343308926,0.0,65330717.343308926,558500,6433.071734330892,2218.427309271808
2020-07-20,124.39189147949219,7.5973272573933315,8.107015640242022,-0.5096883828486902,HOLD,0,65330717.343308926,0.0,65330717.343308926,0,6433.071734330892,2382.871971989007
2020-07-21,123.09318542480469,7.1408866319409015,7.913789838581798,-0.7729032066408967,HOLD,0,65330717.343308926,0.0,65330717.343308926,0,6433.071734330892,2356.949696632597
2020-07-22,123.78311920166016,6.75693628215393,7.682419127296225,-0.9254828451422945,HOLD,0,65330717.343308926,0.0,65330717.343308926,0,6433.071734330892,2370.720829274031
2020-07-23,123.9454574584961,6.392068418539594,7.424348985544899,-1.032280567005305,HOLD,0,65330717.343308926,0.0,65330717.343308926,0,6433.071734330892,2373.9611136935823
2020-07-24,115.66619873046875,5.3729055109815675,7.014060290632234,-1.641154779650666,HOLD,0,65330717.343308926,0.0,65330717.343308926,0,6433.071734330892,2208.706456013154
2020-07-27,115.66619873046875,4.513186361060264,6.51388550471784,-2.0006991436575765,HOLD,0,65330717.343308926,0.0,65330717.343308926,0,6433.071734330892,2208.706456013154
2020-07-28,115.26034545898438,3.755809143754945,5.9622702325252614,-2.2064610887703164,HOLD,0,65330717.343308926,0.0,65330717.343308926,0,6433.071734330892,2200.605592680959
2020-07-29,120.82044219970703,3.5631616719778947,5.4824485204157885,-1.9192868484378938,HOLD,0,65330717.343308926,0.0,65330717.343308926,0,6433.071734330892,2311.585562475563
2020-07-30,119.9681625366211,3.3036330908012275,5.046685434492876,-1.743052343691649,HOLD,0,65330717.343308926,0.0,65330717.343308926,0,6433.071734330892,2294.573993131261
2020-07-31,121.591552734375,3.1921517043349183,4.675778688461285,-1.4836269841263663,HOLD,0,65330717.343308926,0.0,65330717.343308926,0,6433.071734330892,2326.97698961009
2020-08-03,123.41786193847656,3.2141194240479223,4.383446835578613,-1.1693274115306904,HOLD,0,65330717.343308926,0.0,65330717.343308926,0,6433.071734330892,2363.4302654716994
2020-08-04,122.6467514038086,3.1331893677920277,4.133395342021296,-1.0002059742292682,HOLD,0,65330717.343308926,0.0,65330717.343308926,0,6433.071734330892,2348.038838337173
2020-08-05,121.38862609863281,2.93371349461124,3.893458972539285,-0.959745477928045,HOLD,0,65330717.343308926,0.0,65330717.343308926,0,6433.071734330892,2322.9265579439925
2020-08-06,130.19549560546875,3.446538643010797,3.8040749066335877,-0.3575362636227908,HOLD,0,65330717.343308926,0.0,65330717.343308926,0,6433.071734330892,2498.7123684129374
2020-08-07,129.70848083496094,3.7701977531635436,3.797299475939579,-0.02710172277603551,HOLD,0,65330717.343308926,0.0,65330717.343308926,0,6433.071734330892,2488.991515154284
2020-08-10,134.78155517578125,4.385501302514882,3.91493984125464,0.470561461260242,BUY,479800,623726.2558650821,64668190.173339844,65291916.429204926,479800,6429.191642920493,2590.2504794069173
2020-08-11,127.07047271728516,4.2024704250894445,3.972445958021601,0.2300244670678433,HOLD,479800,623726.2558650821,60968412.80975342,61592139.0656185,0,6059.213906561849,2436.3366649116015
2020-08-12,126.1776123046875,3.939953432083499,3.965947452833981,-0.025994020750482072,SELL,0,61127420.628623866,0.0,61127420.628623866,479800,6012.742062862387,2418.5151006040696
2020-08-13,125.36592102050781,3.6246276692287864,3.897683496112942,-0.27305582688415564,HOLD,0,61127420.628623866,0.0,61127420.628623866,0,6012.742062862387,2402.313678506314
2020-08-14,127.3139877319336,3.491672605006457,3.8164813178916455,-0.32480871288518864,HOLD,0,61127420.628623866,0.0,61127420.628623866,0,6012.742062862387,2441.197243824245
2020-08-17,133.80752563476562,3.8657174146877367,3.826328537250864,0.039388877436872693,BUY,452200,583352.8787276298,60507763.092041016,61091115.970768645,452200,6009.111597076865,2570.8087728896103
2020-08-18,134.49746704101562,4.169756766193714,3.8950141830394345,0.2747425831542798,HOLD,452200,583352.8787276298,60819754.595947266,61403107.474674895,0,6040.31074746749,2584.580057814361
2020-08-19,132.67115783691406,4.214757156178123,3.9589627776671725,0.2557943785109509,HOLD,452200,583352.8787276298,59993897.57385254,60577250.45258017,0,5957.7250452580165,2548.1267819527516
2020-08-20,129.78964233398438,3.972117966830453,3.9615938154998287,0.010524151330624232,HOLD,452200,583352.8787276298,58690876.263427734,59274229.142155364,0,5827.422914215536,2490.6115050807425
2020-08-21,131.60372924804688,3.8814632222601375,3.9455676968518905,-0.06410447459175295,SELL,0,60058852.52087484,0.0,60058852.52087484,452200,5905.885252087484,2526.820823068486
2020-08-24,131.10897827148438,3.7267369117483895,3.9018015398311903,-0.17506462808280077,HOLD,0,60058852.52087484,0.0,60058852.52087484,0,5905.885252087484,2516.945554526374
2020-08-25,130.61422729492188,3.523575343709993,3.826156300606951,-0.30258095689695796,HOLD,0,60058852.52087484,0.0,60058852.52087484,0,5905.885252087484,2507.0702859842622
2020-08-26,126.69745635986328,3.011799506766849,3.663284941838931,-0.651485435072082,HOLD,0,60058852.52087484,0.0,60058852.52087484,0,5905.885252087484,2428.8912289758605
2020-08-27,127.68695831298828,2.6554476591915517,3.461717485309455,-0.8062698261179033,HOLD,0,60058852.52087484,0.0,60058852.52087484,0,5905.885252087484,2448.641766060084
2020-08-28,131.892333984375,2.681464667963226,3.3056669218402095,-0.6242022538769834,HOLD,0,60058852.52087484,0.0,60058852.52087484,0,5905.885252087484,2532.5813963847177
2020-08-31,131.10897827148438,2.6088004479615705,3.1662936270644817,-0.5574931791029112,HOLD,0,60058852.52087484,0.0,60058852.52087484,0,5905.885252087484,2516.945554526374
2020-09-01,132.3870849609375,2.62409710041851,3.0578543217352876,-0.43375722131677774,HOLD,0,60058852.52087484,0.0,60058852.52087484,0,5905.885252087484,2542.4566649268295
2020-09-02,131.52127075195312,2.537109616579258,2.953705380704082,-0.4165957641248239,HOLD,0,60058852.52087484,0.0,60058852.52087484,0,5905.885252087484,2525.174944978134
2020-09-03,129.95455932617188,2.3150642705849975,2.8259771586802653,-0.5109128880952678,HOLD,0,60058852.52087484,0.0,60058852.52087484,0,5905.885252087484,2493.9032612614465
2020-09-04,127.9755630493164,1.9568459714889457,2.6521509212420016,-0.6953049497530559,HOLD,0,60058852.52087484,0.0,60058852.52087484,0,5905.885252087484,2454.4023393763164
2020-09-07,123.31665802001953,1.2822398263103594,2.3781687022556732,-1.0959288759453139,HOLD,0,60058852.52087484,0.0,60058852.52087484,0,5905.885252087484,2361.4102272714294
2020-09-08,126.36762237548828,0.9824716004521576,2.0990292818949703,-1.1165576814428126,HOLD,0,60058852.52087484,0.0,60058852.52087484,0,5905.885252087484,2422.3077166144526
2020-09-09,124.05878448486328,0.552233396890017,1.7896701048939798,-1.2374367080039628,HOLD,0,60058852.52087484,0.0,60058852.52087484,0,5905.885252087484,2376.2231300845974
2020-09-10,123.6877212524414,0.179258439411484,1.4675877717974808,-1.2883293323859968,HOLD,0,60058852.52087484,0.0,60058852.52087484,0,5905.885252087484,2368.8166786780134
2020-09-11,124.05878448486328,-0.08540075305697314,1.15699006682659,-1.2423908198835631,HOLD,0,60058852.52087484,0.0,60058852.52087484,0,5905.885252087484,2376.2231300845974
2020-09-14,123.89386749267578,-0.3049373647317566,0.8646045805149207,-1.1695419452466773,HOLD,0,60058852.52087484,0.0,60058852.52087484,0,5905.885252087484,2372.9313739038935
2020-09-15,124.59476470947266,-0.417551885191358,0.608173287373665,-1.0257251725650232,HOLD,0,60058852.52087484,0.0,60058852.52087484,0,5905.885252087484,2386.921337671885
2020-09-16,124.63599395751953,-0.4977352659330023,0.3869915767123316,-0.8847268426453339,HOLD,0,60058852.52087484,0.0,60058852.52087484,0,5905.885252087484,2387.744276717061
2020-09-17,122.07978057861328,-0.7587992637950975,0.15783340861084577,-0.9166326724059433,HOLD,0,60058852.52087484,0.0,60058852.52087484,0,5905.885252087484,2336.72205591615
2020-09-18,127.39835357666016,-0.5304156695261071,0.020183592983455203,-0.5505992625095623,HOLD,0,60058852.52087484,0.0,60058852.52087484,0,5905.885252087484,2442.8811927438524
2020-09-21,127.52204132080078,-0.33557120246622674,-0.05096736610648119,-0.28460383635974557,HOLD,0,60058852.52087484,0.0,60058852.52087484,0,5905.885252087484,2445.35000987938
2020-09-22,126.24393463134766,-0.28104833652137984,-0.09698356018946093,-0.18406477633191892,HOLD,0,60058852.52087484,0.0,60058852.52087484,0,5905.885252087484,2419.8388994789243
2020-09-23,124.96582794189453,-0.33708539015033523,-0.1450039261816358,-0.19208146396869943,HOLD,0,60058852.52087484,0.0,60058852.52087484,0,5905.885252087484,2394.327789078469
2020-09-24,123.48157501220703,-0.4955495788073563,-0.2151130567067799,-0.28043652210057635,HOLD,0,60058852.52087484,0.0,60058852.52087484,0,5905.885252087484,2364.7019834521334
2020-09-25,124.5123062133789,-0.5318315729174401,-0.27845675994891195,-0.25337481296852815,HOLD,0,60058852.52087484,0.0,60058852.52087484,0,5905.885252087484,2385.275459581533
2020-09-28,124.59476470947266,-0.5476189922849102,-0.3322892064161116,-0.21532978586879858,HOLD,0,60058852.52087484,0.0,60058852.52087484,0,5905.885252087484,2386.921337671885
2020-09-29,124.75968170166016,-0.5405916093095868,-0.3739496869948067,-0.16664192231478014,HOLD,0,60058852.52087484,0.0,60058852.52087484,0,5905.885252087484,2390.213093852589
2020-09-30,123.81140899658203,-0.6045709226621199,-0.4200739341282693,-0.18449698853385055,HOLD,0,60058852.52087484,0.0,60058852.52087484,0,5905.885252087484,2371.2854958135413
2020-10-09,126.1614761352539,-0.4603377249369913,-0.42812669229001377,-0.032211032646977555,HOLD,0,60058852.52087484,0.0,60058852.52087484,0,5905.885252087484,2418.1930213885726
2020-10-12,130.77914428710938,0.026272498784123854,-0.3372468540751863,0.36351935285931014,BUY,454600,570982.2085591704,59452198.99291992,60023181.20147909,454600,5902.318120147909,2510.362042164966
2020-10-13,129.253662109375,0.2855295373926907,-0.2126915757816109,0.4982211131743016,HOLD,454600,570982.2085591704,58758714.794921875,59329697.003481045,0,5832.969700348104,2479.9132974934546
2020-10-14,127.60449981689453,0.35384014502325556,-0.09938523162063763,0.4532253766438932,HOLD,454600,570982.2085591704,58009005.616760254,58579987.825319424,0,5757.998782531942,2446.9958879697324
2020-10-15,127.68695831298828,0.40990537125955484,0.0024728889554008716,0.40743248230415396,HOLD,454600,570982.2085591704,58046491.24908447,58617473.45764364,0,5761.747345764364,2448.641766060084
2020-10-16,128.14047241210938,0.4853375949214751,0.09904583014861572,0.38629176477285937,HOLD,454600,570982.2085591704,58252658.75854492,58823640.96710409,0,5782.364096710409,2457.693943273703
2020-10-19,127.3158950805664,0.4731277540215899,0.17386221492321058,0.29926553909837933,HOLD,454600,570982.2085591704,57877805.90362549,58448788.11218466,0,5744.878811218466,2441.2353146535006
2020-10-20,126.36762237548828,0.38252418420465517,0.2155946087794995,0.16692957542515566,HOLD,454600,570982.2085591704,57446721.13189697,58017703.34045614,0,5701.770334045615,2422.3077166144526
2020-10-21,125.46057891845703,0.2348224883831449,0.2194401847002286,0.015382303682916293,HOLD,454600,570982.2085591704,57034379.17633057,57605361.38488974,0,5660.536138488974,2404.2030576205807
2020-10-22,125.5018081665039,0.1197146896391672,0.19949508568801633,-0.07978039604884912,SELL,0,57589872.32785635,0.0,57589872.32785635,454600,5658.987232785635,2405.025996665757
2020-10-23,124.10001373291016,-0.08365781051404042,0.14286450644760498,-0.2265223169616454,HOLD,0,57589872.32785635,0.0,57589872.32785635,0,5658.987232785635,2377.046069129773
2020-10-26,119.64725494384766,-0.5972477033739381,-0.0051579355167036284,-0.5920897678572344,HOLD,0,57589872.32785635,0.0,57589872.32785635,0,5658.987232785635,2288.168652250766
2020-10-27,119.44110870361328,-1.0092714197543984,-0.20598063236424258,-0.8032907873901558,HOLD,0,57589872.32785635,0.0,57589872.32785635,0,5658.987232785635,2284.0539570248866
2020-10-28,120.63675689697266,-1.2252010120949706,-0.4098247083103882,-0.8153763037845824,HOLD,0,57589872.32785635,0.0,57589872.32785635,0,5658.987232785635,2307.91918933499
2020-10-29,122.12100982666016,-1.2620122708243997,-0.5802622208131906,-0.6817500500112091,HOLD,0,57589872.32785635,0.0,57589872.32785635,0,5658.987232785635,2337.5449949613258
2020-10-30,118.03931427001953,-1.6020764379276358,-0.7846250642360797,-0.8174513736915561,HOLD,0,57589872.32785635,0.0,57589872.32785635,0,5658.987232785635,2256.074029488903
2020-11-02,115.7717056274414,-2.031143053864568,-1.0339286621617774,-0.9972143917027907,HOLD,0,57589872.32785635,0.0,57589872.32785635,0,5658.987232785635,2210.8123820042233
2020-11-03,118.45160675048828,-2.1303781413913185,-1.2532185580076858,-0.8771595833836328,HOLD,0,57589872.32785635,0.0,57589872.32785635,0,5658.987232785635,2264.303419940663
2020-11-04,118.45160675048828,-2.183848615762514,-1.4393445695586515,-0.7445040462038626,HOLD,0,57589872.32785635,0.0,57589872.32785635,0,5658.987232785635,2264.303419940663
2020-11-05,120.34815216064453,-2.0495629021005612,-1.5613882360670335,-0.48817466603352777,HOLD,0,57589872.32785635,0.0,57589872.32785635,0,5658.987232785635,2302.158616018758
2020-11-06,120.5542984008789,-1.9045517408697918,-1.6300209370275853,-0.2745308038422065,HOLD,0,57589872.32785635,0.0,57589872.32785635,0,5658.987232785635,2306.273311244638
2020-11-09,124.80091094970703,-1.430473599362287,-1.5901114694945258,0.15963787013223874,BUY,456800,546610.7723570839,57009056.12182617,57555666.894183256,456800,5655.566689418325,2391.036032897765
2020-11-10,122.65699005126953,-1.2137681915111216,-1.514842813897845,0.30107462238672333,HOLD,456800,546610.7723570839,56029713.05541992,56576323.827777006,0,5557.6323827777005,2348.2432025486137
2020-11-11,120.63675689697266,-1.1913108365116756,-1.4501364184206111,0.25882558190893556,HOLD,456800,546610.7723570839,55106870.55053711,55653481.32289419,0,5465.3481322894195,2307.91918933499
2020-11-12,120.0595474243164,-1.2061850509375631,-1.4013461449240017,0.19516109398643855,HOLD,456800,546610.7723570839,54843201.263427734,55389812.03578482,0,5438.981203578483,2296.3980427025263
2020-11-13,118.36914825439453,-1.3389395965819517,-1.3888648352555917,0.04992523867363996,HOLD,456800,546610.7723570839,54071026.92260742,54617637.694964506,0,5361.763769496451,2262.6575418503107
2020-11-16,119.44110870361328,-1.3421784828718444,-1.3795275647788423,0.03734908190699793,HOLD,456800,546610.7723570839,54560698.45581055,55107309.22816763,0,5410.730922816763,2284.0539570248866
2020-11-17,120.10077667236328,-1.2767975047329116,-1.3589815527696563,0.08218404803674462,HOLD,456800,546610.7723570839,54862034.78393555,55408645.55629263,0,5440.864555629263,2297.2209817477024
2020-11-18,120.18323516845703,-1.2044448070184757,-1.3280742036194202,0.12362939660094452,HOLD,456800,546610.7723570839,54899701.82495117,55446312.597308256,0,5444.631259730826,2298.866859838054
2020-11-19,120.92536163330078,-1.0748313821889326,-1.2774256393333228,0.20259425714439017,HOLD,456800,546610.7723570839,55238705.1940918,55785315.96644888,0,5478.531596644889,2313.679762651222
2020-11-20,121.29642486572266,-0.9314331261641655,-1.2082271366994914,0.27679401053532593,HOLD,456800,546610.7723570839,55408206.87866211,55954817.65101919,0,5495.481765101919,2321.0862140578056
2020-11-23,123.27542877197266,-0.6506001851770975,-1.0967017463950126,0.4461015612179151,HOLD,456800,546610.7723570839,56312215.86303711,56858826.63539419,0,5585.88266353942,2360.5872882262533
2020-11-24,121.74994659423828,-0.5448510155600275,-0.9863316002280157,0.44148058466798823,HOLD,456800,546610.7723570839,55615375.60424805,56161986.37660513,0,5516.198637660513,2330.1385435547422
2020-11-25,120.47183990478516,-0.557747202448212,-0.900614720672055,0.342867518223843,HOLD,456800,546610.7723570839,55031536.46850586,55578147.24086294,0,5457.814724086294,2304.6274331542863
2020-11-26,120.80167388916016,-0.535183416185987,-0.8275284597748414,0.2923450435888544,HOLD,456800,546610.7723570839,55182204.63256836,55728815.40492544,0,5472.881540492544,2311.210945515694
2020-11-27,123.60526275634766,-0.28775816499479845,-0.7195744008188328,0.4318162358240344,HOLD,456800,546610.7723570839,56462884.02709961,57009494.79945669,0,5600.94947994567,2367.1708005876612
2020-11-30,124.92459869384766,0.014618994513909911,-0.5727357217522843,0.5873547162661942,HOLD,456800,546610.7723570839,57065556.68334961,57612167.45570669,0,5661.216745570669,2393.5048500332928
2020-12-01,129.04751586914062,0.5802512560382524,-0.34213832619417694,0.9223895822324294,HOLD,456800,546610.7723570839,58948905.24902344,59495516.02138052,0,5849.551602138053,2475.798602267575
2020-12-02,128.14047241210938,0.9444411423578032,-0.08482243248378092,1.0292635748415842,HOLD,456800,546610.7723570839,58534567.79785156,59081178.57020865,0,5808.117857020865,2457.693943273703
2020-12-03,127.39835357666016,1.159811873912986,0.16410442879557244,0.9957074451174135,HOLD,456800,546610.7723570839,58195567.91381836,58742178.68617544,0,5774.217868617544,2442.8811927438524
2020-12-04,124.92459869384766,1.1179958253752886,0.3548827081115157,0.763113117263773,HOLD,456800,546610.7723570839,57065556.68334961,57612167.45570669,0,5661.216745570669,2393.5048500332928
2020-12-07,123.72895050048828,0.977113927758694,0.4793289520409514,0.4977849757177426,HOLD,456800,546610.7723570839,56519384.58862305,57065995.36098013,0,5606.599536098013,2369.6396177231895
2020-12-08,123.72895050048828,0.8556011711900311,0.5545833958707673,0.30101777531926377,HOLD,456800,546610.7723570839,56519384.58862305,57065995.36098013,0,5606.599536098013,2369.6396177231895
2020-12-09,120.76044464111328,0.513844542119827,0.5464356251205793,-0.03259108300075231,SELL,0,55676883.861750394,0.0,55676883.861750394,456800,5467.688386175039,2310.388006470518
2020-12-10,120.2244644165039,0.1974744639094439,0.4766433928783522,-0.2791689289689083,HOLD,0,55676883.861750394,0.0,55676883.861750394,0,5467.688386175039,2299.68979888323
2020-12-11,118.53406524658203,-0.18749090965553705,0.3438165323715744,-0.5313074420271114,HOLD,0,55676883.861750394,0.0,55676883.861750394,0,5467.688386175039,2265.9492980310147
2020-12-14,118.9051284790039,-0.4573648230000771,0.1835802612972441,-0.6409450842973212,HOLD,0,55676883.861750394,0.0,55676883.861750394,0,5467.688386175039,2273.3557494375987
2020-12-15,118.78144073486328,-0.6734591925547448,0.012172370526846313,-0.6856315630815911,HOLD,0,55676883.861750394,0.0,55676883.861750394,0,5467.688386175039,2270.886932302071
2020-12-16,117.95685577392578,-0.9008680066959442,-0.17043570491771182,-0.7304323017782324,HOLD,0,55676883.861750394,0.0,55676883.861750394,0,5467.688386175039,2254.428151398551
2020-12-17,120.47183990478516,-0.8681454887414901,-0.3099776616824675,-0.5581678270590227,HOLD,0,55676883.861750394,0.0,55676883.861750394,0,5467.688386175039,2304.6274331542863
2020-12-18,118.78144073486328,-0.9674614498963905,-0.4414744193252521,-0.5259870305711384,HOLD,0,55676883.861750394,0.0,55676883.861750394,0,5467.688386175039,2270.886932302071
2020-12-21,119.68848419189453,-0.9618911556546124,-0.5455577665911242,-0.41633338906348816,HOLD,0,55676883.861750394,0.0,55676883.861750394,0,5467.688386175039,2288.9915912959423
2020-12-22,115.48310089111328,-1.2820374145798752,-0.6928536961888744,-0.5891837183910008,HOLD,0,55676883.861750394,0.0,55676883.861750394,0,5467.688386175039,2205.0518086879915
2020-12-23,116.2664566040039,-1.4557642282128995,-0.8454358025936795,-0.6103284256192201,HOLD,0,55676883.861750394,0.0,55676883.861750394,0,5467.688386175039,2220.6876505463356
2020-12-24,115.68924713134766,-1.6213302739980975,-1.000614696874563,-0.6207155771235344,HOLD,0,55676883.861750394,0.0,55676883.861750394,0,5467.688386175039,2209.1665039138716
2020-12-25,115.52433013916016,-1.7457263346140053,-1.1496370244224516,-0.5960893101915536,HOLD,0,55676883.861750394,0.0,55676883.861750394,0,5467.688386175039,2205.8747477331676
2020-12-28,115.35941314697266,-1.8364490899193413,-1.2869994375218297,-0.5494496523975116,HOLD,0,55676883.861750394,0.0,55676883.861750394,0,5467.688386175039,2202.5829915524637
2020-12-29,116.06031036376953,-1.830687948264,-1.3957371396702638,-0.43495080859373614,HOLD,0,55676883.861750394,0.0,55676883.861750394,0,5467.688386175039,2216.5729553204555
2020-12-30,117.50333404541016,-1.690198692326078,-1.4546294502014268,-0.23556924212465113,HOLD,0,55676883.861750394,0.0,55676883.861750394,0,5467.688386175039,2245.3758219016154
2020-12-31,121.2139663696289,-1.2648623811284807,-1.4166760363868376,0.15181365525835688,BUY,454700,527823.7591751739,55115990.50827026,55643814.26744544,454700,5464.381426744543,2319.440335967454
2021-01-04,120.30692291259766,-0.9895640383735582,-1.3312536367841818,0.34168959841062363,HOLD,454700,527823.7591751739,54703557.848358154,55231381.60753333,0,5423.138160753333,2301.335676973582
2021-01-05,120.14200592041016,-0.7757531419922259,-1.2201535378257906,0.4444003958335647,HOLD,454700,527823.7591751739,54628570.0920105,55156393.85118567,0,5415.639385118567,2298.0439207928785
2021-01-06,122.12100982666016,-0.4415277333089307,-1.0644283769224188,0.6229006436134881,HOLD,454700,527823.7591751739,55528423.16818237,56056246.92735755,0,5505.624692735755,2337.5449949613258
2021-01-07,122.65699005126953,-0.13188230706903425,-0.8779191629517419,0.7460368558827076,HOLD,454700,527823.7591751739,55772133.376312256,56299957.13548743,0,5529.995713548743,2348.2432025486137
2021-01-08,123.93509674072266,0.21417754691654523,-0.6594998209780845,0.8736773678946297,HOLD,454700,527823.7591751739,56353288.48800659,56881112.247181766,0,5588.111224718177,2373.754312949069
2021-01-11,120.7192153930664,0.2263287489791992,-0.48233410698662776,0.708662855965827,HOLD,454700,527823.7591751739,54891027.239227295,55418850.99840247,0,5441.885099840247,2309.565067425342
2021-01-12,132.0572509765625,1.1377283555581243,-0.15832161447767734,1.2960499700358017,HOLD,454700,527823.7591751739,60046432.01904297,60574255.77821814,0,5957.425577821815,2535.8731525654216
2021-01-13,127.60449981689453,1.4836170903623156,0.17006612649032124,1.3135509638719944,HOLD,454700,527823.7591751739,58021766.06674194,58549589.82591712,0,5754.958982591712,2446.9958879697324
2021-01-14,124.5123062133789,1.4910345057790124,0.4342598023480595,1.056774703430953,HOLD,454700,527823.7591751739,56615745.63522339,57143569.39439856,0,5614.356939439856,2385.275459581533
2021-01-15,124.42984771728516,1.473276139185998,0.6420630697156472,0.8312130694703509,HOLD,454700,527823.7591751739,56578251.75704956,57106075.516224734,0,5610.607551622474,2383.629581491181
2021-01-18,125.13074493408203,1.4984854460250148,0.8133475449775208,0.685137901047494,HOLD,454700,527823.7591751739,56896949.7215271,57424773.48070227,0,5642.477348070227,2397.619545259173
2021-01-19,125.54303741455078,1.5340489988733168,0.9574878357566801,0.5765611631166367,HOLD,454700,527823.7591751739,57084419.11239624,57612242.871571414,0,5661.224287157141,2405.848935710933
2021-01-20,128.22293090820312,1.7582108189874361,1.1176324324028313,0.6405783865846049,HOLD,454700,527823.7591751739,58302966.68395996,58830790.443135135,0,5783.079044313514,2459.3398213640553
2021-01-21,128.51153564453125,1.9368221861458892,1.281470383151443,0.6553518029944463,HOLD,454700,527823.7591751739,58434195.25756836,58962019.01674353,0,5796.201901674353,2465.100394680287
2021-01-22,125.04828643798828,1.7784172272877328,1.380859751978701,0.39755747530903185,HOLD,454700,527823.7591751739,56859455.84335327,57387279.602528445,0,5638.727960252844,2395.973667168821
2021-01-25,123.56403350830078,1.5156419719418892,1.4078161959713387,0.10782577597055054,HOLD,454700,527823.7591751739,56184566.036224365,56712389.79539954,0,5571.238979539954,2366.3478615424856
2021-01-26,118.65775299072266,0.9011074488647779,1.3064744465500266,-0.40536699768524875,SELL,0,54449131.83588584,0.0,54449131.83588584,454700,5344.913183588584,2268.4181151665425
2021-01-27,118.36914825439453,0.38634290111878045,1.1224481374637776,-0.7361052363449971,HOLD,0,54449131.83588584,0.0,54449131.83588584,0,5344.913183588584,2262.6575418503107
2021-01-28,117.50333404541016,-0.09043322448289359,0.8798718650744434,-0.970305089557337,HOLD,0,54449131.83588584,0.0,54449131.83588584,0,5344.913183588584,2245.3758219016154
2021-01-29,116.88489532470703,-0.5122793379365049,0.6014416244722538,-1.1137209624087587,HOLD,0,54449131.83588584,0.0,54449131.83588584,0,5344.913183588584,2233.0317362239753
2021-02-01,116.67874908447266,-0.8533923253284144,0.3104748345121202,-1.1638671598405346,HOLD,0,54449131.83588584,0.0,54449131.83588584,0,5344.913183588584,2228.917040998095
2021-02-02,116.1015396118164,-1.1569660218122806,0.016986663247240043,-1.1739526850595206,HOLD,0,54449131.83588584,0.0,54449131.83588584,0,5344.913183588584,2217.3958943656316
2021-02-03,115.31818389892578,-1.444113777956872,-0.2752334249935824,-1.1688803529632896,HOLD,0,54449131.83588584,0.0,54449131.83588584,0,5344.913183588584,2201.7600525072876
2021-02-04,111.69001007080078,-1.9420569261490073,-0.6085981252246674,-1.33345880092434,HOLD,0,54449131.83588584,0.0,54449131.83588584,0,5344.913183588584,2129.341416531801
2021-02-05,111.40140533447266,-2.3330742214920974,-0.9534933444781534,-1.379580877013944,HOLD,0,54449131.83588584,0.0,54449131.83588584,0,5344.913183588584,2123.580843215569
2021-02-08,112.6382827758789,-2.5141707769736,-1.2656288309772428,-1.2485419459963574,HOLD,0,54449131.83588584,0.0,54449131.83588584,0,5344.913183588584,2148.2690145708484
2021-02-09,115.40064239501953,-2.407044851941066,-1.4939120351700075,-0.9131328167710586,HOLD,0,54449131.83588584,0.0,54449131.83588584,0,5344.913183588584,2203.4059305976393
2021-02-10,114.90589141845703,-2.3351508877018716,-1.6621598056763804,-0.6729910820254912,HOLD,0,54449131.83588584,0.0,54449131.83588584,0,5344.913183588584,2193.5306620555275
2021-02-18,115.19449615478516,-2.2291897015657582,-1.775565784854256,-0.45362391671150215,HOLD,0,54449131.83588584,0.0,54449131.83588584,0,5344.913183588584,2199.2912353717597
2021-02-19,117.99808502197266,-1.897119692235421,-1.7998765663304892,-0.09724312590493178,HOLD,0,54449131.83588584,0.0,54449131.83588584,0,5344.913183588584,2255.2510904437268
2021-02-22,114.49359893798828,-1.894891427325959,-1.8188795385295833,-0.07601188879637566,HOLD,0,54449131.83588584,0.0,54449131.83588584,0,5344.913183588584,2185.301271603768
2021-02-23,113.7927017211914,-1.9274634601205634,-1.8405963228477793,-0.08686713727278406,HOLD,0,54449131.83588584,0.0,54449131.83588584,0,5344.913183588584,2171.311307835776
2021-02-24,113.05057525634766,-1.9902184350312808,-1.8705207452844796,-0.11969768974680117,HOLD,0,54449131.83588584,0.0,54449131.83588584,0,5344.913183588584,2156.4984050226085
2021-02-25,114.32868194580078,-1.9147476574120077,-1.8793661277099853,-0.03538152970202235,HOLD,0,54449131.83588584,0.0,54449131.83588584,0,5344.913183588584,2182.009515423064
2021-02-26,112.34967803955078,-1.9916669021415032,-1.901826282596289,-0.08984061954521416,HOLD,0,54449131.83588584,0.0,54449131.83588584,0,5344.913183588584,2142.5084412546166
2021-03-01,105.62931060791016,-2.5653318958109708,-2.0345274052392255,-0.5308044905717453,HOLD,0,54449131.83588584,0.0,54449131.83588584,0,5344.913183588584,2008.3693768909307
2021-03-02,103.7327651977539,-3.1368413464099234,-2.254990193473365,-0.8818511529365582,HOLD,0,54449131.83588584,0.0,54449131.83588584,0,5344.913183588584,1970.5141808128349
2021-03-03,104.59857940673828,-3.4797898811036845,-2.499950130999429,-0.9798397501042553,HOLD,0,54449131.83588584,0.0,54449131.83588584,0,5344.913183588584,1987.7959007615307
2021-03-04,102.28974151611328,-3.8930068282657118,-2.778561470452686,-1.1144453578130258,HOLD,0,54449131.83588584,0.0,54449131.83588584,0,5344.913183588584,1941.7113142316755
2021-03-05,103.27924346923828,-4.093452920769977,-3.0415397605161445,-1.0519131602538323,HOLD,0,54449131.83588584,0.0,54449131.83588584,0,5344.913183588584,1961.4618513158991
2021-03-08,101.17655181884766,-4.3715846300763275,-3.307548734428181,-1.0640358956481464,HOLD,0,54449131.83588584,0.0,54449131.83588584,0,5344.913183588584,1919.4919600119238
2021-03-09,97.91944122314453,-4.799501946938506,-3.6059393769302464,-1.1935625700082593,HOLD,0,54449131.83588584,0.0,54449131.83588584,0,5344.913183588584,1854.4797754430206
2021-03-10,97.67207336425781,-5.099802671719644,-3.904712035888126,-1.1950906358315176,HOLD,0,54449131.83588584,0.0,54449131.83588584,0,5344.913183588584,1849.5422934552817
2021-03-11,99.07386016845703,-5.165140159213536,-4.156797660553209,-1.008342498660327,HOLD,0,54449131.83588584,0.0,54449131.83588584,0,5344.913183588584,1877.5220687079482
2021-03-12,98.04312896728516,-5.2396920739052035,-4.373376543223608,-0.8663155306815957,HOLD,0,54449131.83588584,0.0,54449131.83588584,0,5344.913183588584,1856.9485925785486
2021-03-15,95.89921569824219,-5.409414523414583,-4.580584139261803,-0.8288303841527798,HOLD,0,54449131.83588584,0.0,54449131.83588584,0,5344.913183588584,1814.1559145127144
2021-03-16,96.47642517089844,-5.434697002864851,-4.751406711982413,-0.6832902908824385,HOLD,0,54449131.83588584,0.0,54449131.83588584,0,5344.913183588584,1825.6770611451782
2021-03-17,97.46592712402344,-5.313636715542529,-4.863852712694436,-0.4497840028480926,HOLD,0,54449131.83588584,0.0,54449131.83588584,0,5344.913183588584,1845.4275982294018
2021-03-18,97.09486389160156,-5.187835133297526,-4.928649196815054,-0.25918593648247157,HOLD,0,54449131.83588584,0.0,54449131.83588584,0,5344.913183588584,1838.0211468228179
2021-03-19,98.86771392822266,-4.888728077240657,-4.920664972900175,0.03193689565951807,BUY,545200,514112.5956386477,53902677.63366699,54416790.22930564,545200,5341.679022930564,1873.4073734820684
2021-03-22,99.56861114501953,-4.542760912582793,-4.845084160836699,0.3023232482539058,HOLD,545200,514112.5956386477,54284806.79626465,54798919.391903296,0,5379.89193919033,1887.3973372500604
2021-03-23,99.19754791259766,-4.249535147843673,-4.725974358238093,0.47643921039442017,HOLD,545200,514112.5956386477,54082503.12194824,54596615.71758689,0,5359.661571758689,1879.9908858434762
2021-03-24,99.1150894165039,-3.9779499968351075,-4.576369485957496,0.5984194891223886,HOLD,545200,514112.5956386477,54037546.74987793,54551659.34551658,0,5355.165934551657,1878.3450077531243
2021-03-25,98.53787994384766,-3.765882044469521,-4.414271997659902,0.6483899531903807,HOLD,545200,514112.5956386477,53722852.14538574,54236964.74102439,0,5323.6964741024385,1866.8238611206605
2021-03-26,98.86771392822266,-3.5305043617318717,-4.237518470474296,0.707014108742424,HOLD,545200,514112.5956386477,53902677.63366699,54416790.22930564,0,5341.679022930564,1873.4073734820684
2021-03-29,100.02213287353516,-3.213767579200436,-4.032768292219524,0.8190007130190882,HOLD,545200,514112.5956386477,54532066.84265137,55046179.438290015,0,5404.617943829002,1896.4496667469962
2021-03-30,100.02213287353516,-2.928987848394314,-3.8120122034544823,0.8830243550601682,HOLD,545200,514112.5956386477,54532066.84265137,55046179.438290015,0,5404.617943829002,1896.4496667469962
2021-03-31,98.49665069580078,-2.794181932757013,-3.6084461493149886,0.8142642165579757,HOLD,545200,514112.5956386477,53700373.959350586,54214486.55498923,0,5321.4486554989235,1866.0009220754844
2021-04-01,99.6098403930664,-2.5679207759059466,-3.4003410746331806,0.832420298727234,HOLD,545200,514112.5956386477,54307284.982299805,54821397.57793845,0,5382.139757793846,1888.2202762952363
2021-04-02,99.48615264892578,-2.37125341293806,-3.1945235422941565,0.8232701293560964,HOLD,545200,514112.5956386477,54239850.424194336,54753963.01983298,0,5375.396301983298,1885.7514591597085
2021-04-06,99.56861114501953,-2.183568580007716,-2.9923325498368687,0.8087639698291529,HOLD,545200,514112.5956386477,54284806.79626465,54798919.391903296,0,5379.89193919033,1887.3973372500604
2021-04-07,99.15631866455078,-2.0445275147007465,-2.8027715428096442,0.7582440281088978,HOLD,545200,514112.5956386477,54060024.935913086,54574137.53155173,0,5357.413753155173,1879.1679467983001
2021-04-08,98.90894317626953,-1.932026405451893,-2.628622515338094,0.696596109886201,HOLD,545200,514112.5956386477,53925155.81970215,54439268.415340796,0,5343.92684153408,1874.2303125272442
2021-04-09,97.30101013183594,-1.950135278896056,-2.4929250680496864,0.5427897891536304,HOLD,545200,514112.5956386477,53048510.72387695,53562623.3195156,0,5256.262331951561,1842.135842048698
2021-04-12,96.06413269042969,-2.0407676647676567,-2.4024935873932804,0.36172592262562375,HOLD,545200,514112.5956386477,52374165.142822266,52888277.73846091,0,5188.827773846091,1817.4476706934183
2021-04-13,96.35273742675781,-2.065496732683428,-2.33509421645131,0.26959748376788184,HOLD,545200,514112.5956386477,52531512.44506836,53045625.04070701,0,5204.562504070701,1823.2082440096501
2021-04-14,97.21855163574219,-1.9922651340923778,-2.266528399979524,0.274263265887146,HOLD,545200,514112.5956386477,53003554.35180664,53517666.94744529,0,5251.766694744529,1840.489963958346
2021-04-15,96.39396667480469,-1.9779649311218463,-2.2088157062079885,0.23085077508614216,HOLD,545200,514112.5956386477,52553990.631103516,53068103.22674216,0,5206.810322674216,1824.0311830548262
2021-04-16,97.58961486816406,-1.8488408144396544,-2.136820727854322,0.28797991341466744,HOLD,545200,514112.5956386477,53205858.02612305,53719970.621761695,0,5271.9970621761695,1847.8964153649297
2021-04-19,99.03263092041016,-1.611493393333518,-2.031755260950161,0.42026186761664297,HOLD,545200,514112.5956386477,53992590.37780762,54506702.973446265,0,5350.670297344626,1876.6991296627723
2021-04-20,98.00189971923828,-1.489396411154857,-1.9232834909911003,0.4338870798362433,HOLD,545200,514112.5956386477,53430635.72692871,53944748.32256736,0,5294.474832256736,1856.1256535333725
2021-04-21,97.30101013183594,-1.4326746239853918,-1.8251617175899586,0.3924870936045668,HOLD,545200,514112.5956386477,53048510.72387695,53562623.3195156,0,5256.262331951561,1842.135842048698
2021-04-22,96.80625915527344,-1.411375015370595,-1.742404377146086,0.3310293617754909,HOLD,545200,514112.5956386477,52778772.49145508,53292885.087093726,0,5229.288508709372,1832.260573506586
2021-04-23,96.47642517089844,-1.4049147849772936,-1.6749064587123277,0.2699916737350341,HOLD,545200,514112.5956386477,52598947.00317383,53113059.598812476,0,5211.305959881248,1825.6770611451782
2021-04-26,95.03340148925781,-1.4989559262532595,-1.639716352220514,0.14076042596725458,HOLD,545200,514112.5956386477,51812210.49194336,52326323.08758201,0,5132.6323087582,1796.8741945640186
2021-04-27,93.79652404785156,-1.654221050199851,-1.6426172918163815,-0.011603758383469609,SELL,0,51621294.78758078,0.0,51621294.78758078,545200,5062.129478758078,1772.186023208739
2021-04-28,94.33250427246094,-1.7142597356569667,-1.6569457805844987,-0.05731395507246795,HOLD,0,51621294.78758078,0.0,51621294.78758078,0,5062.129478758078,1782.884230796027
2021-04-29,98.08435821533203,-1.4424696762771703,-1.614050559723033,0.17158088344586275,BUY,521000,488682.9870146811,51101950.63018799,51590633.61720267,521000,5059.063361720267,1857.7715316237245
2021-04-30,98.33173370361328,-1.1933566885095672,-1.52991178548034,0.3365550969707727,HOLD,521000,488682.9870146811,51230833.25958252,51719516.2465972,0,5071.95162465972,1862.7091658947804
2021-05-06,98.9501724243164,-0.9352490458605303,-1.410979237556378,0.47573019169584785,HOLD,521000,488682.9870146811,51553039.83306885,52041722.82008353,0,5104.172282008353,1875.0532515724203
2021-05-07,96.64134216308594,-0.9065500413093162,-1.3100933983069658,0.40354335699764965,HOLD,521000,488682.9870146811,50350139.26696777,50838822.253982455,0,4983.882225398245,1828.9688173258821
2021-05-10,98.00189971923828,-0.7651995057278782,-1.2011146197911484,0.4359151140632702,HOLD,521000,488682.9870146811,51058989.753723145,51547672.740737826,0,5054.767274073783,1856.1256535333725
2021-05-11,98.41419219970703,-0.6128451331896088,-1.0834607224708406,0.4706155892812318,HOLD,521000,488682.9870146811,51273794.13604736,51762477.123062044,0,5076.247712306204,1864.3550439851324
2021-05-12,98.70279693603516,-0.4634725816284373,-0.95946309430236,0.4959905126739227,HOLD,521000,488682.9870146811,51424157.20367432,51912840.190689,0,5091.284019068899,1870.1156173013644
2021-05-13,97.42469787597656,-0.44311768611791535,-0.8561940126654711,0.41307632654755577,HOLD,521000,488682.9870146811,50758267.59338379,51246950.58039847,0,5024.695058039847,1844.6046591842257
2021-05-14,104.8871841430664,0.1731777055868804,-0.6503196690150008,0.8234973746018812,HOLD,521000,488682.9870146811,54646222.9385376,55134905.92555228,0,5413.490592555228,1993.556474077763
2021-05-17,102.61957550048828,0.4731648278213072,-0.42562276964773926,0.8987875974690465,HOLD,521000,488682.9870146811,53464798.835754395,53953481.822769076,0,5295.348182276908,1948.2948265930834
2021-05-18,102.12482452392578,0.6633379673068731,-0.20783062225681678,0.8711685895636899,HOLD,521000,488682.9870146811,53207033.57696533,53695716.56398001,0,5269.571656398001,1938.4195580509715
2021-05-19,102.16605377197266,0.8080635525906814,-0.004651787287317131,0.8127153398779985,HOLD,521000,488682.9870146811,53228514.015197754,53717197.002212435,0,5271.719700221243,1939.2424970961474
2021-05-20,103.32047271728516,1.004334242651737,0.1971454187004937,0.8071888239512433,HOLD,521000,488682.9870146811,53829966.28570557,54318649.27272025,0,5331.864927272025,1962.284790361075
2021-05-21,101.46515655517578,0.9986597419597842,0.35744828335235185,0.6412114586074324,HOLD,521000,488682.9870146811,52863346.56524658,53352029.55226126,0,5235.2029552261265,1925.2525333281558
2021-05-24,104.02136993408203,1.1867476278607825,0.523308152254038,0.6634394756067444,HOLD,521000,488682.9870146811,54195133.73565674,54683816.72267142,0,5368.381672267142,1976.2747541290669
2021-05-25,108.14429473876953,1.6494800285518778,0.7485425275136061,0.9009375010382717,HOLD,521000,488682.9870146811,56343177.558898926,56831860.54591361,0,5583.1860545913605,2058.568658646666
2021-05-26,106.7012710571289,1.8781091652752622,0.9744558550659373,0.9036533102093248,HOLD,521000,488682.9870146811,55591362.22076416,56080045.20777884,0,5508.004520777884,2029.7657920655063
2021-05-27,106.8661880493164,2.048987375301138,1.1893621591129775,0.8596252161881606,HOLD,521000,488682.9870146811,55677283.97369385,56165966.96070853,0,5516.596696070853,2033.0575482462102
2021-05-28,107.93814849853516,2.245028545768477,1.4004954364440774,0.8445331093243997,HOLD,521000,488682.9870146811,56235775.36773682,56724458.3547515,0,5572.44583547515,2054.453963420786
2021-05-31,107.64954376220703,2.350015084452977,1.5903993660458573,0.7596157184071197,HOLD,521000,488682.9870146811,56085412.30010986,56574095.287124544,0,5557.409528712455,2048.693390104554
2021-06-01,106.24774932861328,2.2936646390392923,1.7310524206445443,0.562612218394748,HOLD,521000,488682.9870146811,55355077.40020752,55843760.3872222,0,5484.37603872222,2020.7134625685703
2021-06-02,103.8976821899414,2.0359070580486076,1.7920233481253571,0.24388370992325048,HOLD,521000,488682.9870146811,54130692.42095947,54619375.407974154,0,5361.937540797416,1973.8059369935388
2021-06-03,103.81522369384766,1.8041811295720862,1.7944549044147031,0.009726225157383084,HOLD,521000,488682.9870146811,54087731.54449463,54576414.53150931,0,5357.641453150931,1972.1600589031868
2021-06-04,105.29947662353516,1.7204709506031861,1.7796581136524,-0.05918716304921379,SELL,0,55316793.691483974,0.0,55316793.691483974,521000,5431.679369148397,2001.7858645295228
2021-06-07,107.44339752197266,1.8063045749262443,1.7849874059071689,0.021317169019075433,BUY,509600,530786.4210603908,54753155.377197266,55283941.79825766,509600,5428.394179825766,2044.578694878674
2021-06-08,106.8661880493164,1.8069232733728455,1.7893745794003044,0.017548693972541107,HOLD,509600,530786.4210603908,54459009.42993164,54989795.85099203,0,5398.979585099203,2033.0575482462102
2021-06-09,106.08283233642578,1.7243263759893352,1.7763649387181106,-0.052038562728775384,SELL,0,54558161.89288778,0.0,54558161.89288778,509600,5355.816189288778,2017.4217063878664
2021-06-10,105.79422760009766,1.6169406640189266,1.744480083778274,-0.12753941975934735,HOLD,0,54558161.89288778,0.0,54558161.89288778,0,5355.816189288778,2011.6611330716346
2021-06-11,102.82572174072266,1.2775759987470252,1.6510992667720243,-0.37352326802499913,HOLD,0,54558161.89288778,0.0,54558161.89288778,0,5355.816189288778,1952.4095218189632
2021-06-15,101.34146881103516,0.8787307879891699,1.4966255710154535,-0.6178947830262835,HOLD,0,54558161.89288778,0.0,54558161.89288778,0,5355.816189288778,1922.7837161926277
2021-06-16,101.63007354736328,0.5792537979801011,1.3131512164083832,-0.733897418428282,HOLD,0,54558161.89288778,0.0,54558161.89288778,0,5355.816189288778,1928.5442895088597
2021-06-17,101.17655181884766,0.3018412742112986,1.1108892279689664,-0.8090479537576678,HOLD,0,54558161.89288778,0.0,54558161.89288778,0,5355.816189288778,1919.4919600119238
2021-06-18,101.63007354736328,0.11723386471035724,0.9121581553172446,-0.7949242906068874,HOLD,0,54558161.89288778,0.0,54558161.89288778,0,5355.816189288778,1928.5442895088597
2021-06-21,101.01163482666016,-0.07807171150412273,0.7141121819529712,-0.792183893457094,HOLD,0,54558161.89288778,0.0,54558161.89288778,0,5355.816189288778,1916.2002038312198
2021-06-22,101.67130279541016,-0.17757610890575393,0.5357745237812263,-0.7133506326869802,HOLD,0,54558161.89288778,0.0,54558161.89288778,0,5355.816189288778,1929.3672285540356
2021-06-23,102.0835952758789,-0.22062230661714466,0.38449515770155207,-0.6051174643186967,HOLD,0,54558161.89288778,0.0,54558161.89288778,0,5355.816189288778,1937.5966190057954
2021-06-24,103.0730972290039,-0.17289911703498717,0.2730163027542442,-0.4459154197892314,HOLD,0,54558161.89288778,0.0,54558161.89288778,0,5355.816189288778,1957.347156090019
2021-06-25,105.17578887939453,0.03419729269199934,0.22525250074179526,-0.19105520804979592,HOLD,0,54558161.89288778,0.0,54558161.89288778,0,5355.816189288778,1999.3170473939947
2021-06-28,103.60907745361328,0.07108277298337384,0.19441855519011098,-0.12333578220673713,HOLD,0,54558161.89288778,0.0,54558161.89288778,0,5355.816189288778,1968.045363677307
2021-06-29,102.2485122680664,-0.009363521053998625,0.15366213994128908,-0.1630256609952877,HOLD,0,54558161.89288778,0.0,54558161.89288778,0,5355.816189288778,1940.8883751864994
2021-06-30,102.82572174072266,-0.026239337412079067,0.11768184447061546,-0.14392118188269454,HOLD,0,54558161.89288778,0.0,54558161.89288778,0,5355.816189288778,1952.4095218189632
2021-07-01,101.71253204345703,-0.12796356439856993,0.06855276269677839,-0.19651632709534833,HOLD,0,54558161.89288778,0.0,54558161.89288778,0,5355.816189288778,1930.1901675992117
2021-07-02,97.50715637207031,-0.5416753221265509,-0.05349285426788747,-0.4881824678586634,HOLD,0,54558161.89288778,0.0,54558161.89288778,0,5355.816189288778,1846.2505372745777
2021-07-05,97.01240539550781,-0.8991028418713825,-0.22261485178858648,-0.676487990082796,HOLD,0,54558161.89288778,0.0,54558161.89288778,0,5355.816189288778,1836.3752687324659
2021-07-06,97.63084411621094,-1.1195583187450495,-0.40200354517987913,-0.7175547735651704,HOLD,0,54558161.89288778,0.0,54558161.89288778,0,5355.816189288778,1848.7193544101058
2021-07-07,97.46592712402344,-1.2926771183078074,-0.5801382598054649,-0.7125388585023426,HOLD,0,54558161.89288778,0.0,54558161.89288778,0,5355.816189288778,1845.4275982294018
2021-07-08,97.30101013183594,-1.4267359137145803,-0.749457790587288,-0.6772781231272923,HOLD,0,54558161.89288778,0.0,54558161.89288778,0,5355.816189288778,1842.135842048698
2021-07-09,96.92994689941406,-1.5451091205231648,-0.9085880565744634,-0.6365210639487014,HOLD,0,54558161.89288778,0.0,54558161.89288778,0,5355.816189288778,1834.729390642114
2021-07-12,98.49665069580078,-1.495264360099938,-1.0259233172795583,-0.4693410428203797,HOLD,0,54558161.89288778,0.0,54558161.89288778,0,5355.816189288778,1866.0009220754844
2021-07-13,97.7957534790039,-1.4950841763777731,-1.1197554890992014,-0.3753286872785717,HOLD,0,54558161.89288778,0.0,54558161.89288778,0,5355.816189288778,1852.0109583074927
2021-07-14,96.14659118652344,-1.6094621164357363,-1.2176968145665086,-0.39176530186922776,HOLD,0,54558161.89288778,0.0,54558161.89288778,0,5355.816189288778,1819.0935487837703
2021-07-15,97.58961486816406,-1.5656200137698022,-1.2872814544071673,-0.27833855936263485,HOLD,0,54558161.89288778,0.0,54558161.89288778,0,5355.816189288778,1847.8964153649297
2021-07-16,98.24927520751953,-1.4608064873021078,-1.3219864609861556,-0.13882002631595225,HOLD,0,54558161.89288778,0.0,54558161.89288778,0,5355.816189288778,1861.0632878044285
2021-07-19,98.1255874633789,-1.3719070887497224,-1.3319705865388691,-0.03993650221085332,HOLD,0,54558161.89288778,0.0,54558161.89288778,0,5355.816189288778,1858.5944706689006
2021-07-20,97.34223937988281,-1.3491115998066618,-1.3353987891924277,-0.013712810614234128,HOLD,0,54558161.89288778,0.0,54558161.89288778,0,5355.816189288778,1842.9587810938738
2021-07-21,98.20804595947266,-1.2468102035471702,-1.3176810720633763,0.07087086851620605,BUY,549900,521154.6570898965,54004604.47311401,54525759.13020391,549900,5352.5759130203905,1860.2403487592526
2021-07-22,99.48615264892578,-1.0504936448855204,-1.2642435866278052,0.2137499417422848,HOLD,549900,521154.6570898965,54707435.34164429,55228589.99873418,0,5422.858999873419,1885.7514591597085
2021-07-23,99.9396743774414,-0.8485345662247425,-1.1811017825471928,0.33256721632245023,HOLD,549900,521154.6570898965,54956826.94015503,55477981.597244926,0,5447.7981597244925,1894.8037886566442
2021-07-26,96.88871765136719,-0.924015772587893,-1.1296845805553328,0.2056688079674398,HOLD,549900,521154.6570898965,53279105.83648682,53800260.49357671,0,5280.026049357672,1833.906451596938
2021-07-27,94.45619201660156,-1.1666710045905972,-1.1370818653623858,-0.029589139228211492,SELL,0,52431449.771025136,0.0,52431449.771025136,549900,5143.144977102514,1785.3530479315548
2021-07-28,94.29127502441406,-1.3566458779912693,-1.1809946678881624,-0.17565121010310691,HOLD,0,52431449.771025136,0.0,52431449.771025136,0,5143.144977102514,1782.0612917508508
2021-07-29,94.90971374511719,-1.4406920959215483,-1.2329341534948397,-0.20775794242670864,HOLD,0,52431449.771025136,0.0,52431449.771025136,0,5143.144977102514,1794.4053774284907
2021-07-30,93.13685607910156,-1.6315466719773326,-1.3126566571913383,-0.3188900147859943,HOLD,0,52431449.771025136,0.0,52431449.771025136,0,5143.144977102514,1759.0189984859232
2021-08-02,95.94044494628906,-1.5388353712542084,-1.3578924000039123,-0.18094297125029613,HOLD,0,52431449.771025136,0.0,52431449.771025136,0,5143.144977102514,1814.9788535578903
2021-08-03,96.18782043457031,-1.4289280696708602,-1.3720995339373019,-0.05682853573355828,HOLD,0,52431449.771025136,0.0,52431449.771025136,0,5143.144977102514,1819.9164878289462
2021-08-04,95.89921569824219,-1.3495568799360598,-1.3675910031370535,0.018034123200993735,BUY,541200,499653.8418149352,51900655.53588867,52400309.37770361,541200,5140.030937770361,1814.1559145127144
2021-08-05,94.29127502441406,-1.4002606809912521,-1.3741249387078933,-0.026135742283358798,SELL,0,51499473.6222019,0.0,51499473.6222019,541200,5049.9473622201895,1782.0612917508508
2021-08-06,95.15708923339844,-1.3549606944232977,-1.3702920898509743,0.015331395427676586,BUY,535700,493235.5282489583,50975652.70233154,51468888.2305805,535700,5046.888823058051,1799.3430116995467
2021-08-09,96.97117614746094,-1.1593146184186622,-1.3280965955645119,0.16878197714584964,HOLD,535700,493235.5282489583,51947459.062194824,52440694.59044378,0,5144.069459044378,1835.55232968729
2021-08-10,98.00189971923828,-0.9105961301431336,-1.2445965024802363,0.3340003723371028,HOLD,535700,493235.5282489583,52499617.67959595,52992853.207844906,0,5199.28532078449,1856.1256535333725
2021-08-11,97.71330261230469,-0.7283760452365584,-1.1413524110315008,0.41297636579494235,HOLD,535700,493235.5282489583,52345016.20941162,52838251.73766058,0,5183.825173766058,1850.3652325004578
2021-08-12,97.87821197509766,-0.5641552768933735,-1.0259129842038754,0.4617577073105019,HOLD,535700,493235.5282489583,52433358.155059814,52926593.68330877,0,5192.659368330877,1853.6568363978447
2021-08-13,99.36246490478516,-0.31066121867912955,-0.8828626310989263,0.5722014124197967,HOLD,535700,493235.5282489583,53228472.44949341,53721707.97774237,0,5272.170797774237,1883.2826420241804
2021-08-16,98.99140167236328,-0.13811494980214434,-0.7339130948395699,0.5957981450374256,HOLD,535700,493235.5282489583,53029693.87588501,53522929.40413397,0,5252.2929404133965,1875.8761906175962
2021-08-17,98.57910919189453,-0.034244595707406233,-0.5939793950131372,0.559734799305731,HOLD,535700,493235.5282489583,52808828.7940979,53302064.32234686,0,5230.206432234686,1867.6468001658363
2021-08-18,104.10382843017578,0.4882439069443336,-0.37753473462164305,0.8657786415659767,HOLD,535700,493235.5282489583,55768420.890045166,56261656.418294124,0,5526.165641829412,1977.9206322194188
2021-08-19,101.5888442993164,0.6914114480764795,-0.16374549808201855,0.855156946158498,HOLD,535700,493235.5282489583,54421143.8911438,54914379.41939276,0,5391.437941939276,1927.7213504636836
2021-08-20,101.5888442993164,0.8427089638002343,0.03754539429443204,0.8051635695058023,HOLD,535700,493235.5282489583,54421143.8911438,54914379.41939276,0,5391.437941939276,1927.7213504636836
2021-08-23,102.3851318359375,1.0151648954076933,0.2330692945170843,0.782095600890609,HOLD,535700,493235.5282489583,54847715.12451172,55340950.65276068,0,5434.0950652760675,1943.6153125443764
2021-08-24,105.36071014404297,1.376079180984263,0.46167127181052003,0.9144079091737429,HOLD,535700,493235.5282489583,56441732.42416382,56934967.95241278,0,5593.496795241278,2003.0080904319248
2021-08-25,104.4386978149414,1.5696141285477268,0.6832598431579614,0.8863542853897654,HOLD,535700,493235.5282489583,55947810.41946411,56441045.94771307,0,5544.104594771307,1984.60465157006
2021-08-26,103.0137710571289,1.5896873617300997,0.8645453468723892,0.7251420148577106,HOLD,535700,493235.5282489583,55184477.155303955,55677712.68355291,0,5467.771268355291,1956.163001016872
2021-08-27,103.64241790771484,1.6374466252475912,1.0191256025474296,0.6183210227001616,HOLD,535700,493235.5282489583,55521243.27316284,56014478.8014118,0,5501.44788014118,1968.7108417726843
2021-08-30,102.00794219970703,1.5258189646837792,1.1204642749746996,0.4053546897090796,HOLD,535700,493235.5282489583,54645654.63638306,55138890.164632015,0,5413.889016463201,1936.0865776342255
2021-08-31,107.62382507324219,1.8689638021344877,1.2701641804066572,0.5987996217278304,HOLD,535700,493235.5282489583,57654083.09173584,58147318.6199848,0,5714.73186199848,2048.1800430428793
2021-09-01,112.69488525390625,2.5210397569749574,1.5203392957203175,1.00070046125464,HOLD,535700,493235.5282489583,60370650.03051758,60863885.55876654,0,5986.388555876653,2149.3988044998196
2021-09-02,113.5330810546875,3.070060301063563,1.8302834967889667,1.2397768042745965,HOLD,535700,493235.5282489583,60819671.520996094,61312907.04924505,0,6031.290704924506,2166.1292588409033
2021-09-03,111.4375991821289,3.298057212711626,2.123838239973499,1.1742189727381271,HOLD,535700,493235.5282489583,59697121.881866455,60190357.41011541,0,5919.035741011541,2124.3032752715117
2021-09-06,112.40151977539062,3.515996524574021,2.4022698968936034,1.1137266276804176,HOLD,535700,493235.5282489583,60213494.14367676,60706729.671925716,0,5970.672967192571,2143.5432063937674
2021-09-07,113.78453826904297,3.757004622825093,2.6732168420799014,1.0837877807451917,HOLD,535700,493235.5282489583,60954377.15072632,61447612.67897528,0,6044.761267897527,2171.148364686565
2021-09-08,112.7367935180664,3.819432986074105,2.902460070878742,0.916972915195363,HOLD,535700,493235.5282489583,60393100.287628174,60886335.81587713,0,5988.633581587713,2150.2352967602105
2021-09-09,112.02433776855469,3.767983718162,3.075564800335394,0.6924189178266063,HOLD,535700,493235.5282489583,60011437.742614746,60504673.270863704,0,5950.4673270863705,2136.0146237669333
2021-09-10,114.2874526977539,3.8652678619486096,3.233505412658037,0.6317624492905725,HOLD,535700,493235.5282489583,61223788.41018677,61717023.938435726,0,6071.702393843572,2181.186576377888
2021-09-13,113.95217895507812,3.870693512371986,3.360943032600827,0.5097504797711587,HOLD,535700,493235.5282489583,61044182.26623535,61537417.79448431,0,6053.741779448431,2174.4944860114447
2021-09-14,110.97659301757812,3.593465231935909,3.407447472467844,0.18601775946806498,HOLD,535700,493235.5282489583,59450160.8795166,59943396.40776556,0,5894.339640776556,2115.1015558405793
2021-09-15,109.97076416015625,3.2550753571339897,3.376973049401073,-0.12189769226708336,SELL,0,59369227.085828304,0.0,59369227.085828304,535700,5836.922708582831,2095.0251324579326
2021-09-16,106.78563690185547,2.6987759832551035,3.241333636171879,-0.5425576529167757,HOLD,0,59369227.085828304,0.0,59369227.085828304,0,5836.922708582831,2031.4497409851133
2021-09-17,108.75538635253906,2.3893046239087568,3.0709278337192547,-0.681623209810498,HOLD,0,59369227.085828304,0.0,59369227.085828304,0,5836.922708582831,2070.7660954900152
2021-09-22,107.66573333740234,2.032688878211559,2.8632800426177156,-0.8305911644061568,HOLD,0,59369227.085828304,0.0,59369227.085828304,0,5836.922708582831,2049.0165353032703
2021-09-23,109.8031234741211,1.9006285883213963,2.6707497517584518,-0.7701211634370555,HOLD,0,59369227.085828304,0.0,59369227.085828304,0,5836.922708582831,2091.679011133053
2021-09-24,109.13257598876953,1.7220119966891332,2.481002200744588,-0.758990204055455,HOLD,0,59369227.085828304,0.0,59369227.085828304,0,5836.922708582831,2078.2948304001666
2021-09-27,107.49810028076172,1.4320606277152024,2.2712138861387112,-0.8391532584235089,HOLD,0,59369227.085828304,0.0,59369227.085828304,0,5836.922708582831,2045.670566261707
2021-09-28,108.3781967163086,1.2587780955688288,2.068726728024735,-0.8099486324559062,HOLD,0,59369227.085828304,0.0,59369227.085828304,0,5836.922708582831,2063.2373605798643
2021-09-29,107.33045959472656,1.0250902091676153,1.859999424253311,-0.8349092150856958,HOLD,0,59369227.085828304,0.0,59369227.085828304,0,5836.922708582831,2042.3244449368274
2021-09-30,105.94744110107422,0.7199932079731042,1.63199818099727,-0.9120049730241657,HOLD,0,59369227.085828304,0.0,59369227.085828304,0,5836.922708582831,2014.7192866440296
2021-10-08,107.91719055175781,0.6298830554339645,1.4315751558846088,-0.8016921004506443,HOLD,0,59369227.085828304,0.0,59369227.085828304,0,5836.922708582831,2054.035641148932
2021-10-11,107.54000854492188,0.5220171854584521,1.2496635617993774,-0.7276463763409253,HOLD,0,59369227.085828304,0.0,59369227.085828304,0,5836.922708582831,2046.507058522098
2021-10-12,104.18724060058594,0.16410070276185706,1.0325509899918734,-0.8684502872300164,HOLD,0,59369227.085828304,0.0,59369227.085828304,0,5836.922708582831,1979.5855457243983
2021-10-13,103.55859375,-0.16833675412993898,0.792373441167511,-0.9607101952974499,HOLD,0,59369227.085828304,0.0,59369227.085828304,0,5836.922708582831,1967.0377049685858
2021-10-14,103.76814270019531,-0.41015892798536413,0.551866967336936,-0.9620258953223001,HOLD,0,59369227.085828304,0.0,59369227.085828304,0,5836.922708582831,1971.2203185538567
2021-10-15,104.60633850097656,-0.5280819470065268,0.33587718446824344,-0.8639591314747702,HOLD,0,59369227.085828304,0.0,59369227.085828304,0,5836.922708582831,1987.9507728949402
2021-10-18,104.69015502929688,-0.6077675300544456,0.14714824156370565,-0.7549157716181513,HOLD,0,59369227.085828304,0.0,59369227.085828304,0,5836.922708582831,1989.6237574157215
2021-10-19,104.9835205078125,-0.6398707546115077,-0.010255557671337023,-0.6296151969401707,HOLD,0,59369227.085828304,0.0,59369227.085828304,0,5836.922708582831,1995.479355521774
2021-10-20,104.77397155761719,-0.6744470347830429,-0.1430938530936782,-0.5313531816893647,HOLD,0,59369227.085828304,0.0,59369227.085828304,0,5836.922708582831,1991.2967419365032
2021-10-21,105.44452667236328,-0.6403591307806238,-0.24254690863106732,-0.39781222214955647,HOLD,0,59369227.085828304,0.0,59369227.085828304,0,5836.922708582831,2004.6810749527065
2021-10-22,106.70181274414062,-0.5060582187192182,-0.2952491706486975,-0.2108090480705207,HOLD,0,59369227.085828304,0.0,59369227.085828304,0,5836.922708582831,2029.7766041810146
2021-10-25,107.49810028076172,-0.3315481482999729,-0.30250896617895257,-0.029039182121020357,HOLD,0,59369227.085828304,0.0,59369227.085828304,0,5836.922708582831,2045.670566261707
2021-10-26,105.8636245727539,-0.32143093424221547,-0.30629335979160516,-0.015137574450610314,HOLD,0,59369227.085828304,0.0,59369227.085828304,0,5836.922708582831,2013.0463021232483
2021-10-27,103.39096069335938,-0.5070908516786687,-0.3464528581690179,-0.16063799350965086,HOLD,0,59369227.085828304,0.0,59369227.085828304,0,5836.922708582831,1963.6917359270228
2021-10-28,103.72623443603516,-0.6200266040814881,-0.40116760735151197,-0.21885899672997616,HOLD,0,59369227.085828304,0.0,59369227.085828304,0,5836.922708582831,1970.383826293466
2021-10-29,108.46202087402344,-0.3236596674170329,-0.3856660193646162,0.062006351947583305,BUY,541800,569245.3425366804,58764722.9095459,59333968.25208258,541800,5833.396825208258,2064.910497383963
2021-11-01,108.88111114501953,-0.054343217729609705,-0.3194014590376149,0.2650582413080052,HOLD,541800,569245.3425366804,58991786.01837158,59561031.36090826,0,5856.1031360908255,2073.2755722711877
2021-11-02,106.99518585205078,0.006834811705800803,-0.25415420488893176,0.26098901659473256,HOLD,541800,569245.3425366804,57969991.69464111,58539237.03717779,0,5753.923703717779,2035.632354570384
2021-11-03,106.408447265625,0.0078830693354206,-0.20174675004406128,0.20962981937948189,HOLD,541800,569245.3425366804,57652096.728515625,58221342.071052305,0,5722.13420710523,2023.9210060749624
2021-11-04,106.61799621582031,0.02533067382623244,-0.15633126527000255,0.181661939096235,HOLD,541800,569245.3425366804,57765630.349731445,58334875.692268126,0,5733.487569226812,2028.1036196602329
2021-11-05,106.28272247314453,0.011966297030639339,-0.12267175280987418,0.13463804984051353,HOLD,541800,569245.3425366804,57583979.03594971,58153224.37848639,0,5715.322437848638,2021.4115292937897
2021-11-08,106.70181274414062,0.03479096592231201,-0.09117920906343695,0.12597017498574897,HOLD,541800,569245.3425366804,57811042.14477539,58380287.48731207,0,5738.028748731207,2029.7766041810146
2021-11-09,107.2047348022461,0.09239620155898365,-0.05446412693895283,0.14686032849793648,HOLD,541800,569245.3425366804,58083525.31585693,58652770.658393614,0,5765.277065839361,2039.814968155655
2021-11-10,104.81588745117188,-0.054087760937392204,-0.054388853738640705,0.0003010928012485009,HOLD,541800,569245.3425366804,56789247.82104492,57358493.1635816,0,5635.84931635816,1992.1333864802111
2021-11-11,107.91719055175781,0.07915938485649576,-0.027679206019613413,0.10683859087610917,HOLD,541800,569245.3425366804,58469533.84094238,59038779.18347906,0,5803.877918347906,2054.035641148932
2021-11-12,106.19889831542969,0.04558145020322968,-0.013027074775044797,0.05860852497827448,HOLD,541800,569245.3425366804,57538563.107299805,58107808.449836485,0,5710.780844983648,2019.7383924896915
2021-11-15,105.69598388671875,-0.021364025108354667,-0.014694464841706771,-0.006669560266647896,SELL,0,57800969.761919,0.0,57800969.761919,541800,5680.0969761919,2009.7001807983681
2021-11-16,100.62492370605469,-0.4780997364156008,-0.10737551915648558,-0.3707242172591152,HOLD,0,57800969.761919,0.0,57800969.761919,0,5680.0969761919,1908.481419341428
2021-11-17,100.75065612792969,-0.8204627388410444,-0.24999296309339736,-0.570469775747647,HOLD,0,57800969.761919,0.0,57800969.761919,0,5680.0969761919,1910.9910484059174
2021-11-18,100.91828918457031,-1.0659734201108364,-0.4131890544968852,-0.6527843656139511,HOLD,0,57800969.761919,0.0,57800969.761919,0,5680.0969761919,1914.3370174474803
2021-11-19,101.84030151367188,-1.172626407159001,-0.5650765250293084,-0.6075498821296925,HOLD,0,57800969.761919,0.0,57800969.761919,0,5680.0969761919,1932.7404563093453
2021-11-22,101.79839324951172,-1.2461662852390276,-0.7012944770712523,-0.5448718081677754,HOLD,0,57800969.761919,0.0,57800969.761919,0,5680.0969761919,1931.9039640489545
2021-11-23,101.46311950683594,-1.3163271573928057,-0.8243010131355629,-0.4920261442572428,HOLD,0,57800969.761919,0.0,57800969.761919,0,5680.0969761919,1925.2118736825114
2021-11-24,101.3792953491211,-1.3629824497823506,-0.9320373004649205,-0.4309451493174301,HOLD,0,57800969.761919,0.0,57800969.761919,0,5680.0969761919,1923.5387368784127
2021-11-25,100.960205078125,-1.4174348805398722,-1.029116816479911,-0.3883180640599613,HOLD,0,57800969.761919,0.0,57800969.761919,0,5680.0969761919,1915.173661991188
2021-11-26,100.24774169921875,-1.5007786228348436,-1.1234491777508975,-0.37732944508394617,HOLD,0,57800969.761919,0.0,57800969.761919,0,5680.0969761919,1900.952836714594
2021-11-29,99.74482727050781,-1.5890920662641435,-1.2165777554535468,-0.3725143108105966,HOLD,0,57800969.761919,0.0,57800969.761919,0,5680.0969761919,1890.914625023271
2021-11-30,99.61909484863281,-1.6502041360376438,-1.3033030315703664,-0.3469011044672774,HOLD,0,57800969.761919,0.0,57800969.761919,0,5680.0969761919,1888.4049959587817
2021-12-01,101.54693603515625,-1.5254903167239888,-1.347740488601091,-0.17774982812289775,HOLD,0,57800969.761919,0.0,57800969.761919,0,5680.0969761919,1926.884858203293
2021-12-02,102.2593994140625,-1.353560868896281,-1.3489045646601292,-0.00465630423615182,HOLD,0,57800969.761919,0.0,57800969.761919,0,5680.0969761919,1941.105683479887
2021-12-03,103.85196685791016,-1.0763906977967252,-1.2944017912874484,0.21801109349072312,BUY,551000,544202.5629672855,57222433.738708496,57766636.30167578,551000,5676.663630167578,1972.8934553579552
2021-12-06,108.5877456665039,-0.46918509527766616,-1.129358452085492,0.6601733568078259,HOLD,551000,544202.5629672855,59831847.86224365,60376050.42521094,0,5937.605042521094,2067.4199741651355
2021-12-07,109.59357452392578,0.09212968843077363,-0.885060823982239,0.9771905124130126,HOLD,551000,544202.5629672855,60386059.562683105,60930262.12565039,0,5993.02621256504,2087.4963975477817
2021-12-08,111.01850128173828,0.6445256883876027,-0.5791435215082706,1.2236692098958732,HOLD,551000,544202.5629672855,61171194.20623779,61715396.76920508,0,6071.539676920508,2115.93804810097
2021-12-09,112.6529769897461,1.2003550817175181,-0.2232438008631129,1.423598882580631,HOLD,551000,544202.5629672855,62071790.3213501,62615992.88431738,0,6161.599288431738,2148.562312239429
2021-12-10,110.80895233154297,1.4750530088091551,0.11641556107134068,1.3586374477378145,HOLD,551000,544202.5629672855,61055732.734680176,61599935.29764746,0,6059.993529764746,2111.755434515699
2021-12-13,111.77287292480469,1.7503564120179647,0.44320373126066553,1.307152680757299,HOLD,551000,544202.5629672855,61586852.98156738,62131055.54453467,0,6113.1055544534665,2130.995365637955
2021-12-14,110.30603790283203,1.8290903995368097,0.7203810649158944,1.1087093346209154,HOLD,551000,544202.5629672855,60778626.88446045,61322829.447427735,0,6032.282944742774,2101.7172228243758
2021-12-15,110.64131927490234,1.8966783294157352,0.9556405178158626,0.9410378115998727,HOLD,551000,544202.5629672855,60963366.92047119,61507569.48343848,0,6050.756948343847,2108.409465474136
2021-12-16,111.68905639648438,2.0115974371175582,1.1668319016762017,0.8447655354413566,HOLD,551000,544202.5629672855,61540670.07446289,62084872.637430176,0,6108.487263743017,2129.3223811171733
2021-12-17,110.18031311035156,1.9583539979660287,1.3251363209341671,0.6332176770318616,HOLD,551000,544202.5629672855,60709352.52380371,61253555.086771,0,6025.355508677099,2099.2077460432038
2021-12-20,108.46202087402344,1.7572498829354828,1.4115590333344303,0.34569084960105245,HOLD,551000,544202.5629672855,59762573.501586914,60306776.0645542,0,5930.67760645542,2064.910497383963
2021-12-21,109.42594146728516,1.6565579896197704,1.4605588245914984,0.19599916502827197,HOLD,551000,544202.5629672855,60293693.74847412,60837896.31144141,0,5983.789631144141,2084.1504285062188
2021-12-22,108.46202087402344,1.4818962254270929,1.4648263047586174,0.017069920668475458,HOLD,551000,544202.5629672855,59762573.501586914,60306776.0645542,0,5930.67760645542,2064.910497383963
2021-12-23,108.67156982421875,1.3448814121814507,1.4408373262431842,-0.09595591406173343,SELL,0,60386310.71512793,0.0,60386310.71512793,551000,5938.631071512793,2069.0931109692337
2021-12-24,107.66573333740234,1.1419696716625367,1.3810637953270548,-0.2390941236645181,HOLD,0,60386310.71512793,0.0,60386310.71512793,0,5938.631071512793,2049.0165353032703
2021-12-27,108.96493530273438,1.0736193802093794,1.3195749123035199,-0.24595553209414045,HOLD,0,60386310.71512793,0.0,60386310.71512793,0,5938.631071512793,2074.948709075286
2021-12-28,109.17448425292969,1.0245497589416175,1.2605698816311395,-0.236020122689522,HOLD,0,60386310.71512793,0.0,60386310.71512793,0,5938.631071512793,2079.131322660557
2021-12-29,108.46202087402344,0.9175944327485297,1.1919747918546175,-0.2743803591060878,HOLD,0,60386310.71512793,0.0,60386310.71512793,0,5938.631071512793,2064.910497383963
2021-12-30,110.51558685302734,0.9871578372442968,1.1510114009325534,-0.16385356368825654,HOLD,0,60386310.71512793,0.0,60386310.71512793,0,5938.631071512793,2105.899836409647
2021-12-31,110.6832275390625,1.0437824642993974,1.1295656136059222,-0.08578314930652486,HOLD,0,60386310.71512793,0.0,60386310.71512793,0,5938.631071512793,2109.2459577345267
2022-01-04,110.80895233154297,1.0862808596623807,1.120908662817214,-0.03462780315483327,HOLD,0,60386310.71512793,0.0,60386310.71512793,0,5938.631071512793,2111.755434515699
2022-01-05,108.7134780883789,0.9400377157238609,1.0847344733985436,-0.1446967576746827,HOLD,0,60386310.71512793,0.0,60386310.71512793,0,5938.631071512793,2069.9296032296247
2022-01-06,106.5341796875,0.6408999075455171,0.9959675602279383,-0.35506765268242124,HOLD,0,60386310.71512793,0.0,60386310.71512793,0,5938.631071512793,2026.4306351394516
2022-01-07,107.79146575927734,0.49952530107982795,0.8966791083983163,-0.39715380731848837,HOLD,0,60386310.71512793,0.0,60386310.71512793,0,5938.631071512793,2051.5261643677595
2022-01-10,108.25247192382812,0.4198445450258106,0.8013121957238152,-0.3814676506980046,HOLD,0,60386310.71512793,0.0,60386310.71512793,0,5938.631071512793,2060.7278837986923
2022-01-11,108.79729461669922,0.396093688346113,0.7202684942482748,-0.32417480590216174,HOLD,0,60386310.71512793,0.0,60386310.71512793,0,5938.631071512793,2071.602587750406
2022-01-12,109.67739868164062,0.44317931079072537,0.664850657556765,-0.2216713467660396,HOLD,0,60386310.71512793,0.0,60386310.71512793,0,5938.631071512793,2089.16953435188
2022-01-13,110.47367858886719,0.5385401835299035,0.6395885627513928,-0.10104837922148924,HOLD,0,60386310.71512793,0.0,60386310.71512793,0,5938.631071512793,2105.063344149256
2022-01-14,104.89970397949219,0.16246836075684712,0.5441645223524837,-0.3816961615956366,HOLD,0,60386310.71512793,0.0,60386310.71512793,0,5938.631071512793,1993.8063710009924
2022-01-17,107.58191680908203,0.07993939928361726,0.45131949773871044,-0.3713800984550932,HOLD,0,60386310.71512793,0.0,60386310.71512793,0,5938.631071512793,2047.3435507824888
2022-01-18,107.70764923095703,0.024398903016447093,0.3659353787942578,-0.3415364757778107,HOLD,0,60386310.71512793,0.0,60386310.71512793,0,5938.631071512793,2049.853179846978
2022-01-19,107.70764923095703,-0.01939378098792588,0.28886954683782107,-0.30826332782574695,HOLD,0,60386310.71512793,0.0,60386310.71512793,0,5938.631071512793,2049.853179846978
2022-01-20,107.70764923095703,-0.05348327664960095,0.22039898214033668,-0.27388225878993766,HOLD,0,60386310.71512793,0.0,60386310.71512793,0,5938.631071512793,2049.853179846978
2022-01-21,107.70764923095703,-0.07958207494124281,0.1604027707240208,-0.2399848456652636,HOLD,0,60386310.71512793,0.0,60386310.71512793,0,5938.631071512793,2049.853179846978
2022-01-24,107.70764923095703,-0.099122933147612,0.10849762994969424,-0.20762056309730625,HOLD,0,60386310.71512793,0.0,60386310.71512793,0,5938.631071512793,2049.853179846978
2022-01-25,107.70764923095703,-0.11330311626488765,0.06413748070677787,-0.17744059697166553,HOLD,0,60386310.71512793,0.0,60386310.71512793,0,5938.631071512793,2049.853179846978
2022-01-26,107.70764923095703,-0.12312174273836263,0.026685636017749773,-0.14980737875611239,HOLD,0,60386310.71512793,0.0,60386310.71512793,0,5938.631071512793,2049.853179846978
2022-01-27,107.35203552246094,-0.1577793471461746,-0.0102073606150351,-0.14757198653113948,HOLD,0,60386310.71512793,0.0,60386310.71512793,0,5938.631071512793,2042.7551021573595
2022-01-28,109.35238647460938,-0.02356252994790964,-0.012878394481610008,-0.01068413546629963,HOLD,0,60386310.71512793,0.0,60386310.71512793,0,5938.631071512793,2082.682265046829
2022-02-07,112.37513732910156,0.3229927372176178,0.05429583185823555,0.26869690535938223,BUY,531900,578111.7684516013,59772335.54534912,60350447.31380072,531900,5935.044731380072,2143.016610683512
2022-02-08,112.77520751953125,0.6227439989090158,0.16798546526839161,0.45475853364062413,HOLD,531900,578111.7684516013,59985132.87963867,60563244.64809027,0,5956.324464809028,2151.0020432614065
2022-02-09,112.50849151611328,0.8292185655010229,0.3002320853149179,0.5289864801861051,HOLD,531900,578111.7684516013,59843266.637420654,60421378.405872256,0,5942.137840587226,2145.6783707817044
2022-02-10,112.59739685058594,0.9886287675410017,0.4379114217601347,0.550717345780867,HOLD,531900,578111.7684516013,59890555.38482666,60468667.15327826,0,5946.866715327826,2147.452928274938
2022-02-11,114.19767761230469,1.2299141003585419,0.5963119574798161,0.6336021428787257,HOLD,531900,578111.7684516013,60741744.72198486,61319856.490436465,0,6031.985649043647,2179.3946585865137
2022-02-14,110.2414321899414,1.0893412749944815,0.6949178209827492,0.3944234540117323,HOLD,531900,578111.7684516013,58637417.781829834,59215529.550281435,0,5821.5529550281435,2100.4276876958506
2022-02-15,109.75245666503906,0.927785130343878,0.741491282854975,0.18629384748890299,HOLD,531900,578111.7684516013,58377331.70013428,58955443.46858588,0,5795.544346858587,2090.667697624723
2022-02-16,109.0856704711914,0.7374458319734316,0.7406821926786663,-0.0032363607052346977,SELL,0,58565966.29120413,0.0,58565966.29120413,531900,5756.596629120413,2077.3585925671273
2022-02-17,108.06327056884766,0.4983566933825756,0.6922170928194482,-0.1938603994368726,HOLD,0,58565966.29120413,0.0,58565966.29120413,0,5756.596629120413,2056.9514098199134
2022-02-18,109.53019714355469,0.42237664838479816,0.6382490039325183,-0.2158723555477201,HOLD,0,58565966.29120413,0.0,58565966.29120413,0,5756.596629120413,2086.231380033297
2022-02-21,108.99677276611328,0.3154823420136239,0.5736956715487395,-0.25821332953511555,HOLD,0,58565966.29120413,0.0,58565966.29120413,0,5756.596629120413,2075.5841873572103
2022-02-22,106.81861114501953,0.054381518621170244,0.46983284096322564,-0.4154513223420554,HOLD,0,58565966.29120413,0.0,58565966.29120413,0,5756.596629120413,2032.1079094812735
2022-02-23,107.79656219482422,-0.07279119680013935,0.3613080334105527,-0.434099230210692,HOLD,0,58565966.29120413,0.0,58565966.29120413,0,5756.596629120413,2051.627889623529
2022-02-24,104.28483581542969,-0.45173612721811196,0.19869920128481977,-0.6504353285029317,HOLD,0,58565966.29120413,0.0,58565966.29120413,0,5756.596629120413,1981.533553915718
2022-02-25,103.66250610351562,-0.7931268488410836,0.00033399125963909696,-0.7934608401007227,HOLD,0,58565966.29120413,0.0,58565966.29120413,0,5756.596629120413,1969.111803746398
2022-02-28,103.70696258544922,-1.0480133433049303,-0.20933547565327482,-0.8386778676516555,HOLD,0,58565966.29120413,0.0,58565966.29120413,0,5756.596629120413,1969.9991586346734
2022-03-01,103.884765625,-1.2215838489941575,-0.41178515032145135,-0.8097986986727062,HOLD,0,58565966.29120413,0.0,58565966.29120413,0,5756.596629120413,1973.5481213378243
2022-03-02,102.50675201416016,-1.4535779651539116,-0.6201437132879434,-0.8334342518659682,HOLD,0,58565966.29120413,0.0,58565966.29120413,0,5756.596629120413,1946.042860900992
2022-03-03,103.12908172607422,-1.5691302105947216,-0.8099410127492991,-0.7591891978454225,HOLD,0,58565966.29120413,0.0,58565966.29120413,0,5756.596629120413,1958.464611070312
2022-03-04,101.03982543945312,-1.8084450900227438,-1.009641828203988,-0.7988032618187557,HOLD,0,58565966.29120413,0.0,58565966.29120413,0,5756.596629120413,1916.7628906876087
2022-03-07,96.6390609741211,-2.3263915758116553,-1.2729917777255215,-1.0533997980861338,HOLD,0,58565966.29120413,0.0,58565966.29120413,0,5756.596629120413,1828.923284614093
2022-03-08,93.79412078857422,-2.932625315082362,-1.6049184851968896,-1.3277068298854722,HOLD,0,58565966.29120413,0.0,58565966.29120413,0,5756.596629120413,1772.1380539638776
2022-03-09,92.28274536132812,-3.4947400985638666,-1.9828828078702851,-1.5118572906935814,HOLD,0,58565966.29120413,0.0,58565966.29120413,0,5756.596629120413,1741.9708811455362
2022-03-10,91.83822631835938,-3.930777529521933,-2.372461752200615,-1.5583157773213179,HOLD,0,58565966.29120413,0.0,58565966.29120413,0,5756.596629120413,1733.098245962684
2022-03-11,92.90507507324219,-4.142502367865703,-2.726469875333633,-1.4160324925320698,HOLD,0,58565966.29120413,0.0,58565966.29120413,0,5756.596629120413,1754.392631314856
2022-03-14,91.21589660644531,-4.395924926678774,-3.060360885602661,-1.3355640410761125,HOLD,0,58565966.29120413,0.0,58565966.29120413,0,5756.596629120413,1720.6764957933635
2022-03-15,87.17074584960938,-4.867069442799249,-3.4217025970419788,-1.44536684575727,HOLD,0,58565966.29120413,0.0,58565966.29120413,0,5756.596629120413,1639.9349674094665
2022-03-16,92.59391021728516,-4.748117482306398,-3.6869855740948627,-1.0611319082115354,HOLD,0,58565966.29120413,0.0,58565966.29120413,0,5756.596629120413,1748.181756230196
2022-03-17,92.10493469238281,-4.639818495504414,-3.877552158376773,-0.7622663371276412,HOLD,0,58565966.29120413,0.0,58565966.29120413,0,5756.596629120413,1738.4217661590683
2022-03-18,95.34994506835938,-4.243232210946275,-3.950688168890674,-0.2925440420556007,HOLD,0,58565966.29120413,0.0,58565966.29120413,0,5756.596629120413,1803.1924293871775
2022-03-21,92.5050048828125,-4.111107333732718,-3.982772001859083,-0.12833533187363555,HOLD,0,58565966.29120413,0.0,58565966.29120413,0,5756.596629120413,1746.407198736962
2022-03-22,92.68281555175781,-3.9465561391483135,-3.975528829316929,0.02897269016861559,BUY,625500,558081.3029030487,57973101.12762451,58531182.43052756,625500,5753.118243052756,1749.95631372343
2022-03-23,92.63836669921875,-3.776205041723216,-3.9356640717981866,0.15945903007497053,HOLD,625500,558081.3029030487,57945298.37036133,58503379.67326438,0,5750.337967326438,1749.0691111184713
2022-03-24,91.92713165283203,-3.656442105370033,-3.879819678512556,0.22337757314252293,HOLD,625500,558081.3029030487,57500420.848846436,58058502.151749484,0,5705.850215174949,1734.8728034559176
2022-03-25,90.54911041259766,-3.6308695093812986,-3.8300296446863045,0.19916013530500587,HOLD,625500,558081.3029030487,56638468.563079834,57196549.86598288,0,5619.654986598288,1707.3673907357684
2022-03-28,90.94918060302734,-3.53754213825178,-3.7715321433993996,0.23399000514761958,HOLD,625500,558081.3029030487,56888712.4671936,57446793.77009665,0,5644.679377009666,1715.3528233136622
2022-03-29,90.01568603515625,-3.4985753356499885,-3.7169407818495177,0.21836544619952925,HOLD,625500,558081.3029030487,56304811.614990234,56862892.91789328,0,5586.289291789329,1696.7201980596822
2022-03-30,93.6607666015625,-3.1374003273381135,-3.601032690947237,0.46363236360912374,HOLD,625500,558081.3029030487,58584809.509277344,59142890.81218039,0,5814.289081218039,1769.4762938656854
2022-03-31,92.90507507324219,-2.878957689725155,-3.4566176907028208,0.5776600009776658,HOLD,625500,558081.3029030487,58112124.45831299,58670205.76121604,0,5767.020576121604,1754.392631314856
2022-04-01,93.88302612304688,-2.5656523179388415,-3.278424616150025,0.7127722982111835,HOLD,625500,558081.3029030487,58723832.83996582,59281914.14286887,0,5828.191414286887,1773.9126114571113
2022-04-06,93.88302612304688,-2.29094694325795,-3.08092908157161,0.7899821383136603,HOLD,625500,558081.3029030487,58723832.83996582,59281914.14286887,0,5828.191414286887,1773.9126114571113
2022-04-07,91.92713165283203,-2.205640046835555,-2.905871274624399,0.7002312277888443,HOLD,625500,558081.3029030487,57500420.848846436,58058502.151749484,0,5705.850215174949,1734.8728034559176
2022-04-08,93.70521545410156,-1.9718272173795697,-2.719062463175433,0.7472352457958635,HOLD,625500,558081.3029030487,58612612.26654053,59170693.569443576,0,5817.069356944357,1770.363496470644
2022-04-11,90.9936294555664,-1.9824784167786333,-2.5717456538960732,0.5892672371174399,HOLD,625500,558081.3029030487,56916515.22445679,57474596.527359836,0,5647.459652735984,1716.2400259186206
2022-04-12,93.79412078857422,-1.7448300089251063,-2.40636252490188,0.6615325159767735,HOLD,625500,558081.3029030487,58668222.553253174,59226303.85615622,0,5822.630385615622,1772.1380539638776
2022-04-13,92.01603698730469,-1.6805955765607763,-2.2612091352336594,0.5806135586728831,HOLD,625500,558081.3029030487,57556031.13555908,58114112.43846213,0,5711.4112438462125,1736.6473609491513
2022-04-14,93.21623992919922,-1.515374683171956,-2.112042244821319,0.5966675616493631,HOLD,625500,558081.3029030487,58306758.07571411,58864839.37861716,0,5786.483937861716,1760.6035063995162
2022-04-15,92.81616973876953,-1.400573318264307,-1.9697484595099166,0.5691751412456096,HOLD,625500,558081.3029030487,58056514.17160034,58614595.47450339,0,5761.4595474503385,1752.6180738216221
2022-04-18,90.19349670410156,-1.5038843619909272,-1.8765756400061189,0.37269127801519164,HOLD,625500,558081.3029030487,56416032.18841553,56974113.491318576,0,5597.411349131858,1700.2693130461498
2022-04-19,89.88233184814453,-1.592510047300479,-1.819762521464991,0.2272524741645121,HOLD,625500,558081.3029030487,56221398.571014404,56779479.87391745,0,5577.947987391745,1694.0584379614897
2022-04-20,88.50431060791016,-1.7537254831907632,-1.8065551138101457,0.052829630619382506,HOLD,625500,558081.3029030487,55359446.2852478,55917527.58815085,0,5491.752758815085,1666.5530252413405
2022-04-21,88.19314575195312,-1.8848706652530467,-1.822218224098726,-0.06265244115432078,SELL,0,55689795.083149016,0.0,55689795.083149016,625500,5468.979508314901,1660.3421501566806
2022-04-22,88.37095642089844,-1.9519554050696968,-1.8481656602929202,-0.1037897447767766,HOLD,0,55689795.083149016,0.0,55689795.083149016,0,5468.979508314901,1663.8912651431483
2022-04-25,85.48155975341797,-2.212763349567581,-1.9210851981478525,-0.2916781514197284,HOLD,0,55689795.083149016,0.0,55689795.083149016,0,5468.979508314901,1606.2186796046572
2022-04-26,81.48086547851562,-2.711027084712626,-2.079073575460807,-0.6319535092518187,HOLD,0,55689795.083149016,0.0,55689795.083149016,0,5468.979508314901,1526.3645061090353
2022-04-27,83.61457061767578,-2.9002996628594957,-2.243318792940545,-0.6569808699189505,HOLD,0,55689795.083149016,0.0,55689795.083149016,0,5468.979508314901,1568.9534290966972
2022-04-28,83.43675994873047,-3.0297226231712386,-2.4005995589866838,-0.6291230641845549,HOLD,0,55689795.083149016,0.0,55689795.083149016,0,5468.979508314901,1565.4043141102295
2022-04-29,87.52635955810547,-2.7703597585858972,-2.4745515989065265,-0.2958081596793707,HOLD,0,55689795.083149016,0.0,55689795.083149016,0,5468.979508314901,1647.033045099085
2022-05-05,86.14834594726562,-2.645511195361408,-2.508743518197503,-0.1367676771639048,HOLD,0,55689795.083149016,0.0,55689795.083149016,0,5468.979508314901,1619.5277846622528
2022-05-06,83.57011413574219,-2.7232180074824157,-2.5516384160544856,-0.1715795914279301,HOLD,0,55689795.083149016,0.0,55689795.083149016,0,5468.979508314901,1568.0660742084217
2022-05-09,83.25894927978516,-2.7778878572549104,-2.5968883042945707,-0.18099955296033965,HOLD,0,55689795.083149016,0.0,55689795.083149016,0,5468.979508314901,1561.8551991237616
2022-05-10,84.50361633300781,-2.6897738395004467,-2.615465411335746,-0.07430842816470085,HOLD,0,55689795.083149016,0.0,55689795.083149016,0,5468.979508314901,1586.6988517457187
2022-05-11,85.03704071044922,-2.5475335750877974,-2.6018790440861563,0.0543454689983589,BUY,648300,527203.8824692369,55129513.49258423,55656717.375053465,648300,5465.671737505347,1597.346044421805
2022-05-12,84.8592300415039,-2.42124437769931,-2.5657521108087873,0.1445077331094775,HOLD,648300,527203.8824692369,55014238.83590698,55541442.71837622,0,5454.144271837622,1593.7969294353372
2022-05-13,85.74827575683594,-2.2237862955855405,-2.497358947764138,0.2735726521785975,HOLD,648300,527203.8824692369,55590607.17315674,56117811.055625975,0,5511.781105562598,1611.5423520843588
2022-05-16,84.77032470703125,-2.121753565189266,-2.422237871249164,0.30048430605989784,HOLD,648300,527203.8824692369,54956601.50756836,55483805.390037596,0,5448.38053900376,1592.0223719421035
2022-05-17,85.88162994384766,-1.928982733990992,-2.3235868437975298,0.3946041098065378,HOLD,648300,527203.8824692369,55677060.692596436,56204264.57506567,0,5520.426457506567,1614.204112182551
2022-05-18,86.77067565917969,-1.6850477210428778,-2.1958790192465996,0.5108312982037218,HOLD,648300,527203.8824692369,56253429.02984619,56780632.91231543,0,5578.063291231542,1631.9495348315727
2022-05-19,86.10388946533203,-1.527918644070894,-2.0622869442114586,0.5343683001405646,HOLD,648300,527203.8824692369,55821151.540374756,56348355.42284399,0,5534.8355422844,1618.6404297739773
2022-05-20,87.79307556152344,-1.252649751088157,-1.9003595055867983,0.6477097544986414,HOLD,648300,527203.8824692369,56916250.886535645,57443454.76900488,0,5644.345476900488,1652.3567175787869
2022-05-23,87.57081604003906,-1.0404381329313566,-1.7283752310557101,0.6879370981243536,HOLD,648300,527203.8824692369,56772160.038757324,57299363.92122656,0,5629.936392122656,1647.9203999873605
2022-05-24,85.52601623535156,-1.025436557451016,-1.5877874963347713,0.5623509388837553,HOLD,648300,527203.8824692369,55446516.32537842,55973720.207847655,0,5497.3720207847655,1607.1060344929328
2022-05-25,85.8371810913086,-0.9771750319419112,-1.4656650034561993,0.4884899715142881,HOLD,648300,527203.8824692369,55648244.50149536,56175448.3839646,0,5517.54483839646,1613.3169095775927
2022-05-26,87.21519470214844,-0.818300385941086,-1.3361920799531768,0.5178916940120908,HOLD,648300,527203.8824692369,56541610.72540283,57068814.60787207,0,5606.881460787207,1640.822170014425
2022-05-27,87.17074584960938,-0.6880463650781365,-1.2065629369781687,0.5185165719000322,HOLD,648300,527203.8824692369,56512794.53430176,57039998.416770995,0,5603.9998416770995,1639.9349674094665
2022-05-30,86.68177032470703,-0.6171611043933609,-1.0886825704612073,0.4715214660678464,HOLD,648300,527203.8824692369,56195791.70150757,56722995.583976805,0,5572.299558397681,1630.1749773383387
2022-05-31,87.97088623046875,-0.45175558739273924,-0.9612971738475138,0.5095415864547745,HOLD,648300,527203.8824692369,57031525.54321289,57558729.42568213,0,5655.872942568213,1655.9058325652543
2022-06-01,87.17074584960938,-0.3808450208381089,-0.8452067432456328,0.46436172240752394,HOLD,648300,527203.8824692369,56512794.53430176,57039998.416770995,0,5603.9998416770995,1639.9349674094665
2022-06-02,87.4819107055664,-0.2961259272407517,-0.7353905800446566,0.4392646528039049,HOLD,648300,527203.8824692369,56714522.7104187,57241726.59288794,0,5624.1726592887935,1646.1458424941266
2022-06-06,88.72657012939453,-0.12708684372101686,-0.6137298327799288,0.4866429890589119,HOLD,648300,527203.8824692369,57521435.414886475,58048639.29735571,0,5704.863929735571,1670.9893428327669
2022-06-07,89.39335632324219,0.0599903892434952,-0.47898578837524397,0.5389761776187392,HOLD,648300,527203.8824692369,57953712.90435791,58480916.78682715,0,5748.091678682715,1684.298447890362
2022-06-08,90.5046615600586,0.2945283497538327,-0.32428296074942864,0.6188113105032613,HOLD,648300,527203.8824692369,58674172.08938599,59201375.97185522,0,5820.137597185522,1706.48018813081
2022-06-09,89.9267807006836,0.4288279556764252,-0.1736607774642579,0.6024887331406831,HOLD,648300,527203.8824692369,58299531.928253174,58826735.81072241,0,5782.673581072241,1694.9456405664482
2022-06-10,92.41609954833984,0.727739658070675,0.006619309642728686,0.7211203484279463,HOLD,648300,527203.8824692369,59913357.33718872,60440561.21965796,0,5944.056121965796,1744.6326412437284
2022-06-13,90.1045913696289,0.7692425940314394,0.15914396652047083,0.6100986275109685,HOLD,648300,527203.8824692369,58414806.58493042,58942010.46739966,0,5794.201046739965,1698.494755552916
2022-06-14,93.83856964111328,1.0908600544720315,0.345487184110783,0.7453728703612486,HOLD,648300,527203.8824692369,60835544.69833374,61362748.58080298,0,6036.274858080298,1773.025256568836
2022-06-15,97.2169418334961,1.5999078686885326,0.596371321026333,1.0035365476621996,HOLD,648300,527203.8824692369,63025743.39065552,63552947.273124754,0,6255.2947273124755,1840.4578321784547
2022-06-16,92.5494613647461,1.6081673111665538,0.7987305190543772,0.8094367921121766,HOLD,648300,527203.8824692369,59999815.80276489,60527019.68523413,0,5952.701968523413,1747.2945536252375
2022-06-17,92.5494613647461,1.5963116913283386,0.9582467535091695,0.6380649378191691,HOLD,648300,527203.8824692369,59999815.80276489,60527019.68523413,0,5952.701968523413,1747.2945536252375
2022-06-20,92.10493469238281,1.5333706968924616,1.073271542185828,0.46009915470663354,HOLD,648300,527203.8824692369,59711629.16107178,60238833.043541014,0,5923.883304354102,1738.4217661590683
2022-06-21,93.39405059814453,1.5694190988978534,1.1725010535282332,0.39691804536962016,HOLD,648300,527203.8824692369,60547363.0027771,61074566.88524634,0,6007.456688524633,1764.1526213859838
2022-06-22,92.28274536132812,1.4911259009634676,1.2362260230152802,0.25489987794818747,HOLD,648300,527203.8824692369,59826903.81774902,60354107.70021826,0,5935.410770021826,1741.9708811455362
2022-06-23,96.77241516113281,1.7709424860310463,1.3431693156184334,0.42777317041261287,HOLD,648300,527203.8824692369,62737556.7489624,63264760.63143164,0,6226.4760631431645,1831.5850447122855
2022-06-24,96.15008544921875,1.9203457880705486,1.4586046101088566,0.461741177961692,HOLD,648300,527203.8824692369,62334100.396728516,62861304.27919775,0,6186.130427919776,1819.1632945429653
2022-06-27,96.90577697753906,2.075798459584945,1.5820433800040743,0.4937550795808707,HOLD,648300,527203.8824692369,62824015.214538574,63351219.09700781,0,6235.1219097007815,1834.2469570937947
2022-06-28,96.68350982666016,2.15620532740121,1.6968757694835015,0.4593295579177086,HOLD,648300,527203.8824692369,62679919.42062378,63207123.303093016,0,6220.712330309301,1829.8104872190513
2022-06-29,95.1721420288086,2.074065068142019,1.772313629215205,0.3017514389268141,HOLD,648300,527203.8824692369,61700099.67727661,62227303.55974585,0,6122.730355974585,1799.6434666840269
2022-06-30,96.283447265625,2.07472522501385,1.8327959483749343,0.24192927663891584,HOLD,648300,527203.8824692369,62420558.86230469,62947762.744773924,0,6194.776274477393,1821.8252069244747
2022-07-01,94.86097717285156,1.938125451914246,1.8538618490827967,0.08426360283144918,HOLD,648300,527203.8824692369,61498371.50115967,62025575.383628905,0,6102.55753836289,1793.4325915993668
2022-07-04,95.30549621582031,1.8444761464814263,1.8519847085625227,-0.007508562081096404,SELL,0,62276685.14726751,0.0,62276685.14726751,648300,6127.668514726752,1802.305226782219
2022-07-05,94.06083679199219,1.6507954415038313,1.8117468551507845,-0.1609514136469532,HOLD,0,62276685.14726751,0.0,62276685.14726751,0,6127.668514726752,1777.4617264435794
2022-07-06,92.99398040771484,1.3951334631715753,1.7284241767549426,-0.33329071358336737,HOLD,0,62276685.14726751,0.0,62276685.14726751,0,6127.668514726752,1756.1671888080898
2022-07-07,92.86062622070312,1.1682915967032415,1.6163976607446024,-0.448106064041361,HOLD,0,62276685.14726751,0.0,62276685.14726751,0,6127.668514726752,1753.5054287098976
2022-07-08,91.88267517089844,0.8992394341387495,1.4729660154234319,-0.5737265812846823,HOLD,0,62276685.14726751,0.0,62276685.14726751,0,6127.668514726752,1733.9854485676422
2022-07-11,89.79342651367188,0.5115321268905149,1.2806792377168486,-0.7691471108263337,HOLD,0,62276685.14726751,0.0,62276685.14726751,0,6127.668514726752,1692.283880468256
2022-07-12,89.88233184814453,0.20903557807115192,1.0663505057877092,-0.8573149277165573,HOLD,0,62276685.14726751,0.0,62276685.14726751,0,6127.668514726752,1694.0584379614897
2022-07-13,89.88233184814453,-0.030345314343691143,0.8470113417614291,-0.8773566561051203,HOLD,0,62276685.14726751,0.0,62276685.14726751,0,6127.668514726752,1694.0584379614897
2022-07-14,88.9932861328125,-0.2884696567539464,0.6199151420583541,-0.9083847988123005,HOLD,0,62276685.14726751,0.0,62276685.14726751,0,6127.668514726752,1676.3130153124682
2022-07-15,86.99293518066406,-0.6469885803891628,0.3665343975688507,-1.0135229779580135,HOLD,0,62276685.14726751,0.0,62276685.14726751,0,6127.668514726752,1636.385852422999
2022-07-18,88.32649993896484,-0.8141251514595638,0.13040248776316782,-0.9445276392227315,HOLD,0,62276685.14726751,0.0,62276685.14726751,0,6127.668514726752,1663.0039102548728
2022-07-19,88.72657012939453,-0.9038803967771969,-0.07645408914490512,-0.8274263076322917,HOLD,0,62276685.14726751,0.0,62276685.14726751,0,6127.668514726752,1670.9893428327669
2022-07-20,88.81547546386719,-0.9568086631874593,-0.252525003953416,-0.7042836592340433,HOLD,0,62276685.14726751,0.0,62276685.14726751,0,6127.668514726752,1672.7639003260006
2022-07-21,87.8819808959961,-1.0618396788867983,-0.41438793894009246,-0.6474517399467059,HOLD,0,62276685.14726751,0.0,62276685.14726751,0,6127.668514726752,1654.1312750720206
2022-07-22,88.37095642089844,-1.0930216045406524,-0.5501146720602045,-0.542906932480448,HOLD,0,62276685.14726751,0.0,62276685.14726751,0,6127.668514726752,1663.8912651431483
2022-07-25,87.39300537109375,-1.1830089906693644,-0.6766935357820365,-0.5063154548873279,HOLD,0,62276685.14726751,0.0,62276685.14726751,0,6127.668514726752,1644.3712850008928
2022-07-26,88.14868927001953,-1.1797478683126599,-0.7773044022881612,-0.40244346602449865,HOLD,0,62276685.14726751,0.0,62276685.14726751,0,6127.668514726752,1659.454795268405
2022-07-27,88.0597915649414,-1.1708399925885686,-0.8560115203482428,-0.31482847224032584,HOLD,0,62276685.14726751,0.0,62276685.14726751,0,6127.668514726752,1657.6803900584882
2022-07-28,88.32649993896484,-1.1292421000896127,-0.9106576362965169,-0.21858446379309582,HOLD,0,62276685.14726751,0.0,62276685.14726751,0,6127.668514726752,1663.0039102548728
2022-07-29,87.12628936767578,-1.1795255962677373,-0.964431228290761,-0.21509436797697634,HOLD,0,62276685.14726751,0.0,62276685.14726751,0,6127.668514726752,1639.0476125211912
2022-08-01,85.97053527832031,-1.2976765181078065,-1.0310802862541701,-0.26659623185363635,HOLD,0,62276685.14726751,0.0,62276685.14726751,0,6127.668514726752,1615.978669675785
2022-08-02,83.57011413574219,-1.5669431546484844,-1.138252859933033,-0.4286902947154514,HOLD,0,62276685.14726751,0.0,62276685.14726751,0,6127.668514726752,1568.0660742084217
2022-08-03,83.34785461425781,-1.7777802459067686,-1.2661583371277803,-0.5116219087789884,HOLD,0,62276685.14726751,0.0,62276685.14726751,0,6127.668514726752,1563.6297566169958
2022-08-04,83.7479248046875,-1.8907919660787513,-1.3910850629179745,-0.4997069031607768,HOLD,0,62276685.14726751,0.0,62276685.14726751,0,6127.668514726752,1571.6151891948898
2022-08-05,85.792724609375,-1.7946684921520557,-1.4718017487647908,-0.32286674338726495,HOLD,0,62276685.14726751,0.0,62276685.14726751,0,6127.668514726752,1612.4295546893172
2022-08-08,86.37060546875,-1.6528072575054864,-1.50800285051293,-0.14480440699255648,HOLD,0,62276685.14726751,0.0,62276685.14726751,0,6127.668514726752,1623.9641022536787
2022-08-09,86.14834594726562,-1.5405571094819237,-1.5145137023067288,-0.026043407175194933,HOLD,0,62276685.14726751,0.0,62276685.14726751,0,6127.668514726752,1619.5277846622528
2022-08-10,86.59286499023438,-1.3995954218821254,-1.4915300462218082,0.0919346243396828,BUY,711900,594237.2843677402,61645460.58654785,62239697.87091559,711900,6123.969787091559,1628.400419845105
2022-08-11,89.66006469726562,-1.0285286481660307,-1.3989297666106528,0.3704011184446221,HOLD,711900,594237.2843677402,63829000.0579834,64423237.34235114,0,6342.323734235114,1689.6219680867468
2022-08-12,89.17109680175781,-0.7650916786777913,-1.2721621490240806,0.5070704703462894,HOLD,711900,594237.2843677402,63480903.81317139,64075141.09753913,0,6307.514109753913,1679.862130298936
2022-08-15,88.68212127685547,-0.5889827937014047,-1.1355262779595454,0.5465434842581407,HOLD,711900,594237.2843677402,63132802.13699341,63727039.42136115,0,6272.703942136115,1670.1021402278084
2022-08-16,88.63766479492188,-0.4478400784615957,-0.9979890380599555,0.5501489595983599,HOLD,711900,594237.2843677402,63101153.56750488,63695390.85187262,0,6269.539085187263,1669.2147853395327
2022-08-17,89.79342651367188,-0.23995707239380692,-0.8463826449267259,0.606425572532919,HOLD,711900,594237.2843677402,63923940.33508301,64518177.61945075,0,6351.817761945075,1692.283880468256
2022-08-18,88.9932861328125,-0.13818008010277083,-0.7047421319619349,0.5665620518591641,HOLD,711900,594237.2843677402,63354320.39794922,63948557.68231696,0,6294.855768231696,1676.3130153124682
2022-08-19,88.81547546386719,-0.07104989642762405,-0.5780036848550728,0.5069537884274488,HOLD,711900,594237.2843677402,63227736.98272705,63821974.26709479,0,6282.197426709479,1672.7639003260006
2022-08-22,88.68212127685547,-0.02828327859272406,-0.46805960360260307,0.439776325009879,HOLD,711900,594237.2843677402,63132802.13699341,63727039.42136115,0,6272.703942136115,1670.1021402278084
2022-08-23,88.4598617553711,-0.012184456890722117,-0.3768845742602269,0.3647001173695048,HOLD,711900,594237.2843677402,62974575.58364868,63568812.86801642,0,6256.881286801642,1665.665822636382
2022-08-24,86.85958099365234,-0.12709029031668706,-0.326925717471519,0.19983542715483193,HOLD,711900,594237.2843677402,61835335.7093811,62429572.99374884,0,6142.957299374884,1633.7240923248069
2022-08-25,89.43780517578125,-0.009997600662160266,-0.26354009410964724,0.25354249344748697,HOLD,711900,594237.2843677402,63670773.50463867,64265010.78900641,0,6326.501078900641,1685.1856504953205
2022-08-26,88.61559295654297,0.016266040132634885,-0.20757886726119082,0.2238449073938257,HOLD,711900,594237.2843677402,63085440.62576294,63679677.91013068,0,6267.967791013068,1668.774229703394
2022-08-29,88.47855377197266,0.025725697939094516,-0.16091795422113375,0.18664365216022827,HOLD,711900,594237.2843677402,62987882.430267334,63582119.714635074,0,6258.211971463507,1666.038916763081
2022-08-30,87.930419921875,-0.010881836812217216,-0.13091073073935044,0.12002889392713323,HOLD,711900,594237.2843677402,62597665.94238281,63191903.22675055,0,6219.1903226750555,1655.0981218517804
2022-08-31,89.16372680664062,0.058944510948677475,-0.09293968240174487,0.15188419335042236,HOLD,711900,594237.2843677402,63475657.11364746,64069894.3980152,0,6306.98943980152,1679.7150246146946
2022-09-01,88.1588134765625,0.03281600481837188,-0.06778854495772152,0.1006045497760934,HOLD,711900,594237.2843677402,62760259.313964844,63354496.598332584,0,6235.449659833258,1659.6568752300907
2022-09-02,87.8847427368164,-0.00989221147221997,-0.056209278260621214,0.046317066788401244,HOLD,711900,594237.2843677402,62565148.3543396,63159385.63870734,0,6215.9385638707345,1654.1864016327818
2022-09-05,88.02177429199219,-0.03230904078590413,-0.0514292307656778,0.019120189979773668,HOLD,711900,594237.2843677402,62662701.11846924,63256938.40283698,0,6225.693840283698,1656.9215622897775
2022-09-06,88.98101806640625,0.02701698139493658,-0.03573998833355493,0.06275696972849151,HOLD,711900,594237.2843677402,63345586.76147461,63939824.04584235,0,6293.982404584235,1676.0681437387
2022-09-07,88.47855377197266,0.03310697549753172,-0.0219705955673376,0.055077571064869324,HOLD,711900,594237.2843677402,62987882.430267334,63582119.714635074,0,6258.211971463507,1666.038916763081
2022-09-08,88.2044906616211,0.01563846662681101,-0.01444878312850788,0.030087249755318887,HOLD,711900,594237.2843677402,62792776.90200806,63387014.1863758,0,6238.701418637579,1660.5685954490891
2022-09-09,90.35136413574219,0.17303465884742764,0.023047905266679228,0.14998675358074842,HOLD,711900,594237.2843677402,64321136.12823486,64915373.4126026,0,6391.53734126026,1703.4203594419275
2022-09-13,90.57975006103516,0.3125976791707501,0.0809578600474934,0.2316398191232567,HOLD,711900,594237.2843677402,64483724.06845093,65077961.35281867,0,6407.796135281867,1707.9789605369203
2022-09-14,89.43779754638672,0.32728363205414723,0.13022301444882417,0.19706061760532306,HOLD,711900,594237.2843677402,63670768.073272705,64265005.357640445,0,6326.500535764045,1685.1854982120035
2022-09-15,89.20940399169922,0.3168405636309757,0.1675465242852545,0.1492940393457212,HOLD,711900,594237.2843677402,63508174.701690674,64102411.986058414,0,6310.241198605841,1680.6267448336932
2022-09-16,84.1391372680664,-0.09941776780098621,0.11415366586800635,-0.21357143366899256,SELL,0,60456949.91441153,0.0,60456949.91441153,711900,5945.694991441153,1579.4238208417235
2022-09-19,84.1391372680664,-0.4244131241331246,0.006440307867780159,-0.43085343200090476,HOLD,0,60456949.91441153,0.0,60456949.91441153,0,5945.694991441153,1579.4238208417235
2022-09-20,84.1391372680664,-0.674202498762213,-0.1296882534582185,-0.5445142453039946,HOLD,0,60456949.91441153,0.0,60456949.91441153,0,5945.694991441153,1579.4238208417235
2022-09-21,84.184814453125,-0.8585794413442756,-0.2754664910354299,-0.5831129503088457,HOLD,0,60456949.91441153,0.0,60456949.91441153,0,5945.694991441153,1580.3355410607217
2022-09-22,84.0020980834961,-1.0078255946043981,-0.4219383117492236,-0.5858872828551746,HOLD,0,60456949.91441153,0.0,60456949.91441153,0,5945.694991441153,1576.6885079014103
2022-09-23,83.86506652832031,-1.1242024416500982,-0.5623911377293985,-0.5618113039206997,HOLD,0,60456949.91441153,0.0,60456949.91441153,0,5945.694991441153,1573.9533472444143
2022-09-26,82.31201171875,-1.3264598713906537,-0.7152048844616495,-0.6112549869290042,HOLD,0,60456949.91441153,0.0,60456949.91441153,0,5945.694991441153,1542.9542506651928
2022-09-27,82.54039764404297,-1.4515884975584186,-0.8624816070810034,-0.5891068904774152,HOLD,0,60456949.91441153,0.0,60456949.91441153,0,5945.694991441153,1547.5128517601856
2022-09-28,80.94166564941406,-1.6606156031296706,-1.0221084062907368,-0.6385071968389338,HOLD,0,60456949.91441153,0.0,60456949.91441153,0,5945.694991441153,1515.6020349619653
2022-09-29,79.47996520996094,-1.9220617681560555,-1.2020990786638006,-0.7199626894922548,HOLD,0,60456949.91441153,0.0,60456949.91441153,0,5945.694991441153,1486.4263788207409
2022-09-30,79.57131958007812,-2.0977071412225854,-1.3812206911755576,-0.7164864500470278,HOLD,0,60456949.91441153,0.0,60456949.91441153,0,5945.694991441153,1488.2498192587382
2022-10-10,79.16021728515625,-2.244210028077916,-1.5538185585560294,-0.6903914695218865,HOLD,0,60456949.91441153,0.0,60456949.91441153,0,5945.694991441153,1480.0441850044333
2022-10-11,79.43428802490234,-2.3115532561691197,-1.7053654980786475,-0.6061877580904722,HOLD,0,60456949.91441153,0.0,60456949.91441153,0,5945.694991441153,1485.5146586017422
2022-10-12,81.26141357421875,-2.192218952236189,-1.8027361889101559,-0.38948276332603315,HOLD,0,60456949.91441153,0.0,60456949.91441153,0,5945.694991441153,1521.9842287782728
2022-10-13,80.89598846435547,-2.1028915838193143,-1.8627672678919875,-0.24012431592732675,HOLD,0,60456949.91441153,0.0,60456949.91441153,0,5945.694991441153,1514.6903147429668
2022-10-14,82.54039764404297,-1.8777632371493098,-1.8657664617434522,-0.01199677540585764,HOLD,0,60456949.91441153,0.0,60456949.91441153,0,5945.694991441153,1547.5128517601856
2022-10-17,83.04286193847656,-1.6398989963316666,-1.820592968661095,0.18069397232942852,BUY,720700,572049.9209920391,59848990.59906006,60421040.5200521,720700,5942.104052005209,1557.5420787358048
2022-10-18,82.99717712402344,-1.4384941889086207,-1.7441732127106004,0.30567902380197975,HOLD,720700,572049.9209920391,59816065.55328369,60388115.47427573,0,5938.811547427573,1556.6302062334892
2022-10-19,82.67743682861328,-1.2898116517989706,-1.6533009005282746,0.363489248729304,HOLD,720700,572049.9209920391,59585628.72238159,60157678.64337363,0,5915.767864337363,1550.2481647004988
2022-10-20,82.67743682861328,-1.158623776265216,-1.554365475675663,0.395741699410447,HOLD,720700,572049.9209920391,59585628.72238159,60157678.64337363,0,5915.767864337363,1550.2481647004988
2022-10-21,83.13421630859375,-1.0061993138256327,-1.444732243305657,0.4385329294800244,HOLD,720700,572049.9209920391,59914829.693603516,60486879.614595555,0,5948.6879614595555,1559.3655191738019
2022-10-24,81.12437438964844,-1.0356410497352613,-1.362914004591578,0.3272729548563167,HOLD,720700,572049.9209920391,58466336.62261963,59038386.54361167,0,5803.838654361167,1519.2489158379597
2022-10-25,80.07377624511719,-1.1307141586329266,-1.3164740353998479,0.1857598767669213,HOLD,720700,572049.9209920391,57709170.53985596,58281220.460847996,0,5728.1220460848,1498.2788939510401
2022-10-26,80.07377624511719,-1.192316005676588,-1.291642429455196,0.09932642377860801,HOLD,720700,572049.9209920391,57709170.53985596,58281220.460847996,0,5728.1220460848,1498.2788939510401
2022-10-27,80.39352416992188,-1.2014849572998685,-1.2736109350241307,0.07212597772426221,HOLD,720700,572049.9209920391,57939612.869262695,58511662.790254734,0,5751.166279025473,1504.6610877673477
2022-10-28,78.65776062011719,-1.3334419409515164,-1.2855771362096078,-0.04786480474190857,SELL,0,57226684.81106314,0.0,57226684.81106314,720700,5622.668481106313,1470.0151103121311
2022-10-31,78.61207580566406,-1.4252754952110251,-1.3135168080098913,-0.1117586872011338,HOLD,0,57226684.81106314,0.0,57226684.81106314,0,5622.668481106313,1469.1032378098157
2022-11-01,81.76387023925781,-1.2295572083161375,-1.2967248880711406,0.06716767975500315,BUY,692900,538506.6108681336,56654185.68878174,57192692.29964987,692900,5619.269229964987,1532.0133034705748
2022-11-02,81.8095474243164,-1.0585608581423571,-1.249092082085384,0.1905312239430268,HOLD,692900,538506.6108681336,56685835.41030884,57224342.02117697,0,5622.434202117697,1532.9250236895734
2022-11-03,80.98734283447266,-0.9781149572456798,-1.194896657117443,0.21678169987176332,HOLD,692900,538506.6108681336,56116129.8500061,56654636.46087424,0,5565.4636460874235,1516.513755180964
2022-11-04,83.36260223388672,-0.714461550524419,-1.0988096357988384,0.38434808527441944,HOLD,692900,538506.6108681336,57761947.08786011,58300453.69872824,0,5730.045369872824,1563.9241202687951
2022-11-07,83.45396423339844,-0.49246534244244344,-0.9775407771275595,0.48507543468511605,HOLD,692900,538506.6108681336,57825251.81732178,58363758.42818991,0,5736.375842818991,1565.7477129901097
2022-11-08,83.49964141845703,-0.3092807846818886,-0.8438887786384254,0.5346079939565368,HOLD,692900,538506.6108681336,57856901.53884888,58395408.14971701,0,5739.540814971701,1566.6594332091083
2022-11-09,83.36260223388672,-0.1731674531864087,-0.709744513548022,0.5365770603616133,HOLD,692900,538506.6108681336,57761947.08786011,58300453.69872824,0,5730.045369872824,1563.9241202687951
2022-11-10,84.184814453125,0.001037042861099735,-0.5675882022661977,0.5686252451272974,HOLD,692900,538506.6108681336,58331657.93457031,58870164.545438446,0,5787.016454543845,1580.3355410607217
2022-11-11,86.60575103759766,0.330633375074342,-0.3879438867980898,0.7185772618724318,HOLD,692900,538506.6108681336,60009124.893951416,60547631.50481955,0,5954.763150481955,1628.6576263675518
2022-11-14,87.7020263671875,0.6725483810198227,-0.17584543323450727,0.84839381425433,HOLD,692900,538506.6108681336,60768734.06982422,61307240.68069235,0,6030.724068069235,1650.5393684734702
2022-11-15,90.44271850585938,1.1513968510874548,0.08960302362988516,1.0617938274575696,HOLD,692900,538506.6108681336,62667759.65270996,63206266.263578095,0,6220.626626357809,1705.2437998799246
2022-11-16,88.75262451171875,1.3786193867806418,0.3474062962600365,1.0312130905206054,HOLD,692900,538506.6108681336,61496693.52416992,62035200.135038055,0,6103.520013503805,1671.5093903603902
2022-11-17,88.88966369628906,1.5518638794771533,0.5882978129034598,0.9635660665736935,HOLD,692900,538506.6108681336,61591647.97515869,62130154.586026825,0,6113.015458602683,1674.244703300703
2022-11-18,87.47364044189453,1.556952565661149,0.7820287634549977,0.7749238022061512,HOLD,692900,538506.6108681336,60610485.46218872,61148992.073056854,0,6014.899207305685,1645.980767378477
2022-11-21,86.1032943725586,1.4338810229162817,0.9123992153472545,0.5214818075690272,HOLD,692900,538506.6108681336,59660972.67074585,60199479.28161398,0,5919.9479281613985,1618.6285516752498
2022-11-22,87.51931762695312,1.4340760450716772,1.0167345812921391,0.41734146377953807,HOLD,692900,538506.6108681336,60642135.18371582,61180641.794583954,0,6018.064179458395,1646.8924875974758
2022-11-23,87.79338836669922,1.4397492861695014,1.1013375222676116,0.33841176390188976,HOLD,692900,538506.6108681336,60832038.79928589,61370545.41015402,0,6037.054541015403,1652.3629611947842
2022-11-24,87.24524688720703,1.3840603480824427,1.157882087430578,0.22617826065186475,HOLD,692900,538506.6108681336,60452231.56814575,60990738.179013886,0,5999.073817901389,1641.4220140001667
2022-11-25,88.38719940185547,1.415752573278695,1.2094561846002014,0.20629638867849365,HOLD,692900,538506.6108681336,61243490.465545654,61781997.07641379,0,6078.199707641379,1664.2154763250837
2022-11-28,86.83414459228516,1.3005583196259494,1.227676611605351,0.07288170802059835,HOLD,692900,538506.6108681336,60167378.787994385,60705885.39886252,0,5970.588539886252,1633.216379745862
2022-11-29,90.16864776611328,1.461485487244687,1.2744383867332183,0.18704710051146867,HOLD,692900,538506.6108681336,62477856.03713989,63016362.648008026,0,6201.636264800803,1699.773326282616
2022-11-30,90.53407287597656,1.6000636417243044,1.3395634377314356,0.2605002039928688,HOLD,692900,538506.6108681336,62731059.09576416,63269565.706632294,0,6226.956570663229,1707.067240317922
2022-12-01,91.21924591064453,1.7450596043616287,1.4206626710574743,0.3243969333041543,HOLD,692900,538506.6108681336,63205815.491485596,63744322.10235373,0,6274.432210235373,1720.7433481695355
2022-12-02,90.57975006103516,1.7877597967227672,1.494082096190533,0.2936777005322342,HOLD,692900,538506.6108681336,62762708.81729126,63301215.42815939,0,6230.121542815939,1707.9789605369203
2022-12-05,95.14756774902344,2.165225349361208,1.628310746824668,0.5369146025365399,HOLD,692900,538506.6108681336,65927749.69329834,66466256.30416647,0,6546.625630416648,1799.1529621199056
2022-12-06,95.46731567382812,2.461792493157944,1.7950070960913234,0.6667853970666204,HOLD,692900,538506.6108681336,66149303.03039551,66687809.64126364,0,6568.780964126364,1805.535155936213
2022-12-07,94.0512924194336,2.553131933181959,1.9466320635094505,0.6064998696725084,HOLD,692900,538506.6108681336,65168140.51742554,65706647.12829367,0,6470.664712829367,1777.2712200139872
2022-12-08,93.68586730957031,2.566447930896203,2.0705952369868013,0.4958526939094017,HOLD,692900,538506.6108681336,64914937.45880127,65453444.0696694,0,6445.34440696694,1769.977305978681
2022-12-09,94.27967834472656,2.5950029640363965,2.1754767823967205,0.41952618163967603,HOLD,692900,538506.6108681336,65326389.125061035,65864895.73592917,0,6486.489573592917,1781.8298211089805
2022-12-12,92.45255279541016,2.4420488525735635,2.228791196432089,0.21325765614147452,HOLD,692900,538506.6108681336,64060373.8319397,64598880.44280783,0,6359.888044280782,1745.3602509324496
2022-12-13,92.72662353515625,2.3162465866200677,2.2462822744696846,0.06996431215038301,HOLD,692900,538506.6108681336,64250277.447509766,64788784.0583779,0,6378.87840583779,1750.8307245297588
2022-12-14,93.8228988647461,2.2787397482862275,2.252773769232993,0.025965979053234278,HOLD,692900,538506.6108681336,65009886.62338257,65548393.2342507,0,6454.83932342507,1772.712466635677
2022-12-15,92.58959197998047,2.125002049401928,2.2272194252667803,-0.10221737586485213,SELL,0,64655341.69682684,0.0,64655341.69682684,692900,6365.534169682684,1748.0955638727628
2022-12-16,93.22908020019531,2.0313490430635426,2.188045348826133,-0.15669630576259053,HOLD,0,64655341.69682684,0.0,64655341.69682684,0,6365.534169682684,1760.8597992220605
2022-12-19,91.17356872558594,1.770852478378714,2.1046067747366495,-0.3337542963579354,HOLD,0,64655341.69682684,0.0,64655341.69682684,0,6365.534169682684,1719.831627950537
2022-12-20,90.0316162109375,1.4554831461508115,1.974782049019482,-0.5192989028686705,HOLD,0,64655341.69682684,0.0,64655341.69682684,0,6365.534169682684,1697.0381656256197
2022-12-21,90.16864776611328,1.202743501129845,1.8203743394415548,-0.6176308383117097,HOLD,0,64655341.69682684,0.0,64655341.69682684,0,6365.534169682684,1699.773326282616
2022-12-22,90.76246643066406,1.038391780965,1.663977827746244,-0.625586046781244,HOLD,0,64655341.69682684,0.0,64655341.69682684,0,6365.534169682684,1711.6259936962322
2022-12-23,90.39704132080078,0.8686419426591243,1.5049106507288201,-0.6362687080696958,HOLD,0,64655341.69682684,0.0,64655341.69682684,0,6365.534169682684,1704.3320796609257
2022-12-26,89.8488998413086,0.6820216157914984,1.340332843741356,-0.6583112279498575,HOLD,0,64655341.69682684,0.0,64655341.69682684,0,6365.534169682684,1693.3911324663081
2022-12-27,91.99577331542969,0.6992973449186337,1.2121257439768116,-0.5128283990581779,HOLD,0,64655341.69682684,0.0,64655341.69682684,0,6365.534169682684,1736.2428964591463
2022-12-28,91.58467102050781,0.6720687747547629,1.104114350132402,-0.4320455753776391,HOLD,0,64655341.69682684,0.0,64655341.69682684,0,6365.534169682684,1728.0372622048417
2022-12-29,90.35136413574219,0.5446934908017056,0.9922301782662628,-0.4475366874645572,HOLD,0,64655341.69682684,0.0,64655341.69682684,0,6365.534169682684,1703.4203594419275
2022-12-30,90.94517517089844,0.4860602484486378,0.8909961923027379,-0.40493594385410003,HOLD,0,64655341.69682684,0.0,64655341.69682684,0,6365.534169682684,1715.2728745722268
2023-01-03,90.89949798583984,0.430939610777628,0.798984875997716,-0.36804526522008796,HOLD,0,64655341.69682684,0.0,64655341.69682684,0,6365.534169682684,1714.3611543532281
2023-01-04,92.04145050048828,0.473938860371689,0.7339756728725106,-0.26003681250082167,HOLD,0,64655341.69682684,0.0,64655341.69682684,0,6365.534169682684,1737.154616678145
2023-01-05,93.36611938476562,0.6078983103906239,0.7087602003761333,-0.10086188998550938,HOLD,0,64655341.69682684,0.0,64655341.69682684,0,6365.534169682684,1763.5951121623737
2023-01-06,93.22908020019531,0.694992778611919,0.7060067160232905,-0.011013937411371466,HOLD,0,64655341.69682684,0.0,64655341.69682684,0,6365.534169682684,1760.8597992220605
2023-01-09,94.32535552978516,0.8427612027570035,0.7333576133700331,0.10940358938697037,BUY,678500,617188.1176314354,63999753.72695923,64616941.844590664,678500,6361.694184459067,1782.7415413279791
2023-01-10,93.36611938476562,0.872409806085571,0.7611680519131407,0.11124175417243021,HOLD,678500,617188.1176314354,63348912.00256348,63966100.12019491,0,6296.610012019491,1763.5951121623737
2023-01-11,92.90933990478516,0.8492585275999858,0.7787861470505099,0.07047238054947591,HOLD,678500,617188.1176314354,63038987.12539673,63656175.243028164,0,6265.6175243028165,1754.4777576890701
2023-01-12,93.45747375488281,0.865167678907099,0.7960624534218277,0.06910522548527132,HOLD,678500,617188.1176314354,63410895.94268799,64028084.06031942,0,6302.808406031943,1765.4185526003707
2023-01-13,94.78214263916016,0.9734442448717431,0.8315388117118108,0.14190543315993231,HOLD,678500,617188.1176314354,64309683.780670166,64926871.8983016,0,6392.68718983016,1791.8590480845996
2023-01-16,98.39071655273438,1.3350463766121123,0.9322403246918711,0.4028060519202412,HOLD,678500,617188.1176314354,66758101.18103027,67375289.29866171,0,6637.528929866171,1863.8864682186622
2023-01-17,98.80181884765625,1.6359331714268421,1.0729788940388654,0.5629542773879768,HOLD,678500,617188.1176314354,67037034.088134766,67654222.2057662,0,6665.42222057662,1872.0921024729669
2023-01-18,97.65986633300781,1.76193164857267,1.2107694449456263,0.5511622036270436,HOLD,678500,617188.1176314354,66262219.3069458,66879407.424577236,0,6587.940742457724,1849.2986401480498
2023-01-19,98.75614166259766,1.9280215740693194,1.354219870770365,0.5738017032989544,HOLD,678500,617188.1176314354,67006042.11807251,67623230.23570395,0,6662.323023570394,1871.1803822539682
2023-01-20,98.98452758789062,2.0543960729966955,1.4942551112156313,0.5601409617810642,HOLD,678500,617188.1176314354,67161001.96838379,67778190.08601522,0,6677.819008601523,1875.7389833489615
2023-01-30,98.71045684814453,2.10813231858117,1.617030552688739,0.4911017658924308,HOLD,678500,617188.1176314354,66975044.971466064,67592233.0890975,0,6659.223308909751,1870.2685097516526
2023-01-31,97.7968978881836,2.053332567534156,1.7042909556578225,0.3490416118763333,HOLD,678500,617188.1176314354,66355195.21713257,66972383.334764004,0,6597.2383334764,1852.0338008050458
2023-02-01,100.90300750732422,2.2347793126278077,1.8103886270518197,0.424390685575988,HOLD,678500,617188.1176314354,68462690.59371948,69079878.71135092,0,6807.987871135091,1914.0319939634892
2023-02-02,97.88825225830078,2.1109775766665138,1.8705064169747587,0.24047115969175503,HOLD,678500,617188.1176314354,66417179.15725708,67034367.274888515,0,6603.436727488851,1853.857241243043
2023-02-03,97.5685043334961,1.964418233103686,1.8892887802005442,0.07512945290314166,HOLD,678500,617188.1176314354,66200230.1902771,66817418.307908535,0,6581.741830790854,1847.4750474267357
2023-02-06,95.23892211914062,1.641370385769946,1.8397051013144248,-0.1983347155444788,SELL,0,65198025.01027364,0.0,65198025.01027364,678500,6419.802501027364,1800.9764025579027
2023-02-07,95.46731567382812,1.3877845737226266,1.7493209957960651,-0.3615364220734385,HOLD,0,65198025.01027364,0.0,65198025.01027364,0,6419.802501027364,1805.535155936213
2023-02-08,95.33027648925781,1.1623591213697182,1.631928620910796,-0.46956949954107774,HOLD,0,65198025.01027364,0.0,65198025.01027364,0,6419.802501027364,1802.7998429959002
2023-02-09,96.70062255859375,1.0818128366371695,1.5219054640560707,-0.4400926274189012,HOLD,0,65198025.01027364,0.0,65198025.01027364,0,6419.802501027364,1830.1520586991273
2023-02-10,95.74137878417969,0.9298575507921782,1.4034958814032923,-0.47363833061111404,HOLD,0,65198025.01027364,0.0,65198025.01027364,0,6419.802501027364,1811.0054772502049
2023-02-13,95.6043472290039,0.7892763047652238,1.2806519660756788,-0.49137566131045496,HOLD,0,65198025.01027364,0.0,65198025.01027364,0,6419.802501027364,1808.2703165932091
2023-02-14,95.55867004394531,0.666495937078281,1.1578207602761994,-0.49132482319791837,HOLD,0,65198025.01027364,0.0,65198025.01027364,0,6419.802501027364,1807.3585963742105
2023-02-15,94.78214263916016,0.5007598909352424,1.0264085864080081,-0.5256486954727657,HOLD,0,65198025.01027364,0.0,65198025.01027364,0,6419.802501027364,1791.8590480845996
2023-02-16,93.95993041992188,0.29961346816672574,0.8810495627597517,-0.5814360945930259,HOLD,0,65198025.01027364,0.0,65198025.01027364,0,6419.802501027364,1775.4476272926731
2023-02-17,92.45255279541016,0.01835907038798723,0.7085114642853988,-0.6901523938974116,HOLD,0,65198025.01027364,0.0,65198025.01027364,0,6419.802501027364,1745.3602509324496
2023-02-20,96.10680389404297,0.08930105070426464,0.584669381569172,-0.4953683308649074,HOLD,0,65198025.01027364,0.0,65198025.01027364,0,6419.802501027364,1818.299391285511
2023-02-21,96.33519744873047,0.16208412738635047,0.5001523307326078,-0.3380682033462573,HOLD,0,65198025.01027364,0.0,65198025.01027364,0,6419.802501027364,1822.8581446638213
2023-02-22,95.01052856445312,0.11158920094264602,0.42243970477461545,-0.31085050383196944,HOLD,0,65198025.01027364,0.0,65198025.01027364,0,6419.802501027364,1796.4176491795924
2023-02-23,96.06112670898438,0.15456437607394946,0.3688646390344823,-0.21430026296053284,HOLD,0,65198025.01027364,0.0,65198025.01027364,0,6419.802501027364,1817.3876710665122
2023-02-24,94.0512924194336,0.026144306414082052,0.3003205725104023,-0.27417626609632023,HOLD,0,65198025.01027364,0.0,65198025.01027364,0,6419.802501027364,1777.2712200139872
2023-02-27,93.36611938476562,-0.12942532706972543,0.21437139259437676,-0.3437967196641022,HOLD,0,65198025.01027364,0.0,65198025.01027364,0,6419.802501027364,1763.5951121623737
2023-02-28,94.32535552978516,-0.17331517276551267,0.13683407952239887,-0.31014925228791157,HOLD,0,65198025.01027364,0.0,65198025.01027364,0,6419.802501027364,1782.7415413279791
2023-03-01,95.46731567382812,-0.11463016661758729,0.08654123029440164,-0.20117139691198893,HOLD,0,65198025.01027364,0.0,65198025.01027364,0,6419.802501027364,1805.535155936213
2023-03-02,95.3759536743164,-0.07463369547565435,0.054306245140390445,-0.1289399406160448,HOLD,0,65198025.01027364,0.0,65198025.01027364,0,6419.802501027364,1803.711563214899
2023-03-03,96.70062255859375,0.06322468944087234,0.05608993400048683,0.007134755440385512,BUY,667400,621306.7173708156,64537995.49560547,65159302.212976284,667400,6415.930221297629,1830.1520586991273
2023-03-06,94.50807189941406,-0.0043914397977289354,0.043993659240843676,-0.04838509903857261,SELL,0,63658149.09072836,0.0,63658149.09072836,667400,6265.814909072836,1786.3885744872907
2023-03-07,93.68586730957031,-0.12290596486053573,0.010613734420567796,-0.13351969928110352,HOLD,0,63658149.09072836,0.0,63658149.09072836,0,6265.814909072836,1769.977305978681
2023-03-08,93.00069427490234,-0.26901626544041335,-0.04531226555162844,-0.22370399988878492,HOLD,0,63658149.09072836,0.0,63658149.09072836,0,6265.814909072836,1756.3011981270672
2023-03-09,92.63526916503906,-0.40957515624918983,-0.11816484369114072,-0.2914103125580491,HOLD,0,63658149.09072836,0.0,63658149.09072836,0,6265.814909072836,1749.0072840917612
2023-03-10,91.31060028076172,-0.6207037121100996,-0.2186726173749325,-0.40203109473516707,HOLD,0,63658149.09072836,0.0,63658149.09072836,0,6265.814909072836,1722.5667886075328
2023-03-13,91.9500961303711,-0.7280303623216327,-0.3205441663642725,-0.40748619595736013,HOLD,0,63658149.09072836,0.0,63658149.09072836,0,6265.814909072836,1735.331176240148
2023-03-14,90.71678924560547,-0.9022050065732543,-0.43687633440606893,-0.4653286721671854,HOLD,0,63658149.09072836,0.0,63658149.09072836,0,6265.814909072836,1710.7142734772335
2023-03-15,91.58467102050781,-0.9591523497232259,-0.5413315374695004,-0.4178208122537256,HOLD,0,63658149.09072836,0.0,63658149.09072836,0,6265.814909072836,1728.0372622048417
2023-03-16,90.94517517089844,-1.043852616835494,-0.6418357533426992,-0.40201686349279486,HOLD,0,63658149.09072836,0.0,63658149.09072836,0,6265.814909072836,1715.2728745722268
2023-03-17,92.08712768554688,-1.0072215415602273,-0.7149129109862048,-0.29230863057402245,HOLD,0,63658149.09072836,0.0,63658149.09072836,0,6265.814909072836,1738.0663368971436
2023-03-20,91.58467102050781,-1.0071256861589575,-0.7733554660207553,-0.23377022013820214,HOLD,0,63658149.09072836,0.0,63658149.09072836,0,6265.814909072836,1728.0372622048417
2023-03-21,92.31552124023438,-0.9372719279471937,-0.8061387584060431,-0.13113316954115062,HOLD,0,63658149.09072836,0.0,63658149.09072836,0,6265.814909072836,1742.6250902754539
2023-03-22,92.72662353515625,-0.8390675533664478,-0.8127245173981241,-0.026343035968323658,HOLD,0,63658149.09072836,0.0,63658149.09072836,0,6265.814909072836,1750.8307245297588
2023-03-23,93.5945053100586,-0.6833320464706247,-0.7868460232126243,0.10351397674199958,BUY,673300,603158.3572107553,63017180.42526245,63620338.78247321,673300,6262.033878247321,1768.1537132573667
2023-03-24,93.7315444946289,-0.5425978876381521,-0.7379963960977299,0.19539850845957785,HOLD,673300,603158.3572107553,63109448.90823364,63712607.2654444,0,6271.260726544439,1770.8890261976799
2023-03-27,93.18340301513672,-0.4698790164025297,-0.6843729201586899,0.21449390375616018,HOLD,673300,603158.3572107553,62740385.25009155,63343543.60730231,0,6234.354360730231,1759.9480790030623
2023-03-28,93.13772583007812,-0.41119455921230497,-0.629737247969413,0.21854268875710803,HOLD,673300,603158.3572107553,62709630.8013916,63312789.15860236,0,6231.278915860235,1759.0363587840634
2023-03-29,92.31552124023438,-0.42611970038457514,-0.5890137384524454,0.16289403806787028,HOLD,673300,603158.3572107553,62156040.451049805,62759198.80826056,0,6175.919880826055,1742.6250902754539
2023-03-30,93.548828125,-0.33457366690137746,-0.5381257241422318,0.20355205724085434,HOLD,673300,603158.3572107553,62986425.9765625,63589584.333773255,0,6258.9584333773255,1767.2419930383683
2023-03-31,93.548828125,-0.2590367612732223,-0.48230793156842994,0.22327117029520765,HOLD,673300,603158.3572107553,62986425.9765625,63589584.333773255,0,6258.9584333773255,1767.2419930383683
2023-04-03,95.9240951538086,-0.007423448169291191,-0.3873310348886022,0.379907586719311,HOLD,673300,603158.3572107553,64585693.267059326,65188851.62427008,0,6418.885162427008,1814.6525104095165
2023-04-04,96.24384307861328,0.21530104411215234,-0.2668046190884513,0.48210566320060366,HOLD,673300,603158.3572107553,64800979.54483032,65404137.90204108,0,6440.4137902041075,1821.0347042258238
2023-04-06,95.421630859375,0.32175713830667974,-0.14909226760942512,0.47084940591610486,HOLD,673300,603158.3572107553,64247384.05761719,64850542.41482794,0,6385.054241482794,1804.6232834338973
2023-04-07,96.70062255859375,0.5035239899545161,-0.018569016096636887,0.5220930060511529,HOLD,673300,603158.3572107553,65108529.16870117,65711687.52591193,0,6471.168752591193,1830.1520586991273
2023-04-10,96.47222900390625,0.6219763224675887,0.10954005161620824,0.5124362708513804,HOLD,673300,603158.3572107553,64954751.78833008,65557910.14554083,0,6455.791014554083,1825.593305320817
2023-04-11,97.4771499633789,0.7878574421725943,0.24520352972748546,0.5426539124451089,HOLD,673300,603158.3572107553,65631365.07034302,66234523.42755377,0,6523.452342755377,1845.6516069887382
2023-04-12,97.4771499633789,0.9088428500078862,0.37793139378356566,0.5309114562243206,HOLD,673300,603158.3572107553,65631365.07034302,66234523.42755377,0,6523.452342755377,1845.6516069887382
2023-04-13,95.6500244140625,0.8475211986512363,0.4718493547570998,0.3756718438941365,HOLD,673300,603158.3572107553,64401161.43798828,65004319.79519904,0,6400.4319795199035,1809.1820368122076
2023-04-14,95.6957015991211,0.7934625726226301,0.5361719983302059,0.2572905742924242,HOLD,673300,603158.3572107553,64431915.88668823,65035074.24389899,0,6403.507424389899,1810.0937570312062
2023-04-17,99.48699188232422,1.044505750632112,0.6378387487905871,0.40666700184152493,HOLD,673300,603158.3572107553,66984591.6343689,67587749.99157965,0,6658.774999157966,1885.7682103245804
2023-04-18,99.25859832763672,1.2110693729079713,0.752484873614064,0.4585844992939073,HOLD,673300,603158.3572107553,66830814.2539978,67433972.61120856,0,6643.397261120856,1881.2094569462702
2023-04-19,98.11664581298828,1.2366706498996365,0.8493220288711786,0.3873486210284579,HOLD,673300,603158.3572107553,66061937.62588501,66665095.983095765,0,6566.509598309577,1858.415994621353
2023-04-20,98.43639373779297,1.2681424745937733,0.9330861180156975,0.33505635657807575,HOLD,673300,603158.3572107553,66277223.903656006,66880382.26086676,0,6588.038226086676,1864.7981884376609
2023-04-21,95.05620574951172,1.008703495165392,0.9482095934456365,0.06049390171975544,HOLD,673300,603158.3572107553,64001343.33114624,64604501.688356996,0,6360.450168835699,1797.3293693985913
2023-04-24,94.18832397460938,0.724711406787236,0.9035099561139565,-0.17879854932672046,SELL,0,63982106.690195985,0.0,63982106.690195985,673300,6298.210669019599,1780.0063806709834
2023-04-25,94.64510345458984,0.5303899125089231,0.8288859473929499,-0.29849603488402676,HOLD,0,63982106.690195985,0.0,63982106.690195985,0,6298.210669019599,1789.1237351442865
2023-04-26,94.23400115966797,0.33930491298076504,0.7309697405105129,-0.39166482752974785,HOLD,0,63982106.690195985,0.0,63982106.690195985,0,6298.210669019599,1780.9181008899816
2023-04-27,96.06112670898438,0.33148132568358335,0.651072057545127,-0.31959073186154363,HOLD,0,63982106.690195985,0.0,63982106.690195985,0,6298.210669019599,1817.3876710665122
2023-04-28,96.01544952392578,0.3179304054810217,0.584443727132306,-0.2665133216512843,HOLD,0,63982106.690195985,0.0,63982106.690195985,0,6298.210669019599,1816.475950847514
2023-05-04,97.15740203857422,0.3947863762289643,0.5465122569516376,-0.15172588072267335,HOLD,0,63982106.690195985,0.0,63982106.690195985,0,6298.210669019599,1839.2694131724309
2023-05-05,100.17215728759766,0.6909954743013884,0.5754089004215878,0.11558657387980065,BUY,632300,605248.3242162243,63338855.052948,63944103.37716422,632300,6294.410337716423,1899.4441658928772
2023-05-08,103.6436996459961,1.1921256911329294,0.6987522585638561,0.4933734325690733,HOLD,632300,605248.3242162243,65533911.28616333,66139159.610379554,0,6513.915961037955,1968.7364253699438
2023-05-09,103.8720932006836,1.5893830312907369,0.8768784131092323,0.7125046181815046,HOLD,632300,605248.3242162243,65678324.53079224,66283572.85500846,0,6528.357285500846,1973.295178748254
2023-05-10,99.98944854736328,1.5727852709638626,1.0160597846801585,0.5567254862837041,HOLD,632300,605248.3242162243,63223328.3164978,63828576.64071403,0,6282.857664071403,1895.7972850168826
2023-05-11,99.5783462524414,1.5090633637514372,1.1146605004944143,0.3944028632570229,HOLD,632300,605248.3242162243,62963388.3354187,63568636.659634925,0,6256.863665963492,1887.5916507625777
2023-05-12,98.20800018310547,1.332626133324581,1.1582536270604478,0.17437250626413325,HOLD,632300,605248.3242162243,62096918.51577759,62702166.83999381,0,6170.2166839993815,1860.2394350593506
2023-05-15,99.6697006225586,1.2958080974385524,1.1857645211360688,0.11004357630248363,HOLD,632300,605248.3242162243,63021151.7036438,63626400.02786002,0,6262.640002786002,1889.4150912005748
2023-05-16,99.5783462524414,1.2449074859807325,1.1975931141050016,0.047314371875730954,HOLD,632300,605248.3242162243,62963388.3354187,63568636.659634925,0,6256.863665963492,1887.5916507625777
2023-05-17,98.93885040283203,1.1398271957132664,1.1860399304266547,-0.04621273471338827,SELL,0,63126748.01286109,0.0,63126748.01286109,632300,6212.674801286109,1874.8272631299628
2023-05-18,98.98452758789062,1.0481536133065248,1.1584626670026288,-0.110309053696104,HOLD,0,63126748.01286109,0.0,63126748.01286109,0,6212.674801286109,1875.7389833489615
2023-05-19,97.2487564086914,0.8259187340111964,1.0919538804043423,-0.26603514639314585,HOLD,0,63126748.01286109,0.0,63126748.01286109,0,6212.674801286109,1841.092853610428
2023-05-22,97.29444122314453,0.646035281197598,1.0027701605629935,-0.3567348793653955,HOLD,0,63126748.01286109,0.0,63126748.01286109,0,6212.674801286109,1842.0047261127436
2023-05-23,95.23892211914062,0.33376569270575374,0.8689692669915456,-0.5352035742857919,HOLD,0,63126748.01286109,0.0,63126748.01286109,0,6212.674801286109,1800.9764025579027
2023-05-24,92.63526916503906,-0.12239237658462798,0.6706969382763109,-0.7930893148609389,HOLD,0,63126748.01286109,0.0,63126748.01286109,0,6212.674801286109,1749.0072840917612
2023-05-25,92.81797790527344,-0.4638113361913412,0.4437952833827805,-0.9076066195741217,HOLD,0,63126748.01286109,0.0,63126748.01286109,0,6212.674801286109,1752.6541649677558
2023-05-26,93.04637145996094,-0.7077997949259043,0.21347626772104356,-0.9212760626469478,HOLD,0,63126748.01286109,0.0,63126748.01286109,0,6212.674801286109,1757.212918346066
2023-05-29,92.95501708984375,-0.8981802773634513,-0.00885504129585541,-0.8893252360675958,HOLD,0,63126748.01286109,0.0,63126748.01286109,0,6212.674801286109,1755.389477908069
2023-05-30,93.00069427490234,-1.033459338272948,-0.21377590069127395,-0.8196834375816741,HOLD,0,63126748.01286109,0.0,63126748.01286109,0,6212.674801286109,1756.3011981270672
2023-05-31,91.58467102050781,-1.2406290121192995,-0.4191465229768791,-0.8214824891424204,HOLD,0,63126748.01286109,0.0,63126748.01286109,0,6212.674801286109,1728.0372622048417
2023-06-01,91.81306457519531,-1.3705837834241947,-0.6094339750663422,-0.7611498083578525,HOLD,0,63126748.01286109,0.0,63126748.01286109,0,6212.674801286109,1732.5960155831517
2023-06-02,92.22416687011719,-1.4239865262086226,-0.7723444852947984,-0.6516420409138243,HOLD,0,63126748.01286109,0.0,63126748.01286109,0,6212.674801286109,1740.8016498374564
2023-06-05,91.35627746582031,-1.5188318580638906,-0.9216419598486169,-0.5971898982152738,HOLD,0,63126748.01286109,0.0,63126748.01286109,0,6212.674801286109,1723.4785088265317
2023-06-06,90.57975006103516,-1.637777459664818,-1.064869059811857,-0.5729083998529609,HOLD,0,63126748.01286109,0.0,63126748.01286109,0,6212.674801286109,1707.9789605369203
2023-06-07,90.76246643066406,-1.6977286626619303,-1.1914409803818717,-0.5062876822800586,HOLD,0,63126748.01286109,0.0,63126748.01286109,0,6212.674801286109,1711.6259936962322
2023-06-08,92.26984405517578,-1.6051049951041847,-1.2741737833263345,-0.33093121177785023,HOLD,0,63126748.01286109,0.0,63126748.01286109,0,6212.674801286109,1741.7133700564552
2023-06-09,92.1784896850586,-1.521532327880493,-1.3236454922371663,-0.19788683564332676,HOLD,0,63126748.01286109,0.0,63126748.01286109,0,6212.674801286109,1739.8899296184582
2023-06-12,90.67110443115234,-1.5589630239241927,-1.3707089985745717,-0.188254025349621,HOLD,0,63126748.01286109,0.0,63126748.01286109,0,6212.674801286109,1709.8024009749179
2023-06-13,91.26492309570312,-1.523152957567774,-1.4011977903732122,-0.12195516719456179,HOLD,0,63126748.01286109,0.0,63126748.01286109,0,6212.674801286109,1721.6550683885341
2023-06-14,91.35627746582031,-1.4704512412100286,-1.4150484805405756,-0.05540276066945293,HOLD,0,63126748.01286109,0.0,63126748.01286109,0,6212.674801286109,1723.4785088265317
2023-06-15,92.72662353515625,-1.3030880876355866,-1.392656401959578,0.08956831432399137,BUY,673900,600783.3295590878,62488471.6003418,63089254.929900885,673900,6208.925492990088,1750.8307245297588
2023-06-16,93.13772583007812,-1.1243186180021922,-1.338988845168101,0.21467022716590867,HOLD,673900,600783.3295590878,62765513.43688965,63366296.766448736,0,6236.629676644873,1759.0363587840634
2023-06-19,92.04145050048828,-1.058896482980316,-1.282970372730544,0.2240738897502279,HOLD,673900,600783.3295590878,62026733.49227905,62627516.82183814,0,6162.751682183814,1737.154616678145
2023-06-20,91.6303482055664,-1.028367113165146,-1.2320497208174643,0.20368260765231838,HOLD,673900,600783.3295590878,61749691.6557312,62350474.98529029,0,6135.047498529029,1728.94898242384
2023-06-21,90.67110443115234,-1.069249678782711,-1.1994897124105137,0.13024003362780268,HOLD,673900,600783.3295590878,61103257.276153564,61704040.60571265,0,6070.404060571265,1709.8024009749179
2023-06-26,88.11312866210938,-1.2931500444889679,-1.2182217788262046,-0.07492826566276323,SELL,0,59944593.07251135,0.0,59944593.07251135,673900,5894.459307251135,1658.745002727775
2023-06-27,89.02669525146484,-1.380956699444269,-1.2507687629498176,-0.13018793649445137,HOLD,0,59944593.07251135,0.0,59944593.07251135,0,5894.459307251135,1676.9798639576986
2023-06-28,89.07237243652344,-1.4303699248952455,-1.2866889953389034,-0.14368092955634215,HOLD,0,59944593.07251135,0.0,59944593.07251135,0,5894.459307251135,1677.8915841766975
2023-06-29,88.79830169677734,-1.474646671369129,-1.3242805305449485,-0.15036614082418054,HOLD,0,59944593.07251135,0.0,59944593.07251135,0,5894.459307251135,1672.4211105793884
2023-06-30,90.35136413574219,-1.3686403189583558,-1.33315248822763,-0.03548783073072581,HOLD,0,59944593.07251135,0.0,59944593.07251135,0,5894.459307251135,1703.4203594419275
2023-07-03,92.45255279541016,-1.1023736789028078,-1.2869967263626656,0.1846230474598578,BUY,641800,572943.0593866631,59336048.38409424,59908991.4434809,641800,5890.89914434809,1745.3602509324496
2023-07-04,92.63526916503906,-0.8666218866506767,-1.2029217584202678,0.3362998717695911,HOLD,641800,572943.0593866631,59453315.75012207,60026258.80950873,0,5902.625880950874,1749.0072840917612
2023-07-05,92.04145050048828,-0.7194101834925135,-1.106219443434717,0.3868092599422035,HOLD,641800,572943.0593866631,59072202.93121338,59645145.99060004,0,5864.514599060004,1737.154616678145
2023-07-06,91.58467102050781,-0.632313221489639,-1.0114381990457015,0.37912497755606256,HOLD,641800,572943.0593866631,58779041.860961914,59351984.92034858,0,5835.198492034858,1728.0372622048417
2023-07-07,91.9500961303711,-0.5277182912533931,-0.9146942174872399,0.3869759262338468,HOLD,641800,572943.0593866631,59013571.69647217,59586514.75585883,0,5858.6514755858825,1735.331176240148
2023-07-10,91.9044189453125,-0.44340057672820876,-0.8204354893354338,0.377034912607225,HOLD,641800,572943.0593866631,58984256.07910156,59557199.138488226,0,5855.719913848822,1734.419456021149
2023-07-11,92.45255279541016,-0.32856091403853327,-0.7220605742760537,0.3934996602375205,HOLD,641800,572943.0593866631,59336048.38409424,59908991.4434809,0,5890.89914434809,1745.3602509324496
2023-07-12,91.7217025756836,-0.2931439774474569,-0.6362772549103344,0.3431332774628775,HOLD,641800,572943.0593866631,58866988.71307373,59439931.77246039,0,5843.993177246039,1730.7724228618376
2023-07-13,93.5031509399414,-0.11994515217237733,-0.533010834362743,0.41306568219036566,HOLD,641800,572943.0593866631,60010322.273254395,60583265.33264106,0,5958.326533264106,1766.3302728193696
2023-07-14,93.64019012451172,0.02805073024160265,-0.4207985214418739,0.44884925168347656,HOLD,641800,572943.0593866631,60098274.02191162,60671217.081298284,0,5967.121708129829,1769.0655857596823
2023-07-17,92.63526916503906,0.06351761878190132,-0.3239352933971189,0.3874529121790202,HOLD,641800,572943.0593866631,59453315.75012207,60026258.80950873,0,5902.625880950874,1749.0072840917612
2023-07-18,92.68094635009766,0.09422498361122678,-0.24030323799544978,0.33452822160667656,HOLD,641800,572943.0593866631,59482631.367492676,60055574.42687934,0,5905.557442687934,1749.9190043107599
2023-07-19,93.22908020019531,0.1609354485581065,-0.16005550068473853,0.320990949242845,HOLD,641800,572943.0593866631,59834423.67248535,60407366.731872015,0,5940.736673187202,1760.8597992220605
2023-07-20,92.72662353515625,0.1712854469771088,-0.09378731115236907,0.26507275812947784,HOLD,641800,572943.0593866631,59511946.98486328,60084890.044249944,0,5908.489004424994,1750.8307245297588
2023-07-21,93.00069427490234,0.19930564210589807,-0.03516872050071565,0.23447436260661372,HOLD,641800,572943.0593866631,59687845.585632324,60260788.64501899,0,5926.078864501899,1756.3011981270672
2023-07-24,93.13772583007812,0.22991878921961018,0.017848781443349514,0.21207000777626067,HOLD,641800,572943.0593866631,59775792.43774414,60348735.497130804,0,5934.87354971308,1759.0363587840634
2023-07-25,98.57342529296875,0.6849003426678593,0.15125909368825147,0.5336412489796079,HOLD,641800,572943.0593866631,63264424.353027344,63837367.41241401,0,6283.7367412414005,1867.5333490946566
2023-07-26,99.48699188232422,1.106439346455744,0.34229514424175,0.764144202213994,HOLD,641800,572943.0593866631,63850751.39007568,64423694.44946235,0,6342.369444946235,1885.7682103245804
2023-07-27,98.29935455322266,1.3293556525554635,0.5397072459044927,0.7896484066509708,HOLD,641800,572943.0593866631,63088525.7522583,63661468.811644964,0,6266.146881164496,1862.0628754973477
2023-07-28,108.12015533447266,2.272281531308167,0.8862221029852275,1.3860594283229393,HOLD,641800,572943.0593866631,69391515.69366455,69964458.75305122,0,6896.445875305122,2058.0868342316144
2023-07-31,110.08432006835938,3.1418316825349137,1.3373440188951649,1.8044876636397489,HOLD,641800,572943.0593866631,70652116.61987305,71225059.67925972,0,7022.505967925971,2097.2917173484584
2023-08-01,108.12015533447266,3.630613313043156,1.7959978777247632,1.834615435318393,HOLD,641800,572943.0593866631,69391515.69366455,69964458.75305122,0,6896.445875305122,2058.0868342316144
2023-08-02,108.94236755371094,4.037776952006865,2.244353692581184,1.7934232594256816,HOLD,641800,572943.0593866631,69919211.49597168,70492154.55535835,0,6949.215455535836,2074.498255023541
2023-08-03,111.5916976928711,4.522107826090846,2.699904519283116,1.8222033068077295,HOLD,641800,572943.0593866631,71619551.57928467,72192494.63867134,0,7119.249463867133,2127.379093708681
2023-08-04,112.82500457763672,4.948418800000155,3.149607375426524,1.798811424573631,HOLD,641800,572943.0593866631,72411087.93792725,72984030.99731392,0,7198.403099731392,2151.9959964715954
2023-08-07,113.1447525024414,5.25153784421552,3.5699934691843236,1.681544375031196,HOLD,641800,572943.0593866631,72616302.1560669,73189245.21545357,0,7218.924521545357,2158.378190287903
