date,price,ema_fast,ema_slow,dif,dea,histogram,signal,position,cash,position_value,total_value,trade_amount,trade_price,warmup_done
2023-08-08,113.73857116699219,113.73857116699219,113.73857116699219,0.0,0.0,0.0,HOLD,0.0,1000000.0,0.0,1000000.0,0.0,0.0,False
2023-08-09,113.78424835205078,113.74559842623198,113.74195466218171,0.0036437640502668955,0.0007287528100533791,0.0029150112402135165,HOLD,0.0,1000000.0,0.0,1000000.0,0.0,0.0,False
2023-08-10,115.1089096069336,113.95533860787839,113.84321058401518,0.11212802386320675,0.023008607020684056,0.0891194168425227,HOLD,0.0,1000000.0,0.0,1000000.0,0.0,0.0,False
2023-08-11,110.08432006835938,113.35979729410623,113.56477424952216,-0.20497695541592975,-0.022588505466638705,-0.18238844994929104,HOLD,0.0,1000000.0,0.0,1000000.0,0.0,0.0,False
2023-08-14,108.48558044433594,112.60991777875695,113.18853767136022,-0.5786198926032711,-0.13379478289396518,-0.4448251097093059,HOLD,0.0,1000000.0,0.0,1000000.0,0.0,0.0,False
2023-08-15,110.12999725341797,112.22839154408942,112.96197912188302,-0.7335875777935996,-0.2537533418738921,-0.47983423591970753,HOLD,0.0,1000000.0,0.0,1000000.0,0.0,0.0,False
2023-08-16,109.6732177734375,111.83528788706604,112.71836717014632,-0.8830792830802778,-0.3796185301151693,-0.5034607529651085,HOLD,0.0,1000000.0,0.0,1000000.0,0.0,0.0,False
2023-08-17,109.3991470336914,111.46049698654686,112.47249901189039,-1.0120020253435342,-0.5060952291608423,-0.505906796182692,HOLD,0.0,1000000.0,0.0,1000000.0,0.0,0.0,False
2023-08-18,109.4905014038086,111.15742074304866,112.25161030018063,-1.094189557131969,-0.6237140947550677,-0.4704754623769014,HOLD,0.0,1000000.0,0.0,1000000.0,0.0,0.0,False
2023-08-21,104.78565216064453,110.17714865344803,111.6985763639187,-1.5214277104706753,-0.8032568178981891,-0.7181708925724861,HOLD,0.0,1000000.0,0.0,1000000.0,0.0,0.0,False
2023-08-22,106.06464385986328,109.54445560828114,111.28124803028497,-1.7367924220038304,-0.9899639387193174,-0.746828483284513,HOLD,0.0,1000000.0,0.0,1000000.0,0.0,0.0,False
2023-08-23,104.14615631103516,108.71394802408946,110.75272271774794,-2.038774693658482,-1.1997260897071504,-0.8390486039513314,HOLD,0.0,1000000.0,0.0,1000000.0,0.0,0.0,False
2023-08-24,107.6176986694336,108.54529427721933,110.52049871416911,-1.975204436949781,-1.3548217591556766,-0.6203826777941044,HOLD,0.0,1000000.0,0.0,1000000.0,0.0,0.0,False
2023-08-25,109.29703521728516,108.66094672953714,110.429871788474,-1.7689250589368584,-1.437642419111913,-0.3312826398249453,HOLD,0.0,1000000.0,0.0,1000000.0,0.0,0.0,False
2023-08-28,110.97637939453125,109.01716713953624,110.47035383336713,-1.4531866938308866,-1.4407512740557078,-0.012435419775178813,HOLD,0.0,1000000.0,0.0,1000000.0,0.0,0.0,False
2023-08-29,109.06379699707031,109.02434096377226,110.36616443808587,-1.341823474313614,-1.4209657141072891,0.07914223979367518,HOLD,0.0,1000000.0,0.0,1000000.0,0.0,0.0,False
2023-08-30,105.23863220214844,108.44192423121476,109.98634723542385,-1.5444230042090936,-1.44565717212765,-0.09876583208144352,HOLD,0.0,1000000.0,0.0,1000000.0,0.0,0.0,False
2023-08-31,103.55929565429688,107.69075060399663,109.51026934052555,-1.81951873652892,-1.520429485007904,-0.29908925152101595,HOLD,0.0,1000000.0,0.0,1000000.0,0.0,0.0,False
2023-09-01,104.39896392822266,107.18432188464678,109.13165412479941,-1.9473322401526332,-1.60581003603685,-0.34152220411578327,HOLD,0.0,1000000.0,0.0,1000000.0,0.0,0.0,False
2023-09-04,105.2852783203125,106.89216133628766,108.84673739854112,-1.9545760622534658,-1.675563241280173,-0.2790128209732927,HOLD,0.0,1000000.0,0.0,1000000.0,0.0,0.0,False
2023-09-05,104.39896392822266,106.50859250427766,108.51727269703605,-2.0086801927583906,-1.7421866315758168,-0.26649356118257383,HOLD,0.0,1000000.0,0.0,1000000.0,0.0,0.0,False
2023-09-06,103.23275756835938,106.00461789875177,108.12582713194888,-2.1212092331971064,-1.8179911519000749,-0.30321808129703154,HOLD,0.0,1000000.0,0.0,1000000.0,0.0,0.0,False
2023-09-07,103.18610382080078,105.57100034829777,107.75992170149347,-2.1889213531956955,-1.892177192159199,-0.2967441610364965,HOLD,0.0,1000000.0,0.0,1000000.0,0.0,0.0,False
2023-09-08,103.79253387451172,105.29739012156146,107.46604112171704,-2.1686510001555774,-1.9474719537584746,-0.22117904639710284,HOLD,0.0,1000000.0,0.0,1000000.0,0.0,0.0,False
2023-09-11,105.42522430419922,105.31705691889034,107.3148695056046,-1.9978125867142609,-1.9575400803496321,-0.04027250636462876,HOLD,0.0,1000000.0,0.0,1000000.0,0.0,0.0,False
2023-09-12,104.44561004638672,105.1829881692744,107.10233176788476,-1.919343598610368,-1.9499007840017795,0.0305571853914115,HOLD,0.0,1000000.0,0.0,1000000.0,0.0,0.0,False
2023-09-13,103.93247985839844,104.99060227529348,106.86752792273764,-1.8769256474441534,-1.9353057566902543,0.05838010924610093,HOLD,0.0,1000000.0,0.0,1000000.0,0.0,0.0,False
2023-09-14,103.9791259765625,104.83499053702718,106.65357222302096,-1.8185816859937773,-1.911960942550959,0.0933792565571816,HOLD,0.0,1000000.0,0.0,1000000.0,0.0,0.0,False
2023-09-15,102.85956573486328,104.53107902900197,106.37253470537965,-1.8414556763776773,-1.8978598893163028,0.05640421293862552,HOLD,0.0,1000000.0,0.0,1000000.0,0.0,0.0,False
2023-09-18,103.27940368652344,104.33851359169759,106.14341388916809,-1.8049002974704962,-1.8792679709471416,0.07436767347664541,HOLD,0.0,1000000.0,0.0,1000000.0,0.0,0.0,False
2023-09-19,102.71961975097656,104.08945300081743,105.88979950856131,-1.8003465077438818,-1.8634836783064896,0.06313717056260781,HOLD,0.0,1000000.0,0.0,1000000.0,0.0,0.0,False
2023-09-20,102.15984344482422,103.79258999220308,105.613506466803,-1.820916474599926,-1.854970237565177,0.03405376296525109,HOLD,0.0,1000000.0,0.0,1000000.0,0.0,0.0,False
2023-09-21,101.3668212890625,103.41939480710452,105.29893719437779,-1.8795423872732613,-1.859884667506794,-0.019657719766467352,HOLD,0.0,1000000.0,0.0,1000000.0,0.0,0.0,False
2023-09-22,105.47187042236328,103.7351602863751,105.31174706311745,-1.5765867767423458,-1.8032250893539044,0.22663831261155853,HOLD,0.0,1000000.0,0.0,1000000.0,0.0,0.0,False
2023-09-25,102.15984344482422,103.49280384921343,105.07827272102165,-1.5854688718082173,-1.7596738458447672,0.1742049740365499,HOLD,0.0,1000000.0,0.0,1000000.0,0.0,0.0,True
2023-09-26,102.53302764892578,103.3451459722461,104.88973604901454,-1.5445900767684435,-1.7166570920295026,0.17206701526105905,HOLD,0.0,1000000.0,0.0,1000000.0,0.0,0.0,True
2023-09-27,102.76627349853516,103.25608866859827,104.73244252675681,-1.4763538581585465,-1.6685964452553115,0.192242587096765,HOLD,0.0,1000000.0,0.0,1000000.0,0.0,0.0,True
2023-09-28,101.040283203125,102.91519552006392,104.45894924352483,-1.5437537234609096,-1.6436279008964312,0.09987417743552163,HOLD,0.0,1000000.0,0.0,1000000.0,0.0,0.0,True
2023-10-09,101.13358306884766,102.64110129679989,104.21262582317837,-1.5715245263784823,-1.6292072259928416,0.057682699614359345,HOLD,0.0,1000000.0,0.0,1000000.0,0.0,0.0,True
2023-10-10,99.96736907958984,102.22975787876757,103.89816236069032,-1.6684044819227495,-1.6370466771788232,-0.03135780474392624,HOLD,0.0,1000000.0,0.0,1000000.0,0.0,0.0,True
2023-10-11,100.34056091308594,101.93911219173962,103.63463632753444,-1.6955241357948125,-1.6487421689020212,-0.04678196689279135,HOLD,0.0,1000000.0,0.0,1000000.0,0.0,0.0,True
2023-10-12,101.50676727294922,101.87259758884879,103.47701639756517,-1.6044188087163747,-1.639877496864892,0.03545868814851727,BUY,0.0,1000000.0,0.0,1000000.0,9700.0,101.50676727294922,True
2023-10-13,100.38720703125,101.64407596460282,103.24814162968997,-1.6040656650871483,-1.6327151305093435,0.028649465422195153,HOLD,9700.0,15088.97275962832,973755.908203125,988844.8809627533,0.0,0.0,True
2023-10-16,100.34056091308594,101.44353518744637,103.03276528031189,-1.5892300928655203,-1.6240181229805788,0.03478803011505849,HOLD,9700.0,15088.97275962832,973303.4408569336,988392.4136165619,0.0,0.0,True
2023-10-17,102.39308166503906,101.58961926092218,102.9853813088102,-1.3957620478880273,-1.5783669079620686,0.1826048600740413,HOLD,9700.0,15088.97275962832,993212.8921508789,1008301.8649105072,0.0,0.0,True
2023-10-18,101.97325134277344,101.648639581207,102.91040871873341,-1.2617691375264144,-1.5150473538749378,0.25327821634852343,HOLD,9700.0,15088.97275962832,989140.5380249023,1004229.5107845307,0.0,0.0,True
2023-10-19,100.57379913330078,101.48327951229835,102.73732652721988,-1.2540470149215253,-1.4628472860842554,0.20880027116273014,HOLD,9700.0,15088.97275962832,975565.8515930176,990654.8243526459,0.0,0.0,True
2023-10-20,100.43385314941406,101.32182930262385,102.56669886960464,-1.2448695669807819,-1.4192517422635607,0.17438217528277877,HOLD,9700.0,15088.97275962832,974208.3755493164,989297.3483089447,0.0,0.0,True
2023-10-23,98.80116271972656,100.93403444371657,102.28777026590996,-1.3537358221933857,-1.4061485582495257,0.05241273605613994,HOLD,9700.0,15088.97275962832,958371.2783813477,973460.251140976,0.0,0.0,True
2023-10-24,100.85369110107422,100.9216739294639,102.18154217962582,-1.2598682501619152,-1.3768924966320035,0.11702424647008836,HOLD,9700.0,15088.97275962832,978280.8036804199,993369.7764400482,0.0,0.0,True
2023-10-25,101.87995147705078,101.06910124447727,102.15920212758323,-1.0901008831059613,-1.3195341739267952,0.22943329082083386,HOLD,9700.0,15088.97275962832,988235.5293273926,1003324.5020870209,0.0,0.0,True
2023-10-26,101.693359375,101.16514095686539,102.12469525702151,-0.9595543001561282,-1.2475381991726617,0.28798389901653354,HOLD,9700.0,15088.97275962832,986425.5859375,1001514.5586971283,0.0,0.0,True
2023-10-27,102.76627349853516,101.4114690401992,102.17221957120772,-0.7607505310085259,-1.1501806655398346,0.3894301345313087,HOLD,9700.0,15088.97275962832,996832.852935791,1011921.8256954193,0.0,0.0,True
2023-10-30,100.76039123535156,101.31130322406878,102.06763969447763,-0.7563364704088542,-1.0714118265136385,0.3150753561047843,HOLD,9700.0,15088.97275962832,977375.7949829102,992464.7677425385,0.0,0.0,True
2023-10-31,101.27352142333984,101.30549063934126,102.00881611883779,-0.7033254794965274,-0.9977945571102163,0.2944690776136889,HOLD,9700.0,15088.97275962832,982353.1578063965,997442.1305660248,0.0,0.0,True
2023-11-01,101.3668212890625,101.31492612391375,101.96126094626183,-0.6463348223480807,-0.9275026101577892,0.2811677878097085,HOLD,9700.0,15088.97275962832,983258.1665039062,998347.1392635346,0.0,0.0,True
2023-11-02,100.43385314941406,101.17937643552919,101.84811962797681,-0.6687431924476215,-0.8757507266157558,0.20700753416813433,HOLD,9700.0,15088.97275962832,974208.3755493164,989297.3483089447,0.0,0.0,True
2023-11-03,101.97325134277344,101.3015110366437,101.85738864388767,-0.5558776072439713,-0.811776102741399,0.2558984954974277,HOLD,9700.0,15088.97275962832,989140.5380249023,1004229.5107845307,0.0,0.0,True
2023-11-06,106.49813842773438,102.10099217373458,102.20114788713559,-0.10015571340100848,-0.6694520248733209,0.5692963114723124,HOLD,9700.0,15088.97275962832,1033031.9427490234,1048120.9155086518,0.0,0.0,True
2023-11-07,106.3115463256836,102.74876973557289,102.50562184554656,0.24314789002633574,-0.48693204189338957,0.7300799319197253,HOLD,9700.0,15088.97275962832,1031221.9993591309,1046310.9721187592,0.0,0.0,True
2023-11-08,105.3319320678711,103.14617932515723,102.71497815831133,0.43120116684590926,-0.3033054001455298,0.734506566991439,HOLD,9700.0,15088.97275962832,1021719.7410583496,1036808.7138179779,0.0,0.0,True
2023-11-09,104.77214813232422,103.39632837241369,102.86736111934931,0.5289672530643799,-0.13685086950354788,0.6658181225679277,HOLD,9700.0,15088.97275962832,1016289.8368835449,1031378.8096431732,0.0,0.0,True
2023-11-10,104.77214813232422,103.60799295086147,103.00845645364375,0.5995364972177271,0.010426603840707108,0.5891098933770199,HOLD,9700.0,15088.97275962832,1016289.8368835449,1031378.8096431732,0.0,0.0,True
2023-11-13,103.9791259765625,103.66509033943086,103.08035789978587,0.5847324396449949,0.12528777100156466,0.45944466864343025,HOLD,9700.0,15088.97275962832,1008597.5219726562,1023686.4947322846,0.0,0.0,True
2023-11-14,105.51852416992188,103.95023400566023,103.26096280868484,0.6892711969753975,0.23808445619633123,0.4511867407790663,HOLD,9700.0,15088.97275962832,1023529.6844482422,1038618.6572078705,0.0,0.0,True
2023-11-15,105.42522430419922,104.17715559005084,103.42127847501924,0.755877115031609,0.34164298796338677,0.41423412706822227,HOLD,9700.0,15088.97275962832,1022624.6757507324,1037713.6485103607,0.0,0.0,True
2023-11-16,104.6322021484375,104.24716275287956,103.51097652490206,0.7361862279774982,0.42055163596620904,0.3156345920112892,HOLD,9700.0,15088.97275962832,1014932.3608398438,1030021.3335994721,0.0,0.0,True
2023-11-17,105.05204010009766,104.37099003706696,103.62512938232395,0.7458606547430122,0.4856134397215697,0.26024721502144255,HOLD,9700.0,15088.97275962832,1019004.7889709473,1034093.7617305756,0.0,0.0,True
2023-11-20,104.25901794433594,104.35376356126218,103.67208409062113,0.6816794706410576,0.5248266459054673,0.15685282473559026,HOLD,9700.0,15088.97275962832,1011312.4740600586,1026401.4468196869,0.0,0.0,True
2023-11-21,104.6788558959961,104.40377776660586,103.74665977990816,0.657117986697699,0.5512849140639137,0.10583307263378539,HOLD,9700.0,15088.97275962832,1015384.9021911621,1030473.8749507904,0.0,0.0,True
2023-11-22,103.60594177246094,104.28103376750664,103.73623622380096,0.544797543705684,0.5499874399922677,-0.005189896286583728,SELL,9700.0,15088.97275962832,1004977.6351928711,1020066.6079524994,9700.0,103.60594177246094,True
2023-11-23,103.74588775634766,104.19870361194371,103.73695115213775,0.4617524598059646,0.5323404439550071,-0.07058798414904255,HOLD,0.0,1019765.1146619415,0.0,1019765.1146619415,0.0,0.0,True
2023-11-24,102.85956573486328,103.99268240008519,103.67195963974706,0.3207227603381284,0.49001690723163144,-0.16929414689350303,HOLD,0.0,1019765.1146619415,0.0,1019765.1146619415,0.0,0.0,True
2023-11-27,101.18022918701172,103.55999729038157,103.48738701361852,0.07261027676305787,0.40653558113791677,-0.3339253043748589,HOLD,0.0,1019765.1146619415,0.0,1019765.1146619415,0.0,0.0,True
2023-11-28,100.80703735351562,103.1364649924022,103.28884259435164,-0.15237760194943917,0.2947529445204456,-0.44713054646988476,HOLD,0.0,1019765.1146619415,0.0,1019765.1146619415,0.0,0.0,True
2023-11-29,99.82742309570312,102.62738162367927,103.0324411500073,-0.40505952632803144,0.15479045035075018,-0.5598499766787817,HOLD,0.0,1019765.1146619415,0.0,1019765.1146619415,0.0,0.0,True
2023-11-30,100.0606689453125,102.23250275008438,102.81230987558547,-0.579807125501091,0.007870935180381927,-0.587678060681473,HOLD,0.0,1019765.1146619415,0.0,1019765.1146619415,0.0,0.0,True
2023-12-01,100.57379913330078,101.97731757827152,102.64649426504586,-0.6691766867743354,-0.12753858921056155,-0.5416380975637738,HOLD,0.0,1019765.1146619415,0.0,1019765.1146619415,0.0,0.0,True
2023-12-04,99.87407684326172,101.6537420805777,102.44113001158036,-0.7873879310026553,-0.25950845756898033,-0.5278794734336749,HOLD,0.0,1019765.1146619415,0.0,1019765.1146619415,0.0,0.0,True
2023-12-05,98.56792449951172,101.17900091425986,102.15422589957527,-0.9752249853154069,-0.40265176311826567,-0.5725732221971412,HOLD,0.0,1019765.1146619415,0.0,1019765.1146619415,0.0,0.0,True
2023-12-06,97.7282485961914,100.64811594224933,101.82637572895423,-1.1782597867048992,-0.5577733678355924,-0.6204864188693068,HOLD,0.0,1019765.1146619415,0.0,1019765.1146619415,0.0,0.0,True
2023-12-07,98.1014404296875,100.25631970954751,101.55045459567522,-1.2941348861277078,-0.7050456714940154,-0.5890892146336923,HOLD,0.0,1019765.1146619415,0.0,1019765.1146619415,0.0,0.0,True
2023-12-08,97.7282485961914,99.86738569210812,101.26732822534308,-1.399942533234963,-0.844025043842205,-0.5559174893927581,HOLD,0.0,1019765.1146619415,0.0,1019765.1146619415,0.0,0.0,True
2023-12-11,98.94110870361328,99.72488154003199,101.09501566817791,-1.3701341281459207,-0.9492468607029483,-0.42088726744297245,HOLD,0.0,1019765.1146619415,0.0,1019765.1146619415,0.0,0.0,True
2023-12-12,98.56792449951172,99.54688814918272,100.90782372975818,-1.3609355805754575,-1.0315846046774502,-0.3293509758980073,HOLD,0.0,1019765.1146619415,0.0,1019765.1146619415,0.0,0.0,True
2023-12-13,96.60868835449219,99.09485741153803,100.58936925751625,-1.4945118459782236,-1.1241700529376049,-0.37034179304061876,HOLD,0.0,1019765.1146619415,0.0,1019765.1146619415,0.0,0.0,True
2023-12-14,95.62907409667969,98.56165997848291,100.22193998634317,-1.6602800078602655,-1.231392043922137,-0.42888796393812845,HOLD,0.0,1019765.1146619415,0.0,1019765.1146619415,0.0,0.0,True
2023-12-15,95.4424819946289,98.08178644250538,99.86790606103101,-1.7861196185256318,-1.3423375588428361,-0.4437820596827957,HOLD,0.0,1019765.1146619415,0.0,1019765.1146619415,0.0,0.0,True
2023-12-18,95.34918975830078,97.66138695262774,99.53318633490285,-1.871799382275114,-1.448229923529292,-0.4235694587458221,HOLD,0.0,1019765.1146619415,0.0,1019765.1146619415,0.0,0.0,True
2023-12-19,96.28215026855469,97.44919669353958,99.29236884850668,-1.8431721549671067,-1.5272183698168549,-0.31595378515025185,HOLD,0.0,1019765.1146619415,0.0,1019765.1146619415,0.0,0.0,True
2023-12-20,94.04302978515625,96.92517101532675,98.90352891788814,-1.9783579025613847,-1.617446276365761,-0.36091162619562356,HOLD,0.0,1019765.1146619415,0.0,1019765.1146619415,0.0,0.0,True
2023-12-21,94.55616760253906,96.56070895182096,98.58150215378821,-2.020793201967251,-1.6981156614860593,-0.3226775404811919,HOLD,0.0,1019765.1146619415,0.0,1019765.1146619415,0.0,0.0,True
2023-12-22,94.60281372070312,96.25949430087975,98.2867844920782,-2.0272901911984462,-1.7639505674285367,-0.2633396237699095,HOLD,0.0,1019765.1146619415,0.0,1019765.1146619415,0.0,0.0,True
2023-12-25,93.34330749511719,95.81085017691629,97.92060101082183,-2.1097508339055366,-1.833110620723937,-0.2766402131815997,HOLD,0.0,1019765.1146619415,0.0,1019765.1146619415,0.0,0.0,True
2023-12-26,92.59693145751953,95.31640114316293,97.52625511798462,-2.2098539748216837,-1.9084592915434864,-0.3013946832781973,HOLD,0.0,1019765.1146619415,0.0,1019765.1146619415,0.0,0.0,True
2023-12-27,92.8301773071289,94.93390516838846,97.17839750236567,-2.244492333977206,-1.9756659000302303,-0.2688264339469757,HOLD,0.0,1019765.1146619415,0.0,1019765.1146619415,0.0,0.0,True
2023-12-28,95.02265167236328,94.94755847669228,97.01871262606919,-2.071154149376909,-1.9947635498995662,-0.07639059947734284,HOLD,0.0,1019765.1146619415,0.0,1019765.1146619415,0.0,0.0,True
2023-12-29,95.02265167236328,94.95911127602628,96.870856259128,-1.9117449831017268,-1.9781598365399984,0.06641485343827158,BUY,0.0,1019765.1146619415,0.0,1019765.1146619415,10600.0,95.02265167236328,True
2024-01-02,93.62319946289062,94.75358638169772,96.63028908903635,-1.8767027073386373,-1.9578684106997264,0.08116570336108908,HOLD,10600.0,12222.834902572678,992405.9143066406,1004628.7492092133,0.0,0.0,True
2024-01-03,94.1363296508789,94.65862380772559,96.44555135287655,-1.7869275451509594,-1.923680237589973,0.13675269243901367,HOLD,10600.0,12222.834902572678,997845.0942993164,1010067.9292018891,0.0,0.0,True
2024-01-04,93.29666137695312,94.44909112606828,96.21230024354888,-1.7632091174805993,-1.8915860135680984,0.12837689608749914,HOLD,10600.0,12222.834902572678,988944.6105957031,1001167.4454982758,0.0,0.0,True
2024-01-05,92.31704711914062,94.12108435577171,95.92376297507418,-1.802678619302469,-1.8738045347149725,0.07112591541250346,HOLD,10600.0,12222.834902572678,978560.6994628906,990783.5343654633,0.0,0.0,True
2024-01-08,90.59105682373047,93.57800319699614,95.52874770460427,-1.9507445076081353,-1.8891925292936051,-0.06155197831453019,SELL,10600.0,12222.834902572678,960265.202331543,972488.0372341156,10600.0,90.59105682373047,True
2024-01-09,90.77764892578125,93.14717946296308,95.1768144617285,-2.0296349987654168,-1.9172810231879676,-0.1123539755774492,HOLD,0.0,972199.9576734162,0.0,972199.9576734162,0.0,0.0,True
2024-01-10,90.77764892578125,92.78263630339664,94.85095034795464,-2.0683140445579937,-1.947487627461973,-0.12082641709602071,HOLD,0.0,972199.9576734162,0.0,972199.9576734162,0.0,0.0,True
2024-01-11,91.43072509765625,92.57464996405196,94.59760032941402,-2.022950365362064,-1.9625801750419913,-0.060370190320072625,HOLD,0.0,972199.9576734162,0.0,972199.9576734162,0.0,0.0,True
2024-01-12,91.05754089355469,92.34124856859084,94.33537370453556,-1.9941251359447136,-1.9688891672225357,-0.025235968722177926,HOLD,0.0,972199.9576734162,0.0,972199.9576734162,0.0,0.0,True
2024-01-15,90.8709487915039,92.11504860288515,94.07874963690358,-1.9637010340184275,-1.9678515405817143,0.004150506563286749,BUY,0.0,972199.9576734162,0.0,972199.9576734162,10500.0,90.8709487915039,True
2024-01-16,91.33743286132812,91.99541541187638,93.87568913500911,-1.8802737231327313,-1.9503359770919177,0.07006225395918642,HOLD,10500.0,17768.751873931964,959043.0450439453,976811.7969178773,0.0,0.0,True
2024-01-17,89.65808868408203,91.63582668452341,93.56327428679229,-1.9274476022688845,-1.9457583021273113,0.018310699858426815,HOLD,10500.0,17768.751873931964,941409.9311828613,959178.6830567933,0.0,0.0,True
2024-01-18,90.91759490966797,91.5253294883918,93.36729803663493,-1.8419685482431305,-1.9250003513504752,0.0830318031073447,HOLD,10500.0,17768.751873931964,954634.7465515137,972403.4984254456,0.0,0.0,True
2024-01-19,90.82429504394531,91.41747803540004,93.17892744458385,-1.761449409183811,-1.8922901629171425,0.13084075373333137,HOLD,10500.0,17768.751873931964,953655.0979614258,971423.8498353577,0.0,0.0,True
2024-01-22,89.2382583618164,91.08221347023333,92.88702603104552,-1.804812560812195,-1.8747946424961532,0.06998208168395825,HOLD,10500.0,17768.751873931964,937001.7127990723,954770.4646730042,0.0,0.0,True
2024-01-23,92.27039337158203,91.26501037813313,92.84134953775192,-1.5763391596187972,-1.8151035459206821,0.2387643863018849,HOLD,10500.0,17768.751873931964,968839.1304016113,986607.8822755433,0.0,0.0,True
2024-01-24,95.72237396240234,91.95075862186685,93.0547587543927,-1.1040001325258402,-1.6728828632417136,0.5688827307158735,HOLD,10500.0,17768.751873931964,1005084.9266052246,1022853.6784791566,0.0,0.0,True
2024-01-25,95.90896606445312,92.55971361303398,93.26618151810086,-0.7064679050668872,-1.4795998716067484,0.7731319665398613,HOLD,10500.0,17768.751873931964,1007044.1436767578,1024812.8955506898,0.0,0.0,True
2024-01-26,97.16847229003906,93.2687534094963,93.5552400938,-0.2864866843036964,-1.240977234146138,0.9544905498424416,HOLD,10500.0,17768.751873931964,1020268.9590454102,1038037.7109193421,0.0,0.0,True
2024-01-29,96.00226593017578,93.68929379729315,93.73650126686488,-0.04720746957173105,-1.0022232812312566,0.9550158116595255,HOLD,10500.0,17768.751873931964,1008023.7922668457,1025792.5441407777,0.0,0.0,True
2024-01-30,95.34918975830078,93.94466240667893,93.85595967363791,0.08870273304101772,-0.7840380783768017,0.8727408114178195,HOLD,10500.0,17768.751873931964,1001166.4924621582,1018935.2443360902,0.0,0.0,True
2024-01-31,95.62907409667969,94.20380266667905,93.98730148275212,0.21650118392693685,-0.583930225916054,0.8004314098429909,HOLD,10500.0,17768.751873931964,1004105.2780151367,1021874.0298890687,0.0,0.0,True
2024-02-01,95.34918975830078,94.3800160653901,94.08818209575573,0.2918339696343679,-0.40877738680596964,0.7006113564403376,HOLD,10500.0,17768.751873931964,1001166.4924621582,1018935.2443360902,0.0,0.0,True
2024-02-02,94.1363296508789,94.34252584777299,94.09174858132042,0.25077726645257314,-0.2768664561542611,0.5276437226068342,HOLD,10500.0,17768.751873931964,988431.4613342285,1006200.2132081605,0.0,0.0,True
2024-02-05,94.1363296508789,94.31080335594312,94.09505088276919,0.21575247317393575,-0.17834267028862172,0.3940951434625575,HOLD,10500.0,17768.751873931964,988431.4613342285,1006200.2132081605,0.0,0.0,True
2024-02-06,98.61457061767578,94.9729213962097,94.4298301223919,0.5430912738177938,-0.034055881467338636,0.5771471552851324,HOLD,10500.0,17768.751873931964,1035452.9914855957,1053221.7433595276,0.0,0.0,True
2024-02-07,98.80116271972656,95.56188159982767,94.75363253700928,0.8082490628183905,0.1344051073898072,0.6738439554285833,HOLD,10500.0,17768.751873931964,1037412.2085571289,1055180.9604310608,0.0,0.0,True
2024-02-08,99.12770080566406,96.11046916995635,95.07763759394668,1.03283157600967,0.3140904011137798,0.7187411748958903,HOLD,10500.0,17768.751873931964,1040840.8584594727,1058609.6103334045,0.0,0.0,True
2024-02-19,97.26176452636719,96.28759153248109,95.23942477412598,1.0481667583551086,0.4609056725620456,0.587261085793063,HOLD,10500.0,17768.751873931964,1021248.5275268555,1039017.2794007874,0.0,0.0,True
2024-02-20,97.91484832763672,96.53793873173579,95.43760429660826,1.100334435127536,0.5887914250751437,0.5115430100523922,HOLD,10500.0,17768.751873931964,1028105.9074401855,1045874.6593141175,0.0,0.0,True
2024-02-21,99.734130859375,97.02966059752643,95.75586552347986,1.2737950740465749,0.7257921548694299,0.5480029191771449,HOLD,10500.0,17768.751873931964,1047208.3740234375,1064977.1258973693,0.0,0.0,True
2024-02-22,101.3668212890625,97.69691608853198,96.17149187648597,1.5254242120460049,0.885718566304745,0.6397056457412599,HOLD,10500.0,17768.751873931964,1064351.6235351562,1082120.375409088,0.0,0.0,True
2024-02-23,100.38720703125,98.11080700279629,96.48376707313517,1.627039929661123,1.0339828389760206,0.5930570906851025,HOLD,10500.0,17768.751873931964,1054065.673828125,1071834.4257020568,0.0,0.0,True
2024-02-26,99.54753875732422,98.33184265733905,96.71071312381584,1.6211295335232165,1.1514121778854598,0.46971735563775674,HOLD,10500.0,17768.751873931964,1045249.1569519043,1063017.9088258361,0.0,0.0,True
2024-02-27,100.10731506347656,98.60499225828329,96.96231326749441,1.6426789907888804,1.249665540466144,0.39301345032273627,HOLD,10500.0,17768.751873931964,1051126.808166504,1068895.5600404358,0.0,0.0,True
2024-02-28,97.96149444580078,98.50599259482443,97.0363266881097,1.469665906714738,1.2936656137158629,0.1760002929988751,HOLD,10500.0,17768.751873931964,1028595.6916809082,1046364.4435548402,0.0,0.0,True
2024-02-29,99.36094665527344,98.63752398873966,97.20852075975145,1.4290032289882078,1.3207331367703319,0.10827009221787587,HOLD,10500.0,17768.751873931964,1043289.9398803711,1061058.691754303,0.0,0.0,True
2024-03-01,99.45423889160156,98.76317243533379,97.3748702509996,1.3883021843341794,1.3342469462831015,0.054055238051077925,HOLD,10500.0,17768.751873931964,1044269.5083618164,1062038.2602357483,0.0,0.0,True
2024-03-04,98.7078628540039,98.75466326897535,97.47361044381475,1.2810528251606002,1.3236081220586013,-0.042555296898001194,SELL,10500.0,17768.751873931964,1036432.559967041,1054201.3118409729,10500.0,98.7078628540039,True
2024-03-05,98.80116271972656,98.76181703062937,97.57194764943785,1.189869381191528,1.2968603738851867,-0.10699099269365875,HOLD,0.0,1053890.3820729828,0.0,1053890.3820729828,0.0,0.0,True
2024-03-06,98.427978515625,98.71045725909025,97.63535734322949,1.0750999158607613,1.2525082822803015,-0.17740836641954028,HOLD,0.0,1053890.3820729828,0.0,1053890.3820729828,0.0,0.0,True
2024-03-07,97.0751724243164,98.45887497681734,97.59386216405073,0.8650128127666079,1.1750091883775629,-0.30999637561095494,HOLD,0.0,1053890.3820729828,0.0,1053890.3820729828,0.0,0.0,True
2024-03-08,97.02852630615234,98.23882133517658,97.55198543383604,0.6868359013405438,1.077374530970159,-0.39053862962961516,HOLD,0.0,1053890.3820729828,0.0,1053890.3820729828,0.0,0.0,True
2024-03-11,98.84780883789062,98.33251172020951,97.6479723526549,0.6845393675546063,0.9988074982870485,-0.3142681307324422,HOLD,0.0,1053890.3820729828,0.0,1053890.3820729828,0.0,0.0,True
2024-03-12,99.82742309570312,98.56249808567007,97.80941314843625,0.7530849372338224,0.9496629860764034,-0.196578048842581,HOLD,0.0,1053890.3820729828,0.0,1053890.3820729828,0.0,0.0,True
2024-03-13,98.28803253173828,98.52027261583441,97.84486643608825,0.6754061797461617,0.8948116248103551,-0.21940544506419346,HOLD,0.0,1053890.3820729828,0.0,1053890.3820729828,0.0,0.0,True
2024-03-14,97.02852630615234,98.29077318357564,97.78439679683375,0.5063763867418913,0.8171245771966624,-0.3107481904547711,HOLD,0.0,1053890.3820729828,0.0,1053890.3820729828,0.0,0.0,True
2024-03-15,97.35506439208984,98.14681798488552,97.75259439648234,0.39422358840317884,0.7325443794379658,-0.33832079103478696,HOLD,0.0,1053890.3820729828,0.0,1053890.3820729828,0.0,0.0,True
2024-03-18,99.17434692382812,98.30489936010744,97.85790939850794,0.446989961599499,0.6754334958702726,-0.22844353427077357,HOLD,0.0,1053890.3820729828,0.0,1053890.3820729828,0.0,0.0,True
2024-03-19,97.16847229003906,98.13006442625077,97.8068399830658,0.32322444318496935,0.604991685333212,-0.28176724214824267,HOLD,0.0,1053890.3820729828,0.0,1053890.3820729828,0.0,0.0,True
2024-03-20,97.21511840820312,97.98930350039728,97.76300875529819,0.22629474509909642,0.5292522972863889,-0.3029575521872925,HOLD,0.0,1053890.3820729828,0.0,1053890.3820729828,0.0,0.0,True
2024-03-21,97.16847229003906,97.86302177572679,97.71896901713085,0.14405275859594724,0.45221238954830056,-0.3081596309523533,HOLD,0.0,1053890.3820729828,0.0,1053890.3820729828,0.0,0.0,True
2024-03-22,95.62907409667969,97.51933751741186,97.56416198598632,-0.04482446857446121,0.35280501792374824,-0.39762948649820945,HOLD,0.0,1053890.3820729828,0.0,1053890.3820729828,0.0,0.0,True
2024-03-25,90.96424102783203,96.51086113439958,97.07527895204896,-0.5644178176493853,0.16936045080912154,-0.7337782684585068,HOLD,0.0,1053890.3820729828,0.0,1053890.3820729828,0.0,0.0,True
2024-03-26,91.43072509765625,95.72930174413136,96.65716385172358,-0.9278621075922189,-0.05008406087114653,-0.8777780467210723,HOLD,0.0,1053890.3820729828,0.0,1053890.3820729828,0.0,0.0,True
2024-03-27,90.26451873779297,94.88856589700237,96.18363458402501,-1.295068687022649,-0.29908098610144707,-0.995987700921202,HOLD,0.0,1053890.3820729828,0.0,1053890.3820729828,0.0,0.0,True
2024-03-28,90.07792663574219,94.14846754911619,95.73135992118925,-1.5828923720730614,-0.5558432632957699,-1.0270491087772915,HOLD,0.0,1053890.3820729828,0.0,1053890.3820729828,0.0,0.0,True
2024-03-29,89.5647964477539,93.44328737967584,95.27457744167552,-1.831290061999681,-0.8109326230365521,-1.020357438963129,HOLD,0.0,1053890.3820729828,0.0,1053890.3820729828,0.0,0.0,True
2024-04-01,90.5444107055664,92.99730635288978,94.92419472048225,-1.9268883675924684,-1.0341237719477354,-0.892764595644733,HOLD,0.0,1053890.3820729828,0.0,1053890.3820729828,0.0,0.0,True
2024-04-02,90.07792663574219,92.54817101179015,94.56521189939039,-2.0170408876002455,-1.2307071950782373,-0.7863336925220081,HOLD,0.0,1053890.3820729828,0.0,1053890.3820729828,0.0,0.0,True
2024-04-03,89.3781967163086,92.06048265863915,94.18098855249544,-2.12050589385629,-1.4086669348338479,-0.7118389590224421,HOLD,0.0,1053890.3820729828,0.0,1053890.3820729828,0.0,0.0,True
2024-04-08,88.2586441040039,91.4755844194645,93.74229637112569,-2.2667119516611933,-1.580275938199317,-0.6864360134618763,HOLD,0.0,1053890.3820729828,0.0,1053890.3820729828,0.0,0.0,True
2024-04-09,88.30529022216797,90.98784685064965,93.33955517490661,-2.351708324256961,-1.7345624154108459,-0.6171459088461153,HOLD,0.0,1053890.3820729828,0.0,1053890.3820729828,0.0,0.0,True
2024-04-10,85.87957763671875,90.20195927927566,92.78696424615195,-2.5850049668762978,-1.9046509257039363,-0.6803540411723614,HOLD,0.0,1053890.3820729828,0.0,1053890.3820729828,0.0,0.0,True
2024-04-11,85.55303955078125,89.4867408595073,92.25111797242079,-2.7643771129134933,-2.076596163145848,-0.6877809497676455,HOLD,0.0,1053890.3820729828,0.0,1053890.3820729828,0.0,0.0,True
2024-04-12,83.68710327148438,88.59448892288839,91.61674651309217,-3.022257590203779,-2.265728448557434,-0.7565291416463449,HOLD,0.0,1053890.3820729828,0.0,1053890.3820729828,0.0,0.0,True
2024-04-15,82.75413513183594,87.69597295503416,90.96025678114727,-3.2642838261131004,-2.4654395240685676,-0.7988443020445328,HOLD,0.0,1053890.3820729828,0.0,1053890.3820729828,0.0,0.0,True
2024-04-16,82.24100494384766,86.85674710715931,90.31438627468063,-3.4576391675213216,-2.6638794527591187,-0.7937597147622029,HOLD,0.0,1053890.3820729828,0.0,1053890.3820729828,0.0,0.0,True
2024-04-17,84.43347930908203,86.48393667668589,89.87876353648814,-3.394826859802251,-2.810068934167745,-0.5847579256345057,HOLD,0.0,1053890.3820729828,0.0,1053890.3820729828,0.0,0.0,True
2024-04-18,84.94660949707031,86.24742480289888,89.51341879282757,-3.2659939899286883,-2.901253945319934,-0.3647400446087543,HOLD,0.0,1053890.3820729828,0.0,1053890.3820729828,0.0,0.0,True
2024-04-19,84.57342529296875,85.98988641675578,89.14749334839358,-3.157606931637801,-2.952524542583508,-0.2050823890542932,HOLD,0.0,1053890.3820729828,0.0,1053890.3820729828,0.0,0.0,True
2024-04-22,85.27314758300781,85.87961890387147,88.86050477317981,-2.980885869308338,-2.958196807928474,-0.02268906137986404,HOLD,0.0,1053890.3820729828,0.0,1053890.3820729828,0.0,0.0,True
2024-04-23,85.22650146484375,85.7791392978672,88.59131934293269,-2.812180045065489,-2.928993455355877,0.11681341029038839,BUY,0.0,1053890.3820729828,0.0,1053890.3820729828,12200.0,85.22650146484375,True
2024-04-24,85.22650146484375,85.69411809278667,88.34207357418536,-2.6479554813986965,-2.872785860564441,0.22483037916574444,HOLD,12200.0,13815.135206527775,1039763.3178710938,1053578.4530776215,0.0,0.0,True
2024-04-25,84.8066635131836,85.55758661900158,88.0801913474445,-2.5226047284429143,-2.802749634140136,0.2801449056972216,HOLD,12200.0,13815.135206527775,1034641.2948608398,1048456.4300673676,0.0,0.0,True
2024-04-26,89.3781967163086,86.14537278781805,88.17633989328628,-2.0309671054682354,-2.648393128405756,0.6174260229375204,HOLD,12200.0,13815.135206527775,1090413.9999389648,1104229.1351454926,0.0,0.0,True
2024-04-29,90.40446472167969,86.80061770071984,88.34138617687098,-1.5407684761511433,-2.4268681979548337,0.8860997218036903,HOLD,12200.0,13815.135206527775,1102934.4696044922,1116749.60481102,0.0,0.0,True
2024-04-30,88.67847442626953,87.0895187354198,88.36635567682644,-1.2768369414066427,-2.1968619466451953,0.9200250052385526,HOLD,12200.0,13815.135206527775,1081877.3880004883,1095692.523207016,0.0,0.0,True
2024-05-06,89.61144256591797,87.4775070170349,88.45858433527768,-0.9810773182427823,-1.9537050209647129,0.9726277027219306,HOLD,12200.0,13815.135206527775,1093259.5993041992,1107074.734510727,0.0,0.0,True
2024-05-07,89.19160461425781,87.74121433968457,88.51288213372065,-0.7716677940360768,-1.7172975755789859,0.9456297815429091,HOLD,12200.0,13815.135206527775,1088137.5762939453,1101952.711500473,0.0,0.0,True
2024-05-08,87.60556030273438,87.72034448784608,88.44567310920314,-0.7253286213570647,-1.5189037847346016,0.793575163377537,HOLD,12200.0,13815.135206527775,1068787.8356933594,1082602.9708998872,0.0,0.0,True
2024-05-09,88.21199035644531,87.79598231378442,88.42836327566552,-0.6323809618810969,-1.3415992201639009,0.7092182582828039,HOLD,12200.0,13815.135206527775,1076186.2823486328,1090001.4175551606,0.0,0.0,True
2024-05-10,88.9117202758789,87.9676343079528,88.46416749790355,-0.49653318995073903,-1.1725860141212685,0.6760528241705295,HOLD,12200.0,13815.135206527775,1084722.9873657227,1098538.1225722504,0.0,0.0,True
2024-05-13,88.53852844238281,88.0554641747882,88.46967571601313,-0.41421154122492965,-1.0209111195420006,0.606699578317071,HOLD,12200.0,13815.135206527775,1080170.0469970703,1093985.182203598,0.0,0.0,True
2024-05-14,88.67847442626953,88.15131190578533,88.48514228714323,-0.3338303813578989,-0.8834949719051803,0.5496645905472815,HOLD,12200.0,13815.135206527775,1081877.3880004883,1095692.523207016,0.0,0.0,True
2024-05-15,87.46562194824219,88.04582114308639,88.40962226203945,-0.363801118953063,-0.779556201314757,0.415755082361694,HOLD,12200.0,13815.135206527775,1067080.5877685547,1080895.7229750825,0.0,0.0,True
2024-05-16,87.60556030273438,87.97808870610915,88.35006211690573,-0.37197341079658486,-0.6980396432111227,0.3260662324145378,HOLD,12200.0,13815.135206527775,1068787.8356933594,1082602.9708998872,0.0,0.0,True
2024-05-17,89.51814270019531,88.21502008981471,88.43658660455681,-0.22156651474209355,-0.6027450175173169,0.38117850277522336,HOLD,12200.0,13815.135206527775,1092121.3409423828,1105936.4761489106,0.0,0.0,True
2024-05-20,89.98462677001953,88.4872672713847,88.55125624644295,-0.06398897505825119,-0.4949938090255038,0.4310048339672526,HOLD,12200.0,13815.135206527775,1097812.4465942383,1111627.581800766,0.0,0.0,True
2024-05-21,89.75138854980469,88.68174746806469,88.64015493558085,0.041592532483832656,-0.3876765407236365,0.42926907320746915,HOLD,12200.0,13815.135206527775,1094966.9403076172,1108782.075514145,0.0,0.0,True
2024-05-22,90.07792663574219,88.896544263092,88.74665654300021,0.1498877200917832,-0.2801636885605526,0.4300514086523358,HOLD,12200.0,13815.135206527775,1098950.7049560547,1112765.8401625825,0.0,0.0,True
2024-05-23,88.02539825439453,88.76252180021545,88.69323000310351,0.06929179711194422,-0.21027259142605328,0.2795643885379975,HOLD,12200.0,13815.135206527775,1073909.8587036133,1087724.993910141,0.0,0.0,True
2024-05-24,86.71924591064453,88.4481716633584,88.54700895921766,-0.09883729585926915,-0.18798553231269646,0.08914823645342732,HOLD,12200.0,13815.135206527775,1057974.8001098633,1071789.935316391,0.0,0.0,True
2024-05-27,87.37232208251953,88.28265634322933,88.45999511649927,-0.17733877326993763,-0.1858561805041447,0.008517407234207075,HOLD,12200.0,13815.135206527775,1065942.3294067383,1079757.464613266,0.0,0.0,True
2024-05-28,86.85919189453125,88.0636618126604,88.34141710005719,-0.27775528739678634,-0.20423600188267305,-0.0735192855141133,SELL,12200.0,13815.135206527775,1059682.1411132812,1073497.276319809,12200.0,86.85919189453125,True
2024-05-29,86.99913787841797,87.89988889970003,88.2419890095654,-0.3421001098653704,-0.23180882347921253,-0.1102912863861579,HOLD,0.0,1073179.371677475,0.0,1073179.371677475,0.0,0.0,True
2024-05-30,86.57929992675781,87.69672136540123,88.11882685528334,-0.4221054898821137,-0.2698681567597928,-0.1522373331223209,HOLD,0.0,1073179.371677475,0.0,1073179.371677475,0.0,0.0,True
2024-05-31,86.85919189453125,87.56787067757509,88.0255205618943,-0.45764988431920983,-0.3074245022716762,-0.1502253820475336,HOLD,0.0,1073179.371677475,0.0,1073179.371677475,0.0,0.0,True
2024-06-03,85.97286987304688,87.3224859384169,87.87347236272042,-0.5509864243035167,-0.35613688667804433,-0.1948495376254724,HOLD,0.0,1073179.371677475,0.0,1073179.371677475,0.0,0.0,True
2024-06-04,86.57929992675781,87.2081496289309,87.7776077378343,-0.5694581089034045,-0.3988011311231164,-0.17065697778028815,HOLD,0.0,1073179.371677475,0.0,1073179.371677475,0.0,0.0,True
2024-06-05,86.48600006103516,87.09704969540847,87.68193309510845,-0.5848833996999758,-0.4360175848384883,-0.14886581486148753,HOLD,0.0,1073179.371677475,0.0,1073179.371677475,0.0,0.0,True
2024-06-06,86.25276184082031,86.96715925624106,87.57606855775377,-0.6089093015127105,-0.4705959281733328,-0.1383133733393777,HOLD,0.0,1073179.371677475,0.0,1073179.371677475,0.0,0.0,True
2024-06-07,85.73963165283203,86.7783088557166,87.44003619442624,-0.661727338709639,-0.508822210280594,-0.1529051284290449,HOLD,0.0,1073179.371677475,0.0,1073179.371677475,0.0,0.0,True
2024-06-11,85.55303955078125,86.58980588572655,87.30025866526735,-0.7104527795408018,-0.5491483241326356,-0.16130445540816618,HOLD,0.0,1073179.371677475,0.0,1073179.371677475,0.0,0.0,True
2024-06-12,85.27314758300781,86.38724306992367,87.15010228880368,-0.7628592188800098,-0.5918905030821104,-0.1709687157978994,HOLD,0.0,1073179.371677475,0.0,1073179.371677475,0.0,0.0,True
2024-06-13,85.17984771728516,86.20148993874852,87.00415750572823,-0.8026675669797072,-0.6340459158616298,-0.16862165111807736,HOLD,0.0,1073179.371677475,0.0,1073179.371677475,0.0,0.0,True
2024-06-14,86.90583801269531,86.30985118089419,86.99687458031839,-0.6870233994242056,-0.6446414125741451,-0.04238198685006056,HOLD,0.0,1073179.371677475,0.0,1073179.371677475,0.0,0.0,True
2024-06-17,87.04578399658203,86.42307161407693,87.00049750004162,-0.5774258859646864,-0.6311983072522533,0.053772421287566985,BUY,0.0,1073179.371677475,0.0,1073179.371677475,12200.0,87.04578399658203,True
2024-06-18,87.27902221679688,86.5547563221877,87.02112896054201,-0.466372638354315,-0.5982331734726657,0.13186053511835072,HOLD,12200.0,10902.219349746825,1064804.0710449219,1075706.2903946687,0.0,0.0,True
2024-06-19,86.4393539428711,86.53700210998515,86.9780345147886,-0.4410324048034511,-0.5667930197388228,0.12576061493537172,HOLD,12200.0,10902.219349746825,1054560.1181030273,1065462.3374527742,0.0,0.0,True
2024-06-20,85.73963165283203,86.4143297319616,86.88630096945849,-0.47197123749688785,-0.5478286632904359,0.07585742579354804,HOLD,12200.0,10902.219349746825,1046023.5061645508,1056925.7255142976,0.0,0.0,True
2024-06-21,86.01952362060547,86.3535903302145,86.82209523991382,-0.4685049096993197,-0.5319639125722126,0.06345900287289297,HOLD,12200.0,10902.219349746825,1049438.1881713867,1060340.4075211335,0.0,0.0,True
2024-06-24,85.92622375488281,86.28784162631732,86.75573438917078,-0.4678927628534666,-0.5191496826284635,0.05125691977499691,HOLD,12200.0,10902.219349746825,1048299.9298095703,1059202.1491593171,0.0,0.0,True
2024-06-25,84.52677154541016,86.01690776771622,86.5906260303737,-0.5737182626574793,-0.5300633986342667,-0.043654864023212614,SELL,12200.0,10902.219349746825,1031226.6128540039,1042128.8322037507,12200.0,84.52677154541016,True
2024-06-26,85.83292388916016,85.98860255563068,86.53449994583937,-0.5458973902086939,-0.5332301969491522,-0.012667193259541687,HOLD,0.0,1041819.4642198945,0.0,1041819.4642198945,0.0,0.0,True
2024-06-27,85.83292388916016,85.96465199155828,86.48253134904832,-0.5178793574900311,-0.5301600290573281,0.012280671567296952,BUY,0.0,1041819.4642198945,0.0,1041819.4642198945,12000.0,85.83292388916016,True
2024-06-28,85.03990936279297,85.82238389482515,86.37567046117755,-0.5532865663523978,-0.534785336516342,-0.018501229836055844,SELL,12000.0,11515.379023971618,1020478.9123535156,1031994.2913774872,12000.0,85.03990936279297,True
2024-07-01,84.89996337890625,85.68047304622223,86.26635882545375,-0.5858857792315177,-0.5450054250593772,-0.04088035417214053,HOLD,0.0,1031688.1477037811,0.0,1031688.1477037811,0.0,0.0,True
2024-07-02,84.85330963134766,85.55321713624153,86.16168851477921,-0.6084713785376863,-0.557698615755039,-0.05077276278264731,HOLD,0.0,1031688.1477037811,0.0,1031688.1477037811,0.0,0.0,True
2024-07-03,85.73963165283203,85.58189629264007,86.13042504352387,-0.5485287508838042,-0.5558646427807921,0.007335891896987912,BUY,0.0,1031688.1477037811,0.0,1031688.1477037811,11900.0,85.73963165283203,True
2024-07-04,84.1535873413086,85.3621564539737,85.98399262113756,-0.6218361671638633,-0.5690589476574063,-0.052777219506456974,SELL,11900.0,11080.440550079336,1001427.6893615723,1012508.1299116516,11900.0,84.1535873413086,True
2024-07-05,83.08067321777344,85.01115903301981,85.76893192459208,-0.757772891572273,-0.6068017364403797,-0.1509711551318933,HOLD,0.0,1012207.7016048431,0.0,1012207.7016048431,0.0,0.0,True
2024-07-08,81.63457489013672,84.49168454949934,85.46268325537318,-0.9709987058738392,-0.6796411303270716,-0.29135757554676756,HOLD,0.0,1012207.7016048431,0.0,1012207.7016048431,0.0,0.0,True
2024-07-09,83.31391906738281,84.31048985994296,85.30351553774426,-0.9930256778012989,-0.7423180398219171,-0.2507076379793818,HOLD,0.0,1012207.7016048431,0.0,1012207.7016048431,0.0,0.0,True
2024-07-10,84.76001739501953,84.37964794226242,85.26325641606094,-0.8836084737985175,-0.7705761266172373,-0.11303234718128019,HOLD,0.0,1012207.7016048431,0.0,1012207.7016048431,0.0,0.0,True
2024-07-11,85.4597396850586,84.5458159026926,85.27781073228299,-0.7319948295903913,-0.762859867211868,0.030865037621476743,BUY,0.0,1012207.7016048431,0.0,1012207.7016048431,11700.0,85.4597396850586,True
2024-07-12,85.64633178710938,84.71512603875671,85.30510858819605,-0.5899825494393411,-0.7282844036573627,0.13830185421802155,HOLD,11700.0,12028.783603363088,1002062.0819091797,1014090.8655125428,0.0,0.0,True
2024-07-15,86.1128158569336,84.93015524155315,85.36493875625068,-0.4347835146975285,-0.6695842258653959,0.23480071116786738,HOLD,11700.0,12028.783603363088,1007519.945526123,1019548.7291294861,0.0,0.0,True
2024-07-16,87.37232208251953,85.30587321708644,85.51363381745577,-0.2077606003693262,-0.577219500766182,0.3694589003968558,HOLD,11700.0,12028.783603363088,1022256.1683654785,1034284.9519688416,0.0,0.0,True
2024-07-17,87.93209838867188,85.70990785886882,85.69277934124956,0.01712851761925549,-0.45834989708909457,0.47547841470835006,HOLD,11700.0,12028.783603363088,1028805.5511474609,1040834.334750824,0.0,0.0,True
2024-07-18,88.49188232421875,86.1379039304611,85.90012030295098,0.23778362751012594,-0.31912319216925045,0.5569068196793764,HOLD,11700.0,12028.783603363088,1035355.0231933594,1047383.8067967225,0.0,0.0,True
2024-07-19,90.45111083984375,86.80147422421228,86.23723071309118,0.5642435111211057,-0.14244985151117923,0.7066933626322849,HOLD,11700.0,12028.783603363088,1058277.9968261719,1070306.780429535,0.0,0.0,True
2024-07-22,94.18297576904297,87.93708984649393,86.82580442093946,1.1112854255544704,0.1082972039019507,1.0029882216525197,HOLD,11700.0,12028.783603363088,1101940.8164978027,1113969.600101166,0.0,0.0,True
2024-07-23,89.5647964477539,88.18750624668778,87.02869271922201,1.1588135274657674,0.31840046861471405,0.8404130588510533,HOLD,11700.0,12028.783603363088,1047908.1184387207,1059936.902042084,0.0,0.0,True
2024-07-24,88.0720443725586,88.16974288143713,87.10597802687657,1.06376485456056,0.4674733458038832,0.5962915087566768,HOLD,11700.0,12028.783603363088,1030442.9191589355,1042471.7027622986,0.0,0.0,True
2024-07-25,88.7251205444336,88.25518559882121,87.22591450965857,1.0292710891626484,0.5798328944756362,0.4494381946870122,HOLD,11700.0,12028.783603363088,1038083.910369873,1050112.6939732363,0.0,0.0,True
2024-07-26,89.84468078613281,88.49972331994607,87.41989719680481,1.0798261231412596,0.6798315402087609,0.3999945829324987,HOLD,11700.0,12028.783603363088,1051182.765197754,1063211.548801117,0.0,0.0,True
2024-07-29,88.0720443725586,88.43392655880953,87.4682043950088,0.9657221638007343,0.7370096649271556,0.2287124988735787,HOLD,11700.0,12028.783603363088,1030442.9191589355,1042471.7027622986,0.0,0.0,True
2024-07-30,88.2586441040039,88.40696002730098,87.52675548456399,0.8802045427369904,0.7656486404891225,0.11455590224786794,HOLD,11700.0,12028.783603363088,1032626.1360168457,1044654.9196202088,0.0,0.0,True
2024-07-31,92.36369323730469,89.0156882134554,87.88504716995219,1.1306410435032177,0.8386471210919416,0.2919939224112761,HOLD,11700.0,12028.783603363088,1080655.2108764648,1092683.994479828,0.0,0.0,True
2024-08-01,91.33743286132812,89.37287969774351,88.14077944338744,1.2321002543560695,0.9173377477447672,0.31476250661130234,HOLD,11700.0,12028.783603363088,1068647.964477539,1080676.7480809023,0.0,0.0,True
2024-08-02,89.61144256591797,89.40958167746265,88.24971745246378,1.15986422499887,0.9658430431955878,0.1940211818032822,HOLD,11700.0,12028.783603363088,1048453.8780212402,1060482.6616246034,0.0,0.0,True
2024-08-05,89.19160461425781,89.3760467446619,88.31948687185594,1.0565598728059626,0.9839864091176628,0.07257346368829987,HOLD,11700.0,12028.783603363088,1043541.7739868164,1055570.5575901796,0.0,0.0,True
2024-08-06,89.14495849609375,89.34049470642066,88.38063291809578,0.9598617883248721,0.9791614849591047,-0.019299696634232588,SELL,11700.0,12028.783603363088,1042996.0144042969,1055024.79800766,11700.0,89.14495849609375,True
2024-08-07,88.49188232421875,89.20993895531267,88.38887361484564,0.8210653404670296,0.9475422560606898,-0.12647691559366014,HOLD,0.0,1054711.8992033387,0.0,1054711.8992033387,0.0,0.0,True
2024-08-08,88.95836639404297,89.1712354843481,88.43105826515655,0.7401772191915512,0.9060692486868621,-0.1658920294953109,HOLD,0.0,1054711.8992033387,0.0,1054711.8992033387,0.0,0.0,True
2024-08-09,88.11869812011719,89.00930665908182,88.40792047663511,0.6013861824467028,0.8451326354388302,-0.24374645299212738,HOLD,0.0,1054711.8992033387,0.0,1054711.8992033387,0.0,0.0,True
2024-08-12,88.02539825439453,88.85793613528377,88.37958549720989,0.4783506380738771,0.7717762359658397,-0.29342559789196254,HOLD,0.0,1054711.8992033387,0.0,1054711.8992033387,0.0,0.0,True
2024-08-13,88.9117202758789,88.86621061845224,88.41900288822241,0.4472077302298345,0.7068625348186387,-0.2596548045888042,HOLD,0.0,1054711.8992033387,0.0,1054711.8992033387,0.0,0.0,True
2024-08-14,87.93209838867188,88.72250104463988,88.3829358882557,0.3395651563841824,0.6334030591317474,-0.29383790274756505,HOLD,0.0,1054711.8992033387,0.0,1054711.8992033387,0.0,0.0,True
2024-08-15,89.33155059814453,88.81620097594829,88.45320364454376,0.3629973314045287,0.5793219135863037,-0.21632458218177497,HOLD,0.0,1054711.8992033387,0.0,1054711.8992033387,0.0,0.0,True
2024-08-16,89.09831237792969,88.85960273009928,88.50098947664642,0.35861325345285877,0.5351801815596147,-0.1765669281067559,HOLD,0.0,1054711.8992033387,0.0,1054711.8992033387,0.0,0.0,True
2024-08-19,88.81842041015625,88.85326698856959,88.52450287912863,0.3287641094409537,0.4938969671358825,-0.1651328576949288,HOLD,0.0,1054711.8992033387,0.0,1054711.8992033387,0.0,0.0,True
2024-08-20,88.30529022216797,88.76896287066164,88.50826490453896,0.26069796612267737,0.4472571669332415,-0.18655920081056415,HOLD,0.0,1054711.8992033387,0.0,1054711.8992033387,0.0,0.0,True
2024-08-21,88.2586441040039,88.69045229117584,88.48977447486969,0.200677816306154,0.39794129680782403,-0.19726348050167003,HOLD,0.0,1054711.8992033387,0.0,1054711.8992033387,0.0,0.0,True
2024-08-22,87.37232208251953,88.48766302830565,88.4070002235845,0.08066280472114329,0.3344855983904879,-0.2538227936693446,HOLD,0.0,1054711.8992033387,0.0,1054711.8992033387,0.0,0.0,True
2024-08-23,89.09831237792969,88.58160908209396,88.45820853131379,0.12340055078017542,0.29226858886842544,-0.16886803808825002,HOLD,0.0,1054711.8992033387,0.0,1054711.8992033387,0.0,0.0,True
2024-08-26,88.28528594970703,88.53602090788058,88.44539945119476,0.09062145668582389,0.2519391624319051,-0.16131770574608123,HOLD,0.0,1054711.8992033387,0.0,1054711.8992033387,0.0,0.0,True
2024-08-27,88.28528594970703,88.49744629893081,88.4335391918253,0.06390710710550707,0.21433275136662552,-0.15042564426111846,HOLD,0.0,1054711.8992033387,0.0,1054711.8992033387,0.0,0.0,True
2024-08-28,88.14180755615234,88.44273264619567,88.41192944103472,0.030803205160950142,0.17762684212549046,-0.14682363696454032,HOLD,0.0,1054711.8992033387,0.0,1054711.8992033387,0.0,0.0,True
2024-08-29,89.86351013183594,88.66131379783263,88.51945393664961,0.14185986118302196,0.17047344593699676,-0.028613584753974797,HOLD,0.0,1054711.8992033387,0.0,1054711.8992033387,0.0,0.0,True
2024-08-30,92.25477600097656,89.21415413677785,88.79614445993309,0.4180096768447612,0.21998069211854965,0.19802898472621155,BUY,0.0,1054711.8992033387,0.0,1054711.8992033387,11300.0,92.25477600097656,True
2024-09-02,90.48523712158203,89.40970536520926,88.92126243487004,0.48844293033921815,0.27367313976268337,0.21476979057653478,HOLD,11300.0,11920.18670166016,1022483.179473877,1034403.3661755371,0.0,0.0,True
2024-09-03,91.44174194335938,89.72232637723235,89.10796462068407,0.6143617565482771,0.34181086311980213,0.27255089342847494,HOLD,11300.0,11920.18670166016,1033291.6839599609,1045211.8706616211,0.0,0.0,True
2024-09-04,91.44174194335938,89.9868518489442,89.28083701495632,0.7060148339878793,0.4146516572934176,0.29136317669446177,HOLD,11300.0,11920.18670166016,1033291.6839599609,1045211.8706616211,0.0,0.0,True
2024-09-05,91.3939208984375,90.2033240104047,89.43736174706603,0.7659622633386647,0.48491377850246703,0.28104848483619765,HOLD,11300.0,11920.18670166016,1032751.3061523438,1044671.4928540039,0.0,0.0,True
2024-09-06,91.15479278564453,90.34970382198006,89.56457886103482,0.7851249609452395,0.5449560149910215,0.240168945954218,HOLD,11300.0,11920.18670166016,1030049.1584777832,1041969.3451794434,0.0,0.0,True
2024-09-09,90.7721939086914,90.41470229685872,89.6540318275279,0.7606704693308188,0.588098905858981,0.17257156347183789,HOLD,11300.0,11920.18670166016,1025725.7911682129,1037645.977869873,0.0,0.0,True
2024-09-10,90.29393768310547,90.39612312551206,89.70143226127439,0.6946908642376712,0.6094172975347191,0.08527356670295216,HOLD,11300.0,11920.18670166016,1020321.4958190918,1032241.682520752,0.0,0.0,True
2024-09-11,90.86784362792969,90.4686955104994,89.78783310324886,0.6808624072505438,0.623706319477884,0.05715608777265979,HOLD,11300.0,11920.18670166016,1026806.6329956055,1038726.8196972656,0.0,0.0,True
2024-09-12,90.29393768310547,90.44180969090034,89.82532233138637,0.6164873595139682,0.6222625274851009,-0.005775167971132755,SELL,11300.0,11920.18670166016,1020321.4958190918,1032241.682520752,11300.0,90.29393768310547,True
2024-09-13,90.48523712158203,90.44849083408214,89.8742049084379,0.574285925644233,0.6126672071169273,-0.03838128147269437,HOLD,0.0,1031935.5860720063,0.0,1031935.5860720063,0.0,0.0,True
2024-09-18,90.58089447021484,90.46886062425641,89.92655228338434,0.5423083408720686,0.5985954338679556,-0.05628709299588697,HOLD,0.0,1031935.5860720063,0.0,1031935.5860720063,0.0,0.0,True
2024-09-19,92.493896484375,90.7804046027362,90.11672592790217,0.6636786748340313,0.6116120820611707,0.05206659277286063,BUY,0.0,1031935.5860720063,0.0,1031935.5860720063,11000.0,92.493896484375,True
2024-09-20,92.25477600097656,91.00723097169626,90.27510000738916,0.7321309643071032,0.6357158585103572,0.09641510579674606,HOLD,11000.0,14197.494885482825,1014802.5360107422,1029000.030896225,0.0,0.0,True
2024-09-23,92.35042572021484,91.21387631762221,90.42882783796884,0.7850484796533692,0.6655823827389595,0.11946609691440968,HOLD,11000.0,14197.494885482825,1015854.6829223633,1030052.1778078461,0.0,0.0,True
2024-09-24,99.572021484375,92.49974480481495,91.10610144140632,1.3936433634086285,0.8111945788728934,0.5824487845357351,HOLD,11000.0,14197.494885482825,1095292.236328125,1109489.7312136078,0.0,0.0,True
2024-09-25,101.19808197021484,93.83795052256878,91.8536555546514,1.9842949679173785,1.0458146566817905,0.938480311235588,HOLD,11000.0,14197.494885482825,1113178.9016723633,1127376.396557846,0.0,0.0,True
2024-09-26,107.51100158691406,95.94149684016037,93.01345896444863,2.9280378757117376,1.42225930048778,1.5057785752239576,HOLD,11000.0,14197.494885482825,1182621.0174560547,1196818.5123415375,0.0,0.0,True
2024-09-27,118.27166748046875,99.37690770790013,94.88443737304272,4.4924703348574155,2.0363015073617072,2.4561688274957083,HOLD,11000.0,14197.494885482825,1300988.3422851562,1315185.837170639,0.0,0.0,True
2024-09-30,130.08448791503906,104.10115081669073,97.4918485243017,6.609302292389032,2.9509016643671724,3.6584006280218593,HOLD,11000.0,14197.494885482825,1430929.3670654297,1445126.8619509125,0.0,0.0,True
2024-10-08,143.0929412841797,110.09988781168903,100.86970724725562,9.230180564433411,4.20675744438042,5.023423120052991,HOLD,11000.0,14197.494885482825,1574022.3541259766,1588219.8490114594,0.0,0.0,True
2024-10-09,145.1494140625,115.4921226195061,104.14968552986632,11.342437089639787,5.633893373432294,5.708543716207494,HOLD,11000.0,14197.494885482825,1596643.5546875,1610841.0495729828,0.0,0.0,True
2024-10-10,132.71487426757812,118.1417767192095,106.26562543636348,11.876151282846024,6.882344955315039,4.993806327530985,HOLD,11000.0,14197.494885482825,1459863.6169433594,1474061.1118288422,0.0,0.0,True
2024-10-11,134.72352600097656,120.69281507025059,108.37361807077926,12.31919699947133,7.969715364146298,4.3494816353250325,HOLD,11000.0,14197.494885482825,1481958.7860107422,1496156.280896225,0.0,0.0,True
2024-10-14,131.32794189453125,122.32898842783223,110.07393835402016,12.255050073812072,8.826782306079453,3.4282677677326188,HOLD,11000.0,14197.494885482825,1444607.3608398438,1458804.8557253266,0.0,0.0,True
2024-10-15,127.78887939453125,123.16897165347822,111.38615620887283,11.78281544460539,9.417988933784642,2.3648265108207482,HOLD,11000.0,14197.494885482825,1405677.6733398438,1419875.1682253266,0.0,0.0,True
2024-10-16,126.3062973022461,123.65163713790406,112.491351845419,11.160285292485057,9.766448205524725,1.3938370869603318,HOLD,11000.0,14197.494885482825,1389369.270324707,1403566.7652101899,0.0,0.0,True
2024-10-17,125.11067199707031,123.87610403931424,113.42611630109687,10.449987738217374,9.903156112063254,0.5468316261541197,HOLD,11000.0,14197.494885482825,1376217.3919677734,1390414.8868532563,0.0,0.0,True
2024-10-18,133.48007202148438,125.35363757503274,114.91159450260706,10.442043072425676,10.010933504135739,0.4311095682899371,HOLD,11000.0,14197.494885482825,1468280.7922363281,1482478.287121811,0.0,0.0,True
2024-10-21,131.32794189453125,126.27276131649404,116.12762023534219,10.145141081151849,10.037775019538962,0.1073660616128862,HOLD,11000.0,14197.494885482825,1444607.3608398438,1458804.8557253266,0.0,0.0,True
2024-10-22,132.332275390625,127.20499425097573,117.32796506165944,9.87702918931629,10.00562585349443,-0.12859666417813997,SELL,11000.0,14197.494885482825,1455655.029296875,1469852.5241823578,11000.0,132.332275390625,True
2024-10-23,131.85401916503906,127.92022885313932,118.4039690693172,9.516259783822122,9.907752639559968,-0.3914928557378463,HOLD,0.0,1469415.8276735689,0.0,1469415.8276735689,0.0,0.0,True
2024-10-24,130.4670867919922,128.31205315142438,119.2975333450709,9.014519806353476,9.72910607291867,-0.7145862665651936,HOLD,0.0,1469415.8276735689,0.0,1469415.8276735689,0.0,0.0,True
2024-10-25,131.5192413330078,128.80546671782184,120.20284504788104,8.602621669940802,9.503809192323097,-0.901187522382294,HOLD,0.0,1469415.8276735689,0.0,1469415.8276735689,0.0,0.0,True
2024-10-28,131.47142028808594,129.2156134209394,121.03755432493325,8.178059096006152,9.238659173059709,-1.0606000770535573,HOLD,0.0,1469415.8276735689,0.0,1469415.8276735689,0.0,0.0,True
2024-10-29,130.22796630859375,129.37136001904008,121.71832558298217,7.653034436057908,8.921534225659348,-1.2684997896014405,HOLD,0.0,1469415.8276735689,0.0,1469415.8276735689,0.0,0.0,True
2024-10-30,131.32794189453125,129.6723726152695,122.43014901346729,7.242223601802209,8.58567210088792,-1.3434484990857118,HOLD,0.0,1469415.8276735689,0.0,1469415.8276735689,0.0,0.0,True
2024-10-31,134.48440551757812,130.41268536947084,123.32305690266068,7.089628466810154,8.286463374072367,-1.1968349072622129,HOLD,0.0,1469415.8276735689,0.0,1469415.8276735689,0.0,0.0,True
2024-11-01,133.67137145996094,130.91402169108468,124.08959872171997,6.8244229693647185,7.994055293130838,-1.1696323237661197,HOLD,0.0,1469415.8276735689,0.0,1469415.8276735689,0.0,0.0,True
2024-11-04,138.97998046875,132.1549384261101,125.19258996224072,6.9623484638693895,7.787713927278549,-0.8253654634091596,HOLD,0.0,1469415.8276735689,0.0,1469415.8276735689,0.0,0.0,True
2024-11-05,145.72332763671875,134.2423829200499,126.71338534553539,7.528997574514506,7.735970656725741,-0.20697308221123567,HOLD,0.0,1469415.8276735689,0.0,1469415.8276735689,0.0,0.0,True
2024-11-06,148.64065551757812,136.4575017812081,128.3376275805015,8.11987420070659,7.812751365521911,0.3071228351846793,BUY,0.0,1469415.8276735689,0.0,1469415.8276735689,9700.0,148.64065551757812,True
2024-11-07,163.51429748535156,140.6200857356917,130.9433068327126,9.676778902979095,8.185556873013349,1.491222029965746,HOLD,9700.0,27168.924845504807,1586088.6856079102,1613257.610453415,0.0,0.0,True
2024-11-08,166.81422424316406,144.64995319837976,133.60041182607938,11.049541372300382,8.758353772870755,2.2911875994296267,HOLD,9700.0,27168.924845504807,1618097.9751586914,1645266.9000041962,0.0,0.0,True
2024-11-11,166.81422424316406,148.05984105142352,136.06069422734492,11.999146824078593,9.406512383112323,2.59263444096627,HOLD,9700.0,27168.924845504807,1618097.9751586914,1645266.9000041962,0.0,0.0,True
2024-11-12,162.2708282470703,150.2461467738307,138.00218563621348,12.24396113761722,9.974002134013304,2.2699590036039154,HOLD,9700.0,27168.924845504807,1574027.033996582,1601195.9588420868,0.0,0.0,True
2024-11-13,157.44049072265625,151.35296891980386,139.4420600870611,11.910908832742763,10.361383473759197,1.5495253589835656,HOLD,9700.0,27168.924845504807,1527172.7600097656,1554341.6848552704,0.0,0.0,True
2024-11-14,156.24485778808594,152.10556720723187,140.6867117686185,11.418855438613377,10.572877866730034,0.8459775718833438,HOLD,9700.0,27168.924845504807,1515575.1205444336,1542744.0453899384,0.0,0.0,True
2024-11-15,148.87979125976562,151.60929398454476,141.2936065457405,10.315687438804275,10.521439781144883,-0.2057523423406078,SELL,9700.0,27168.924845504807,1444133.9752197266,1471302.9000652314,9700.0,148.87979125976562,True
2024-11-18,146.67982482910156,150.85091411447658,141.6925856778413,9.158328436635287,10.248817512242965,-1.0904890756076782,HOLD,0.0,1470869.6598726655,0.0,1470869.6598726655,0.0,0.0,True
2024-11-19,149.69281005859375,150.6727442597254,142.28519489123036,8.38754936849503,9.876563883493379,-1.489014514998349,HOLD,0.0,1470869.6598726655,0.0,1470869.6598726655,0.0,0.0,True
2024-11-20,151.797119140625,150.84572501063303,142.98978187266698,7.855943137966051,9.472439734387914,-1.6164965964218627,HOLD,0.0,1470869.6598726655,0.0,1470869.6598726655,0.0,0.0,True
2024-11-21,152.51449584960938,151.10245898586015,143.69531624132938,7.407142744530773,9.059380336416487,-1.6522375918857133,HOLD,0.0,1470869.6598726655,0.0,1470869.6598726655,0.0,0.0,True
2024-11-22,145.05377197265625,150.17189175305955,143.79594259179802,6.375949161261531,8.522694101385497,-2.146744940123966,HOLD,0.0,1470869.6598726655,0.0,1470869.6598726655,0.0,0.0,True
2024-11-25,141.8494873046875,148.89152183792538,143.65176071867873,5.239761119246651,7.8661075049577285,-2.626346385711077,HOLD,0.0,1470869.6598726655,0.0,1470869.6598726655,0.0,0.0,True
2024-11-26,142.1364288330078,147.85227676024576,143.53951391233272,4.312762847913035,7.15543857354879,-2.842675725635755,HOLD,0.0,1470869.6598726655,0.0,1470869.6598726655,0.0,0.0,True
2024-11-27,144.8146514892578,147.38494979547838,143.6339685476605,3.75098124781789,6.474547108402611,-2.7235658605847206,HOLD,0.0,1470869.6598726655,0.0,1470869.6598726655,0.0,0.0,True
2024-11-28,142.8538055419922,146.6878506795574,143.57617869538876,3.1116719841686518,5.801972083555819,-2.6903000993871675,HOLD,0.0,1470869.6598726655,0.0,1470869.6598726655,0.0,0.0,True
2024-11-29,147.0624237060547,146.74547729901852,143.8344190665492,2.9110582324693155,5.223789313338519,-2.312731080869203,HOLD,0.0,1470869.6598726655,0.0,1470869.6598726655,0.0,0.0,True
2024-12-02,149.54933166503906,147.17683950917552,144.2577459256966,2.9190935834789116,4.762850167366598,-1.8437565838876866,HOLD,0.0,1470869.6598726655,0.0,1470869.6598726655,0.0,0.0,True
2024-12-03,148.64065551757812,147.40204197200669,144.58240589546563,2.819636076541059,4.374207349201491,-1.5545712726604322,HOLD,0.0,1470869.6598726655,0.0,1470869.6598726655,0.0,0.0,True
2024-12-04,147.3015594482422,147.38658312219675,144.78382467715278,2.6027584450439747,4.019917568369988,-1.4171591233260132,HOLD,0.0,1470869.6598726655,0.0,1470869.6598726655,0.0,0.0,True
2024-12-05,147.77980041503906,147.44707809032633,145.0057488058851,2.441329284441224,3.7041999115842357,-1.2628706271430117,HOLD,0.0,1470869.6598726655,0.0,1470869.6598726655,0.0,0.0,True
2024-12-06,149.40586853027344,147.74843046570282,145.33168360028424,2.416746865418588,3.4467093023511066,-1.0299624369325184,HOLD,0.0,1470869.6598726655,0.0,1470869.6598726655,0.0,0.0,True
2024-12-09,148.8319549560547,147.91512654114157,145.59096295997094,2.3241635811706374,3.222200158115013,-0.8980365769443757,HOLD,0.0,1470869.6598726655,0.0,1470869.6598726655,0.0,0.0,True
2024-12-10,150.5536651611328,148.32105555960177,145.95857053042738,2.362485029174394,3.0502571323268897,-0.6877721031524957,HOLD,0.0,1470869.6598726655,0.0,1470869.6598726655,0.0,0.0,True
2024-12-11,149.8841094970703,148.5615253961354,146.24935119462316,2.3121742015122493,2.902640546163962,-0.5904663446517127,HOLD,0.0,1470869.6598726655,0.0,1470869.6598726655,0.0,0.0,True
2024-12-12,151.41452026367188,149.00044768344873,146.631956310849,2.3684913725997205,2.795810711451114,-0.4273193388513934,HOLD,0.0,1470869.6598726655,0.0,1470869.6598726655,0.0,0.0,True
2024-12-13,145.48419189453125,148.4594852543845,146.5469367244551,1.9125485299294098,2.619158275146773,-0.7066097452173632,HOLD,0.0,1470869.6598726655,0.0,1470869.6598726655,0.0,0.0,True
2024-12-16,143.6190185546875,147.71479806981574,146.3300538970649,1.3847441727508567,2.3722754546675895,-0.9875312819167328,HOLD,0.0,1470869.6598726655,0.0,1470869.6598726655,0.0,0.0,True
2024-12-17,144.5755157470703,147.23183155862415,146.2000881081764,1.031743450447749,2.1041690538236213,-1.0724256033758723,HOLD,0.0,1470869.6598726655,0.0,1470869.6598726655,0.0,0.0,True
2024-12-18,144.8624725341797,146.8673147856327,146.10100547306556,0.766309312567131,1.8365971055723231,-1.0702877930051922,HOLD,0.0,1470869.6598726655,0.0,1470869.6598726655,0.0,0.0,True
2024-12-19,145.05377197265625,146.58830819902093,146.0234326211834,0.5648755778375403,1.5822528000253666,-1.0173772221878263,HOLD,0.0,1470869.6598726655,0.0,1470869.6598726655,0.0,0.0,True
2024-12-20,146.25894165039062,146.5376364223086,146.040877734458,0.49675868785058697,1.3651539775904107,-0.8683952897398237,HOLD,0.0,1470869.6598726655,0.0,1470869.6598726655,0.0,0.0,True
2024-12-23,144.23426818847656,146.18327207864212,145.90705480512605,0.2762172735160675,1.147366636775542,-0.8711493632594745,HOLD,0.0,1470869.6598726655,0.0,1470869.6598726655,0.0,0.0,True
2024-12-24,146.16253662109375,146.18008200825005,145.92597938408662,0.254102624163437,0.968713834253121,-0.714611210089684,HOLD,0.0,1470869.6598726655,0.0,1470869.6598726655,0.0,0.0,True
2024-12-25,145.0537872314453,146.00680588874164,145.86137255796504,0.1454333307765978,0.8040577335578163,-0.6586244027812185,HOLD,0.0,1470869.6598726655,0.0,1470869.6598726655,0.0,0.0,True
2024-12-26,145.343017578125,145.90468461018523,145.8229758927917,0.08170871739352492,0.6595879303249581,-0.5778792129314332,HOLD,0.0,1470869.6598726655,0.0,1470869.6598726655,0.0,0.0,True
2024-12-27,145.6804656982422,145.87018939296323,145.81241958208435,0.05776981087888089,0.5392243064357427,-0.4814544955568618,HOLD,0.0,1470869.6598726655,0.0,1470869.6598726655,0.0,0.0,True
2024-12-30,147.07846069335938,146.05607728533187,145.90620040514176,0.14987688019010648,0.46135482118661547,-0.311477940996509,HOLD,0.0,1470869.6598726655,0.0,1470869.6598726655,0.0,0.0,True
2024-12-31,140.6187744140625,145.21956915129041,145.51453922061737,-0.2949700693269506,0.3100898430839023,-0.6050599124108529,HOLD,0.0,1470869.6598726655,0.0,1470869.6598726655,0.0,0.0,True
2025-01-02,132.3272247314453,143.23613154823732,144.53770111030832,-1.3015695620709948,-0.012242037947077122,-1.2893275241239177,HOLD,0.0,1470869.6598726655,0.0,1470869.6598726655,0.0,0.0,True
2025-01-03,130.0133056640625,141.20185064297965,143.46181996614197,-2.2599693231623235,-0.4617874949901264,-1.798181828172197,HOLD,0.0,1470869.6598726655,0.0,1470869.6598726655,0.0,0.0,True
2025-01-06,130.44717407226562,139.54728501671596,142.49777212215113,-2.9504871054351725,-0.9595274170791357,-1.9909596883560368,HOLD,0.0,1470869.6598726655,0.0,1470869.6598726655,0.0,0.0,True
2025-01-07,130.92922973632812,138.22143035819477,141.6408430565346,-3.4194126983398405,-1.4515044733312767,-1.9679082250085638,HOLD,0.0,1470869.6598726655,0.0,1470869.6598726655,0.0,0.0,True
2025-01-08,130.06150817871094,136.96605771519725,140.7831145470662,-3.817056831868939,-1.9246149450388093,-1.8924418868301298,HOLD,0.0,1470869.6598726655,0.0,1470869.6598726655,0.0,0.0,True
2025-01-09,129.62765502929688,135.8370726865972,139.95678421241664,-4.11971152581944,-2.3636342611949357,-1.7560772646245044,HOLD,0.0,1470869.6598726655,0.0,1470869.6598726655,0.0,0.0,True
2025-01-10,127.55477142333984,134.5628724922499,139.03811659841094,-4.475244106161028,-2.7859562301881544,-1.689287875972874,HOLD,0.0,1470869.6598726655,0.0,1470869.6598726655,0.0,0.0,True
2025-01-13,127.7957992553711,133.52178430196085,138.20535235077836,-4.683568048817506,-3.165478593914025,-1.518089454903481,HOLD,0.0,1470869.6598726655,0.0,1470869.6598726655,0.0,0.0,True
2025-01-14,133.5323944091797,133.52341662614836,137.85920731806735,-4.335790691918987,-3.3995410135150177,-0.9362496784039696,HOLD,0.0,1470869.6598726655,0.0,1470869.6598726655,0.0,0.0,True
2025-01-15,131.9415740966797,133.28005623699934,137.42086411648307,-4.140807879483731,-3.5477943867087607,-0.5930134927749702,HOLD,0.0,1470869.6598726655,0.0,1470869.6598726655,0.0,0.0,True
2025-01-16,131.36309814453125,132.98513960738887,136.97214071115332,-3.9870011037644417,-3.635635730119897,-0.35136537364454457,HOLD,0.0,1470869.6598726655,0.0,1470869.6598726655,0.0,0.0,True
2025-01-17,131.65232849121094,132.7800917433615,136.57808054671312,-3.7979888033516147,-3.6681063447662408,-0.12988245858537395,HOLD,0.0,1470869.6598726655,0.0,1470869.6598726655,0.0,0.0,True
2025-01-20,132.08619689941406,132.6733386904465,136.24534842469097,-3.5720097342444603,-3.648887022661885,0.0768772884174247,BUY,0.0,1470869.6598726655,0.0,1470869.6598726655,11000.0,132.08619689941406,True
2025-01-21,132.18260192871094,132.59784072710258,135.94440423980356,-3.346563512700982,-3.5884223206697046,0.24185880796872272,HOLD,11000.0,17485.609529342735,1454008.6212158203,1471494.230745163,0.0,0.0,True
2025-01-22,131.2666778564453,132.39304643930916,135.59790598918443,-3.204859549875266,-3.5117097665108172,0.3068502166355511,HOLD,11000.0,17485.609529342735,1443933.4564208984,1461419.0659502412,0.0,0.0,True
2025-01-23,132.3272247314453,132.38292002271473,135.35563330342598,-2.972713280711247,-3.4039104693509037,0.43119718863965684,HOLD,11000.0,17485.609529342735,1455599.4720458984,1473085.0815752412,0.0,0.0,True
2025-01-24,132.76109313964844,132.441100502243,135.16344514314616,-2.7223446409031737,-3.2675973036613577,0.545252662758184,HOLD,11000.0,17485.609529342735,1460372.0245361328,1477857.6340654755,0.0,0.0,True
2025-01-27,129.8204803466797,132.03792817061787,134.76766997303753,-2.729741802419653,-3.1600262034130173,0.4302844009933642,HOLD,11000.0,17485.609529342735,1428025.2838134766,1445510.8933428193,0.0,0.0,True
2025-02-05,129.91690063476562,131.71161624202523,134.40835372575813,-2.6967374837329032,-3.0673684594769948,0.37063097574409154,HOLD,11000.0,17485.609529342735,1429085.9069824219,1446571.5165117646,0.0,0.0,True
2025-02-06,131.9415740966797,131.74699437351055,134.22562930878937,-2.4786349352788193,-2.94962175463736,0.4709868193585409,HOLD,11000.0,17485.609529342735,1451357.3150634766,1468842.9245928193,0.0,0.0,True
2025-02-07,135.6534881591797,132.34799341745963,134.3313966310405,-1.983403213580857,-2.7563780464260597,0.7729748328452026,HOLD,11000.0,17485.609529342735,1492188.3697509766,1509673.9792803193,0.0,0.0,True
2025-02-10,135.70169067382812,132.86394684151634,134.4328998934692,-1.5689530519528603,-2.51889304753142,0.9499399955785597,HOLD,11000.0,17485.609529342735,1492718.5974121094,1510204.206941452,0.0,0.0,True
2025-02-11,134.83396911621094,133.16702719146934,134.46260872478342,-1.2955815333140777,-2.274230744687952,0.9786492113738743,HOLD,11000.0,17485.609529342735,1483173.6602783203,1500659.269807663,0.0,0.0,True
2025-02-12,136.28016662597656,133.64597171985508,134.59724264339033,-0.9512709235352474,-2.009638780457411,1.0583678569221635,HOLD,11000.0,17485.609529342735,1499081.8328857422,1516567.442415085,0.0,0.0,True
2025-02-13,135.55706787109375,133.93998651235336,134.6683408084054,-0.7283542960520322,-1.7533818835763353,1.0250275875243031,HOLD,11000.0,17485.609529342735,1491127.7465820312,1508613.356111374,0.0,0.0,True
2025-02-14,136.1355438232422,134.27776456018242,134.77702251320812,-0.49925795302570464,-1.5025570974662092,1.0032991444405046,HOLD,11000.0,17485.609529342735,1497490.982055664,1514976.5915850068,0.0,0.0,True
2025-02-17,136.3765869140625,134.6006603069332,134.89550876512325,-0.2948484581900459,-1.2610153696109767,0.9661669114209308,HOLD,11000.0,17485.609529342735,1500142.4560546875,1517628.0655840302,0.0,0.0,True
2025-02-18,132.76109313964844,134.31764997350479,134.73740390397697,-0.4197539304721829,-1.0927630817832181,0.6730091513110352,HOLD,11000.0,17485.609529342735,1460372.0245361328,1477857.6340654755,0.0,0.0,True
2025-02-19,134.93038940429688,134.41191757824203,134.7516991262229,-0.3397815479808628,-0.9421667750227471,0.6023852270418844,HOLD,11000.0,17485.609529342735,1484234.2834472656,1501719.8929766084,0.0,0.0,True
2025-02-20,134.4483184814453,134.41751771719638,134.729226485869,-0.31170876867261654,-0.8160751737527211,0.5043664050801046,HOLD,11000.0,17485.609529342735,1478931.5032958984,1496417.1128252412,0.0,0.0,True
2025-02-21,137.1960906982422,134.8449904835111,134.911957168267,-0.06696668475589718,-0.6662534759533563,0.5992867911974591,HOLD,11000.0,17485.609529342735,1509156.997680664,1526642.6072100068,0.0,0.0,True
2025-02-24,136.6658172607422,135.1251176800082,135.0418727306726,0.083244949335608,-0.5163537908955634,0.5995987402311714,HOLD,11000.0,17485.609529342735,1503323.989868164,1520809.5993975068,0.0,0.0,True
2025-02-25,134.15907287597656,134.97649540246488,134.97648014884325,1.525362162624333e-05,-0.4130799819921255,0.4130952356137517,HOLD,11000.0,17485.609529342735,1475749.8016357422,1493235.411165085,0.0,0.0,True
2025-02-26,137.14788818359375,135.31055583033086,135.1373251884544,0.17323064187644377,-0.29581785721841164,0.4690484990948554,HOLD,11000.0,17485.609529342735,1508626.7700195312,1526112.379548874,0.0,0.0,True
2025-02-27,136.1355438232422,135.4374770600095,135.2112673095498,0.22620975045970226,-0.19141233568278887,0.41762208614249113,HOLD,11000.0,17485.609529342735,1497490.982055664,1514976.5915850068,0.0,0.0,True
2025-02-28,131.74874877929688,134.86998040143834,134.954784455457,-0.08480405401866165,-0.17009067934996344,0.0852866253313018,HOLD,11000.0,17485.609529342735,1449236.2365722656,1466721.8461016084,0.0,0.0,True
2025-03-03,131.89337158203125,134.41204058306803,134.72801313149955,-0.31597254843151745,-0.19926705316627424,-0.11670549526524321,SELL,11000.0,17485.609529342735,1450827.0874023438,1468312.6969316865,11000.0,131.89337158203125,True
2025-03-04,131.89337158203125,134.024553044447,134.51803968339078,-0.49348663894377864,-0.2581109703217751,-0.23537566862200354,HOLD,0.0,1467877.4488054658,0.0,1467877.4488054658,0.0,0.0,True
2025-03-05,131.7969512939453,133.68184508283136,134.3164775804689,-0.6346324976375399,-0.3334152757849281,-0.30121722185261185,HOLD,0.0,1467877.4488054658,0.0,1467877.4488054658,0.0,0.0,True
2025-03-06,134.9785919189453,133.88134459607966,134.36552308702272,-0.48417849094306575,-0.36356791881655565,-0.12061057212651011,HOLD,0.0,1467877.4488054658,0.0,1467877.4488054658,0.0,0.0,True
2025-03-07,132.95391845703125,133.73866365161066,134.26095978109743,-0.5222961294867616,-0.3953135609505969,-0.12698256853616474,HOLD,0.0,1467877.4488054658,0.0,1467877.4488054658,0.0,0.0,True
2025-03-10,131.31488037109375,133.3657739161465,134.0427316766527,-0.6769577605061841,-0.45164240086171437,-0.2253153596444697,HOLD,0.0,1467877.4488054658,0.0,1467877.4488054658,0.0,0.0,True
2025-03-11,131.6041259765625,133.09475115621052,133.86209421738675,-0.7673430611762342,-0.5147825329246184,-0.2525605282516158,HOLD,0.0,1467877.4488054658,0.0,1467877.4488054658,0.0,0.0,True
2025-03-12,131.6041259765625,132.86542420549543,133.69483731065904,-0.82941310516361,-0.5777086473724167,-0.2517044577911933,HOLD,0.0,1467877.4488054658,0.0,1467877.4488054658,0.0,0.0,True
2025-03-13,130.63999938964844,132.5230511569036,133.46855302021382,-0.945501863310227,-0.6512672905599788,-0.2942345727502482,HOLD,0.0,1467877.4488054658,0.0,1467877.4488054658,0.0,0.0,True
2025-03-14,135.3160400390625,132.9527417541588,133.60540391049892,-0.6526621563401136,-0.6515462637160058,-0.0011158926241078282,HOLD,0.0,1467877.4488054658,0.0,1467877.4488054658,0.0,0.0,True
2025-03-17,134.30369567871094,133.16058081947452,133.65712922666276,-0.4965484071882429,-0.6205466924104532,0.12399828522221035,BUY,0.0,1467877.4488054658,0.0,1467877.4488054658,10800.0,134.30369567871094,True
2025-03-18,134.73756408691406,133.40319362984982,133.73716143853324,-0.33396780868341125,-0.5632309156650449,0.22926310698163366,HOLD,10800.0,16962.391501388745,1455165.6921386719,1472128.0836400606,0.0,0.0,True
2025-03-19,134.64114379882812,133.59364750200035,133.80412309485138,-0.2104755928510258,-0.4926798511022411,0.2822042582512153,HOLD,10800.0,16962.391501388745,1454124.3530273438,1471086.7445287325,0.0,0.0,True
2025-03-20,133.43597412109375,133.56939005878394,133.77685280049894,-0.20746274171500545,-0.435636429224794,0.22817368750978856,HOLD,10800.0,16962.391501388745,1441108.5205078125,1458070.9120092012,0.0,0.0,True
2025-03-21,130.59178161621094,133.11129645223426,133.5409216016628,-0.4296251494285457,-0.4344341732655444,0.004809023836998716,HOLD,10800.0,16962.391501388745,1410391.2414550781,1427353.6329564669,0.0,0.0,True
2025-03-24,131.0738525390625,132.79784354251552,133.3581757451739,-0.5603322026583726,-0.45961377914411006,-0.10071842351426252,SELL,10800.0,16962.391501388745,1415597.607421875,1432559.9989232637,10800.0,131.0738525390625,True
2025-03-25,130.2543487548828,132.40653665211047,133.12826263478195,-0.7217259826714724,-0.5120362198495826,-0.20968976282188978,HOLD,0.0,1432135.3196410371,0.0,1432135.3196410371,0.0,0.0,True
2025-03-26,130.06150817871094,132.04576304081826,132.90109563803594,-0.8553325972176822,-0.5806954953232025,-0.27463710189447965,HOLD,0.0,1432135.3196410371,0.0,1432135.3196410371,0.0,0.0,True
2025-03-27,129.6758575439453,131.6811621951455,132.66218911254776,-0.9810269174022608,-0.6607617797390142,-0.3202651376632466,HOLD,0.0,1432135.3196410371,0.0,1432135.3196410371,0.0,0.0,True
2025-03-28,129.1938018798828,131.29849137741277,132.40527153975776,-1.1067801623449895,-0.7499654562602093,-0.3568147060847803,HOLD,0.0,1432135.3196410371,0.0,1432135.3196410371,0.0,0.0,True
2025-03-31,127.84400939941406,130.7670326115668,132.06740027010267,-1.300367658535862,-0.8600458967153398,-0.4403217618205221,HOLD,0.0,1432135.3196410371,0.0,1432135.3196410371,0.0,0.0,True
2025-04-01,127.45835876464844,130.25800586588707,131.72598978821716,-1.4679839223300917,-0.9816335018382902,-0.48635042049180144,HOLD,0.0,1432135.3196410371,0.0,1432135.3196410371,0.0,0.0,True
2025-04-02,127.94042205810547,129.90145451084373,131.44557736376444,-1.544122852920708,-1.0941313720547738,-0.4499914808659342,HOLD,0.0,1432135.3196410371,0.0,1432135.3196410371,0.0,0.0,True
2025-04-03,127.45835876464844,129.5255936268137,131.150227837904,-1.6246342110902958,-1.2002319398618784,-0.42440227122841745,HOLD,0.0,1432135.3196410371,0.0,1432135.3196410371,0.0,0.0,True
2025-04-07,115.79235076904297,127.41278703331051,130.01260731428468,-2.5998202809741713,-1.480149608084337,-1.1196706728898342,HOLD,0.0,1432135.3196410371,0.0,1432135.3196410371,0.0,0.0,True
2025-04-08,118.10626983642578,125.9810151568667,129.13065638999885,-3.1496412331321437,-1.8140479330938986,-1.3355933000382452,HOLD,0.0,1432135.3196410371,0.0,1432135.3196410371,0.0,0.0,True
2025-04-09,119.986328125,125.0587556135026,128.45329874073968,-3.3945431272370854,-2.130146971922536,-1.2643961553145493,HOLD,0.0,1432135.3196410371,0.0,1432135.3196410371,0.0,0.0,True
2025-04-10,121.19149017333984,124.4637916996314,127.91538699500636,-3.4515952953749576,-2.3944366366130208,-1.0571586587619368,HOLD,0.0,1432135.3196410371,0.0,1432135.3196410371,0.0,0.0,True
2025-04-11,122.25203704833984,124.12352175327885,127.49587959154958,-3.37235783827073,-2.5900208769445627,-0.7823369613261675,HOLD,0.0,1432135.3196410371,0.0,1432135.3196410371,0.0,0.0,True
2025-04-14,121.62535095214844,123.73918778387417,127.06102561826062,-3.321837834386443,-2.7363842684329387,-0.5854535659535043,HOLD,0.0,1432135.3196410371,0.0,1432135.3196410371,0.0,0.0,True
2025-04-15,121.046875,123.32498581712429,126.61553297987095,-3.2905471627466625,-2.8472168472956834,-0.4433303154509791,HOLD,0.0,1432135.3196410371,0.0,1432135.3196410371,0.0,0.0,True
2025-04-16,121.23970031738281,123.00417266331792,126.21732315301998,-3.213150489702059,-2.9204035757769584,-0.29274691392510066,HOLD,0.0,1432135.3196410371,0.0,1432135.3196410371,0.0,0.0,True
2025-04-17,121.33611297607422,122.74754809604966,125.85575202880177,-3.1082039327521187,-2.9579636471719906,-0.15024028558012814,HOLD,0.0,1432135.3196410371,0.0,1432135.3196410371,0.0,0.0,True
2025-04-18,121.23970031738281,122.5155715147163,125.51382227240038,-2.998250757684076,-2.9660210692744076,-0.032229688409668444,HOLD,0.0,1432135.3196410371,0.0,1432135.3196410371,0.0,0.0,True
2025-04-21,121.62535095214844,122.37861450509047,125.22578735978912,-2.8471728546986554,-2.9422514263592574,0.09507857166060196,BUY,0.0,1432135.3196410371,0.0,1432135.3196410371,11600.0,121.62535095214844,True
2025-04-22,120.90225219726562,122.15148184234819,124.90552549589849,-2.7540436535502977,-2.9046098717974655,0.15056621824716787,HOLD,11600.0,20857.992374801775,1402466.1254882812,1423324.117863083,0.0,0.0,True
2025-04-23,121.1432876586914,121.99637504486253,124.62684121166092,-2.630466166798385,-2.8497811307976493,0.2193149639992642,HOLD,11600.0,20857.992374801775,1405262.1368408203,1426120.129215622,0.0,0.0,True
2025-04-24,120.5166015625,121.76871758603752,124.32237901542678,-2.5536614293892512,-2.79055719051597,0.23689576112671862,HOLD,11600.0,20857.992374801775,1397992.578125,1418850.5704998018,0.0,0.0,True
2025-04-25,121.4807357788086,121.72441269261769,124.11188692382542,-2.387474231207733,-2.7099405986543226,0.3224663674465895,HOLD,11600.0,20857.992374801775,1409176.5350341797,1430034.5274089815,0.0,0.0,True
2025-04-28,121.1432876586914,121.63500884124443,123.89199068196363,-2.256981840719206,-2.6193488470672994,0.3623670063480935,HOLD,11600.0,20857.992374801775,1405262.1368408203,1426120.129215622,0.0,0.0,True
2025-04-29,120.56480407714844,121.47036195446043,123.64553241494028,-2.1751704604798476,-2.530513169749809,0.35534270926996125,HOLD,11600.0,20857.992374801775,1398551.7272949219,1419409.7196697237,0.0,0.0,True
2025-04-30,120.90225219726562,121.38296045335353,123.4423264728903,-2.0593660195367676,-2.436283739707201,0.37691772017043323,HOLD,11600.0,20857.992374801775,1402466.1254882812,1423324.117863083,0.0,0.0,True
2025-05-06,122.97513580322266,121.62791050717955,123.40771975661862,-1.7798092494390687,-2.3049888416535746,0.5251795922145059,HOLD,11600.0,20857.992374801775,1426511.5753173828,1447369.5676921846,0.0,0.0,True
2025-05-07,123.74644470214844,121.95383884486706,123.43281049332454,-1.478971648457474,-2.1397854030143546,0.6608137545568806,HOLD,11600.0,20857.992374801775,1435458.7585449219,1456316.7509197237,0.0,0.0,True
2025-05-08,124.66236877441406,122.37053575710507,123.52388888451635,-1.153353127411279,-1.9424989478937396,0.7891458204824606,HOLD,11600.0,20857.992374801775,1446083.4777832031,1466941.470158005,0.0,0.0,True
2025-05-09,123.16796875,122.49321775601199,123.49752443010775,-1.0043066740957585,-1.7548604931341434,0.7505538190383849,HOLD,11600.0,20857.992374801775,1428748.4375,1449606.4298748018,0.0,0.0,True
2025-05-12,126.78346252441406,123.15325541268923,123.74092725190822,-0.5876718392189844,-1.5214227623511116,0.9337509231321273,HOLD,11600.0,20857.992374801775,1470688.1652832031,1491546.157658005,0.0,0.0,True
2025-05-13,125.77112579345703,123.55600470203814,123.89131232905999,-0.335307627021848,-1.284199735285259,0.948892108263411,HOLD,11600.0,20857.992374801775,1458945.0592041016,1479803.0515789033,0.0,0.0,True
2025-05-14,130.49537658691406,124.62360037663444,124.38050227408621,0.24309810254823105,-0.9787401677185611,1.221838270266792,HOLD,11600.0,20857.992374801775,1513746.3684082031,1534604.360783005,0.0,0.0,True
2025-05-15,128.1332550048828,125.1635472425188,124.65848395784893,0.5050632846698733,-0.6819794772408743,1.1870427619107475,HOLD,11600.0,20857.992374801775,1486345.7580566406,1507203.7504314424,0.0,0.0,True
2025-05-16,126.34960174560547,125.3460171660706,124.7837519421272,0.562265223943399,-0.4331305370040196,0.9953957609474186,HOLD,11600.0,20857.992374801775,1465655.3802490234,1486513.3726238252,0.0,0.0,True
2025-05-19,125.86753845214844,125.42625121008257,124.864032424351,0.5622187857315737,-0.23406067245690096,0.7962794581884747,HOLD,11600.0,20857.992374801775,1460063.4460449219,1480921.4384197237,0.0,0.0,True
2025-05-20,125.77112579345703,125.47930883829403,124.93122452576625,0.5480843125277772,-0.07763167545996531,0.6257159879877425,HOLD,11600.0,20857.992374801775,1458945.0592041016,1479803.0515789033,0.0,0.0,True
2025-05-21,125.53009033203125,125.48712137579207,124.97558495585996,0.5115364199321135,0.040201943618450454,0.47133447631366304,HOLD,11600.0,20857.992374801775,1456149.0478515625,1477007.0402263643,0.0,0.0,True
2025-05-22,125.28905487060547,125.45664960576336,124.99880494954482,0.45784465621854054,0.12373048613846849,0.33411417008007205,HOLD,11600.0,20857.992374801775,1453353.0364990234,1474211.0288738252,0.0,0.0,True
2025-05-23,123.74644470214844,125.19354115905337,124.90603752381176,0.28750363524160605,0.156485115959096,0.13101851928251004,HOLD,11600.0,20857.992374801775,1435458.7585449219,1456316.7509197237,0.0,0.0,True
2025-05-26,123.50540924072266,124.93382855623327,124.80228728061998,0.1315412756132872,0.15149634788993424,-0.01995507227664703,SELL,11600.0,20857.992374801775,1432662.7471923828,1453520.7395671846,11600.0,123.50540924072266,True
2025-05-27,122.97513580322266,124.63249120961625,124.6669427267387,-0.03445151712244865,0.11430677488745766,-0.1487582920099063,HOLD,0.0,1453090.9407430268,0.0,1453090.9407430268,0.0,0.0,True
2025-05-28,122.5412826538086,124.31076681641507,124.50948642504017,-0.19871960862509752,0.051701498184946626,-0.25042110681004415,HOLD,0.0,1453090.9407430268,0.0,1453090.9407430268,0.0,0.0,True
2025-05-29,123.89106750488281,124.24619769156395,124.46367761613962,-0.21747992457567022,-0.00213478636717674,-0.2153451382084935,HOLD,0.0,1453090.9407430268,0.0,1453090.9407430268,0.0,0.0,True
2025-05-30,123.02334594726562,124.0580666539796,124.3569863814082,-0.2989197274286113,-0.06149177457946365,-0.23742795284914764,HOLD,0.0,1453090.9407430268,0.0,1453090.9407430268,0.0,0.0,True
2025-06-03,123.36079406738281,123.95079394834931,124.28319435814707,-0.3324004097977564,-0.1156735016231222,-0.21672690817463422,HOLD,0.0,1453090.9407430268,0.0,1453090.9407430268,0.0,0.0,True
2025-06-04,124.80699157714844,124.08251666047227,124.32199415214717,-0.23947749167490429,-0.14043429963347864,-0.09904319204142564,HOLD,0.0,1453090.9407430268,0.0,1453090.9407430268,0.0,0.0,True
2025-06-05,126.20498657226562,124.40905049305586,124.46147507215593,-0.052424579100076585,-0.12283235552679823,0.07040777642672165,BUY,0.0,1453090.9407430268,0.0,1453090.9407430268,11300.0,126.20498657226562,True
2025-06-06,125.24085235595703,124.53702001042527,124.51920672280787,0.01781328761740042,-0.0947032268979585,0.11251651451535892,HOLD,11300.0,26546.7575719452,1415221.6316223145,1441768.3891942597,0.0,0.0,True
2025-06-09,127.41014862060547,124.97903979660683,124.73335056708916,0.2456892295176658,-0.02662473561483364,0.27231396513249945,HOLD,11300.0,26546.7575719452,1439734.6794128418,1466281.436984787,0.0,0.0,True
2025-06-10,125.09622955322266,124.99706898993233,124.76023049198794,0.23683849794439027,0.026067911097011145,0.21077058684737912,HOLD,11300.0,26546.7575719452,1413587.393951416,1440134.1515233612,0.0,0.0,True
2025-06-11,127.16911315917969,125.331229631355,124.93866624511327,0.3925633862417328,0.09936700612595549,0.2931963801157773,HOLD,11300.0,26546.7575719452,1437010.9786987305,1463557.7362706757,0.0,0.0,True
2025-06-12,127.45835876464844,125.6584802672463,125.1253101354492,0.5331701317971067,0.18612763126018575,0.347042500536921,HOLD,11300.0,26546.7575719452,1440279.4540405273,1466826.2116124725,0.0,0.0,True
2025-06-13,126.78346252441406,125.83155446065673,125.24813623833549,0.5834182223212423,0.26558574947239705,0.31783247284884525,HOLD,11300.0,26546.7575719452,1432653.126525879,1459199.884097824,0.0,0.0,True
2025-06-16,128.6153106689453,126.25982464654729,125.49755656652881,0.7622680800184725,0.36492221558161214,0.3973458644368603,HOLD,11300.0,26546.7575719452,1453353.010559082,1479899.7681310272,0.0,0.0,True
2025-06-17,128.71173095703125,126.63704100200636,125.73564355841788,0.9013974435884791,0.47221726118298557,0.4291801824054935,HOLD,11300.0,26546.7575719452,1454442.5598144531,1480989.3173863983,0.0,0.0,True
2025-06-18,127.16911315917969,126.7188982569561,125.84182649180764,0.8770717651484574,0.5531881619760799,0.3238836031723775,HOLD,11300.0,26546.7575719452,1437010.9786987305,1463557.7362706757,0.0,0.0,True
2025-06-19,124.90340423583984,126.43959148447667,125.77231373210633,0.6672777523703388,0.5760060800549317,0.09127167231540712,HOLD,11300.0,26546.7575719452,1411408.4678649902,1437955.2254369354,0.0,0.0,True
2025-06-20,124.75878143310547,126.18100532272726,125.69723726551368,0.48376805721358096,0.5575584754866616,-0.07379041827308064,SELL,11300.0,26546.7575719452,1409774.2301940918,1436320.987766037,11300.0,124.75878143310547,True
2025-06-23,126.44601440429688,126.22177595066104,125.75270223875688,0.4690737119041586,0.5398615227701611,-0.0707878108660025,HOLD,0.0,1435898.0554969788,0.0,1435898.0554969788,0.0,0.0,True
2025-06-24,129.7240753173828,126.760591237849,126.04687802235881,0.7137132154901877,0.5746318613141664,0.1390813541760213,BUY,0.0,1435898.0554969788,0.0,1435898.0554969788,10900.0,129.7240753173828,True
2025-06-25,135.1232147216797,128.04714869689988,126.71919925934554,1.327949437554338,0.7252953765622008,0.6026540609921371,HOLD,10900.0,21481.43681121827,1472843.0404663086,1494324.4772775269,0.0,0.0,True
2025-06-26,132.90570068359375,128.7946182333143,127.17745862410467,1.6171596092096365,0.9036682230916879,0.7134913861179486,HOLD,10900.0,21481.43681121827,1448672.1374511719,1470153.5742623901,0.0,0.0,True
2025-06-27,132.95391845703125,129.4345105754246,127.60534453765479,1.8291660377698236,1.088767786027315,0.7403982517425085,HOLD,10900.0,21481.43681121827,1449197.7111816406,1470679.147992859,0.0,0.0,True
2025-06-30,133.14674377441406,130.00562337526915,128.0158185551925,1.9898048200766425,1.2689751928371806,0.7208296272394619,HOLD,10900.0,21481.43681121827,1451299.5071411133,1472780.9439523316,0.0,0.0,True
2025-07-01,132.03799438476562,130.31829583826863,128.31375750553124,2.0045383327373827,1.416087820817221,0.5884505119201617,HOLD,10900.0,21481.43681121827,1439214.1387939453,1460695.5756051636,0.0,0.0,True
2025-07-02,131.50772094726562,130.50128431657586,128.55034739010415,1.9509369264717122,1.5230576419481192,0.42787928452359303,HOLD,10900.0,21481.43681121827,1433434.1583251953,1454915.5951364136,0.0,0.0,True
2025-07-03,133.3877716064453,130.94535928424807,128.90867510983313,2.036684174414944,1.6257829484414843,0.4109012259734597,HOLD,10900.0,21481.43681121827,1453926.710510254,1475408.1473214722,0.0,0.0,True
2025-07-04,133.33956909179688,131.3136992546402,129.23688947886748,2.076809775772716,1.7159883139077308,0.3608214618649854,HOLD,10900.0,21481.43681121827,1453401.303100586,1474882.7399118042,0.0,0.0,True
2025-07-07,133.96624755859375,131.7217836090946,129.58721229958795,2.13457130950664,1.7997049130275127,0.3348663964791274,HOLD,10900.0,21481.43681121827,1460232.0983886719,1481713.5351998901,0.0,0.0,True
2025-07-08,135.07501220703125,132.23766493185408,129.99371599643558,2.2439489354185014,1.8885537175057105,0.35539521791279083,HOLD,10900.0,21481.43681121827,1472317.6330566406,1493799.069867859,0.0,0.0,True
2025-07-09,134.0626678466797,132.518434611058,130.29511983719442,2.223314773863592,1.9555059287772871,0.267808845086305,HOLD,10900.0,21481.43681121827,1461283.0795288086,1482764.5163400269,0.0,0.0,True
2025-07-10,136.08734130859375,133.06749717990965,130.7241732795203,2.3433239003893505,2.0330695230997,0.31025437728965066,HOLD,10900.0,21481.43681121827,1483352.0202636719,1504833.4570748901,0.0,0.0,True
2025-07-11,138.1602325439453,133.85099492822283,131.2749924842925,2.576002443930321,2.141656107265824,0.43434633666449685,HOLD,10900.0,21481.43681121827,1505946.534729004,1527427.9715402222,0.0,0.0,True
2025-07-14,136.95506286621094,134.32854384175948,131.6957384385087,2.632805403250785,2.2398859664628166,0.3929194367879685,HOLD,10900.0,21481.43681121827,1492810.1852416992,1514291.6220529175,0.0,0.0,True
2025-07-15,136.1355438232422,134.60654383891065,132.02461291145192,2.5819309274587283,2.308294958661999,0.27363596879672913,HOLD,10900.0,21481.43681121827,1483877.4276733398,1505358.864484558,0.0,0.0,True
2025-07-16,135.36424255371094,134.72311287195686,132.2719928849526,2.4511199870042617,2.336859964330452,0.11426002267380975,HOLD,10900.0,21481.43681121827,1475470.2438354492,1496951.6806466675,0.0,0.0,True
2025-07-17,136.1837615966797,134.94782806037574,132.56175353026572,2.3860745301100224,2.3467028774863663,0.03937165262365605,HOLD,10900.0,21481.43681121827,1484403.0014038086,1505884.4382150269,0.0,0.0,True
2025-07-18,136.61761474609375,135.204718319717,132.86218769440114,2.3425306253158453,2.3458684270522623,-0.0033378017364169565,SELL,10900.0,21481.43681121827,1489132.0007324219,1510613.4375436401,10900.0,136.61761474609375,True
2025-07-21,139.3171844482422,135.83740541641316,133.3403356020931,2.4970698143200707,2.376108704505824,0.1209611098142469,BUY,0.0,1510166.6979434204,0.0,1510166.6979434204,10700.0,139.3171844482422,True
2025-07-22,139.46180725097656,136.39500569865368,133.79377794645484,2.601227752198838,2.4211325140444266,0.18009523815441142,HOLD,10700.0,19025.61618515011,1492241.3375854492,1511266.9537705993,0.0,0.0,True
2025-07-23,143.5593719482422,137.49721589089808,134.51715527992056,2.9800606109775174,2.532918133431045,0.4471424775464725,HOLD,10700.0,19025.61618515011,1536085.2798461914,1555110.8960313415,0.0,0.0,True
2025-07-24,144.812744140625,138.62268177547145,135.2797914918246,3.3428902836468524,2.694912563474207,0.6479777201726455,HOLD,10700.0,19025.61618515011,1549496.3623046875,1568521.9784898376,0.0,0.0,True
2025-07-25,143.17372131347656,139.3228417043953,135.86452703416919,3.458314670226116,2.847592984824589,0.6107216854015269,HOLD,10700.0,19025.61618515011,1531958.8180541992,1550984.4342393493,0.0,0.0,True
2025-07-28,144.42709350585938,140.10811121231285,136.49879121725735,3.6093199950555004,2.999938386870771,0.6093816081847292,HOLD,10700.0,19025.61618515011,1545369.9005126953,1564395.5166978454,0.0,0.0,True
2025-07-29,144.37889099121094,140.76515425522024,137.0825023116243,3.6826519435959426,3.1364810982158056,0.546170845380137,HOLD,10700.0,19025.61618515011,1544854.133605957,1563879.7497911071,0.0,0.0,True
2025-07-30,143.5593719482422,141.19503390030053,137.56227043285526,3.6327634674452725,3.235737572061699,0.39702589538357325,HOLD,10700.0,19025.61618515011,1536085.2798461914,1555110.8960313415,0.0,0.0,True
2025-07-31,139.8956756591797,140.9951326324358,137.73511526443485,3.2600173680009448,3.2405935312495484,0.01942383675139636,HOLD,10700.0,19025.61618515011,1496883.7295532227,1515909.3457383728,0.0,0.0,True
2025-08-01,138.59408569335938,140.62574079565482,137.79874270361444,2.826998092040384,3.157874443407716,-0.33087635136733207,SELL,10700.0,19025.61618515011,1482956.7169189453,1501982.3331040954,10700.0,138.59408569335938,True
2025-08-04,139.3654022216797,140.4318425535048,137.91479155680446,2.517050996700334,3.0297097540662397,-0.5126587573659056,HOLD,0.0,1501537.4460890198,0.0,1501537.4460890198,0.0,0.0,True
2025-08-05,140.66697692871094,140.46801707276728,138.11865713990863,2.349359932858647,2.8936397898247215,-0.5442798569660745,HOLD,0.0,1501537.4460890198,0.0,1501537.4460890198,0.0,0.0,True
2025-08-06,140.570556640625,140.48379239089923,138.3002793251469,2.1835130657523223,2.751614445010242,-0.5681013792579197,HOLD,0.0,1501537.4460890198,0.0,1501537.4460890198,0.0,0.0,True
2025-08-07,140.32952880859375,140.460059532083,138.45059410169853,2.0094654303844663,2.603184642085087,-0.5937192117006207,HOLD,0.0,1501537.4460890198,0.0,1501537.4460890198,0.0,0.0,True
2025-08-08,139.2207794189453,140.26940105313872,138.50764486593906,1.7617561871996656,2.434898951108003,-0.6731427639083374,HOLD,0.0,1501537.4460890198,0.0,1501537.4460890198,0.0,0.0,True
2025-08-11,141.631103515625,140.47889373967507,138.7390121733232,1.739881566351869,2.2958954741567763,-0.5560139078049073,HOLD,0.0,1501537.4460890198,0.0,1501537.4460890198,0.0,0.0,True
2025-08-12,142.11317443847656,140.7303215394907,138.98895011889013,1.741371420600558,2.1849906634455327,-0.4436192428449748,HOLD,0.0,1501537.4460890198,0.0,1501537.4460890198,0.0,0.0,True
2025-08-13,142.78807067871094,141.04689833013995,139.27036645665464,1.776531873485311,2.1032989054534887,-0.3267670319681777,HOLD,0.0,1501537.4460890198,0.0,1501537.4460890198,0.0,0.0,True
2025-08-14,142.9326934814453,141.33702066111002,139.54164993997247,1.7953707211375445,2.0417132685903,-0.2463425474527554,HOLD,0.0,1501537.4460890198,0.0,1501537.4460890198,0.0,0.0,True
2025-08-15,149.9226531982422,142.6578872052842,140.31061314428877,2.3472740609954315,2.1028254270713265,0.24444863392410499,BUY,0.0,1501537.4460890198,0.0,1501537.4460890198,9900.0,149.9226531982422,True
2025-08-18,152.81504821777344,144.22052736105178,141.23686759417652,2.983659766875263,2.278992295032114,0.7046674718431492,HOLD,9900.0,16857.90914642322,1512868.977355957,1529726.8865023803,0.0,0.0,True
2025-08-19,149.53700256347656,145.03844662296328,141.85169240671726,3.1867542162460154,2.460544679274894,0.7262095369711212,HOLD,9900.0,16857.90914642322,1480416.325378418,1497274.2345248412,0.0,0.0,True
2025-08-20,150.16368103027344,145.82694422408792,142.46739526772143,3.3595489563664955,2.6403455346932145,0.719203421673281,HOLD,9900.0,16857.90914642322,1486620.442199707,1503478.3513461303,0.0,0.0,True
2025-08-21,148.8621063232422,146.29389223934243,142.9410775681304,3.3528146712120304,2.782839361996978,0.5699753092150526,HOLD,9900.0,16857.90914642322,1473734.8526000977,1490592.7617465209,0.0,0.0,True
2025-08-22,155.2253875732422,147.66796844455777,143.85102645739795,3.8169419871598222,2.9896598870295468,0.8272821001302755,HOLD,9900.0,16857.90914642322,1536731.3369750977,1553589.2461215209,0.0,0.0,True
2025-08-25,156.2952423095703,148.9952413468674,144.7728202242255,4.22242112264189,3.236212134152016,0.9862089884898744,HOLD,9900.0,16857.90914642322,1547322.898864746,1564180.8080111693,0.0,0.0,True
2025-08-26,154.05828857421875,149.77417168953684,145.4606326945954,4.313538994941439,3.451677506309901,0.8618614886315381,HOLD,9900.0,16857.90914642322,1525177.0568847656,1542034.9660311888,0.0,0.0,True
2025-08-27,150.216552734375,149.84223031181963,145.8129230679124,4.029307243907226,3.567203453829366,0.46210379007785995,HOLD,9900.0,16857.90914642322,1487143.8720703125,1504001.7812167357,0.0,0.0,True
2025-08-28,153.18295288085938,150.35618763013343,146.35885120220476,3.9973364279286727,3.6532300486492275,0.3441063792794452,HOLD,9900.0,16857.90914642322,1516511.2335205078,1533369.142666931,0.0,0.0,True
2025-08-29,153.085693359375,150.7761115884783,146.8571358064396,3.9189757820387,3.706379195327122,0.212596586711578,HOLD,9900.0,16857.90914642322,1515548.3642578125,1532406.2734042357,0.0,0.0,True
2025-09-01,151.57818603515625,150.89950765719797,147.206843230789,3.6926644264089816,3.7036362415434945,-0.010971815134512841,SELL,9900.0,16857.90914642322,1500624.0417480469,1517481.95089447,9900.0,151.57818603515625,True
2025-09-02,149.68162536621094,150.71214115089228,147.39016042600542,3.3219807248868563,3.6273051382121673,-0.305324413325311,HOLD,0.0,1517031.7636819456,0.0,1517031.7636819456,0.0,0.0,True
2025-09-03,144.8673095703125,149.81293629234153,147.20328258484298,2.609653707498552,3.423774852069444,-0.8141211445708922,HOLD,0.0,1517031.7636819456,0.0,1517031.7636819456,0.0,0.0,True
2025-09-04,143.7488250732422,148.87999610478778,146.94739684324293,1.9325992615448513,3.125539733964526,-1.1929404724196746,HOLD,0.0,1517031.7636819456,0.0,1517031.7636819456,0.0,0.0,True
2025-09-05,145.06182861328125,148.29258572147907,146.80772512250505,1.4848605989740236,2.7974039069664256,-1.312543307992402,HOLD,0.0,1517031.7636819456,0.0,1517031.7636819456,0.0,0.0,True
2025-09-08,143.2139129638672,147.51125145107724,146.54151681445782,0.969734636619421,2.431870052897025,-1.462135416277604,HOLD,0.0,1517031.7636819456,0.0,1517031.7636819456,0.0,0.0,True
2025-09-09,143.55430603027344,146.90249061710742,146.32024194155528,0.5822486755521368,2.0619457774280474,-1.4796971018759106,HOLD,0.0,1517031.7636819456,0.0,1517031.7636819456,0.0,0.0,True
2025-09-10,143.35980224609375,146.35746163695148,146.10095011226184,0.25651152468964256,1.7008589268803664,-1.4443474021907239,HOLD,0.0,1517031.7636819456,0.0,1517031.7636819456,0.0,0.0,True
2025-09-11,147.49330139160156,146.53220621458996,146.2040872440648,0.3281189705251677,1.4263109356093266,-1.098191965084159,HOLD,0.0,1517031.7636819456,0.0,1517031.7636819456,0.0,0.0,True
2025-09-12,144.8186798095703,146.26858676766386,146.10146447113928,0.16712229652458177,1.1744732077923778,-1.007350911267796,HOLD,0.0,1517031.7636819456,0.0,1517031.7636819456,0.0,0.0,True
2025-09-15,143.89471435546875,145.90337562732617,145.93800149960813,-0.03462587228196412,0.9326533917775095,-0.9672792640594736,HOLD,0.0,1517031.7636819456,0.0,1517031.7636819456,0.0,0.0,True
2025-09-16,142.38720703125,145.36242661254522,145.67497968713718,-0.31255307459196047,0.6836120985036156,-0.9961651730955761,HOLD,0.0,1517031.7636819456,0.0,1517031.7636819456,0.0,0.0,True
2025-09-17,140.97694396972656,144.6877369751885,145.32697704140307,-0.639240066214569,0.4190416655599787,-1.0582817317745477,HOLD,0.0,1517031.7636819456,0.0,1517031.7636819456,0.0,0.0,True
2025-09-18,137.86465454101562,143.63803198531576,144.77421241174474,-1.1361804264289788,0.10799724716218723,-1.244177673591166,HOLD,0.0,1517031.7636819456,0.0,1517031.7636819456,0.0,0.0,True
2025-09-19,137.67013549804688,142.7198940641975,144.24798449221157,-1.5280904280140817,-0.21922028787306655,-1.3088701401410152,HOLD,0.0,1517031.7636819456,0.0,1517031.7636819456,0.0,0.0,True
2025-09-22,139.9557342529297,142.2946387086178,143.93004003004253,-1.6354013214247232,-0.5024564945833979,-1.1329448268413254,HOLD,0.0,1517031.7636819456,0.0,1517031.7636819456,0.0,0.0,True
2025-09-23,138.59410095214844,141.72532520762252,143.53478528353185,-1.8094600759093282,-0.7638572108485839,-1.0456028650607443,HOLD,0.0,1517031.7636819456,0.0,1517031.7636819456,0.0,0.0,True
2025-09-24,139.51806640625,141.3857469304883,143.23725055188135,-1.85150362139305,-0.9813864929574773,-0.8701171284355728,HOLD,0.0,1517031.7636819456,0.0,1517031.7636819456,0.0,0.0,True
2025-09-25,139.61532592773438,141.11337446852616,142.96895983898156,-1.855585370455401,-1.1562262684570621,-0.699359101998339,HOLD,0.0,1517031.7636819456,0.0,1517031.7636819456,0.0,0.0,True
2025-09-26,139.66395568847656,140.89038696390315,142.72414471672192,-1.8337577528187694,-1.2917325653294036,-0.5420251874893658,HOLD,0.0,1517031.7636819456,0.0,1517031.7636819456,0.0,0.0,True
2025-09-29,147.88233947753906,141.96607196600098,143.1062332175232,-1.1401612515222155,-1.2614183025679662,0.12125705104575069,BUY,0.0,1517031.7636819456,0.0,1517031.7636819456,10100.0,147.88233947753906,True
2025-09-30,145.40223693847656,142.49471273099724,143.27630756722345,-0.7815948362262191,-1.1654536092996168,0.3838587730733978,HOLD,10100.0,22972.051470184233,1468562.5930786133,1491534.6445487975,0.0,0.0,True
2025-10-09,144.18649291992188,142.75498660621642,143.34372870446037,-0.5887420982439551,-1.0501113070884847,0.4613692088445296,HOLD,10100.0,22972.051470184233,1456283.578491211,1479255.6299613952,0.0,0.0,True
2025-10-10,144.33238220214844,142.99766285174442,143.4169622968817,-0.419299445137284,-0.9239489346982446,0.5046494895609606,HOLD,10100.0,22972.051470184233,1457757.0602416992,1480729.1117118835,0.0,0.0,True
2025-10-13,141.9981689453125,142.8438945584472,143.31186649306176,-0.4679719346145532,-0.8327535346815064,0.36478160006695315,HOLD,10100.0,22972.051470184233,1434181.5063476562,1457153.5578178405,0.0,0.0,True
2025-10-14,141.1714630126953,142.58659739756231,143.1533180871087,-0.5667206895463721,-0.7795469656544796,0.21282627610810745,HOLD,10100.0,22972.051470184233,1425831.7764282227,1448803.827898407,0.0,0.0,True
2025-10-15,144.38101196289062,142.86266117684357,143.24425837420364,-0.38159719736006537,-0.6999570119955967,0.3183598146355313,HOLD,10100.0,22972.051470184233,1458248.2208251953,1481220.2722953795,0.0,0.0,True
2025-10-16,144.18649291992188,143.06632759885562,143.31405352573833,-0.24772592688270834,-0.609510794973019,0.36178486809031063,HOLD,10100.0,22972.051470184233,1456283.578491211,1479255.6299613952,0.0,0.0,True
2025-10-17,141.46324157714844,142.81969898013145,143.1769563443613,-0.357257364229838,-0.5590601088243828,0.20180274459454484,HOLD,10100.0,22972.051470184233,1428778.7399291992,1451750.7913993835,0.0,0.0,True
2025-10-20,142.14405822753906,142.71575424896338,143.10044537274482,-0.3846911237814368,-0.5241863118157937,0.1394951880343569,HOLD,10100.0,22972.051470184233,1435654.9880981445,1458627.0395683288,0.0,0.0,True
2025-10-21,142.7762451171875,142.72506053638247,143.07643053899983,-0.35137000261735807,-0.48962304997610656,0.1382530473587485,HOLD,10100.0,22972.051470184233,1442040.0756835938,1465012.127153778,0.0,0.0,True
2025-10-22,141.9495391845703,142.6057495591806,142.99295710533838,-0.3872075461577822,-0.46913994921244173,0.08193240305465954,HOLD,10100.0,22972.051470184233,1433690.3457641602,1456662.3972343444,0.0,0.0,True
2025-10-23,143.55430603027344,142.7516813239641,143.03453850718543,-0.28285718322132425,-0.43188339601421827,0.14902621279289402,HOLD,10100.0,22972.051470184233,1449898.4909057617,1472870.542375946,0.0,0.0,True
2025-10-24,145.25634765625,143.13701460585423,143.1991169626717,-0.06210235681746212,-0.3579271881748671,0.29582483135740495,HOLD,10100.0,22972.051470184233,1467089.111328125,1490061.1627983092,0.0,0.0,True
2025-10-27,145.83990478515625,143.5528438642084,143.39473087544835,0.15811298876005253,-0.2547191527878832,0.41283214154793574,HOLD,10100.0,22972.051470184233,1472983.0383300781,1495955.0898002624,0.0,0.0,True
2025-10-28,145.88853454589844,143.9121808921607,143.57945707325948,0.33272381890122915,-0.13723055845006077,0.4699543773512899,HOLD,10100.0,22972.051470184233,1473474.1989135742,1496446.2503837585,0.0,0.0,True
2025-10-29,147.347412109375,144.44067800250136,143.85856485371247,0.582113148788892,0.00663818299772978,0.5754749657911622,HOLD,10100.0,22972.051470184233,1488208.8623046875,1511180.9137748717,0.0,0.0,True
2025-10-30,144.33238220214844,144.42401711013937,143.89366243507808,0.5303546750612895,0.11138148141044173,0.4189731936508478,HOLD,10100.0,22972.051470184233,1457757.0602416992,1480729.1117118835,0.0,0.0,True
2025-10-31,142.87350463867188,144.1854767299136,143.81809519089987,0.36738153901373494,0.16258149293110036,0.20480004608263458,HOLD,10100.0,22972.051470184233,1443022.396850586,1465994.4483207702,0.0,0.0,True
2025-11-03,142.09542846679688,143.86393084328026,143.69049024837372,0.17344059490653763,0.1647533133261878,0.008687281580349815,HOLD,10100.0,22972.051470184233,1435163.8275146484,1458135.8789848327,0.0,0.0,True
2025-11-04,141.41461181640625,143.48711253145348,143.52190666082058,-0.03479412936709991,0.12484382478753028,-0.1596379541546302,SELL,10100.0,22972.051470184233,1428287.5793457031,1451259.6308158874,10100.0,141.41461181640625,True
2025-11-05,141.31735229492188,143.15330326429478,143.35860633742067,-0.20530307312589002,0.05881444520484622,-0.26411751833073627,HOLD,0.0,1450831.1445420836,0.0,1450831.1445420836,0.0,0.0,True
2025-11-06,141.9495391845703,142.96810879049102,143.2542309927651,-0.2861222022740719,-0.010172884290937406,-0.2759493179831345,HOLD,0.0,1450831.1445420836,0.0,1450831.1445420836,0.0,0.0,True
2025-11-07,141.02557373046875,142.66925724279528,143.08914526963204,-0.41988802683675885,-0.0921159128001017,-0.3277721140366572,HOLD,0.0,1450831.1445420836,0.0,1450831.1445420836,0.0,0.0,True
2025-11-10,142.48446655273438,142.64082790586284,143.04435425356556,-0.4035263477027229,-0.15439799978062596,-0.24912834792209693,HOLD,0.0,1450831.1445420836,0.0,1450831.1445420836,0.0,0.0,True
2025-11-11,141.31735229492188,142.43721627341037,142.9164281825549,-0.4792119091445386,-0.2193607816534085,-0.2598511274911301,HOLD,0.0,1450831.1445420836,0.0,1450831.1445420836,0.0,0.0,True
2025-11-12,140.53929138183594,142.14522782855278,142.74034397509425,-0.5951161465414714,-0.2945118546310211,-0.3006042919104503,HOLD,0.0,1450831.1445420836,0.0,1450831.1445420836,0.0,0.0,True
2025-11-13,141.41461181640625,142.0328253651456,142.6421415929692,-0.609316227823598,-0.3574727292695365,-0.25184349855406146,HOLD,0.0,1450831.1445420836,0.0,1450831.1445420836,0.0,0.0,True
2025-11-14,139.27491760253906,141.60853186320614,142.39271759367807,-0.7841857304719326,-0.44281532951001573,-0.3413704009619169,HOLD,0.0,1450831.1445420836,0.0,1450831.1445420836,0.0,0.0,True
2025-11-17,137.57289123535156,140.98766407430543,142.03569341898722,-1.0480293446817939,-0.5638581325443714,-0.4841712121374224,HOLD,0.0,1450831.1445420836,0.0,1450831.1445420836,0.0,0.0,True
2025-11-18,137.23248291015625,140.40994389520554,141.6799000479627,-1.2699561527571461,-0.7050777365869264,-0.5648784161702197,HOLD,0.0,1450831.1445420836,0.0,1450831.1445420836,0.0,0.0,True
2025-11-19,137.6215057373047,139.98095340937465,141.3792782471732,-1.3983248377985547,-0.843727156829252,-0.5545976809693026,HOLD,0.0,1450831.1445420836,0.0,1450831.1445420836,0.0,0.0,True
2025-11-20,137.6215057373047,139.61796145982544,141.10092472792368,-1.4829632680982456,-0.9715743790830508,-0.5113888890151949,HOLD,0.0,1450831.1445420836,0.0,1450831.1445420836,0.0,0.0,True
2025-11-21,132.75856018066406,138.56266895533906,140.48297179849703,-1.9203028431579696,-1.1613200718980345,-0.7589827712599351,HOLD,0.0,1450831.1445420836,0.0,1450831.1445420836,0.0,0.0,True
2025-11-24,133.19622802734375,137.7370626587244,139.94321300063385,-2.2061503419094493,-1.3702861259003176,-0.8358642160091316,HOLD,0.0,1450831.1445420836,0.0,1450831.1445420836,0.0,0.0,True
2025-11-25,133.58526611328125,137.09832472865622,139.47225397194106,-2.3739292432848345,-1.571014749377221,-0.8029144939076134,HOLD,0.0,1450831.1445420836,0.0,1450831.1445420836,0.0,0.0,True
2025-11-26,134.2174530029297,136.65511369392905,139.083009455718,-2.4278957617889603,-1.742390951859569,-0.6855048099293912,HOLD,0.0,1450831.1445420836,0.0,1450831.1445420836,0.0,0.0,True
2025-11-27,134.1201934814453,136.26512596893156,138.71539345762375,-2.450267488692191,-1.8839662592260935,-0.5663012294660974,HOLD,0.0,1450831.1445420836,0.0,1450831.1445420836,0.0,0.0,True
2025-11-28,134.1688232421875,135.9426178571248,138.37861047870254,-2.4359926215777534,-1.9943715316964257,-0.44162108988132776,HOLD,0.0,1450831.1445420836,0.0,1450831.1445420836,0.0,0.0,True
2025-12-01,134.557861328125,135.72957839112482,138.0955920231042,-2.3660136319793708,-2.0686999517530147,-0.29731368022635607,HOLD,0.0,1450831.1445420836,0.0,1450831.1445420836,0.0,0.0,True
2025-12-02,133.09896850585938,135.32486917800705,137.72547176256754,-2.400602584560488,-2.135080478314509,-0.26552210624597894,HOLD,0.0,1450831.1445420836,0.0,1450831.1445420836,0.0,0.0,True
2025-12-03,132.02911376953125,134.8178298843954,137.30351931863893,-2.4856894342435396,-2.2052022695003153,-0.2804871647432243,HOLD,0.0,1450831.1445420836,0.0,1450831.1445420836,0.0,0.0,True
2025-12-04,132.2722625732422,134.426204144218,136.93083363379472,-2.504629489576729,-2.265087713515598,-0.23954177606113092,HOLD,0.0,1450831.1445420836,0.0,1450831.1445420836,0.0,0.0,True
2025-12-05,135.4818115234375,134.58860527948252,136.82349866265716,-2.2348933831746365,-2.2590488474474055,0.024155464272769045,BUY,0.0,1450831.1445420836,0.0,1450831.1445420836,10600.0,135.4818115234375,True
2025-12-08,139.5666961669922,135.35446541602246,137.0266984777931,-1.6722330617706405,-2.1416856903120527,0.46945262854141223,HOLD,10600.0,14293.110233001644,1479406.9793701172,1493700.0896031188,0.0,0.0,True
2025-12-09,138.739990234375,135.8753153880767,137.15360897828066,-1.2782935902039583,-1.969007270290434,0.6907136800864757,HOLD,10600.0,14293.110233001644,1470643.896484375,1484937.0067173766,0.0,0.0,True
2025-12-10,138.6913604736328,136.30855309354686,137.2675164964549,-0.95896340290804,-1.7669984968139554,0.8080350939059153,HOLD,10600.0,14293.110233001644,1470128.4210205078,1484421.5312535095,0.0,0.0,True
2025-12-11,137.57289123535156,136.5030666538245,137.2901368474843,-0.7870701936597868,-1.5710128361831217,0.7839426425233349,HOLD,10600.0,14293.110233001644,1458272.6470947266,1472565.7573277282,0.0,0.0,True
2025-12-12,138.15643310546875,136.75743072330823,137.35430694066832,-0.5968762173600908,-1.3761855124185156,0.7793092950584248,HOLD,10600.0,14293.110233001644,1464458.1909179688,1478751.3011509704,0.0,0.0,True
2025-12-15,138.83724975585938,137.07740288216226,137.4641545566084,-0.38675167444614544,-1.1782987448240416,0.7915470703778962,HOLD,10600.0,14293.110233001644,1471674.8474121094,1485967.957645111,0.0,0.0,True
2025-12-16,138.49684143066406,137.29577804347025,137.54064988061253,-0.24487183714228422,-0.9916133632876902,0.746741526145406,HOLD,10600.0,14293.110233001644,1468066.519165039,1482359.6293980407,0.0,0.0,True
2025-12-17,140.8796844482422,137.847148259589,137.78798577451101,0.05916248507799082,-0.781458193614554,0.8406206786925449,HOLD,10600.0,14293.110233001644,1493324.6551513672,1507617.7653843688,0.0,0.0,True
2025-12-18,138.739990234375,137.98450856340224,137.85850462338982,0.1260039400124242,-0.5999657668891585,0.7259697069015827,HOLD,10600.0,14293.110233001644,1470643.896484375,1484937.0067173766,0.0,0.0,True
2025-12-19,139.4694366455078,138.21295903757232,137.97783292132448,0.23512611624784086,-0.43294739026175866,0.6680735065095995,HOLD,10600.0,14293.110233001644,1478376.0284423828,1492669.1386753845,0.0,0.0,True
2025-12-22,139.32354736328125,138.38381877998907,138.07751547258053,0.30630330740854106,-0.2850972507276987,0.5914005581362398,HOLD,10600.0,14293.110233001644,1476829.6020507812,1491122.712283783,0.0,0.0,True
2025-12-23,139.22628784179688,138.51342940488257,138.16260972215213,0.35081968273044595,-0.15791386403606977,0.5087335467665157,HOLD,10600.0,14293.110233001644,1475798.6511230469,1490091.7613560485,0.0,0.0,True
2025-12-24,139.76121520996094,138.7053964518177,138.2810249434713,0.424371508346411,-0.04145678955957362,0.4658282979059846,HOLD,10600.0,14293.110233001644,1481468.881225586,1495761.9914585876,0.0,0.0,True
2025-12-25,140.8310546875,139.03242079576884,138.46991603562157,0.5625047601472772,0.07933552038179656,0.48316923976548065,HOLD,10600.0,14293.110233001644,1492809.1796875,1507102.2899205016,0.0,0.0,True
2025-12-26,141.51187133789062,139.41387472532602,138.69524605801186,0.7186286673141637,0.20719414976827,0.5114345175458938,HOLD,10600.0,14293.110233001644,1500025.8361816406,1514318.9464146423,0.0,0.0,True
2025-12-29,140.73379516601562,139.61693940850904,138.84624969564177,0.7706897128672665,0.3198932623880693,0.4507964504791972,HOLD,10600.0,14293.110233001644,1491778.2287597656,1506071.3389927673,0.0,0.0,True
2025-12-30,140.19888305664062,139.70646920052928,138.94644475941948,0.760024441109806,0.4079194981324167,0.35210494297738937,HOLD,10600.0,14293.110233001644,1486108.1604003906,1500401.2706333923,0.0,0.0,True
2025-12-31,139.61532592773438,139.69244715856084,138.995991512628,0.6964556459328435,0.465626727692502,0.23082891824034146,HOLD,10600.0,14293.110233001644,1479922.4548339844,1494215.565066986,0.0,0.0,True
2026-01-05,142.63035583496094,140.14443310877624,139.26520368465265,0.8792294241235936,0.5483472669787204,0.33088215714487323,HOLD,10600.0,14293.110233001644,1511881.771850586,1526174.8820835876,0.0,0.0,True
2026-01-06,146.81248474121094,141.17028720607388,139.82426154069398,1.3460256653798979,0.7078829466589559,0.638142718720942,HOLD,10600.0,14293.110233001644,1556212.338256836,1570505.4484898376,0.0,0.0,True
2026-01-07,143.45706176757812,141.52209867707452,140.0933578537965,1.4287408232780194,0.8520545219827687,0.5766863012952508,HOLD,10600.0,14293.110233001644,1520644.8547363281,1534937.9649693298,0.0,0.0,True
2026-01-08,138.7886199951172,141.10156349523493,139.99671060500543,1.1048528902294947,0.9026141956321139,0.20223869459738086,HOLD,10600.0,14293.110233001644,1471159.3719482422,1485452.4821812438,0.0,0.0,True
2026-01-09,138.93450927734375,140.7681705386363,139.91802902517864,0.8501415134576575,0.8921196591972227,-0.041978145739565154,SELL,10600.0,14293.110233001644,1472705.7983398438,1486998.9085728454,10600.0,138.93450927734375,True
2026-01-12,139.9557342529297,140.64318034083527,139.92082200501204,0.7223583358232304,0.8581673945224243,-0.1358090586991939,HOLD,0.0,1486557.0968333434,0.0,1486557.0968333434,0.0,0.0,True
2026-01-13,138.83724975585938,140.36534486622358,139.8405573939637,0.5247874722598738,0.7914914100699143,-0.26670393781004054,HOLD,0.0,1486557.0968333434,0.0,1486557.0968333434,0.0,0.0,True
2026-01-14,137.28111267089844,139.89084760540433,139.65096889595887,0.2398787094454633,0.6811688699450242,-0.44129016049956094,HOLD,0.0,1486557.0968333434,0.0,1486557.0968333434,0.0,0.0,True
2026-01-15,137.52426147460938,139.5267574314359,139.49343501289596,0.03332241853993878,0.5515995796640072,-0.5182771611240684,HOLD,0.0,1486557.0968333434,0.0,1486557.0968333434,0.0,0.0,True
2026-01-16,136.55166625976562,139.0690510973328,139.2755262163678,-0.20647511903501936,0.39998463992420186,-0.6064597589592212,HOLD,0.0,1486557.0968333434,0.0,1486557.0968333434,0.0,0.0,True
2026-01-19,135.72496032714844,138.55457559422752,139.0125213356849,-0.45794574145739375,0.22839856364788275,-0.6863443051052764,HOLD,0.0,1486557.0968333434,0.0,1486557.0968333434,0.0,0.0,True
2026-01-20,136.40577697753906,138.22399119166005,138.81942916100746,-0.5954379693474152,0.06363125704882315,-0.6590692263962383,HOLD,0.0,1486557.0968333434,0.0,1486557.0968333434,0.0,0.0,True
2026-01-21,135.870849609375,137.86196940977004,138.60101586088655,-0.7390464511165078,-0.09690428458424302,-0.6421421665322647,HOLD,0.0,1486557.0968333434,0.0,1486557.0968333434,0.0,0.0,True
2026-01-22,135.77359008789062,137.54068028332705,138.3915769147387,-0.8508966314116435,-0.24770275394972313,-0.6031938774619203,HOLD,0.0,1486557.0968333434,0.0,1486557.0968333434,0.0,0.0,True
2026-01-23,135.0441436767578,137.15659772847025,138.14361889711049,-0.9870211686402399,-0.3955664368878265,-0.5914547317524135,HOLD,0.0,1486557.0968333434,0.0,1486557.0968333434,0.0,0.0,True
2026-01-26,136.50303649902344,137.05604984701688,138.02209427502996,-0.9660444280130775,-0.5096620351128767,-0.4563823929002009,HOLD,0.0,1486557.0968333434,0.0,1486557.0968333434,0.0,0.0,True
2026-01-27,135.4818115234375,136.81385933569697,137.8339251823194,-1.0200658466224297,-0.6117427974147873,-0.4083230492076424,HOLD,0.0,1486557.0968333434,0.0,1486557.0968333434,0.0,0.0,True
2026-01-28,135.870849609375,136.66878091626282,137.6885121769161,-1.0197312606532876,-0.6933404900624874,-0.32639077059080013,HOLD,0.0,1486557.0968333434,0.0,1486557.0968333434,0.0,0.0,True
2026-01-29,138.88587951660156,137.00987300862263,137.77720605392986,-0.7673330453072253,-0.708139001111435,-0.05919404419579033,HOLD,0.0,1486557.0968333434,0.0,1486557.0968333434,0.0,0.0,True
2026-01-30,136.55166625976562,136.93937966264463,137.68642532843623,-0.7470456657916031,-0.7159203340474687,-0.031125331744134455,HOLD,0.0,1486557.0968333434,0.0,1486557.0968333434,0.0,0.0,True
2026-02-02,135.4818115234375,136.7151384104589,137.52312060214004,-0.807982191681134,-0.7343327055742018,-0.07364948610693223,HOLD,0.0,1486557.0968333434,0.0,1486557.0968333434,0.0,0.0,True
2026-02-03,136.01673889160156,136.6076923306347,137.41153677172977,-0.803844441095066,-0.7482350526783748,-0.055609388416691274,HOLD,0.0,1486557.0968333434,0.0,1486557.0968333434,0.0,0.0,True
2026-02-04,138.0105438232422,136.8235156371897,137.4559076644344,-0.6323920272446912,-0.7250664475916381,0.09267442034694684,BUY,0.0,1486557.0968333434,0.0,1486557.0968333434,10600.0,138.0105438232422,True
2026-02-05,137.57289123535156,136.93880419075307,137.46457311413195,-0.5257689233788767,-0.6852069427490859,0.15943801937020918,HOLD,10600.0,23206.45877761836,1458272.6470947266,1481479.105872345,0.0,0.0,True
2026-02-06,136.94070434570312,136.93909652228385,137.42576802017427,-0.48667149789042696,-0.6454998537773541,0.15882835588692712,HOLD,10600.0,23206.45877761836,1451571.4660644531,1474777.9248420715,0.0,0.0,True
2026-02-09,137.874267578125,137.08296899241327,137.45899020965211,-0.3760212172388435,-0.5916041264696521,0.21558290923080858,HOLD,10600.0,23206.45877761836,1461467.236328125,1484673.6951057434,0.0,0.0,True
2026-02-10,138.0216827392578,137.2273864919278,137.50067113777106,-0.27328464584326184,-0.5279402303443741,0.25465558450111225,HOLD,10600.0,23206.45877761836,1463029.8370361328,1486236.2958137512,0.0,0.0,True
2026-02-11,137.7760009765625,137.31178872033314,137.5210659406445,-0.20927722031134977,-0.4642076283377693,0.25493040802641953,HOLD,10600.0,23206.45877761836,1460425.6103515625,1483632.0691291809,0.0,0.0,True
2026-02-12,136.94068908691406,137.2546964690379,137.4780750625904,-0.22337859355249634,-0.41604182138071477,0.19266322782821843,HOLD,10600.0,23206.45877761836,1451571.304321289,1474777.7630989074,0.0,0.0,True
2026-02-13,135.71231079101562,137.01740636472678,137.3472777091404,-0.3298713444136183,-0.3988077259872955,0.06893638157367721,HOLD,10600.0,23206.45877761836,1438550.4943847656,1461756.953162384,0.0,0.0,True
2026-02-24,135.76144409179688,136.82418139966063,137.22980855230014,-0.40562715263951077,-0.4001716113177386,-0.005455541321772173,SELL,10600.0,23206.45877761836,1439071.3073730469,1462277.7661506652,10600.0,135.76144409179688,True
2026-02-25,136.3019256591797,136.74383436266356,137.1610764861431,-0.41724212347952516,-0.40358571375009594,-0.01365640972942922,HOLD,0.0,1461846.0447584533,0.0,1461846.0447584533,0.0,0.0,True
2026-02-26,134.53305053710938,136.40371377411677,136.96640789732578,-0.5626941232090132,-0.4354073956418794,-0.12728672756713383,HOLD,0.0,1461846.0447584533,0.0,1461846.0447584533,0.0,0.0,True
2026-02-27,134.48391723632812,136.10836046061084,136.78251970021483,-0.6741592396039948,-0.4831577644343025,-0.19100147516969235,HOLD,0.0,1461846.0447584533,0.0,1461846.0447584533,0.0,0.0,True
2026-03-02,133.00985717773438,135.6316676478606,136.50306321706813,-0.8713955692075217,-0.5608053253889463,-0.31059024381857536,HOLD,0.0,1461846.0447584533,0.0,1461846.0447584533,0.0,0.0,True
2026-03-03,131.68319702148438,135.0242106284181,136.14603609146934,-1.1218254630512376,-0.6730093529214046,-0.448816110129833,HOLD,0.0,1461846.0447584533,0.0,1461846.0447584533,0.0,0.0,True
2026-03-04,128.44024658203125,134.01129308282012,135.575236868548,-1.5639437857278722,-0.8511962394826982,-0.712747546245174,HOLD,0.0,1461846.0447584533,0.0,1461846.0447584533,0.0,0.0,True
2026-03-05,128.78419494628906,133.2071241387384,135.07219672615844,-1.8650725874200305,-1.0539715090701647,-0.8111010783498658,HOLD,0.0,1461846.0447584533,0.0,1461846.0447584533,0.0,0.0,True
2026-03-06,129.86517333984375,132.69297786198538,134.6864912901351,-1.9935134281497255,-1.241879892886077,-0.7516335352636485,HOLD,0.0,1461846.0447584533,0.0,1461846.0447584533,0.0,0.0,True
2026-03-09,127.16272735595703,131.84217009182717,134.12917544315894,-2.2870053513317714,-1.450904984575216,-0.8361003667565554,HOLD,0.0,1461846.0447584533,0.0,1461846.0447584533,0.0,0.0,True
2026-03-10,128.39111328125,131.3112382748153,133.70413380153605,-2.3928955267207357,-1.6393030930043202,-0.7535924337164155,HOLD,0.0,1461846.0447584533,0.0,1461846.0447584533,0.0,0.0,True
2026-03-11,128.24371337890625,130.83931136775237,133.2996582146746,-2.4603468469222207,-1.8035118437879005,-0.6568350031343202,HOLD,0.0,1461846.0447584533,0.0,1461846.0447584533,0.0,0.0,True
2026-03-12,127.40840148925781,130.3114790787532,132.86326882760667,-2.55178974885348,-1.9531674248010165,-0.5986223240524635,HOLD,0.0,1461846.0447584533,0.0,1461846.0447584533,0.0,0.0,True
2026-03-13,126.52396392822266,129.72878444021003,132.39369068691155,-2.66490624670152,-2.0955151891811172,-0.5693910575204026,HOLD,0.0,1461846.0447584533,0.0,1461846.0447584533,0.0,0.0,True
2026-03-16,125.29557800292969,129.04675268062846,131.86790456217216,-2.821151881543699,-2.240642527653634,-0.580509353890065,HOLD,0.0,1461846.0447584533,0.0,1461846.0447584533,0.0,0.0,True
2026-03-17,127.31013488769531,128.7795807124849,131.5302919936924,-2.750711281207515,-2.3426562783644105,-0.4080550028431045,HOLD,0.0,1461846.0447584533,0.0,1461846.0447584533,0.0,0.0,True
2026-03-18,127.60494232177734,128.5988671139145,131.23952535132833,-2.6406582374138168,-2.402256670174292,-0.23840156723952477,HOLD,0.0,1461846.0447584533,0.0,1461846.0447584533,0.0,0.0,True
2026-03-19,125.83606719970703,128.1738209732672,130.83926919194897,-2.6654482186817745,-2.4548949798757884,-0.2105532388059861,HOLD,0.0,1461846.0447584533,0.0,1461846.0447584533,0.0,0.0,True
2026-03-20,124.3128662109375,127.57982793290878,130.35583193409627,-2.776004001187488,-2.5191167841381286,-0.25688721704935924,HOLD,0.0,1461846.0447584533,0.0,1461846.0447584533,0.0,0.0,True
2026-03-23,119.35018157958984,126.31372849393665,129.5405985745032,-3.226870080566556,-2.6606674434238142,-0.5662026371427418,HOLD,0.0,1461846.0447584533,0.0,1461846.0447584533,0.0,0.0,True
2026-03-24,119.69412994384766,125.29532871699988,128.81123052778798,-3.515901810788108,-2.831714316896673,-0.684187493891435,HOLD,0.0,1461846.0447584533,0.0,1461846.0447584533,0.0,0.0,True
2026-03-25,121.1681900024414,124.6603842993755,128.24507937776232,-3.5846950783868294,-2.982310469194705,-0.6023846091921246,HOLD,0.0,1461846.0447584533,0.0,1461846.0447584533,0.0,0.0,True
2026-03-26,118.56401062011719,123.72248065641267,127.52796317349231,-3.805482517079639,-3.146944878771692,-0.6585376383079473,HOLD,0.0,1461846.0447584533,0.0,1461846.0447584533,0.0,0.0,True
2026-03-27,119.20277404785156,123.0271411781725,126.91128249751891,-3.884141319346412,-3.294384166886636,-0.589757152459776,HOLD,0.0,1461846.0447584533,0.0,1461846.0447584533,0.0,0.0,True
2026-03-30,118.4166030883789,122.31782762589656,126.28204698573076,-3.9642193598342033,-3.42835120547615,-0.5358681543580532,HOLD,0.0,1461846.0447584533,0.0,1461846.0447584533,0.0,0.0,True
2026-03-31,118.12178802490234,121.67228307189745,125.67758335900274,-4.005300287105285,-3.543741021801977,-0.4615592653033085,HOLD,0.0,1461846.0447584533,0.0,1461846.0447584533,0.0,0.0,True
2026-04-01,120.43115997314453,121.48134105670471,125.28895940449473,-3.807618347790026,-3.5965164869995867,-0.21110186079043913,HOLD,0.0,1461846.0447584533,0.0,1461846.0447584533,0.0,0.0,True
2026-04-02,118.56401062011719,121.0325209895374,124.7908150500964,-3.7582940605589954,-3.6288720017114686,-0.12942205884752678,HOLD,0.0,1461846.0447584533,0.0,1461846.0447584533,0.0,0.0,True
2026-04-03,117.82698059082031,120.53936092819632,124.2749754605204,-3.735614532324078,-3.650220507833991,-0.08539402449008726,HOLD,0.0,1461846.0447584533,0.0,1461846.0447584533,0.0,0.0,True
2026-04-07,117.53216552734375,120.0767154819113,123.77550805806285,-3.698792576151561,-3.659934921497505,-0.038857654654055995,HOLD,0.0,1461846.0447584533,0.0,1461846.0447584533,0.0,0.0,True
2026-04-08,121.36473083496094,120.27487169007279,123.59693196746271,-3.322060277389923,-3.5923599926759886,0.27029971528606556,BUY,0.0,1461846.0447584533,0.0,1461846.0447584533,11900.0,121.36473083496094,True
2026-04-09,118.66227722167969,120.02678023339692,123.23140198629359,-3.2046217528966707,-3.514812344720125,0.3101905918234542,HOLD,11900.0,17172.475733337225,1412081.0989379883,1429253.5746713255,0.0,0.0,True
2026-04-10,127.26099395751953,121.13973619095424,123.52989028045847,-2.390154089504236,-3.289880693676947,0.8997266041727112,HOLD,11900.0,17172.475733337225,1514405.8280944824,1531578.3038278196,0.0,0.0,True
2026-04-13,128.19456481933594,122.2250944414745,123.87542172778274,-1.65032728630824,-2.961970012203206,1.3116427258949659,HOLD,11900.0,17172.475733337225,1525515.3213500977,1542687.7970834349,0.0,0.0,True
2026-04-14,128.68592834472656,123.21906888812866,124.23175555126005,-1.0126866631313902,-2.572113342388843,1.5594266792574527,HOLD,11900.0,17172.475733337225,1531362.547302246,1548535.0230355833,0.0,0.0,True
