date,price,ema_fast,ema_slow,dif,dea,histogram,signal,position,cash,position_value,total_value,trade_amount,trade_price,warmup_done
2023-08-08,1884.405029296875,1884.405029296875,1884.405029296875,0.0,0.0,0.0,HOLD,0.0,1000000.0,0.0,1000000.0,0.0,0.0,False
2023-08-09,1899.91455078125,1886.7911095252402,1885.5538827401622,1.2372267850780645,0.2474453570156129,0.9897814280624516,HOLD,0.0,1000000.0,0.0,1000000.0,0.0,0.0,False
2023-08-10,1906.3768310546875,1889.8042974528475,1887.0963233560528,2.7079740967947146,0.7395511049714333,1.9684229918232812,HOLD,0.0,1000000.0,0.0,1000000.0,0.0,0.0,False
2023-08-11,1886.989990234375,1889.3713271115441,1887.0884468285212,2.282880283022905,1.0482169405817277,1.2346633424411775,HOLD,0.0,1000000.0,0.0,1000000.0,0.0,0.0,False
2023-08-14,1861.1407470703125,1885.0281609513547,1885.1663949945798,-0.13823404322511124,0.8109267438203599,-0.9491607870454711,HOLD,0.0,1000000.0,0.0,1000000.0,0.0,0.0,False
2023-08-15,1846.9237060546875,1879.1659371210983,1882.3336032212544,-3.1676661001561115,0.015208175025065551,-3.182874275181177,HOLD,0.0,1000000.0,0.0,1000000.0,0.0,0.0,False
2023-08-16,1879.2352294921875,1879.1765974858813,1882.1040940561384,-2.9274965702570626,-0.5733327740313601,-2.3541637962257025,HOLD,0.0,1000000.0,0.0,1000000.0,0.0,0.0,False
2023-08-17,1877.9427490234375,1878.9867746455052,1881.7958462759384,-2.809071630433209,-1.02048054531173,-1.788591085121479,HOLD,0.0,1000000.0,0.0,1000000.0,0.0,0.0,False
2023-08-18,1849.5086669921875,1874.4516811603794,1879.404203366031,-4.952522205651576,-1.8068888773796994,-3.1456333282718765,HOLD,0.0,1000000.0,0.0,1000000.0,0.0,0.0,False
2023-08-21,1806.8575439453125,1864.052583127292,1874.030376742274,-9.97779361498192,-3.4410698249001435,-6.536723790081776,HOLD,0.0,1000000.0,0.0,1000000.0,0.0,0.0,False
2023-08-22,1812.02734375,1856.0487001461702,1869.4375594835872,-13.388859337416989,-5.430627727403513,-7.958231610013476,HOLD,0.0,1000000.0,0.0,1000000.0,0.0,0.0,False
2023-08-23,1786.17822265625,1845.2993959169517,1863.2702012000807,-17.97080528312904,-7.938663238548618,-10.032142044580421,HOLD,0.0,1000000.0,0.0,1000000.0,0.0,0.0,False
2023-08-24,1771.961181640625,1834.0165937205936,1856.5065701216026,-22.489976401009017,-10.848925871040699,-11.641050529968318,HOLD,0.0,1000000.0,0.0,1000000.0,0.0,0.0,False
2023-08-25,1826.315185546875,1832.8317616938675,1854.2701712642156,-21.438409570348085,-12.966822610902177,-8.471586959445908,HOLD,0.0,1000000.0,0.0,1000000.0,0.0,0.0,False
2023-08-28,1909.2060546875,1844.5816529236572,1858.3394959622367,-13.757843038579495,-13.125026696437642,-0.6328163421418527,HOLD,0.0,1000000.0,0.0,1000000.0,0.0,0.0,False
2023-08-29,1929.5889892578125,1857.6597046673733,1863.6172362063535,-5.95753153898022,-11.691527664946157,5.7339961259659376,HOLD,0.0,1000000.0,0.0,1000000.0,0.0,0.0,False
2023-08-30,1929.5889892578125,1868.7257484505178,1868.5040327286838,0.22171572183401622,-9.308878987590123,9.53059470942414,HOLD,0.0,1000000.0,0.0,1000000.0,0.0,0.0,False
2023-08-31,1853.4925537109375,1866.3821800290439,1867.3920713199618,-1.009891290917949,-7.649081448255688,6.639190157337739,HOLD,0.0,1000000.0,0.0,1000000.0,0.0,0.0,False
2023-09-01,1909.2060546875,1872.9704684380372,1870.489403421261,2.481065016776256,-5.6230521552493,8.104117172025557,HOLD,0.0,1000000.0,0.0,1000000.0,0.0,0.0,False
2023-09-04,1907.84716796875,1878.3361145196855,1873.2566452395934,5.079469280092098,-3.4825478681810207,8.562017148273119,HOLD,0.0,1000000.0,0.0,1000000.0,0.0,0.0,False
2023-09-05,1886.1053466796875,1879.5313810058396,1874.2084009018224,5.322980104017233,-1.72144227374137,7.044422377758603,HOLD,0.0,1000000.0,0.0,1000000.0,0.0,0.0,False
2023-09-06,1925.512451171875,1886.6053918006144,1878.0087009218264,8.596690878787967,0.34218435676449754,8.254506522023469,HOLD,0.0,1000000.0,0.0,1000000.0,0.0,0.0,False
2023-09-07,1902.4117431640625,1889.0371381642217,1879.8163336805105,9.220804483711163,2.1179083821538307,7.102896101557333,HOLD,0.0,1000000.0,0.0,1000000.0,0.0,0.0,False
2023-09-08,1890.181884765625,1889.2132530259762,1880.584152279408,8.629100746568156,3.420146855036696,5.2089538915314595,HOLD,0.0,1000000.0,0.0,1000000.0,0.0,0.0,False
2023-09-11,1861.645751953125,1884.9720990147684,1879.1813078107946,5.790791203973868,3.894275724824131,1.8965154791497367,HOLD,0.0,1000000.0,0.0,1000000.0,0.0,0.0,False
2023-09-12,1854.8514404296875,1880.3381515401406,1877.3790954121941,2.9590561279464964,3.707231805448604,-0.7481756775021076,HOLD,0.0,1000000.0,0.0,1000000.0,0.0,0.0,False
2023-09-13,1850.7747802734375,1875.7899405760324,1875.4084054019158,0.38153517411660687,3.042092479182205,-2.660557305065598,HOLD,0.0,1000000.0,0.0,1000000.0,0.0,0.0,False
2023-09-14,1835.8272705078125,1869.6418374886139,1872.476469483834,-2.8346319952202066,1.8667475843017227,-4.701379579521929,HOLD,0.0,1000000.0,0.0,1000000.0,0.0,0.0,False
2023-09-15,1823.5975341796875,1862.5580985180097,1868.8558076094528,-6.297709091443039,0.23385624915277026,-6.53156534059581,HOLD,0.0,1000000.0,0.0,1000000.0,0.0,0.0,False
2023-09-18,1808.6500244140625,1854.264548655864,1864.39611996535,-10.131571309485935,-1.839229262574971,-8.292342046910964,HOLD,0.0,1000000.0,0.0,1000000.0,0.0,0.0,False
2023-09-19,1807.2911376953125,1847.0378700465485,1860.1661212786805,-13.128251232132016,-4.09703365648638,-9.031217575645636,HOLD,0.0,1000000.0,0.0,1000000.0,0.0,0.0,False
2023-09-20,1805.9322509765625,1840.713928651166,1856.1487975525977,-15.434868901431628,-6.364600705475429,-9.0702681959562,HOLD,0.0,1000000.0,0.0,1000000.0,0.0,0.0,False
2023-09-21,1801.855712890625,1834.7357416110829,1852.1270875776368,-17.3913459665539,-8.569949757691123,-8.821396208862776,HOLD,0.0,1000000.0,0.0,1000000.0,0.0,0.0,False
2023-09-22,1819.5208740234375,1832.3949927514452,1849.711812499548,-17.316819748102716,-10.319323755773443,-6.997495992329274,HOLD,0.0,1000000.0,0.0,1000000.0,0.0,0.0,False
2023-09-25,1785.54931640625,1825.187965621415,1844.9590350111555,-19.771069389740433,-12.209672882566842,-7.5613965071735905,HOLD,0.0,1000000.0,0.0,1000000.0,0.0,0.0,True
2023-09-26,1776.0372314453125,1817.6263142097068,1839.8537162285004,-22.227402018793555,-14.213218709812185,-8.01418330898137,HOLD,0.0,1000000.0,0.0,1000000.0,0.0,0.0,True
2023-09-27,1773.3194580078125,1810.8098747940307,1834.9252526565976,-24.115377862566902,-16.19365054036313,-7.921727322203772,HOLD,0.0,1000000.0,0.0,1000000.0,0.0,0.0,True
2023-09-28,1777.3961181640625,1805.6692968509587,1830.6638352867803,-24.994538435821596,-17.953828119454826,-7.04071031636677,HOLD,0.0,1000000.0,0.0,1000000.0,0.0,0.0,True
2023-10-09,1751.57763671875,1797.347502984465,1824.8055983558152,-27.458095371350055,-19.854681569833872,-7.603413801516183,HOLD,0.0,1000000.0,0.0,1000000.0,0.0,0.0,True
2023-10-10,1742.0655517578125,1788.842587411134,1818.6767060152224,-29.834118604088417,-21.85056897668478,-7.983549627403637,HOLD,0.0,1000000.0,0.0,1000000.0,0.0,0.0,True
2023-10-11,1735.271240234375,1780.6008416916325,1812.4985233647892,-31.89768167315674,-23.859991515979175,-8.037690157177565,HOLD,0.0,1000000.0,0.0,1000000.0,0.0,0.0,True
2023-10-12,1744.7833251953125,1775.0904545383523,1807.4825827596428,-32.39212822129048,-25.566418857041437,-6.82570936424904,HOLD,0.0,1000000.0,0.0,1000000.0,0.0,0.0,True
2023-10-13,1710.8116455078125,1765.2014069951924,1800.3217725928407,-35.12036559764829,-27.477208205162807,-7.643157392485481,HOLD,0.0,1000000.0,0.0,1000000.0,0.0,0.0,True
2023-10-16,1659.1748046875,1748.8896220247782,1789.8664416368897,-40.97681961211151,-30.17713048655255,-10.799689125558963,HOLD,0.0,1000000.0,0.0,1000000.0,0.0,0.0,True
2023-10-17,1627.9208984375,1730.2790491651967,1777.870475473972,-47.591426308775226,-33.65998965099708,-13.931436657778143,HOLD,0.0,1000000.0,0.0,1000000.0,0.0,0.0,True
2023-10-18,1591.2315673828125,1708.8871288909836,1764.045371170923,-55.158242279939486,-37.95964017678557,-17.198602103153917,HOLD,0.0,1000000.0,0.0,1000000.0,0.0,0.0,True
2023-10-19,1557.2598876953125,1685.5598610147265,1748.7279279505074,-63.16806693578087,-43.00132552858463,-20.16674140719624,HOLD,0.0,1000000.0,0.0,1000000.0,0.0,0.0,True
2023-10-20,1584.4371337890625,1670.0025183646244,1736.5582394941039,-66.55572112947948,-47.7122046487636,-18.843516480715877,HOLD,0.0,1000000.0,0.0,1000000.0,0.0,0.0,True
2023-10-23,1579.001708984375,1656.002393844586,1724.887385382272,-68.88499153768589,-51.94676202654806,-16.938229511137834,HOLD,0.0,1000000.0,0.0,1000000.0,0.0,0.0,True
2023-10-24,1584.4371337890625,1644.992353836044,1714.483663042034,-69.49130920599009,-55.45567146243647,-14.035637743553622,HOLD,0.0,1000000.0,0.0,1000000.0,0.0,0.0,True
2023-10-25,1589.8726806640625,1636.5124041172776,1705.2532199029251,-68.74081578564756,-58.11270032707869,-10.628115458568864,HOLD,0.0,1000000.0,0.0,1000000.0,0.0,0.0,True
2023-10-26,1572.2073974609375,1626.6193261701483,1695.3979737961113,-68.778647625963,-60.24588978685556,-8.532757839107447,HOLD,0.0,1000000.0,0.0,1000000.0,0.0,0.0,True
2023-10-27,1580.360595703125,1619.502598405991,1686.8766865299642,-67.37408812397325,-61.6715294542791,-5.702558669694149,HOLD,0.0,1000000.0,0.0,1000000.0,0.0,0.0,True
2023-10-30,1576.283935546875,1612.8535733507424,1678.6846309015873,-65.83105755084489,-62.503435073592264,-3.327622477252625,HOLD,0.0,1000000.0,0.0,1000000.0,0.0,0.0,True
2023-10-31,1539.5946044921875,1601.5829627571186,1668.3816659823726,-66.79870322525403,-63.36248870392462,-3.4362145213294113,HOLD,0.0,1000000.0,0.0,1000000.0,0.0,0.0,True
2023-11-01,1540.9534912109375,1592.2553517500137,1658.9425419252293,-66.68719017521562,-64.02742899818283,-2.6597611770327916,HOLD,0.0,1000000.0,0.0,1000000.0,0.0,0.0,True
2023-11-02,1524.6470947265625,1581.8540814387136,1648.9947310216244,-67.14064958291078,-64.65007311512842,-2.490576467782361,HOLD,0.0,1000000.0,0.0,1000000.0,0.0,0.0,True
2023-11-03,1531.44140625,1574.0982852558345,1640.2870773348375,-66.18879207900295,-64.95781690790332,-1.2309751710996295,HOLD,0.0,1000000.0,0.0,1000000.0,0.0,0.0,True
2023-11-06,1626.56201171875,1582.1696277885908,1639.2704058077197,-57.10077801912894,-63.38640913014845,6.285631111019512,BUY,0.0,1000000.0,0.0,1000000.0,600.0,1626.56201171875,True
2023-11-07,1621.1265869140625,1588.1630061155865,1637.9264192230044,-49.76341310741782,-60.66180992560233,10.898396818184509,HOLD,600.0,23770.011806640658,972675.9521484375,996445.9639550782,0.0,0.0,True
2023-11-08,1648.3038330078125,1597.4154410220829,1638.6951165403975,-41.27967551831466,-56.7853830441448,15.50570752583014,HOLD,600.0,23770.011806640658,988982.2998046875,1012752.3116113282,0.0,0.0,True
2023-11-09,1625.203125,1601.6904693263778,1637.6957097596273,-36.00524043324958,-52.629354521965766,16.624114088716183,HOLD,600.0,23770.011806640658,975121.875,998891.8868066407,0.0,0.0,True
2023-11-10,1615.6910400390625,1603.8444032821753,1636.0657342247707,-32.22133094259539,-48.547749806091694,16.326418863496308,HOLD,600.0,23770.011806640658,969414.6240234375,993184.6358300782,0.0,0.0,True
2023-11-13,1592.59033203125,1602.1130077051098,1632.8453340622875,-30.732326357177726,-44.9846651163089,14.252338759131177,HOLD,600.0,23770.011806640658,955554.19921875,979324.2110253907,0.0,0.0,True
2023-11-14,1600.7435302734375,1601.9023188694678,1630.4674226705208,-28.565103801053056,-41.70075285325773,13.135649052204677,HOLD,600.0,23770.011806640658,960446.1181640625,984216.1299707032,0.0,0.0,True
2023-11-15,1615.6910400390625,1604.023660587867,1629.3728758089314,-25.34921522106447,-38.43044532681908,13.081230105754614,HOLD,600.0,23770.011806640658,969414.6240234375,993184.6358300782,0.0,0.0,True
2023-11-16,1603.4613037109375,1603.9371441452624,1627.453500097969,-23.51635595270659,-35.44762745199658,11.931271499289991,HOLD,600.0,23770.011806640658,962076.7822265625,985846.7940332032,0.0,0.0,True
2023-11-17,1579.001708984375,1600.1009233512798,1623.864478533999,-23.7635551827193,-33.11081299814113,9.347257815421827,HOLD,600.0,23770.011806640658,947401.025390625,971171.0371972657,0.0,0.0,True
2023-11-20,1572.2073974609375,1595.8096116758425,1620.0380280841428,-24.22841640830029,-31.33433368017296,7.10591727187267,HOLD,600.0,23770.011806640658,943324.4384765625,967094.4502832032,0.0,0.0,True
2023-11-21,1619.7677001953125,1599.4954714480687,1620.0180037960813,-20.522532348012646,-29.1719734137409,8.649441065728254,HOLD,600.0,23770.011806640658,971860.6201171875,995630.6319238282,0.0,0.0,True
2023-11-22,1608.896728515625,1600.9418186892312,1619.1942056271587,-18.25238693792744,-26.98805611857821,8.73566918065077,HOLD,600.0,23770.011806640658,965338.037109375,989108.0489160157,0.0,0.0,True
2023-11-23,1653.7393798828125,1609.0645204113207,1621.7531074238739,-12.688587012553171,-24.128162297373205,11.439575284820034,HOLD,600.0,23770.011806640658,992243.6279296875,1016013.6397363282,0.0,0.0,True
2023-11-24,1646.9449462890625,1614.8922782386655,1623.6191695620362,-8.726891323370637,-21.04790810257269,12.321016779202054,HOLD,600.0,23770.011806640658,988166.9677734375,1011936.9795800782,0.0,0.0,True
2023-11-27,1603.4613037109375,1613.1336667728613,1622.1259943138068,-8.992327540945553,-18.636791990247264,9.644464449301712,HOLD,600.0,23770.011806640658,962076.7822265625,985846.7940332032,0.0,0.0,True
2023-11-28,1596.6669921875,1610.600332221267,1620.2401423044507,-9.639810083183647,-16.83739560883454,7.197585525650894,HOLD,600.0,23770.011806640658,958000.1953125,981770.2071191407,0.0,0.0,True
2023-11-29,1557.2598876953125,1602.3941099865049,1615.5749382593294,-13.180828272824556,-16.106082141632545,2.9252538688079888,HOLD,600.0,23770.011806640658,934355.9326171875,958125.9444238282,0.0,0.0,True
2023-11-30,1554.5421142578125,1595.0322644897828,1611.053988333291,-16.021723843508198,-16.089210482007676,0.06748663849947789,HOLD,600.0,23770.011806640658,932725.2685546875,956495.2803613282,0.0,0.0,True
2023-12-01,1549.106689453125,1587.9667914072202,1606.4652995273527,-18.498508120132556,-16.571070009632653,-1.927438110499903,SELL,600.0,23770.011806640658,929464.013671875,953234.0254785157,600.0,1549.106689453125,True
2023-12-04,1519.211669921875,1577.3890804094747,1600.0020677047246,-22.612987295249923,-17.77945346675611,-4.833533828493813,HOLD,0.0,952955.1862744141,0.0,952955.1862744141,0.0,0.0,True
2023-12-05,1466.2159423828125,1560.2855207130651,1590.091984347546,-29.806463634480906,-20.18485550030107,-9.621608134179837,HOLD,0.0,952955.1862744141,0.0,952955.1862744141,0.0,0.0,True
2023-12-06,1474.3690185546875,1547.067597304084,1581.5199128073343,-34.45231550325025,-23.038347500890904,-11.413968002359344,HOLD,0.0,952955.1862744141,0.0,952955.1862744141,0.0,0.0,True
2023-12-07,1481.1634521484375,1536.9284980493692,1574.0861009066753,-37.157602857306074,-25.862198572173938,-11.295404285132136,HOLD,0.0,952955.1862744141,0.0,952955.1862744141,0.0,0.0,True
2023-12-08,1464.8570556640625,1525.840583836245,1565.9950605183335,-40.15447668208844,-28.72065419415684,-11.433822487931604,HOLD,0.0,952955.1862744141,0.0,952955.1862744141,0.0,0.0,True
2023-12-11,1444.4739990234375,1513.3226477111978,1556.9935004076005,-43.67085269640279,-31.71069389460603,-11.960158801796759,HOLD,0.0,952955.1862744141,0.0,952955.1862744141,0.0,0.0,True
2023-12-12,1496.1109619140625,1510.6746960501,1552.4836827414126,-41.80898669131261,-33.73035245394735,-8.078634237365264,HOLD,0.0,952955.1862744141,0.0,952955.1862744141,0.0,0.0,True
2023-12-13,1445.8328857421875,1500.6990329258058,1544.583623704433,-43.88459077862717,-35.761200118883316,-8.123390659743855,HOLD,0.0,952955.1862744141,0.0,952955.1862744141,0.0,0.0,True
2023-12-14,1426.808837890625,1489.3313106127011,1535.8595654960027,-46.52825488330154,-37.91461107176696,-8.61364381153458,HOLD,0.0,952955.1862744141,0.0,952955.1862744141,0.0,0.0,True
2023-12-15,1445.8328857421875,1482.6392452480068,1529.1909225512757,-46.55167730326889,-39.64202431806735,-6.909652985201539,HOLD,0.0,952955.1862744141,0.0,952955.1862744141,0.0,0.0,True
2023-12-18,1432.2442626953125,1474.8861710091307,1522.009688487871,-47.12351747874027,-41.13832295020193,-5.9851945285383366,HOLD,0.0,952955.1862744141,0.0,952955.1862744141,0.0,0.0,True
2023-12-19,1410.50244140625,1464.980981839457,1513.749892407751,-48.76891056829413,-42.66444047382038,-6.104470094473754,HOLD,0.0,952955.1862744141,0.0,952955.1862744141,0.0,0.0,True
2023-12-20,1394.196044921875,1454.0909915444443,1504.8940518532418,-50.80306030879751,-44.2921644408158,-6.510895867981709,HOLD,0.0,952955.1862744141,0.0,952955.1862744141,0.0,0.0,True
2023-12-21,1415.9378662109375,1448.221279954674,1498.3047047686266,-50.08342481395266,-45.45041651544318,-4.6330082985094805,HOLD,0.0,952955.1862744141,0.0,952955.1862744141,0.0,0.0,True
2023-12-22,1410.50244140625,1442.4183817164549,1491.8008334084507,-49.38245169199581,-46.23682355075371,-3.145628141242099,HOLD,0.0,952955.1862744141,0.0,952955.1862744141,0.0,0.0,True
2023-12-25,1399.6314697265625,1435.835779871856,1484.973473135718,-49.13769326386205,-46.81699749337538,-2.3206957704866653,HOLD,0.0,952955.1862744141,0.0,952955.1862744141,0.0,0.0,True
2023-12-26,1381.9661865234375,1427.5481501259455,1477.3433037570305,-49.795153631084986,-47.41262872091731,-2.3825249101676746,HOLD,0.0,952955.1862744141,0.0,952955.1862744141,0.0,0.0,True
2023-12-27,1381.9661865234375,1420.5355403409444,1470.2783321100978,-49.74279176915343,-47.87866133056453,-1.8641304385888944,HOLD,0.0,952955.1862744141,0.0,952955.1862744141,0.0,0.0,True
2023-12-28,1429.5264892578125,1421.9187632512317,1467.2596770840028,-45.34091383277109,-47.37111183100585,2.0301979982347547,BUY,0.0,952955.1862744141,0.0,952955.1862744141,600.0,1429.5264892578125,True
2023-12-29,1421.373291015625,1421.8348444457536,1463.860685523382,-42.025841077628456,-46.30205768033037,4.276216602701915,HOLD,600.0,94981.97795166017,852823.974609375,947805.9525610352,0.0,0.0,True
2024-01-02,1379.24853515625,1415.2831045550606,1457.5931188295203,-42.31001427445972,-45.50364899915624,3.1936347246965227,HOLD,600.0,94981.97795166017,827549.12109375,922531.0990454102,0.0,0.0,True
2024-01-03,1376.53076171875,1409.3212056571667,1451.5884997842782,-42.26729412711143,-44.85637802474728,2.5890838976358523,HOLD,600.0,94981.97795166017,825918.45703125,920900.4349829102,0.0,0.0,True
2024-01-04,1349.3533935546875,1400.0953884106316,1444.0155289524566,-43.92014054182505,-44.66913052816284,0.74898998633779,HOLD,600.0,94981.97795166017,809612.0361328125,904594.0140844727,0.0,0.0,True
2024-01-05,1357.506591796875,1393.543265854669,1437.6074595335244,-44.06419367885542,-44.54814315830136,0.4839494794459398,HOLD,600.0,94981.97795166017,814503.955078125,909485.9330297852,0.0,0.0,True
2024-01-08,1334.4058837890625,1384.445207075345,1429.962898367268,-45.51769129192303,-44.74205278502569,-0.7756385068973373,SELL,600.0,94981.97795166017,800643.5302734375,895625.5082250977,600.0,1334.4058837890625,True
2024-01-09,1342.55908203125,1378.0011878377918,1423.488541601637,-45.48735376384525,-44.8911129807896,-0.5962407830556486,HOLD,0.0,895385.3151660156,0.0,895385.3151660156,0.0,0.0,True
2024-01-10,1323.5350341796875,1369.6217795826988,1416.0845780889,-46.462798506201125,-45.2054500858719,-1.2573484203292224,HOLD,0.0,895385.3151660156,0.0,895385.3151660156,0.0,0.0,True
2024-01-11,1326.252685546875,1362.949611269495,1409.4303638265278,-46.4807525570327,-45.46051058010407,-1.0202419769286308,HOLD,0.0,895385.3151660156,0.0,895385.3151660156,0.0,0.0,True
2024-01-12,1318.0994873046875,1356.0495921979864,1402.665113713799,-46.61552151581259,-45.691512767245776,-0.9240087485668127,HOLD,0.0,895385.3151660156,0.0,895385.3151660156,0.0,0.0,True
2024-01-15,1319.4583740234375,1350.4201740172864,1396.5016515145128,-46.08147749722639,-45.769505713241905,-0.31197178398448244,HOLD,0.0,895385.3151660156,0.0,895385.3151660156,0.0,0.0,True
2024-01-16,1305.8697509765625,1343.566262780252,1389.7881774005907,-46.221914620338794,-45.85998749466128,-0.36192712567751073,HOLD,0.0,895385.3151660156,0.0,895385.3151660156,0.0,0.0,True
2024-01-17,1269.180419921875,1332.1222869558862,1380.8542694392042,-48.731982483318006,-46.434386492392626,-2.2975959909253802,HOLD,0.0,895385.3151660156,0.0,895385.3151660156,0.0,0.0,True
2024-01-18,1277.3336181640625,1323.6932609879132,1373.186073048453,-49.49281206053979,-47.04607160602206,-2.4467404545177303,HOLD,0.0,895385.3151660156,0.0,895385.3151660156,0.0,0.0,True
2024-01-19,1278.6925048828125,1316.7700677409746,1366.1865494806277,-49.416481739653136,-47.520153632748276,-1.8963281069048605,HOLD,0.0,895385.3151660156,0.0,895385.3151660156,0.0,0.0,True
2024-01-22,1229.7733154296875,1303.3859520007766,1356.0818654768543,-52.69591347607775,-48.555305601414176,-4.140607874663573,HOLD,0.0,895385.3151660156,0.0,895385.3151660156,0.0,0.0,True
2024-01-23,1247.4385986328125,1294.7786668672436,1348.0342160809994,-53.255549213755785,-49.495354323882495,-3.76019488987329,HOLD,0.0,895385.3151660156,0.0,895385.3151660156,0.0,0.0,True
2024-01-24,1278.6925048828125,1292.3038727157927,1342.897793029282,-50.59392031348921,-49.71506752180384,-0.8788527916853681,HOLD,0.0,895385.3151660156,0.0,895385.3151660156,0.0,0.0,True
2024-01-25,1353.4300537109375,1301.7079005611997,1343.6779604871822,-41.97005992598247,-48.16606600263957,6.196006076657099,BUY,0.0,895385.3151660156,0.0,895385.3151660156,600.0,1353.4300537109375,True
2024-01-26,1386.0428466796875,1314.6825076563516,1346.8161002051456,-32.13359254879401,-44.95957131187046,12.82597876307645,HOLD,600.0,83083.66552978521,831625.7080078125,914709.3735375977,0.0,0.0,True
2024-01-29,1367.0186767578125,1322.7342259796533,1348.312587357195,-25.578361377541796,-41.08332932500473,15.504967947462937,HOLD,600.0,83083.66552978521,820211.2060546875,903294.8715844727,0.0,0.0,True
2024-01-30,1330.329345703125,1323.9027059371106,1346.9804953828195,-23.07778944570896,-37.482221349145576,14.404431903436617,HOLD,600.0,83083.66552978521,798197.607421875,881281.2729516602,0.0,0.0,True
2024-01-31,1304.5108642578125,1320.919345678757,1343.834596780967,-22.91525110221005,-34.568827299758475,11.653576197548425,HOLD,600.0,83083.66552978521,782706.5185546875,865790.1840844727,0.0,0.0,True
2024-02-01,1282.76904296875,1315.0500683387559,1339.3112224245067,-24.26115408575083,-32.50729265695695,8.246138571206117,HOLD,600.0,83083.66552978521,769661.42578125,852745.0913110352,0.0,0.0,True
2024-02-02,1289.5633544921875,1311.1290354392838,1335.6261951702606,-24.49715973097682,-30.905266071760924,6.408106340784105,HOLD,600.0,83083.66552978521,773738.0126953125,856821.6782250977,0.0,0.0,True
2024-02-05,1247.4385986328125,1301.3305066998266,1329.0937806119312,-27.763273912104523,-30.276867639829646,2.513593727725123,HOLD,600.0,83083.66552978521,748463.1591796875,831546.8247094727,0.0,0.0,True
2024-02-06,1292.2811279296875,1299.9382945813436,1326.3669174502836,-26.42862286894001,-29.507218685651722,3.0785958167117116,HOLD,600.0,83083.66552978521,775368.6767578125,858452.3422875977,0.0,0.0,True
2024-02-07,1293.6400146484375,1298.9693284378195,1323.9427024279246,-24.973373990105074,-28.600449746542395,3.6270757564373213,HOLD,600.0,83083.66552978521,776184.0087890625,859267.6743188477,0.0,0.0,True
2024-02-08,1367.0186767578125,1309.4384589485876,1327.1335153412497,-17.69505639266208,-26.419371075766335,8.724314683104254,HOLD,600.0,83083.66552978521,820211.2060546875,903294.8715844727,0.0,0.0,True
2024-02-19,1337.1236572265625,1313.6977202221221,1327.873525851273,-14.175805629150773,-23.970657986443225,9.794852357292452,HOLD,600.0,83083.66552978521,802274.1943359375,885357.8598657227,0.0,0.0,True
2024-02-20,1345.27685546875,1318.5560487216035,1329.1626613784933,-10.606612656889865,-21.297848920532555,10.69123626364269,HOLD,600.0,83083.66552978521,807166.11328125,890249.7788110352,0.0,0.0,True
2024-02-21,1387.4017333984375,1329.1476925180395,1333.476666713304,-4.328974195264436,-17.904073975478934,13.575099780214497,HOLD,600.0,83083.66552978521,832441.0400390625,915524.7055688477,0.0,0.0,True
2024-02-22,1379.24853515625,1336.8555144623795,1336.8671754868556,-0.011661024476097737,-14.325591385278367,14.313930360802269,HOLD,600.0,83083.66552978521,827549.12109375,910632.7866235352,0.0,0.0,True
2024-02-23,1386.0428466796875,1344.4227963419653,1340.5098177974357,3.912978544529551,-10.677877399316783,14.590855943846334,HOLD,600.0,83083.66552978521,831625.7080078125,914709.3735375977,0.0,0.0,True
2024-02-26,1356.1478271484375,1346.2266472352687,1341.668188860473,4.558458374795691,-7.630610244494289,12.18906861928998,HOLD,600.0,83083.66552978521,813688.6962890625,896772.3618188477,0.0,0.0,True
2024-02-27,1367.0186767578125,1349.4254210079678,1343.5460027787944,5.879418229173325,-4.928604549760767,10.808022778934092,HOLD,600.0,83083.66552978521,820211.2060546875,903294.8715844727,0.0,0.0,True
2024-02-28,1349.3533935546875,1349.4143398613094,1343.976179873305,5.438159988004372,-2.8552516422077385,8.29341163021211,HOLD,600.0,83083.66552978521,809612.0361328125,892695.7016625977,0.0,0.0,True
2024-02-29,1364.301025390625,1351.7045991735117,1345.481723985699,6.222875187812633,-1.039626276203664,7.262501464016298,HOLD,600.0,83083.66552978521,818580.615234375,901664.2807641602,0.0,0.0,True
2024-03-01,1343.91796875,1350.506656031433,1345.3658902645363,5.14076576689672,0.1964521324164129,4.944313634480308,HOLD,600.0,83083.66552978521,806350.78125,889434.4467797852,0.0,0.0,True
2024-03-04,1281.41015625,1339.876425295828,1340.6284284856818,-0.7520031898536672,0.006761067962396894,-0.758764257816064,SELL,600.0,83083.66552978521,768846.09375,851929.7592797852,600.0,1281.41015625,True
2024-03-05,1288.2044677734375,1331.9268933693065,1336.7451721366267,-4.81827876732018,-0.9582468990941185,-3.8600318682260615,HOLD,0.0,851699.1054516602,0.0,851699.1054516602,0.0,0.0,True
2024-03-06,1267.821533203125,1322.064530266817,1331.6397174008116,-9.575187133994632,-2.6816349460742215,-6.8935521879204105,HOLD,0.0,851699.1054516602,0.0,851699.1054516602,0.0,0.0,True
2024-03-07,1251.51513671875,1311.2107774132683,1325.7045632762145,-14.493785862946197,-5.044065129448617,-9.44972073349758,HOLD,0.0,851699.1054516602,0.0,851699.1054516602,0.0,0.0,True
2024-03-08,1247.4385986328125,1301.399672985506,1319.9070844137402,-18.507411428234263,-7.736734389205747,-10.770677039028516,HOLD,0.0,851699.1054516602,0.0,851699.1054516602,0.0,0.0,True
2024-03-11,1285.48681640625,1298.951541204082,1317.357434931704,-18.405893727621788,-9.870566256888957,-8.535327470732831,HOLD,0.0,851699.1054516602,0.0,851699.1054516602,0.0,0.0,True
2024-03-12,1358.865478515625,1308.1690700212425,1320.432104826809,-12.263034805566576,-10.34905996662448,-1.9139748389420959,HOLD,0.0,851699.1054516602,0.0,851699.1054516602,0.0,0.0,True
2024-03-13,1316.74072265625,1309.4877858112436,1320.1586691104715,-10.670883299227853,-10.413424633145155,-0.2574586660826981,HOLD,0.0,851699.1054516602,0.0,851699.1054516602,0.0,0.0,True
2024-03-14,1319.4583740234375,1311.0217224592734,1320.1067954003206,-9.085072941047201,-10.147754294725566,1.0626813536783644,BUY,0.0,851699.1054516602,0.0,851699.1054516602,600.0,1319.4583740234375,True
2024-03-15,1286.8455810546875,1307.302316089337,1317.6430017450884,-10.340685655751486,-10.18634056693075,-0.15434508882073494,SELL,600.0,59786.57853027352,772107.3486328125,831893.927163086,600.0,1286.8455810546875,True
2024-03-18,1282.76904296875,1303.5279663784775,1315.0597455394338,-11.531779160956376,-10.455428285735877,-1.0763508752204984,HOLD,0.0,831662.2949584961,0.0,831662.2949584961,0.0,0.0,True
2024-03-19,1267.821533203125,1298.0346689668847,1311.5606186997072,-13.525949732822482,-11.069532575153199,-2.456417157669284,HOLD,0.0,831662.2949584961,0.0,831662.2949584961,0.0,0.0,True
2024-03-20,1271.8980712890625,1294.0136539395276,1308.6226522248448,-14.608998285317284,-11.777425717186016,-2.831572568131268,HOLD,0.0,831662.2949584961,0.0,831662.2949584961,0.0,0.0,True
2024-03-21,1277.3336181640625,1291.447494589456,1306.3049459981203,-14.857451408664247,-12.393430855481663,-2.464020553182584,HOLD,0.0,831662.2949584961,0.0,831662.2949584961,0.0,0.0,True
2024-03-22,1258.3094482421875,1286.3493336129532,1302.7497239421252,-16.40039032917207,-13.194822750219746,-3.205567578952323,HOLD,0.0,831662.2949584961,0.0,831662.2949584961,0.0,0.0,True
2024-03-25,1269.180419921875,1283.7079622758642,1300.263108829514,-16.55514655364982,-13.866887510905762,-2.6882590427440576,HOLD,0.0,831662.2949584961,0.0,831662.2949584961,0.0,0.0,True
2024-03-26,1285.48681640625,1283.9816321420776,1299.168568650013,-15.186936507935343,-14.13089731031168,-1.0560391976236634,HOLD,0.0,831662.2949584961,0.0,831662.2949584961,0.0,0.0,True
2024-03-27,1251.51513671875,1278.9867866923348,1295.6386848032528,-16.651898110917955,-14.635097470432935,-2.0168006404850196,HOLD,0.0,831662.2949584961,0.0,831662.2949584961,0.0,0.0,True
2024-03-28,1255.5916748046875,1275.3875387096198,1292.6722396181738,-17.284700908553987,-15.165018158057146,-2.1196827504968407,HOLD,0.0,831662.2949584961,0.0,831662.2949584961,0.0,0.0,True
2024-03-29,1222.97900390625,1267.324687201409,1287.5097777135868,-20.185090512177794,-16.169032628881276,-4.016057883296519,HOLD,0.0,831662.2949584961,0.0,831662.2949584961,0.0,0.0,True
2024-04-01,1220.26123046875,1260.0841553963846,1282.5284038435989,-22.44424844721425,-17.42407579254787,-5.0201726546663785,HOLD,0.0,831662.2949584961,0.0,831662.2949584961,0.0,0.0,True
2024-04-02,1155.03564453125,1243.9228460325178,1273.0844957463878,-29.16164971387002,-19.7715905768123,-9.390059137057719,HOLD,0.0,831662.2949584961,0.0,831662.2949584961,0.0,0.0,True
2024-04-03,1112.910888671875,1223.7671602847265,1261.2197841112388,-37.45262382651231,-23.307797226752303,-14.144826599760005,HOLD,0.0,831662.2949584961,0.0,831662.2949584961,0.0,0.0,True
2024-04-08,1087.0924072265625,1202.7402751988552,1248.3214598975592,-45.581184698703964,-27.762474721142638,-17.818709977561326,HOLD,0.0,831662.2949584961,0.0,831662.2949584961,0.0,0.0,True
2024-04-09,1085.7335205078125,1184.7392360156177,1236.277908831652,-51.53867281603425,-32.51771434012096,-19.02095847591329,HOLD,0.0,831662.2949584961,0.0,831662.2949584961,0.0,0.0,True
2024-04-10,1030.02001953125,1160.9362796334074,1220.9995466612518,-60.063267027844404,-38.02682487766565,-22.03644215017875,HOLD,0.0,831662.2949584961,0.0,831662.2949584961,0.0,0.0,True
2024-04-11,1010.9959106445312,1137.8685305581957,1205.4437217711243,-67.57519121292853,-43.93649814471823,-23.6386930682103,HOLD,0.0,831662.2949584961,0.0,831662.2949584961,0.0,0.0,True
2024-04-12,964.7944946289062,1111.2417557998435,1187.617853093923,-76.3760972940795,-50.42441797459048,-25.951679319489017,HOLD,0.0,831662.2949584961,0.0,831662.2949584961,0.0,0.0,True
2024-04-15,970.22998046875,1089.5476365181369,1171.5150477142806,-81.96741119614376,-56.73301661890114,-25.234394577242618,HOLD,0.0,831662.2949584961,0.0,831662.2949584961,0.0,0.0,True
2024-04-16,960.7178955078125,1069.7276763627024,1155.900443847135,-86.1727674844326,-62.62096679200744,-23.55180069242516,HOLD,0.0,831662.2949584961,0.0,831662.2949584961,0.0,0.0,True
2024-04-17,964.7944946289062,1053.5841099421184,1141.7444476087478,-88.1603376666294,-67.72884096693184,-20.43149669969756,HOLD,0.0,831662.2949584961,0.0,831662.2949584961,0.0,0.0,True
2024-04-18,934.8994750976562,1035.3249353506626,1126.4225977931114,-91.09766244244884,-72.40260526203525,-18.695057180413585,HOLD,0.0,831662.2949584961,0.0,831662.2949584961,0.0,0.0,True
2024-04-19,910.4398803710938,1016.1118499691905,1110.423877984073,-94.31202801488246,-76.78448981260469,-17.527538202277768,HOLD,0.0,831662.2949584961,0.0,831662.2949584961,0.0,0.0,True
2024-04-22,909.0810546875,999.6455737720073,1095.5095947769196,-95.86402100491227,-80.60039605106621,-15.263624953846062,HOLD,0.0,831662.2949584961,0.0,831662.2949584961,0.0,0.0,True
2024-04-23,892.774658203125,983.2038944537177,1080.4921920677496,-97.28829761403188,-83.93797636365936,-13.350321250372517,HOLD,0.0,831662.2949584961,0.0,831662.2949584961,0.0,0.0,True
2024-04-24,888.6980590820312,968.6645351657659,1066.2852192539926,-97.62068408822677,-86.67451790857285,-10.946166179653915,HOLD,0.0,831662.2949584961,0.0,831662.2949584961,0.0,0.0,True
2024-04-25,890.056884765625,956.5710504888211,1053.2312685511506,-96.66021806232948,-88.67165793932418,-7.9885601230053,HOLD,0.0,831662.2949584961,0.0,831662.2949584961,0.0,0.0,True
2024-04-26,933.5405883789062,953.0279024719111,1044.3652922420954,-91.33738977018425,-89.2048043054962,-2.1325854646880487,HOLD,0.0,831662.2949584961,0.0,831662.2949584961,0.0,0.0,True
2024-04-29,1027.3023681640625,964.4547433476267,1043.101371940019,-78.64662859239218,-87.0931691628754,8.446540570483222,BUY,0.0,831662.2949584961,0.0,831662.2949584961,800.0,1027.3023681640625,True
2024-04-30,1006.9193725585938,970.987763226237,1040.421223837691,-69.43346061145405,-83.56122745259113,14.127766841137074,HOLD,800.0,9573.8478588867,805535.498046875,815109.3459057617,0.0,0.0,True
2024-05-06,1013.7136840820312,977.5609818194362,1038.442887559494,-60.881905740057846,-79.02536311008447,18.143457370026624,HOLD,800.0,9573.8478588867,810970.947265625,820544.7951245117,0.0,0.0,True
2024-05-07,1021.8668823242188,984.3772742047875,1037.215035319844,-52.83776111505654,-73.78784271107888,20.950081596022343,HOLD,800.0,9573.8478588867,817493.505859375,827067.3537182617,0.0,0.0,True
2024-05-08,978.3831787109375,983.455105667272,1032.8571200154806,-49.40201434820858,-68.91067703850483,19.508662690296248,HOLD,800.0,9573.8478588867,782706.54296875,792280.3908276367,0.0,0.0,True
2024-05-09,991.9718017578125,984.7653666042784,1029.82857792232,-45.06321131804157,-64.14118389441218,19.077972576370613,HOLD,800.0,9573.8478588867,793577.44140625,803151.2892651367,0.0,0.0,True
2024-05-10,1027.3023681640625,991.309520690399,1029.64145127356,-38.33193058316101,-58.97933323216195,20.647402649000938,HOLD,800.0,9573.8478588867,821841.89453125,831415.7423901367,0.0,0.0,True
2024-05-13,1008.2781982421875,993.9200864675972,1028.058988086051,-34.1389016184537,-54.0112469094203,19.8723452909666,HOLD,800.0,9573.8478588867,806622.55859375,816196.4064526367,0.0,0.0,True
2024-05-14,1013.7136840820312,996.9652553313563,1026.996372974642,-30.031117643285825,-49.21522105619341,19.184103412907582,HOLD,800.0,9573.8478588867,810970.947265625,820544.7951245117,0.0,0.0,True
2024-05-15,1050.403076171875,1005.1864585375899,1028.7302028411038,-23.543744303513904,-44.08092570565751,20.53718140214361,HOLD,800.0,9573.8478588867,840322.4609375,849896.3087963867,0.0,0.0,True
2024-05-16,1111.552001953125,1021.550388293826,1034.8651509234758,-13.31476262964975,-37.92769309045597,24.61293046080622,HOLD,800.0,9573.8478588867,889241.6015625,898815.4494213867,0.0,0.0,True
2024-05-17,1222.97900390625,1052.5394060803528,1048.7995104036813,3.7398956766714946,-29.594175337030478,33.33407101370197,HOLD,800.0,9573.8478588867,978383.203125,987957.0509838867,0.0,0.0,True
2024-05-20,1247.4385986328125,1082.5238972422696,1063.5135169391726,19.01038030309701,-19.873264209004983,38.883644512101995,HOLD,800.0,9573.8478588867,997950.87890625,1007524.7267651367,0.0,0.0,True
2024-05-21,1248.79736328125,1108.104430479036,1077.238246297845,30.866184181190874,-9.725374530965812,40.59155871215668,HOLD,800.0,9573.8478588867,999037.890625,1008611.7384838867,0.0,0.0,True
2024-05-22,1277.3336181640625,1134.1396901228861,1092.0601256953428,42.079564427543346,0.6356132607360196,41.443951166807324,HOLD,800.0,9573.8478588867,1021866.89453125,1031440.7423901367,0.0,0.0,True
2024-05-23,1299.075439453125,1159.5144207890767,1107.3945933811044,52.11982740797225,10.932456090183265,41.18737131778899,HOLD,800.0,9573.8478588867,1039260.3515625,1048834.1994213867,0.0,0.0,True
2024-05-24,1221.6201171875,1169.069143311911,1115.855743292689,53.21340001922181,19.388644875990977,33.82475514323083,HOLD,800.0,9573.8478588867,977296.09375,986869.9416088867,0.0,0.0,True
2024-05-27,1205.313720703125,1174.6452321413285,1122.4822601379067,52.16297200342183,25.943510301477147,26.21946170194468,HOLD,800.0,9573.8478588867,964250.9765625,973824.8244213867,0.0,0.0,True
2024-05-28,1157.75341796875,1172.0464914993934,1125.0949384957469,46.951553003646495,30.14511884191102,16.806434161735474,HOLD,800.0,9573.8478588867,926202.734375,935776.5822338867,0.0,0.0,True
2024-05-29,1165.9066162109375,1171.1018953011694,1128.118025733909,42.9838695672604,32.7128689869809,10.271000580279498,HOLD,800.0,9573.8478588867,932725.29296875,942299.1408276367,0.0,0.0,True
2024-05-30,1123.78173828125,1163.8218711442587,1127.7968192559342,36.02505188832447,33.37530556724961,2.6497463210748577,HOLD,800.0,9573.8478588867,899025.390625,908599.2384838867,0.0,0.0,True
2024-05-31,1121.0640869140625,1157.2437504934594,1127.2980983417215,29.94565215173793,32.68937488414728,-2.7437227324093456,SELL,800.0,9573.8478588867,896851.26953125,906425.1173901367,800.0,1121.0640869140625,True
2024-06-03,1099.3221435546875,1148.3327340413407,1125.2258053945338,23.106928646806864,30.7728856366792,-7.665956989872335,HOLD,0.0,906156.0620092773,0.0,906156.0620092773,0.0,0.0,True
2024-06-04,1136.0115966796875,1146.43717444724,1126.0247528971377,20.412421550102408,28.700792819363844,-8.288371269261436,HOLD,0.0,906156.0620092773,0.0,906156.0620092773,0.0,0.0,True
2024-06-05,1102.0399169921875,1139.6068271464628,1124.24809838566,15.358728760802933,26.032380007651664,-10.673651246848731,HOLD,0.0,906156.0620092773,0.0,906156.0620092773,0.0,0.0,True
2024-06-06,1089.8101806640625,1131.9458046107088,1121.6971415173934,10.248663093315372,22.87563662478441,-12.626973531469037,HOLD,0.0,906156.0620092773,0.0,906156.0620092773,0.0,0.0,True
2024-06-07,1110.193115234375,1128.59923701435,1120.844991422355,7.754245591994959,19.85135841822652,-12.097112826231562,HOLD,0.0,906156.0620092773,0.0,906156.0620092773,0.0,0.0,True
2024-06-11,1088.4512939453125,1122.4226303883443,1118.4454582759072,3.9771721124370742,16.67652115706863,-12.699349044631557,HOLD,0.0,906156.0620092773,0.0,906156.0620092773,0.0,0.0,True
2024-06-12,1072.1448974609375,1114.6875945533586,1115.0157871044278,-0.3281925510691508,13.275578415441075,-13.603770966510226,HOLD,0.0,906156.0620092773,0.0,906156.0620092773,0.0,0.0,True
2024-06-13,1047.685302734375,1104.3795496581304,1110.028343817757,-5.648794159626732,9.490703900427514,-15.139498060054246,HOLD,0.0,906156.0620092773,0.0,906156.0620092773,0.0,0.0,True
2024-06-14,1078.939208984375,1100.4656510929372,1107.7254449412103,-7.259793848273148,6.140604350687381,-13.400398198960529,HOLD,0.0,906156.0620092773,0.0,906156.0620092773,0.0,0.0,True
2024-06-17,1039.5321044921875,1091.0912593082064,1102.6740863894308,-11.582827081224423,2.595918064305021,-14.178745145529444,HOLD,0.0,906156.0620092773,0.0,906156.0620092773,0.0,0.0,True
2024-06-18,1023.2257080078125,1080.6504052619919,1096.7890213241258,-16.138616062133906,-1.1509887609827643,-14.987627301151141,HOLD,0.0,906156.0620092773,0.0,906156.0620092773,0.0,0.0,True
2024-06-19,1015.072509765625,1070.561498262551,1090.7359463938665,-20.174448131315557,-4.9556806350493225,-15.218767496266235,HOLD,0.0,906156.0620092773,0.0,906156.0620092773,0.0,0.0,True
2024-06-20,979.7420043945312,1056.5892684367018,1082.5141729124343,-25.924904475732546,-9.149525403185967,-16.775379072546578,HOLD,0.0,906156.0620092773,0.0,906156.0620092773,0.0,0.0,True
2024-06-21,977.0242919921875,1044.3485028298535,1074.7001076590827,-30.351604829229245,-13.389941288394624,-16.96166354083462,HOLD,0.0,906156.0620092773,0.0,906156.0620092773,0.0,0.0,True
2024-06-24,949.8469848632812,1029.809807758073,1065.4517281927272,-35.64192043465414,-17.840337117646527,-17.801583317007612,HOLD,0.0,906156.0620092773,0.0,906156.0620092773,0.0,0.0,True
2024-06-25,966.1533813476562,1020.0165113872397,1058.0962950930923,-38.079783705852606,-21.88822643528774,-16.191557270564864,HOLD,0.0,906156.0620092773,0.0,906156.0620092773,0.0,0.0,True
2024-06-26,977.0242919921875,1013.4023237880009,1052.0909615300623,-38.68863774206136,-25.248308696642468,-13.440329045418892,HOLD,0.0,906156.0620092773,0.0,906156.0620092773,0.0,0.0,True
2024-06-27,951.2058715820312,1003.8336388332364,1044.6179919042822,-40.78435307104587,-28.35551757152315,-12.42883549952272,HOLD,0.0,906156.0620092773,0.0,906156.0620092773,0.0,0.0,True
2024-06-28,941.6937866210938,994.2736615698298,1036.9939766981202,-42.720315128290395,-31.2284770828766,-11.491838045413793,HOLD,0.0,906156.0620092773,0.0,906156.0620092773,0.0,0.0,True
2024-07-01,990.6129760742188,993.7104791858897,1033.5583470222755,-39.84786783638583,-32.952355233578444,-6.895512602807386,HOLD,0.0,906156.0620092773,0.0,906156.0620092773,0.0,0.0,True
2024-07-02,968.87109375,989.889035272676,1028.7666986317365,-38.877663359060534,-34.13741685867486,-4.740246500385673,HOLD,0.0,906156.0620092773,0.0,906156.0620092773,0.0,0.0,True
2024-07-03,972.9476928710938,987.2826749032017,1024.6319574642814,-37.34928256107969,-34.77978999915583,-2.569492561923859,HOLD,0.0,906156.0620092773,0.0,906156.0620092773,0.0,0.0,True
2024-07-04,943.0526733398438,980.4780592780696,1018.5890475291378,-38.11098825106819,-35.4460296495383,-2.6649586015298894,HOLD,0.0,906156.0620092773,0.0,906156.0620092773,0.0,0.0,True
2024-07-05,934.8994750976562,973.4659694041599,1012.3898199416207,-38.923850537460794,-36.141593827122804,-2.7822567103379896,HOLD,0.0,906156.0620092773,0.0,906156.0620092773,0.0,0.0,True
2024-07-08,906.36328125,963.1424789189045,1004.5360022607599,-41.39352334185537,-37.19197973006932,-4.20154361178605,HOLD,0.0,906156.0620092773,0.0,906156.0620092773,0.0,0.0,True
2024-07-09,911.7987670898438,955.2434463298183,997.6665774332846,-42.42313110346629,-38.238210004748716,-4.184921098717574,HOLD,0.0,906156.0620092773,0.0,906156.0620092773,0.0,0.0,True
2024-07-10,903.6455688476562,947.3053113325625,990.7020582787936,-43.39674694623113,-39.269917393045205,-4.126829553185928,HOLD,0.0,906156.0620092773,0.0,906156.0620092773,0.0,0.0,True
2024-07-11,925.3873901367188,943.9333234562788,985.863934712714,-41.93061125643521,-39.80205616572321,-2.1285550907120054,HOLD,0.0,906156.0620092773,0.0,906156.0620092773,0.0,0.0,True
2024-07-12,944.4114990234375,944.0068889281494,982.7933839209157,-38.78649499276639,-39.59894393113185,0.8124489383654563,BUY,0.0,906156.0620092773,0.0,906156.0620092773,900.0,944.4114990234375,True
2024-07-15,928.1051635742188,941.5604696429292,978.7424046359752,-37.18193499304596,-39.11554214351467,1.933607150468717,HOLD,900.0,55930.721783447196,835294.6472167969,891225.3690002441,0.0,0.0,True
2024-07-16,940.3349609375,941.371929842094,975.8974088064585,-34.52547896436454,-38.19752950768465,3.672050543320111,HOLD,900.0,55930.721783447196,846301.46484375,902232.1866271972,0.0,0.0,True
2024-07-17,967.5122680664062,945.393520338142,975.2762872701584,-29.882766932016352,-36.534576992550996,6.651810060534643,HOLD,900.0,55930.721783447196,870761.0412597656,926691.7630432128,0.0,0.0,True
2024-07-18,970.22998046875,949.2145142043894,974.9024867663504,-25.687972561961033,-34.365256106433,8.677283544471969,HOLD,900.0,55930.721783447196,873206.982421875,929137.7042053222,0.0,0.0,True
2024-07-19,959.3590698242188,950.7752150689785,973.7511225484147,-22.975907479436273,-32.08738638103366,9.111478901597387,HOLD,900.0,55930.721783447196,863423.1628417969,919353.8846252441,0.0,0.0,True
2024-07-22,948.4880981445312,950.4233509267558,971.8797874073863,-21.456436480630487,-29.961196400953025,8.504759920322538,HOLD,900.0,55930.721783447196,853639.2883300781,909570.0101135253,0.0,0.0,True
2024-07-23,930.8228759765625,947.4078932421107,968.8385347088067,-21.430641466695988,-28.25508541410162,6.8244439474056335,HOLD,900.0,55930.721783447196,837740.5883789062,893671.3101623534,0.0,0.0,True
2024-07-24,903.6455688476562,940.6752279506561,964.0094261264993,-23.3341981758432,-27.270907966449936,3.936709790606738,HOLD,900.0,55930.721783447196,813281.0119628906,869211.7337463378,0.0,0.0,True
2024-07-25,910.4398803710938,936.0236360153389,960.041311626099,-24.01767561076008,-26.62026149531197,2.602585884551889,HOLD,900.0,55930.721783447196,819395.8923339844,875326.6141174316,0.0,0.0,True
2024-07-26,929.4639892578125,935.014459591104,957.7763247840037,-22.761865192899677,-25.848582234829514,3.0867170419298375,HOLD,900.0,55930.721783447196,836517.5903320312,892448.3121154784,0.0,0.0,True
2024-07-29,909.0810546875,931.0247049905495,954.1692677398182,-23.144562749268744,-25.307778337717362,2.163215588448619,HOLD,900.0,55930.721783447196,818172.94921875,874103.6710021972,0.0,0.0,True
2024-07-30,917.2341918945312,928.903087591162,951.433336195723,-22.53024860456094,-24.75227239108608,2.222023786525142,HOLD,900.0,55930.721783447196,825510.7727050781,881441.4944885253,0.0,0.0,True
2024-07-31,963.4356689453125,934.2157924148776,952.3223978808778,-18.106605466000246,-23.423139006068915,5.316533540068669,HOLD,900.0,55930.721783447196,867092.1020507812,923022.8238342284,0.0,0.0,True
2024-08-01,937.6171875,934.7390839664349,951.2331230378499,-16.49403907141493,-22.03731901913812,5.543279947723189,HOLD,900.0,55930.721783447196,843855.46875,899786.1905334472,0.0,0.0,True
2024-08-02,925.3873901367188,933.3003618387862,949.3186243044328,-16.018262465646558,-20.833507708439807,4.8152452427932495,HOLD,900.0,55930.721783447196,832848.6511230469,888779.3729064941,0.0,0.0,True
2024-08-05,921.310791015625,931.4558124813768,947.2439699867433,-15.788157505366485,-19.824437667825144,4.0362801624586595,HOLD,900.0,55930.721783447196,829179.7119140625,885110.4336975097,0.0,0.0,True
2024-08-06,934.8994750976562,931.9856067300352,946.329562957922,-14.343956227886792,-18.728341379837474,4.384385151950681,HOLD,900.0,55930.721783447196,841409.5275878906,897340.2493713378,0.0,0.0,True
2024-08-07,922.669677734375,930.5523868845492,944.5769788672889,-14.024591982739707,-17.78759150041792,3.762999517678214,HOLD,900.0,55930.721783447196,830402.7099609375,886333.4317443847,0.0,0.0,True
2024-08-08,940.3349609375,932.0573982773109,944.2627553169341,-12.205357039623209,-16.67114460825898,4.465787568635772,HOLD,900.0,55930.721783447196,846301.46484375,902232.1866271972,0.0,0.0,True
2024-08-09,975.6654663085938,938.7663318205853,946.588882057057,-7.822550236471784,-14.901425733901542,7.078875497429758,HOLD,900.0,55930.721783447196,878098.9196777344,934029.6414611816,0.0,0.0,True
2024-08-12,934.8994750976562,938.1714307862885,945.7230000600644,-7.55156927377584,-13.431454441876403,5.879885168100563,HOLD,900.0,55930.721783447196,841409.5275878906,897340.2493713378,0.0,0.0,True
2024-08-13,928.1051635742188,936.622774292124,944.4179751351869,-7.795200843062958,-12.304203722113714,4.509002879050756,HOLD,900.0,55930.721783447196,835294.6472167969,891225.3690002441,0.0,0.0,True
2024-08-14,921.310791015625,934.2670845572779,942.7063318670713,-8.439247309793359,-11.531212439649645,3.091965129856286,HOLD,900.0,55930.721783447196,829179.7119140625,885110.4336975097,0.0,0.0,True
2024-08-15,938.97607421875,934.9915445051967,942.4300164857142,-7.438471980517534,-10.712664347823223,3.274192367305689,HOLD,900.0,55930.721783447196,845078.466796875,901009.1885803222,0.0,0.0,True
2024-08-16,924.028564453125,933.3049321894933,941.0669459647817,-7.762013775288324,-10.122534233316244,2.3605204580279207,HOLD,900.0,55930.721783447196,831625.7080078125,887556.4297912597,0.0,0.0,True
2024-08-19,924.028564453125,931.8777986915906,939.8048436305849,-7.9270449389943,-9.683436374451857,1.756391435457557,HOLD,900.0,55930.721783447196,831625.7080078125,887556.4297912597,0.0,0.0,True
2024-08-20,906.36328125,927.9524883159613,937.3276908616527,-9.375202545691423,-9.621789608699771,0.24658706300834865,HOLD,900.0,55930.721783447196,815726.953125,871657.6749084472,0.0,0.0,True
2024-08-21,890.056884765625,922.1223954620634,933.8261496693543,-11.703754207290899,-10.038182528417996,-1.6655716788729027,SELL,900.0,55930.721783447196,801051.1962890625,856981.9180725097,900.0,890.056884765625,True
2024-08-22,879.1859741210938,915.5167921788372,929.778729258372,-14.261937079534732,-10.882933438641343,-3.379003640893389,HOLD,0.0,856741.602713623,0.0,856741.602713623,0.0,0.0,True
2024-08-23,871.0327758789062,908.6730973634633,925.4271771561893,-16.754079792725975,-12.057162709458272,-4.696917083267703,HOLD,0.0,856741.602713623,0.0,856741.602713623,0.0,0.0,True
2024-08-26,887.3391723632812,905.390955055743,922.6058434678257,-17.2148884120827,-13.088707849983159,-4.126180562099542,HOLD,0.0,856741.602713623,0.0,856741.602713623,0.0,0.0,True
2024-08-27,857.4441528320312,898.0145239444028,917.7790515688779,-19.764527624475136,-14.423871804881554,-5.340655819593582,HOLD,0.0,856741.602713623,0.0,856741.602713623,0.0,0.0,True
2024-08-28,845.21435546875,889.8914211019946,912.4038888947944,-22.512467792799725,-16.04159100246519,-6.470876790334536,HOLD,0.0,856741.602713623,0.0,856741.602713623,0.0,0.0,True
2024-08-29,847.9320678710938,883.4361359895483,907.6281984485943,-24.19206245904593,-17.671685293781337,-6.520377165264591,HOLD,0.0,856741.602713623,0.0,856741.602713623,0.0,0.0,True
2024-08-30,918.5930786132812,888.8448963931995,908.4404117941267,-19.595515400927184,-18.05645131521051,-1.5390640857166744,HOLD,0.0,856741.602713623,0.0,856741.602713623,0.0,0.0,True
2024-09-02,872.3916625976562,886.3136296554236,905.7701340758697,-19.456504420446095,-18.336461936257628,-1.1200424841884669,HOLD,0.0,856741.602713623,0.0,856741.602713623,0.0,0.0,True
2024-09-03,885.9802856445312,886.2623459614401,904.304219377252,-18.041873415811892,-18.27754423216848,0.23567081635658838,BUY,0.0,856741.602713623,0.0,856741.602713623,900.0,885.9802856445312,True
2024-09-04,877.8271484375,884.9646232654494,902.3429548631964,-17.37833159774698,-18.09770170528418,0.7193701075372019,HOLD,900.0,59120.13095642079,790044.43359375,849164.5645501708,0.0,0.0,True
2024-09-05,895.4923706054688,886.5842767023754,901.8355041774388,-15.251227475063388,-17.52840685924002,2.277179384176634,HOLD,900.0,59120.13095642079,805943.1335449219,865063.2645013427,0.0,0.0,True
2024-09-06,879.1859741210938,885.4460763052551,900.157761210302,-14.711684905046923,-16.965062468401403,2.25337756335448,HOLD,900.0,59120.13095642079,791267.3767089844,850387.5076654052,0.0,0.0,True
2024-09-09,865.5973510742188,882.3924262697111,897.5977308298515,-15.205304560140348,-16.613110886749194,1.4078063266088456,HOLD,900.0,59120.13095642079,779037.6159667969,838157.7469232177,0.0,0.0,True
2024-09-10,856.0852661132812,878.3451708610296,894.5227334434388,-16.177562582409223,-16.5260012258812,0.34843864347197595,HOLD,900.0,59120.13095642079,770476.7395019531,829596.8704583739,0.0,0.0,True
2024-09-11,857.4441528320312,875.129629625799,891.7761719166679,-16.646542290868865,-16.55010943887873,-0.09643285199013363,SELL,900.0,59120.13095642079,771699.7375488281,830819.8685052489,900.0,857.4441528320312,True
2024-09-12,857.4441528320312,872.4087870421424,889.2330593918799,-16.824272349737498,-16.604942021050487,-0.2193303286870112,HOLD,0.0,830588.3585839843,0.0,830588.3585839843,0.0,0.0,True
2024-09-13,858.802978515625,870.3155857303705,886.9789793269722,-16.663393596601736,-16.616632336160738,-0.0467612604409986,HOLD,0.0,830588.3585839843,0.0,830588.3585839843,0.0,0.0,True
2024-09-18,881.9036865234375,872.0983704677653,886.6030317118955,-14.504661244130148,-16.194238117754622,1.6895768736244747,BUY,0.0,830588.3585839843,0.0,830588.3585839843,900.0,881.9036865234375,True
2024-09-19,919.9519653320312,879.4604619853446,889.0733230911648,-9.612861105820116,-14.87796271536772,5.265101609547605,HOLD,900.0,36636.92671752919,827956.7687988281,864593.6955163573,0.0,0.0,True
2024-09-20,936.2583618164062,888.1986004208925,892.5685111448863,-4.369910723993826,-12.776352317092941,8.406441593099116,HOLD,900.0,36636.92671752919,842632.5256347656,879269.4523522948,0.0,0.0,True
2024-09-23,941.6937866210938,896.4286290670773,896.2074204394202,0.2212086276571199,-10.17684012814293,10.39804875580005,HOLD,900.0,36636.92671752919,847524.4079589844,884161.3346765136,0.0,0.0,True
2024-09-24,967.5122680664062,907.3645735285126,901.4892610043821,5.875312524130436,-6.966409597688257,12.841722121818693,HOLD,900.0,36636.92671752919,870761.0412597656,907397.9679772948,0.0,0.0,True
2024-09-25,993.3306884765625,920.5901296743664,908.2923297060252,12.297799968341224,-3.1135676844823603,15.411367652823584,HOLD,900.0,36636.92671752919,893997.6196289062,930634.5463464354,0.0,0.0,True
2024-09-26,1092.52783203125,947.0420838831177,921.939403952338,25.102679930779686,2.5296818385700495,22.572998092209637,HOLD,900.0,36636.92671752919,983275.048828125,1019911.9755456542,0.0,0.0,True
2024-09-27,1201.237060546875,986.1490033698497,942.628119255637,43.52088411421266,10.727922293698573,32.792961820514094,HOLD,900.0,36636.92671752919,1081113.3544921875,1117750.2812097166,0.0,0.0,True
2024-09-30,1320.8172607421875,1037.6364275809785,970.6421297361222,66.9942978448563,21.981197403930118,45.01310044092619,HOLD,900.0,36636.92671752919,1188735.5346679688,1225372.4613854978,0.0,0.0,True
2024-10-08,1410.50244140625,1095.0004297079433,1003.2243750450206,91.77605466292277,35.94016885572865,55.835885807194124,HOLD,900.0,36636.92671752919,1269452.197265625,1306089.123983154,0.0,0.0,True
2024-10-09,1269.180419921875,1121.7973512793176,1022.9248228136764,98.87252846564115,48.52664077771115,50.34588768793,HOLD,900.0,36636.92671752919,1142262.3779296875,1178899.3046472166,0.0,0.0,True
2024-10-10,1239.285400390625,1139.8724357579804,1038.9515322638208,100.92090349415957,59.00549332100084,41.91541017315873,HOLD,900.0,36636.92671752919,1115356.8603515625,1151993.7870690916,0.0,0.0,True
2024-10-11,1236.567626953125,1154.748619018772,1053.5897615000656,101.15885751870633,67.43616616054194,33.72269135816438,HOLD,900.0,36636.92671752919,1112910.8642578125,1149547.7909753416,0.0,0.0,True
2024-10-14,1269.180419921875,1172.3535114654032,1069.5594399016811,102.79407156372213,74.50774724117798,28.286324322544147,HOLD,900.0,36636.92671752919,1142262.3779296875,1178899.3046472166,0.0,0.0,True
2024-10-15,1250.15625,1184.3231635476488,1082.9369813904455,101.3861821572034,79.88343422438307,21.502747932820327,HOLD,900.0,36636.92671752919,1125140.625,1161777.551717529,0.0,0.0,True
2024-10-16,1358.865478515625,1211.1758273888759,1103.376129325644,107.79969806323197,85.46668699215286,22.333011071079113,HOLD,900.0,36636.92671752919,1222978.9306640625,1259615.8573815916,0.0,0.0,True
2024-10-17,1251.51513671875,1217.3818749780874,1114.3493891325406,103.03248584554672,88.97984676283164,14.052639082715075,HOLD,900.0,36636.92671752919,1126363.623046875,1163000.549764404,0.0,0.0,True
2024-10-18,1273.2569580078125,1225.978041598045,1126.1203201603385,99.85772143770646,91.1554216978066,8.702299739899857,HOLD,900.0,36636.92671752919,1145931.2622070312,1182568.1889245603,0.0,0.0,True
2024-10-21,1248.79736328125,1229.4887064723841,1135.2075085396652,94.2811979327189,91.78057694478906,2.5006209879298353,HOLD,900.0,36636.92671752919,1123917.626953125,1160554.553670654,0.0,0.0,True
2024-10-22,1255.5916748046875,1233.504547754277,1144.124854188926,89.37969356535086,91.30040026890143,-1.9207067035505645,SELL,900.0,36636.92671752919,1130032.5073242188,1166669.4340417478,900.0,1255.5916748046875,True
2024-10-23,1267.821533203125,1238.7840839771766,1153.2875711529407,85.49651282423588,90.13962277996832,-4.643109955732442,HOLD,0.0,1166330.4242895506,0.0,1166330.4242895506,0.0,0.0,True
2024-10-24,1239.285400390625,1238.8612095792457,1159.6577807261026,79.20342885314312,87.95238399460328,-8.748955141460158,HOLD,0.0,1166330.4242895506,0.0,1166330.4242895506,0.0,0.0,True
2024-10-25,1242.0030517578125,1239.34456991441,1165.7574304321554,73.58713948225454,85.07933509213355,-11.492195609879005,HOLD,0.0,1166330.4242895506,0.0,1166330.4242895506,0.0,0.0,True
2024-10-28,1275.9747314453125,1244.9799793807026,1173.9216749516486,71.05830442905403,82.27512895951764,-11.216824530463612,HOLD,0.0,1166330.4242895506,0.0,1166330.4242895506,0.0,0.0,True
2024-10-29,1240.6441650390625,1244.3129310204502,1178.8640816247903,65.44884939565986,78.9098730467461,-13.461023651086236,HOLD,0.0,1166330.4242895506,0.0,1166330.4242895506,0.0,0.0,True
2024-10-30,1252.8740234375,1245.6300221615347,1184.346299536843,61.28372262469179,75.38464296233523,-14.100920337643444,HOLD,0.0,1166330.4242895506,0.0,1166330.4242895506,0.0,0.0,True
2024-10-31,1261.0272216796875,1247.9988220874045,1190.0263678437202,57.9724542436843,71.90220521860505,-13.92975097492075,HOLD,0.0,1166330.4242895506,0.0,1166330.4242895506,0.0,0.0,True
2024-11-01,1237.926513671875,1246.449236177323,1193.5745267939537,52.874709383369236,68.09670605155789,-15.221996668188652,HOLD,0.0,1166330.4242895506,0.0,1166330.4242895506,0.0,0.0,True
2024-11-04,1232.490966796875,1244.3018101187924,1196.4572260534294,47.84458406536305,64.04628165431892,-16.201697588955867,HOLD,0.0,1166330.4242895506,0.0,1166330.4242895506,0.0,0.0,True
2024-11-05,1269.180419921875,1248.1292885500359,1201.8441293029439,46.285159247092,60.49405717287354,-14.208897925781542,HOLD,0.0,1166330.4242895506,0.0,1166330.4242895506,0.0,0.0,True
2024-11-06,1290.9222412109375,1254.712819728636,1208.4425079627952,46.270311765840916,57.64930809146702,-11.378996325626105,HOLD,0.0,1166330.4242895506,0.0,1166330.4242895506,0.0,0.0,True
2024-11-07,1343.91796875,1268.436688808846,1218.477727280366,49.958961528479904,56.1112387788696,-6.1522772503896945,HOLD,0.0,1166330.4242895506,0.0,1166330.4242895506,0.0,0.0,True
2024-11-08,1292.2811279296875,1272.1050640582062,1223.9446458469824,48.160418211223714,54.52107466534043,-6.3606564541167145,HOLD,0.0,1166330.4242895506,0.0,1166330.4242895506,0.0,0.0,True
2024-11-11,1263.744873046875,1270.8188808256937,1226.8928108247524,43.92607000094131,52.40207373246061,-8.476003731519299,HOLD,0.0,1166330.4242895506,0.0,1166330.4242895506,0.0,0.0,True
2024-11-12,1248.79736328125,1267.4309550496255,1228.5153702659743,38.915584783651184,49.70477594269873,-10.789191159047547,HOLD,0.0,1166330.4242895506,0.0,1166330.4242895506,0.0,0.0,True
2024-11-13,1232.490966796875,1262.05557224151,1228.8098588978928,33.245713343617126,46.41296342288241,-13.167250079265287,HOLD,0.0,1166330.4242895506,0.0,1166330.4242895506,0.0,0.0,True
2024-11-14,1216.1846923828125,1254.9985138017105,1227.874661378257,27.1238524234534,42.55514122299662,-15.431288799543218,HOLD,0.0,1166330.4242895506,0.0,1166330.4242895506,0.0,0.0,True
2024-11-15,1183.5718994140625,1244.0098038959186,1224.5929753068353,19.416828589083252,37.927478696213946,-18.510650107130694,HOLD,0.0,1166330.4242895506,0.0,1166330.4242895506,0.0,0.0,True
2024-11-18,1201.237060546875,1237.4293818422195,1222.8629075468382,14.56647429538134,33.255277816047425,-18.688803520666085,HOLD,0.0,1166330.4242895506,0.0,1166330.4242895506,0.0,0.0,True
2024-11-19,1189.00732421875,1229.9798345155318,1220.3550865595723,9.624747955959492,28.52917184402984,-18.904423888070347,HOLD,0.0,1166330.4242895506,0.0,1166330.4242895506,0.0,0.0,True
2024-11-20,1190.3662109375,1223.8854308881423,1218.1336883653448,5.751742522797485,23.97368597978337,-18.221943456985883,HOLD,0.0,1166330.4242895506,0.0,1166330.4242895506,0.0,0.0,True
2024-11-21,1179.4952392578125,1217.0561706373223,1215.271581024046,1.784589613276239,19.535866706481944,-17.751277093205704,HOLD,0.0,1166330.4242895506,0.0,1166330.4242895506,0.0,0.0,True
2024-11-22,1144.164794921875,1205.8421128349457,1210.0044116831446,-4.162298848198816,14.796233595545791,-18.95853244374461,HOLD,0.0,1166330.4242895506,0.0,1166330.4242895506,0.0,0.0,True
2024-11-25,1138.729248046875,1195.517056713704,1204.7247699323098,-9.207713218605704,9.995444232715492,-19.203157451321196,HOLD,0.0,1166330.4242895506,0.0,1166330.4242895506,0.0,0.0,True
2024-11-26,1136.0115966796875,1186.3623705546247,1199.6349052469302,-13.272534692305499,5.341848447711294,-18.61438314001679,HOLD,0.0,1166330.4242895506,0.0,1166330.4242895506,0.0,0.0,True
2024-11-27,1148.2413330078125,1180.4975955474229,1195.8279739699585,-15.33037842253566,1.207403073661904,-16.537781496197564,HOLD,0.0,1166330.4242895506,0.0,1166330.4242895506,0.0,0.0,True
2024-11-28,1152.3179931640625,1176.1622721038289,1192.605012428781,-16.442740324952183,-2.3226256060609134,-14.12011471889127,HOLD,0.0,1166330.4242895506,0.0,1166330.4242895506,0.0,0.0,True
2024-11-29,1168.6243896484375,1175.0025978799224,1190.8286700006076,-15.82607212068524,-5.023314908985778,-10.802757211699461,HOLD,0.0,1166330.4242895506,0.0,1166330.4242895506,0.0,0.0,True
2024-12-02,1179.4952392578125,1175.6937734765208,1189.9891566122524,-14.295383135731527,-6.8777285543349285,-7.417654581396598,HOLD,0.0,1166330.4242895506,0.0,1166330.4242895506,0.0,0.0,True
2024-12-03,1187.6484375,1177.532952557056,1189.8157700113447,-12.282817454288761,-7.958746334325696,-4.324071119963065,HOLD,0.0,1166330.4242895506,0.0,1166330.4242895506,0.0,0.0,True
2024-12-04,1161.8299560546875,1175.117106941307,1187.742746755296,-12.625639813988982,-8.892125030258352,-3.73351478373063,HOLD,0.0,1166330.4242895506,0.0,1166330.4242895506,0.0,0.0,True
2024-12-05,1157.75341796875,1172.445770176298,1185.5213149933295,-13.075544817031414,-9.728808987612965,-3.3467358294184493,HOLD,0.0,1166330.4242895506,0.0,1166330.4242895506,0.0,0.0,True
2024-12-06,1179.4952392578125,1173.5303038811464,1185.0749390129208,-11.544635131774385,-10.091974216445248,-1.4526609153291368,HOLD,0.0,1166330.4242895506,0.0,1166330.4242895506,0.0,0.0,True
2024-12-09,1144.164794921875,1169.0125332720277,1182.0445579691395,-13.032024697111865,-10.679984312578572,-2.352040384533293,HOLD,0.0,1166330.4242895506,0.0,1166330.4242895506,0.0,0.0,True
2024-12-10,1165.9066162109375,1168.5346998780137,1180.8491548759393,-12.314454997925623,-11.006878449647981,-1.3075765482776411,HOLD,0.0,1166330.4242895506,0.0,1166330.4242895506,0.0,0.0,True
2024-12-11,1175.418701171875,1169.5937770001462,1180.4468990460086,-10.853122045862392,-10.976127168890864,0.12300512302847189,BUY,0.0,1166330.4242895506,0.0,1166330.4242895506,900.0,1175.418701171875,True
2024-12-12,1180.8541259765625,1171.3261383811334,1180.4770640038275,-9.150925622694103,-10.611086859651511,1.4601612369574077,HOLD,900.0,108136.23018554668,1062768.7133789062,1170904.943564453,0.0,0.0,True
2024-12-13,1142.805908203125,1166.9384106614398,1177.6866080185903,-10.748197357150502,-10.63850895915131,-0.10968839799919294,SELL,900.0,108136.23018554668,1028525.3173828125,1136661.5475683592,900.0,1142.805908203125,True
2024-12-16,1118.3463134765625,1159.4627034022278,1173.291030645107,-13.82832724287914,-11.276472615896875,-2.5518546269822657,HOLD,0.0,1136352.9899731444,0.0,1136352.9899731444,0.0,0.0,True
2024-12-17,1106.1165771484375,1151.2556070554908,1168.3151452009092,-17.0595381454184,-12.43308572180118,-4.62645242361722,HOLD,0.0,1136352.9899731444,0.0,1136352.9899731444,0.0,0.0,True
2024-12-18,1106.1165771484375,1144.3111409159442,1163.707843863689,-19.39670294774487,-13.82580916698992,-5.57089378075495,HOLD,0.0,1136352.9899731444,0.0,1136352.9899731444,0.0,0.0,True
2024-12-19,1074.8626708984375,1133.6267609132508,1157.1267199403371,-23.499959027086334,-15.760639139009204,-7.73931988807713,HOLD,0.0,1136352.9899731444,0.0,1136352.9899731444,0.0,0.0,True
2024-12-20,1062.6328125,1122.7046150035198,1150.127171241053,-27.422556237533172,-18.093022558713997,-9.329533678819175,HOLD,0.0,1136352.9899731444,0.0,1136352.9899731444,0.0,0.0,True
2024-12-23,1040.8909912109375,1110.117903650815,1142.0356023499335,-31.917698699118546,-20.85795778679491,-11.059740912323637,HOLD,0.0,1136352.9899731444,0.0,1136352.9899731444,0.0,0.0,True
2024-12-24,1050.403076171875,1100.9310071155933,1135.2480078182255,-34.317000702632185,-23.549766369962366,-10.767234332669819,HOLD,0.0,1136352.9899731444,0.0,1136352.9899731444,0.0,0.0,True
2024-12-25,1024.5845947265625,1089.1854052095887,1127.0507179595838,-37.865312749995155,-26.412875645968924,-11.452437104026231,HOLD,0.0,1136352.9899731444,0.0,1136352.9899731444,0.0,0.0,True
2024-12-26,1020.5079956054688,1078.619649885878,1119.1586644518716,-40.53901456599351,-29.23810342997384,-11.300911136019671,HOLD,0.0,1136352.9899731444,0.0,1136352.9899731444,0.0,0.0,True
2024-12-27,1025.9434814453125,1070.515623971945,1112.2538360810154,-41.738212109070446,-31.738125165793164,-10.000086943277282,HOLD,0.0,1136352.9899731444,0.0,1136352.9899731444,0.0,0.0,True
2024-12-30,1000.125,1059.6862972070303,1103.9479963713104,-44.26169916428012,-34.24283996549055,-10.018859198789563,HOLD,0.0,1136352.9899731444,0.0,1136352.9899731444,0.0,0.0,True
2024-12-31,986.536376953125,1048.432463321814,1095.2508393773708,-46.818376055556655,-36.757947183503774,-10.060428872052881,HOLD,0.0,1136352.9899731444,0.0,1136352.9899731444,0.0,0.0,True
2025-01-02,966.1533813476562,1035.7741430180974,1085.6880647085031,-49.91392169040569,-39.389142084884156,-10.52477960552153,HOLD,0.0,1136352.9899731444,0.0,1136352.9899731444,0.0,0.0,True
2025-01-03,951.2058715820312,1022.7636397202411,1075.726420773209,-52.962781052967784,-42.10386987850089,-10.858911174466897,HOLD,0.0,1136352.9899731444,0.0,1136352.9899731444,0.0,0.0,True
2025-01-06,948.4880981445312,1011.336633323978,1066.3013598377513,-54.96472651377326,-44.676041205555364,-10.288685308217893,HOLD,0.0,1136352.9899731444,0.0,1136352.9899731444,0.0,0.0,True
2025-01-07,958.0001831054688,1003.1310255980535,1058.2790504501747,-55.14802485212124,-46.77043793486854,-8.3775869172527,HOLD,0.0,1136352.9899731444,0.0,1136352.9899731444,0.0,0.0,True
2025-01-08,945.7703857421875,994.3063117740742,1049.94507528662,-55.63876351254589,-48.54410305040401,-7.094660462141881,HOLD,0.0,1136352.9899731444,0.0,1136352.9899731444,0.0,0.0,True
2025-01-09,933.2780151367188,984.917343060635,1041.3030708310719,-56.385727770436915,-50.112427994410595,-6.27329977602632,HOLD,0.0,1136352.9899731444,0.0,1136352.9899731444,0.0,0.0,True
2025-01-10,898.364013671875,971.601446231595,1030.7149925229833,-59.113546291388275,-51.91265165380614,-7.200894637582138,HOLD,0.0,1136352.9899731444,0.0,1136352.9899731444,0.0,0.0,True
2025-01-13,907.763916015625,961.7802877368304,1021.60750537429,-59.827217637459626,-53.49556485053684,-6.331652786922788,HOLD,0.0,1136352.9899731444,0.0,1136352.9899731444,0.0,0.0,True
2025-01-14,927.9066162109375,956.5689536559238,1014.6666987695972,-58.097745113673454,-54.41600090316416,-3.6817442105092937,HOLD,0.0,1136352.9899731444,0.0,1136352.9899731444,0.0,0.0,True
2025-01-15,921.1923828125,951.126404295397,1007.7426753653679,-56.61627106997082,-54.856054936525496,-1.7602161334453257,HOLD,0.0,1136352.9899731444,0.0,1136352.9899731444,0.0,0.0,True
2025-01-16,923.8781127929688,946.9343594488696,1001.5304855451902,-54.59612609632063,-54.804069168484524,0.20794307216389285,BUY,0.0,1136352.9899731444,0.0,1136352.9899731444,1200.0,923.8781127929688,True
2025-01-17,890.3069458007812,938.2224496568559,993.2917048233821,-55.069255166526204,-54.857106368092865,-0.2121487984333399,SELL,1200.0,27366.658500976395,1068368.3349609375,1095734.993461914,1200.0,890.3069458007812,True
2025-01-20,919.8495483398438,935.3958494542387,987.8515450838607,-52.45569562962203,-54.3768242203987,1.921128590776675,BUY,0.0,1095414.4829614256,0.0,1095414.4829614256,1100.0,919.8495483398438,True
2025-01-21,988.334716796875,943.540290583875,987.8873355811211,-44.34704499724603,-52.37086837576817,8.023823378522138,HOLD,1100.0,83276.42943664524,1087168.1884765625,1170444.6179132077,0.0,0.0,True
2025-01-22,942.6779174804688,943.4076177987356,984.5384897958875,-41.13087199715187,-50.122869100044916,8.991997102893045,HOLD,1100.0,83276.42943664524,1036945.7092285156,1120222.1386651609,0.0,0.0,True
2025-01-23,988.334716796875,950.3194791830647,984.8196917959607,-34.50021261289601,-46.99833780261514,12.498125189719133,HOLD,1100.0,83276.42943664524,1087168.1884765625,1170444.6179132077,0.0,0.0,True
2025-01-24,992.3632202148438,956.7877470341076,985.3784716788409,-28.590724644733314,-43.316815171038776,14.726090526305462,HOLD,1100.0,83276.42943664524,1091599.5422363281,1174875.9716729734,0.0,0.0,True
2025-01-27,976.2490844726562,959.7817989477305,984.7022207746792,-24.920421826948655,-39.637536502220755,14.7171146752721,HOLD,1100.0,83276.42943664524,1073873.9929199219,1157150.422356567,0.0,0.0,True
2025-02-05,935.9636840820312,956.1174735837768,981.091958797446,-24.97448521366914,-36.70492624451043,11.730441030841291,HOLD,1100.0,83276.42943664524,1029560.0524902344,1112836.4819268796,0.0,0.0,True
2025-02-06,942.6779174804688,954.0498495678833,978.2464742554475,-24.19662468756428,-34.2032659331212,10.00664124555692,HOLD,1100.0,83276.42943664524,1036945.7092285156,1120222.1386651609,0.0,0.0,True
2025-02-07,996.3917846679688,960.5639934294348,979.5905713230418,-19.02657789360694,-31.16792832521835,12.14135043161141,HOLD,1100.0,83276.42943664524,1096030.9631347656,1179307.3925714109,0.0,0.0,True
2025-02-10,996.3917846679688,966.0759613122863,980.8351056448882,-14.759144332601977,-27.88617152669508,13.127027194093102,HOLD,1100.0,83276.42943664524,1096030.9631347656,1179307.3925714109,0.0,0.0,True
2025-02-11,972.2205200195312,967.0212780364778,980.1969881911582,-13.17571015468036,-24.944079252292138,11.768369097611778,HOLD,1100.0,83276.42943664524,1069442.5720214844,1152719.0014581296,0.0,0.0,True
2025-02-12,1068.9053955078125,982.6957576474524,986.7679813257251,-4.072223678272735,-20.76970813748826,16.697484459215524,HOLD,1100.0,83276.42943664524,1175795.9350585938,1259072.364495239,0.0,0.0,True
2025-02-13,1070.248291015625,996.1653781656328,992.9517079694215,3.2136701962112966,-15.973032470748347,19.186702666959643,HOLD,1100.0,83276.42943664524,1177273.1201171875,1260549.5495538327,0.0,0.0,True
2025-02-14,1048.7628173828125,1004.2572918913527,997.0858642222652,7.171427669087507,-11.344140442781177,18.51556811186868,HOLD,1100.0,83276.42943664524,1153639.0991210938,1236915.528557739,0.0,0.0,True
2025-02-17,1031.3057861328125,1008.4185986977311,999.620673252676,8.797925445055057,-7.31572726521393,16.113652710268987,HOLD,1100.0,83276.42943664524,1134436.3647460938,1217712.794182739,0.0,0.0,True
2025-02-18,1009.8202514648438,1008.6342375849792,1000.3761975646885,8.258040020290764,-4.200973808112991,12.459013828403755,HOLD,1100.0,83276.42943664524,1110802.2766113281,1194078.7060479734,0.0,0.0,True
2025-02-19,1027.2772216796875,1011.5023889841651,1002.3688660176514,9.133522966513738,-1.5340744531876451,10.667597419701384,HOLD,1100.0,83276.42943664524,1130004.9438476562,1213281.3732843015,0.0,0.0,True
2025-02-20,1009.8202514648438,1011.2435985965773,1002.9208204952212,8.322778101356107,0.43729605772110536,7.885482043635002,HOLD,1100.0,83276.42943664524,1110802.2766113281,1194078.7060479734,0.0,0.0,True
2025-02-21,1023.2487182617188,1013.0905400835221,1004.4265907001469,8.663949383375211,2.0826267228519266,6.581322660523284,HOLD,1100.0,83276.42943664524,1125573.5900878906,1208850.0195245359,0.0,0.0,True
2025-02-24,1050.1055908203125,1018.7851632737976,1007.8102203386777,10.974942935119884,3.8610899653055184,7.113852969814365,HOLD,1100.0,83276.42943664524,1155116.1499023438,1238392.579338989,0.0,0.0,True
2025-02-25,1031.3057861328125,1020.7114129444153,1009.5506326197248,11.160780324690563,5.321028037182527,5.839752287508036,HOLD,1100.0,83276.42943664524,1134436.3647460938,1217712.794182739,0.0,0.0,True
2025-02-26,1052.791259765625,1025.6467739938323,1012.7536420379396,12.893131955892727,6.835448820924568,6.057683134968159,HOLD,1100.0,83276.42943664524,1158070.3857421875,1241346.8151788327,0.0,0.0,True
2025-02-27,1048.7628173828125,1029.2030883613677,1015.4209883597821,13.782100001585604,8.224779057056775,5.557320944528829,HOLD,1100.0,83276.42943664524,1153639.0991210938,1236915.528557739,0.0,0.0,True
2025-02-28,1040.7056884765625,1030.9727191483207,1017.2939291091733,13.67879003914743,9.315581253474907,4.363208785672523,HOLD,1100.0,83276.42943664524,1144776.2573242188,1228052.686760864,0.0,0.0,True
2025-03-03,1046.0770263671875,1033.2964587204542,1019.4260103875448,13.870448332909405,10.226554669361807,3.6438936635475976,HOLD,1100.0,83276.42943664524,1150684.7290039062,1233961.1584405515,0.0,0.0,True
2025-03-04,1025.934326171875,1032.1638229437497,1019.9081078530508,12.255715090698914,10.632386753629229,1.623328337069685,HOLD,1100.0,83276.42943664524,1128527.7587890625,1211804.1882257077,0.0,0.0,True
2025-03-05,1011.1630859375,1028.9329403274035,1019.2603284518989,9.672611875504572,10.440431778004298,-0.7678199024997259,SELL,1100.0,83276.42943664524,1112279.39453125,1195555.8239678952,1100.0,1011.1630859375,True
2025-03-06,1043.391357421875,1031.1573121880915,1021.0478120793044,10.109500108787074,10.374245444160852,-0.2647453353737781,HOLD,0.0,1195222.1401495358,0.0,1195222.1401495358,0.0,0.0,True
2025-03-07,1011.1630859375,1028.0812773803082,1020.3156101428744,7.765667237433718,9.852529802815425,-2.0868625653817077,HOLD,0.0,1195222.1401495358,0.0,1195222.1401495358,0.0,0.0,True
2025-03-10,1004.4488525390625,1024.4455197124241,1019.1402947648143,5.305224947609872,8.943068831774315,-3.637843884164443,HOLD,0.0,1195222.1401495358,0.0,1195222.1401495358,0.0,0.0,True
2025-03-11,997.734619140625,1020.3361503936858,1017.5546891630224,2.7814612306633535,7.710747311552123,-4.92928608088877,HOLD,0.0,1195222.1401495358,0.0,1195222.1401495358,0.0,0.0,True
2025-03-12,999.0774536132812,1017.0655816582389,1016.1860050482268,0.8795766100121227,6.344513171244124,-5.464936561232001,HOLD,0.0,1195222.1401495358,0.0,1195222.1401495358,0.0,0.0,True
2025-03-13,986.9918212890625,1012.4388492937503,1014.0234729179183,-1.584623624167989,4.758685812161701,-6.34330943632969,HOLD,0.0,1195222.1401495358,0.0,1195222.1401495358,0.0,0.0,True
2025-03-14,1012.5059204101562,1012.4491679270435,1013.911061621047,-1.4618936940034928,3.5145699109286626,-4.976463604932155,HOLD,0.0,1195222.1401495358,0.0,1195222.1401495358,0.0,0.0,True
2025-03-17,1015.1915893554688,1012.8710789160319,1014.0059155273005,-1.1348366112686108,2.584688606489208,-3.719525217757819,HOLD,0.0,1195222.1401495358,0.0,1195222.1401495358,0.0,0.0,True
2025-03-18,1011.1630859375,1012.6083107654886,1013.7953355576857,-1.1870247921971213,1.8303459267519424,-3.0173707189490635,HOLD,0.0,1195222.1401495358,0.0,1195222.1401495358,0.0,0.0,True
2025-03-19,1003.1060180664062,1011.1464195810144,1013.0035342620354,-1.8571146810210166,1.0928538051973506,-2.949968486218367,HOLD,0.0,1195222.1401495358,0.0,1195222.1401495358,0.0,0.0,True
2025-03-20,997.734619140625,1009.0830656671083,1011.8725035123013,-2.7894378451929924,0.3163954751192821,-3.1058333203122745,HOLD,0.0,1195222.1401495358,0.0,1195222.1401495358,0.0,0.0,True
2025-03-21,988.334716796875,1005.8910119947647,1010.1289637556031,-4.237951760838428,-0.5944739720722598,-3.643477788766168,HOLD,0.0,1195222.1401495358,0.0,1195222.1401495358,0.0,0.0,True
2025-03-24,964.1634521484375,999.4713874030219,1006.7241110439612,-7.25272364093928,-1.9261239058456638,-5.326599735093616,HOLD,0.0,1195222.1401495358,0.0,1195222.1401495358,0.0,0.0,True
2025-03-25,965.5062866210938,994.2459872827253,1003.6709388644896,-9.424951581764276,-3.425889441029386,-5.99906214073489,HOLD,0.0,1195222.1401495358,0.0,1195222.1401495358,0.0,0.0,True
2025-03-26,966.8491821289062,990.0310941821378,1000.9434013285205,-10.912307146382659,-4.923172982100041,-5.989134164282618,HOLD,0.0,1195222.1401495358,0.0,1195222.1401495358,0.0,0.0,True
2025-03-27,962.8206176757812,985.8448670273137,998.1194914283176,-12.274624401003848,-6.393463265880802,-5.881161135123046,HOLD,0.0,1195222.1401495358,0.0,1195222.1401495358,0.0,0.0,True
2025-03-28,956.1063842773438,981.2697158350106,995.0074094171343,-13.737693582123711,-7.862309329129385,-5.875384252994326,HOLD,0.0,1195222.1401495358,0.0,1195222.1401495358,0.0,0.0,True
2025-03-31,946.7064819335938,975.9522952347927,991.4295629368721,-15.477267702079416,-9.385301003719391,-6.091966698360025,HOLD,0.0,1195222.1401495358,0.0,1195222.1401495358,0.0,0.0,True
2025-04-01,954.7635498046875,972.6924882455457,988.7135619641177,-16.021073718571984,-10.71245554668991,-5.308618171882074,HOLD,0.0,1195222.1401495358,0.0,1195222.1401495358,0.0,0.0,True
2025-04-02,945.3636474609375,968.4880512017598,985.5024571861044,-17.014405984344535,-11.972845634220835,-5.041560350123699,HOLD,0.0,1195222.1401495358,0.0,1195222.1401495358,0.0,0.0,True
2025-04-03,958.7920532226562,966.9963592049746,983.5239087443674,-16.527549539392794,-12.883786415255228,-3.643763124137566,HOLD,0.0,1195222.1401495358,0.0,1195222.1401495358,0.0,0.0,True
2025-04-07,886.2783813476562,954.5782087653872,976.320536344611,-21.742327579223797,-14.655494648048943,-7.086832931174854,HOLD,0.0,1195222.1401495358,0.0,1195222.1401495358,0.0,0.0,True
2025-04-08,913.1353149414062,948.2023789463133,971.6401495740033,-23.437770627690043,-16.411949843977162,-7.025820783712881,HOLD,0.0,1195222.1401495358,0.0,1195222.1401495358,0.0,0.0,True
2025-04-09,948.04931640625,948.1788308632266,969.8926804504661,-21.71384958723945,-17.472329792629623,-4.241519794609829,HOLD,0.0,1195222.1401495358,0.0,1195222.1401495358,0.0,0.0,True
2025-04-10,966.8491821289062,951.0511925964081,969.6672361303506,-18.616043533942502,-17.7010725408922,-0.9149709930503036,HOLD,0.0,1195222.1401495358,0.0,1195222.1401495358,0.0,0.0,True
2025-04-11,950.7349853515625,951.0025453279702,968.2648471837737,-17.262301855803457,-17.61331840387445,0.35101654807099436,BUY,0.0,1195222.1401495358,0.0,1195222.1401495358,1200.0,950.7349853515625,True
2025-04-14,946.7064819335938,950.3416124980661,966.6679312393159,-16.326318741249793,-17.35591847134952,1.0295997300997257,HOLD,1200.0,53997.89313293435,1136047.7783203125,1190045.6714532468,0.0,0.0,True
2025-04-15,938.6494140625,948.5428127387482,964.5924855225147,-16.049672783766482,-17.09466933383291,1.044996550066429,HOLD,1200.0,53997.89313293435,1126379.296875,1180377.1900079343,0.0,0.0,True
2025-04-16,945.3636474609375,948.0537103883158,963.1681271475832,-15.114416759267328,-16.698618818919797,1.584202059652469,HOLD,1200.0,53997.89313293435,1134436.376953125,1188434.2700860593,0.0,0.0,True
2025-04-17,966.8491821289062,950.9453214253297,963.4407978869405,-12.495476461610792,-15.857990347457998,3.3625138858472052,HOLD,1200.0,53997.89313293435,1160219.0185546875,1214216.9116876218,0.0,0.0,True
2025-04-18,981.6204833984375,955.6645771135001,964.7874412581624,-9.122864144662344,-14.510965106898867,5.388100962236523,HOLD,1200.0,53997.89313293435,1177944.580078125,1231942.4732110593,0.0,0.0,True
2025-04-21,964.1634521484375,956.9720963496443,964.7412198426273,-7.769123492982999,-13.162596784115694,5.393473291132695,HOLD,1200.0,53997.89313293435,1156996.142578125,1210994.0357110593,0.0,0.0,True
2025-04-22,964.1634521484375,958.078458780228,964.6984222356504,-6.619963455422408,-11.854070118377038,5.2341066629546305,HOLD,1200.0,53997.89313293435,1156996.142578125,1210994.0357110593,0.0,0.0,True
2025-04-23,949.3921508789062,956.7421037184862,963.564624357373,-6.822520638886772,-10.847760222478986,4.025239583592214,HOLD,1200.0,53997.89313293435,1139270.5810546875,1193268.4741876218,0.0,0.0,True
2025-04-24,950.7349853515625,955.8179316620365,962.6142807273129,-6.796349065276445,-10.037477991038479,3.241128925762034,HOLD,1200.0,53997.89313293435,1140881.982421875,1194879.8755548093,0.0,0.0,True
2025-04-25,946.7064819335938,954.4161701653529,961.4359252611115,-7.019755095758569,-9.433933411982498,2.4141783162239285,HOLD,1200.0,53997.89313293435,1136047.7783203125,1190045.6714532468,0.0,0.0,True
2025-04-28,917.1638793945312,948.6850485083035,958.1565144561796,-9.47146594787614,-9.441439919161226,-0.030026028714914332,SELL,1200.0,53997.89313293435,1100596.6552734375,1154594.5484063718,1200.0,917.1638793945312,True
2025-04-29,914.4781494140625,943.422448647651,954.9210800086154,-11.498631360964396,-9.85287820752186,-1.645753153442536,HOLD,0.0,1154264.3694097898,0.0,1154264.3694097898,0.0,0.0,True
2025-04-30,914.4781494140625,938.9694795347912,951.9253073719818,-12.955827837190668,-10.473468133455622,-2.482359703735046,HOLD,0.0,1154264.3694097898,0.0,1154264.3694097898,0.0,0.0,True
2025-05-06,917.1638793945312,935.6147718209049,949.3503867810596,-13.735614960154635,-11.125897498795426,-2.6097174613592085,HOLD,0.0,1154264.3694097898,0.0,1154264.3694097898,0.0,0.0,True
2025-05-07,926.5637817382812,934.2223118081936,947.6624901112242,-13.44017830303062,-11.588753659642466,-1.851424643388155,HOLD,0.0,1154264.3694097898,0.0,1154264.3694097898,0.0,0.0,True
2025-05-08,923.8781127929688,932.630896575082,945.9006843839461,-13.269787808864066,-11.924960489486786,-1.3448273193772806,HOLD,0.0,1154264.3694097898,0.0,1154264.3694097898,0.0,0.0,True
2025-05-09,910.4496459960938,929.2183964860069,943.2746815404015,-14.056285054394607,-12.351225402468351,-1.7050596519262555,HOLD,0.0,1154264.3694097898,0.0,1154264.3694097898,0.0,0.0,True
2025-05-12,919.8495483398438,927.7770352327509,941.5394864885083,-13.762451255757355,-12.633470573126154,-1.1289806826312017,HOLD,0.0,1154264.3694097898,0.0,1154264.3694097898,0.0,0.0,True
2025-05-13,921.1923828125,926.7640117834815,940.0322936236187,-13.268281840137206,-12.760432826528366,-0.5078490136088405,HOLD,0.0,1154264.3694097898,0.0,1154264.3694097898,0.0,0.0,True
2025-05-14,925.220947265625,926.5266172422728,938.9351568563599,-12.40853961408709,-12.690054184040111,0.28151456995302127,BUY,0.0,1154264.3694097898,0.0,1154264.3694097898,1200.0,925.220947265625,True
2025-05-15,911.79248046875,924.2598269694231,936.9245882350554,-12.66476126563225,-12.68499560035854,0.02023433472628966,HOLD,1200.0,43666.153150024125,1094150.9765625,1137817.1297125241,0.0,0.0,True
2025-05-16,909.1067504882812,921.9285844338629,934.8640076612202,-12.935423227357319,-12.735081125758297,-0.20034210159902166,SELL,1200.0,43666.153150024125,1090928.1005859375,1134594.2537359616,1200.0,909.1067504882812,True
2025-05-19,913.1353149414062,920.5757737427157,933.25447486716,-12.678701124444274,-12.723805125495494,0.04510400105121981,BUY,0.0,1134266.975305786,0.0,1134266.975305786,1200.0,913.1353149414062,True
2025-05-20,910.4496459960938,919.017907935543,931.565228284118,-12.547320348575,-12.688508170111396,0.14118782153639664,HOLD,1200.0,38175.86866271938,1092539.5751953125,1130715.4438580319,0.0,0.0,True
2025-05-21,907.763916015625,917.2865245632479,929.8021681160815,-12.51564355283358,-12.653935246655834,0.1382916938222536,HOLD,1200.0,38175.86866271938,1089316.69921875,1127492.5678814694,0.0,0.0,True
2025-05-22,895.6783447265625,913.9621892037578,927.2744774946357,-13.31228829087786,-12.78560585550024,-0.5266824353776194,SELL,1200.0,38175.86866271938,1074814.013671875,1112989.8823345944,1200.0,895.6783447265625,True
2025-05-23,890.3069458007812,910.3229209879153,924.5361418136093,-14.213220825694066,-13.071128849539006,-1.1420919761550596,HOLD,0.0,1112667.4381304928,0.0,1112667.4381304928,0.0,0.0,True
2025-05-26,890.3069458007812,907.2435401898946,922.0006458126591,-14.75710562276447,-13.4083242041841,-1.348781418580371,HOLD,0.0,1112667.4381304928,0.0,1112667.4381304928,0.0,0.0,True
2025-05-27,895.6783447265625,905.464279349382,920.0508457322074,-14.586566382825481,-13.643972639912377,-0.9425937429131039,HOLD,0.0,1112667.4381304928,0.0,1112667.4381304928,0.0,0.0,True
2025-05-28,897.0211791992188,904.1653408647414,918.3449445075416,-14.179603642800203,-13.751098840489943,-0.42850480231025934,HOLD,0.0,1112667.4381304928,0.0,1112667.4381304928,0.0,0.0,True
2025-05-29,899.7068481445312,903.4794189077861,916.9643447769482,-13.484925869162112,-13.697864246224377,0.21293837706226526,BUY,0.0,1112667.4381304928,0.0,1112667.4381304928,1200.0,899.7068481445312,True
2025-05-30,891.6497802734375,901.6594745025017,915.0891918507623,-13.429717348260624,-13.644234866631628,0.21451751837100375,HOLD,1200.0,32695.32589172339,1069979.736328125,1102675.0622198484,0.0,0.0,True
2025-06-03,883.5927124023438,898.8799726409388,912.7561192990277,-13.876146658088828,-13.690617224923068,-0.18552943316575998,SELL,1200.0,32695.32589172339,1060311.2548828125,1093006.580774536,1200.0,883.5927124023438,True
2025-06-04,888.964111328125,897.3544555158905,910.99374833822,-13.63929282232948,-13.680352344404351,0.04105952207487107,BUY,0.0,1092688.487398071,0.0,1092688.487398071,1200.0,888.964111328125,True
2025-06-05,891.6497802734375,896.4768131708978,909.5608618149029,-13.084048644005065,-13.561091604324496,0.47704296031943016,HOLD,1200.0,25611.526724242838,1069979.736328125,1095591.2630523678,0.0,0.0,True
2025-06-06,886.2783813476562,894.9078236596299,907.8362336321438,-12.928409972513919,-13.43455527796238,0.5061453054484613,HOLD,1200.0,25611.526724242838,1063534.0576171875,1089145.5843414303,0.0,0.0,True
2025-06-09,888.964111328125,893.99340637786,906.4382986466609,-12.444892268800913,-13.236622676130088,0.7917304073291742,HOLD,1200.0,25611.526724242838,1066756.93359375,1092368.4603179928,0.0,0.0,True
2025-06-10,886.2783813476562,892.8064794501363,904.9449714393272,-12.138491989190925,-13.016996538742255,0.8785045495513302,HOLD,1200.0,25611.526724242838,1063534.0576171875,1089145.5843414303,0.0,0.0,True
2025-06-11,882.2498779296875,891.1823869085288,903.2638534015762,-12.081466493047401,-12.829890529603285,0.7484240365558836,HOLD,1200.0,25611.526724242838,1058699.853515625,1084311.3802398678,0.0,0.0,True
2025-06-12,874.1927490234375,888.5685964646685,901.1104382624547,-12.541841797786219,-12.772280783239871,0.23043898545365238,HOLD,1200.0,25611.526724242838,1049031.298828125,1074642.8255523678,0.0,0.0,True
2025-06-13,864.7928466796875,884.9107888054407,898.4202462933608,-13.509457487920145,-12.919716124175928,-0.589741363744217,SELL,1200.0,25611.526724242838,1037751.416015625,1063362.9427398678,1200.0,864.7928466796875,True
2025-06-16,882.2498779296875,884.5014179014787,897.222441229385,-12.721023327906323,-12.879977564922008,0.1589542370156849,BUY,0.0,1063051.6173150633,0.0,1063051.6173150633,1100.0,882.2498779296875,True
2025-06-17,876.8784790039062,883.3286580710829,895.7154810645347,-12.386822993451801,-12.781346650627968,0.3945236571761672,HOLD,1100.0,92285.60913269024,964566.3269042969,1056851.9360369872,0.0,0.0,True
2025-06-18,864.7928466796875,880.4769947800991,893.424915554546,-12.94792077444697,-12.81466147539177,-0.13325929905520084,SELL,1100.0,92285.60913269024,951272.1313476562,1043557.7404803465,1100.0,864.7928466796875,True
2025-06-19,848.6787109375,875.5849511120069,890.1103818792093,-14.525430767202351,-13.156815333753887,-1.3686154334484648,HOLD,0.0,1043272.3588409421,0.0,1043272.3588409421,0.0,0.0,True
2025-06-20,844.650146484375,870.8257504000636,886.7429570351475,-15.917206635083858,-13.708893594019882,-2.2083130410639757,HOLD,0.0,1043272.3588409421,0.0,1043272.3588409421,0.0,0.0,True
2025-06-23,844.650146484375,866.7987344130346,883.6249710684235,-16.826236655388925,-14.332362206293691,-2.493874449095234,HOLD,0.0,1043272.3588409421,0.0,1043272.3588409421,0.0,0.0,True
2025-06-24,852.7072143554688,864.6308082503322,881.3347668674639,-16.703958617131775,-14.806681488461308,-1.897277128670467,HOLD,0.0,1043272.3588409421,0.0,1043272.3588409421,0.0,0.0,True
2025-06-25,863.4500122070312,864.4491473205935,880.0099702259504,-15.560822905356872,-14.95750977184042,-0.6033131335164512,HOLD,0.0,1043272.3588409421,0.0,1043272.3588409421,0.0,0.0,True
2025-06-26,858.07861328125,863.4690651606945,878.3854252670836,-14.916360106389106,-14.94927983875016,0.03291973236105328,BUY,0.0,1043272.3588409421,0.0,1043272.3588409421,1200.0,858.07861328125,True
2025-06-27,858.07861328125,862.6397648715492,876.8812169718367,-14.24145210028746,-14.807714291057621,0.5662621907701606,HOLD,1200.0,13269.114602660877,1029694.3359375,1042963.4505401609,0.0,0.0,True
2025-06-30,862.107177734375,862.5578283889071,875.7868436949877,-13.229015306080669,-14.491974494062232,1.2629591879815631,HOLD,1200.0,13269.114602660877,1034528.61328125,1047797.7278839109,0.0,0.0,True
2025-07-01,852.7072143554688,861.0423493068397,874.07724152169,-13.034892214850288,-14.200558038219842,1.1656658233695545,HOLD,1200.0,13269.114602660877,1023248.6572265625,1036517.7718292234,0.0,0.0,True
2025-07-02,872.8499145507812,862.8588978059076,873.9863284127338,-11.127430606826124,-13.5859325519411,2.4585019451149766,HOLD,1200.0,13269.114602660877,1047419.8974609375,1060689.0120635983,0.0,0.0,True
2025-07-03,867.4785766601562,863.5696176296382,873.5042727273576,-9.934655097719428,-12.855677061096767,2.9210219633773384,HOLD,1200.0,13269.114602660877,1040974.2919921875,1054243.4065948483,0.0,0.0,True
2025-07-04,864.7928466796875,863.7578067142612,872.8589819090116,-9.101175194750454,-12.104776687827506,3.0036014930770527,HOLD,1200.0,13269.114602660877,1037751.416015625,1051020.5306182858,0.0,0.0,True
2025-07-07,875.53564453125,865.5697817630287,873.0572532143626,-7.487471451333931,-11.181315640528792,3.693844189194861,HOLD,1200.0,13269.114602660877,1050642.7734375,1063911.8880401608,0.0,0.0,True
2025-07-08,880.906982421875,867.9293510951588,873.6387146371413,-5.709363541982498,-10.086925220819534,4.377561678837036,HOLD,1200.0,13269.114602660877,1057088.37890625,1070357.4935089108,0.0,0.0,True
2025-07-09,878.2213134765625,869.5127299230671,873.9781664030244,-4.465436479957248,-8.962627472647076,4.497190992689829,HOLD,1200.0,13269.114602660877,1053865.576171875,1067134.6907745358,0.0,0.0,True
2025-07-10,907.763916015625,875.3975277834606,876.4808145224763,-1.083286739015648,-7.386759325920791,6.303472586905143,HOLD,1200.0,13269.114602660877,1089316.69921875,1102585.8138214108,0.0,0.0,True
2025-07-11,907.763916015625,880.3769721268706,878.7980812997465,1.5788908271240416,-5.593629295311826,7.172520122435867,HOLD,1200.0,13269.114602660877,1089316.69921875,1102585.8138214108,0.0,0.0,True
2025-07-14,894.33544921875,882.5244301410058,879.9489974418949,2.5754326991109338,-3.959816896427274,6.5352495955382075,HOLD,1200.0,13269.114602660877,1073202.5390625,1086471.6536651608,0.0,0.0,True
2025-07-15,886.2783813476562,883.1019610958751,880.4178406941735,2.684120401701648,-2.63102943680149,5.315149838503138,HOLD,1200.0,13269.114602660877,1063534.0576171875,1076803.1722198483,0.0,0.0,True
2025-07-16,880.906982421875,882.7642720691059,880.454073414744,2.3101986543618978,-1.6427838185688126,3.95298247293071,HOLD,1200.0,13269.114602660877,1057088.37890625,1070357.4935089108,0.0,0.0,True
2025-07-17,880.906982421875,882.4785352003012,880.4876222300871,1.9909129702140262,-0.9160444608122449,2.906957431026271,HOLD,1200.0,13269.114602660877,1057088.37890625,1070357.4935089108,0.0,0.0,True
2025-07-18,882.2498779296875,882.4433571586683,880.6181596893168,1.8251974693514512,-0.36779607477950566,2.1929935441309567,HOLD,1200.0,13269.114602660877,1058699.853515625,1071968.9681182858,0.0,0.0,True
2025-07-21,886.2783813476562,883.0333608800511,881.0374353677123,1.995925512338772,0.10494824264414987,1.890977269694622,HOLD,1200.0,13269.114602660877,1063534.0576171875,1076803.1722198483,0.0,0.0,True
2025-07-22,899.7068481445312,885.5985127668941,882.4203548326618,3.178157934232331,0.7195901809617862,2.458567753270545,HOLD,1200.0,13269.114602660877,1079648.2177734375,1092917.3323760983,0.0,0.0,True
2025-07-23,902.3925170898438,888.1822057396556,883.8997742591198,4.28243148053582,1.4321584408765928,2.850273039659227,HOLD,1200.0,13269.114602660877,1082871.0205078125,1096140.1351104733,0.0,0.0,True
2025-07-24,914.4781494140625,892.2277355357182,886.1648390854118,6.062896450306425,2.3583060427625595,3.704590407543866,HOLD,1200.0,13269.114602660877,1097373.779296875,1110642.8938995358,0.0,0.0,True
2025-07-25,910.4496459960938,895.0311063757761,887.9637136713882,7.067392704387885,3.3001233750876247,3.76726932930026,HOLD,1200.0,13269.114602660877,1092539.5751953125,1105808.6897979733,0.0,0.0,True
2025-07-28,911.79248046875,897.6097793131567,889.7288075082297,7.880971804926958,4.216293061055492,3.664678743871466,HOLD,1200.0,13269.114602660877,1094150.9765625,1107420.0911651608,0.0,0.0,True
2025-07-29,914.4781494140625,900.2049131748345,891.5620920938469,8.642821080987574,5.101598665041908,3.541222415945666,HOLD,1200.0,13269.114602660877,1097373.779296875,1110642.8938995358,0.0,0.0,True
2025-07-30,899.7068481445312,900.128287785557,892.1654073568606,7.962880428696394,5.673855017772805,2.289025410923589,HOLD,1200.0,13269.114602660877,1079648.2177734375,1092917.3323760983,0.0,0.0,True
2025-07-31,864.7928466796875,894.6920660769616,890.1378102696625,4.554255807299114,5.449935175678068,-0.8956793683789535,SELL,1200.0,13269.114602660877,1037751.416015625,1051020.5306182858,1200.0,864.7928466796875,True
2025-08-01,858.07861328125,889.0592271853137,887.7630549371875,1.296172248126254,4.619182590167705,-3.323010342041451,HOLD,0.0,1050709.2051934812,0.0,1050709.2051934812,0.0,0.0,True
2025-08-04,860.7643432617188,884.7061681201452,885.7631503686341,-1.0569822484889073,3.483949622436383,-4.54093187092529,HOLD,0.0,1050709.2051934812,0.0,1050709.2051934812,0.0,0.0,True
2025-08-05,866.1356811523438,881.8491701250989,884.30926376002,-2.4600936349211224,2.295140970964882,-4.755234605886004,HOLD,0.0,1050709.2051934812,0.0,1050709.2051934812,0.0,0.0,True
2025-08-06,864.7928466796875,879.2251203642663,882.863603235551,-3.638482871284623,1.1084162025149809,-4.746899073799604,HOLD,0.0,1050709.2051934812,0.0,1050709.2051934812,0.0,0.0,True
2025-08-07,868.8214111328125,877.6245497132735,881.8234408575703,-4.198891144296795,0.04695473315262577,-4.245845877449421,HOLD,0.0,1050709.2051934812,0.0,1050709.2051934812,0.0,0.0,True
2025-08-08,866.1356811523438,875.8570314731305,880.661384583109,-4.804353109978479,-0.9233068354735952,-3.8810462745048833,HOLD,0.0,1050709.2051934812,0.0,1050709.2051934812,0.0,0.0,True
2025-08-11,870.1642456054688,874.981218262721,879.8838187329134,-4.902600470192397,-1.7191655624173556,-3.183434907775041,HOLD,0.0,1050709.2051934812,0.0,1050709.2051934812,0.0,0.0,True
2025-08-12,868.8214111328125,874.0335556273504,879.0643811329059,-5.030825505555413,-2.3814975510449674,-2.6493279545104453,HOLD,0.0,1050709.2051934812,0.0,1050709.2051934812,0.0,0.0,True
2025-08-13,867.4785766601562,873.0250973247051,878.2061733941837,-5.181076069478536,-2.9414132547316814,-2.2396628147468545,HOLD,0.0,1050709.2051934812,0.0,1050709.2051934812,0.0,0.0,True
2025-08-14,863.4500122070312,871.5520073066015,877.1131244173575,-5.561117110756072,-3.465354025936559,-2.095763084819513,HOLD,0.0,1050709.2051934812,0.0,1050709.2051934812,0.0,0.0,True
2025-08-15,876.8784790039062,872.3714644908022,877.0957432756204,-4.724278784818239,-3.7171389777128954,-1.0071398071053435,HOLD,0.0,1050709.2051934812,0.0,1050709.2051934812,0.0,0.0,True
2025-08-18,872.8499145507812,872.4450721923374,876.7812374441509,-4.336165251813441,-3.8409442325330048,-0.4952210192804358,HOLD,0.0,1050709.2051934812,0.0,1050709.2051934812,0.0,0.0,True
2025-08-19,876.8784790039062,873.1271347787326,876.7884405226513,-3.6613057439186605,-3.8050165348101364,0.14371079089147587,BUY,0.0,1050709.2051934812,0.0,1050709.2051934812,1100.0,876.8784790039062,True
2025-08-20,879.5641479492188,874.1174444972689,876.9940484801748,-2.8766039829058627,-3.619334024429282,0.7427300415234193,HOLD,1100.0,85853.50839111302,967520.5627441406,1053374.0711352536,0.0,0.0,True
2025-08-21,880.906982421875,875.1619887933622,877.2838954388193,-2.121906645457102,-3.3198485486348464,1.1979419031777443,HOLD,1100.0,85853.50839111302,968997.6806640625,1054851.1890551755,0.0,0.0,True
2025-08-22,880.906982421875,876.0458339669796,877.552272252379,-1.5064382853994402,-2.9571664959877655,1.4507282105883252,HOLD,1100.0,85853.50839111302,968997.6806640625,1054851.1890551755,0.0,0.0,True
2025-08-25,961.477783203125,889.1892107725404,883.768976767249,5.420234005291377,-1.2816863957319373,6.701920401023314,HOLD,1100.0,85853.50839111302,1057625.5615234375,1143479.0699145505,0.0,0.0,True
2025-08-26,938.6494140625,896.7984728171496,887.834194344675,8.964278472474575,0.7675065779093653,8.19677189456521,HOLD,1100.0,85853.50839111302,1032514.35546875,1118367.863859863,0.0,0.0,True
2025-08-27,905.0782470703125,898.0722842407131,889.1115315836112,8.96075265710192,2.4061557937478764,6.554596863354044,HOLD,1100.0,85853.50839111302,995586.0717773438,1081439.5801684568,0.0,0.0,True
2025-08-28,909.1067504882812,899.7698944326467,890.592658909883,9.17723552276368,3.7603717395510374,5.416863783212643,HOLD,1100.0,85853.50839111302,1000017.4255371094,1085870.9339282224,0.0,0.0,True
2025-08-29,911.79248046875,901.6195230535857,892.1630160623915,9.456506991194146,4.89959878987966,4.556908201314487,HOLD,1100.0,85853.50839111302,1002971.728515625,1088825.236906738,0.0,0.0,True
2025-09-01,914.4781494140625,903.5977732628897,893.8159889032561,9.781784359633662,5.87603590383046,3.9057484558032014,HOLD,1100.0,85853.50839111302,1005925.9643554688,1091779.4727465818,0.0,0.0,True
2025-09-02,902.3925170898438,903.4123492362673,894.4512872874478,8.96106194881952,6.493041112828272,2.468020835991248,HOLD,1100.0,85853.50839111302,992631.7687988281,1078485.2771899411,0.0,0.0,True
2025-09-03,883.5927124023438,900.3631743387406,893.6469484070698,6.716225931670806,6.537678076596779,0.1785478550740267,HOLD,1100.0,85853.50839111302,971951.9836425781,1057805.4920336911,0.0,0.0,True
2025-09-04,876.8784790039062,896.7501442872276,892.404839562391,4.345304724836637,6.099203406244752,-1.7538986814081143,SELL,1100.0,85853.50839111302,964566.3269042969,1050419.83529541,1100.0,876.8784790039062,True
2025-09-05,884.935546875,894.9325139161157,891.8515586225842,3.080955293531474,5.495553783702096,-2.414598490170622,HOLD,0.0,1050130.4653973386,0.0,1050130.4653973386,0.0,0.0,True
2025-09-08,907.763916015625,896.9065757775786,893.0302517628094,3.8763240147692386,5.171707829915524,-1.2953838151462858,HOLD,0.0,1050130.4653973386,0.0,1050130.4653973386,0.0,0.0,True
2025-09-09,921.1923828125,900.6428537829511,895.1163355442679,5.526518238683138,5.242669911669048,0.28384832701409035,BUY,0.0,1050130.4653973386,0.0,1050130.4653973386,1100.0,921.1923828125,True
2025-09-10,921.1923828125,903.8043197874971,897.047894601174,6.756425186323099,5.545420966599858,1.2110042197232413,HOLD,1100.0,36514.85081726045,1013311.62109375,1049826.4719110103,0.0,0.0,True
2025-09-11,917.1638793945312,905.8596366501176,898.5379675488301,7.321669101287512,5.900670593537389,1.4209985077501228,HOLD,1100.0,36514.85081726045,1008880.2673339844,1045395.1181512448,0.0,0.0,True
2025-09-12,931.9351806640625,909.8712588061092,901.0118351869954,8.859423619113727,6.492421198652657,2.36700242046107,HOLD,1100.0,36514.85081726045,1025128.6987304688,1061643.549547729,0.0,0.0,True
2025-09-15,935.9636840820312,913.885478079328,903.6008610310722,10.284617048255768,7.25086036857328,3.0337566796824884,HOLD,1100.0,36514.85081726045,1029560.0524902344,1066074.9033074947,0.0,0.0,True
2025-09-16,945.3636474609375,918.7282733688064,906.6944007666178,12.03387260218858,8.20746281529634,3.82640978689224,HOLD,1100.0,36514.85081726045,1039900.0122070312,1076414.8630242916,0.0,0.0,True
2025-09-17,946.7064819335938,923.0326131480044,909.6582586308383,13.374354517166125,9.240841155670298,4.133513361495828,HOLD,1100.0,36514.85081726045,1041377.1301269531,1077891.9809442135,0.0,0.0,True
2025-09-18,909.1067504882812,920.8901727388163,909.617406175834,11.27276656298227,9.647226237132692,1.6255403258495775,HOLD,1100.0,36514.85081726045,1000017.4255371094,1036532.2763543698,0.0,0.0,True
2025-09-19,937.3065185546875,923.4157644027964,911.6684515372306,11.747312865565846,10.067243562819323,1.6800693027465226,HOLD,1100.0,36514.85081726045,1031037.1704101562,1067552.0212274166,0.0,0.0,True
2025-09-22,939.9922485351562,925.9659927308517,913.7665105741139,12.199482156737758,10.493691281603011,1.7057908751347473,HOLD,1100.0,36514.85081726045,1033991.4733886719,1070506.3242059322,0.0,0.0,True
2025-09-23,907.763916015625,923.1656732362014,913.3218739401517,9.843799296049724,10.363712884492355,-0.5199135884426305,SELL,1100.0,36514.85081726045,998540.3076171875,1035055.158434448,1100.0,907.763916015625,True
2025-09-24,918.5067138671875,922.4489102563531,913.7059361569692,8.7429740993839,10.039565127470665,-1.2965910280867643,HOLD,0.0,1034755.5963421628,0.0,1034755.5963421628,0.0,0.0,True
2025-09-25,913.1353149414062,921.0160494386689,913.6636679187794,7.352381519889491,9.50212840595443,-2.149746886064939,HOLD,0.0,1034755.5963421628,0.0,1034755.5963421628,0.0,0.0,True
2025-09-26,913.1353149414062,919.8036287467824,913.6245306611962,6.1790980855861335,8.83752234188077,-2.658424256294637,HOLD,0.0,1034755.5963421628,0.0,1034755.5963421628,0.0,0.0,True
2025-09-29,914.4781494140625,918.9843242340562,913.6877616799271,5.296562554129082,8.129330384330434,-2.8327678302013517,HOLD,0.0,1034755.5963421628,0.0,1034755.5963421628,0.0,0.0,True
2025-09-30,925.220947265625,919.9438047004514,914.5420717233122,5.401732977139204,7.583810902892188,-2.182077925752984,HOLD,0.0,1034755.5963421628,0.0,1034755.5963421628,0.0,0.0,True
2025-10-09,911.79248046875,918.6897548186512,914.3383982970483,4.351356521602838,6.9373200266343185,-2.58596350503148,HOLD,0.0,1034755.5963421628,0.0,1034755.5963421628,0.0,0.0,True
2025-10-10,906.4210815429688,916.8022666223924,913.7519303893388,3.0503362330535992,6.159923267918176,-3.1095870348645764,HOLD,0.0,1034755.5963421628,0.0,1034755.5963421628,0.0,0.0,True
2025-10-13,882.2498779296875,911.4865145158225,911.4184450219573,0.06806949386520955,4.941552513107583,-4.873483019242373,HOLD,0.0,1034755.5963421628,0.0,1034755.5963421628,0.0,0.0,True
2025-10-14,876.8784790039062,906.1622013601431,908.8599290206201,-2.697727660477085,3.4136964783906496,-6.111424138867735,HOLD,0.0,1034755.5963421628,0.0,1034755.5963421628,0.0,0.0,True
2025-10-15,871.507080078125,900.8306442398326,906.0930513211761,-5.26240708134344,1.678475766443832,-6.940882847787272,HOLD,0.0,1034755.5963421628,0.0,1034755.5963421628,0.0,0.0,True
2025-10-16,859.4214477539062,894.4599986266132,902.6358955013783,-8.175896874765044,-0.29239876179794333,-7.883498112967101,HOLD,0.0,1034755.5963421628,0.0,1034755.5963421628,0.0,0.0,True
2025-10-17,848.6787109375,887.416723597519,898.639067015165,-11.222343417646016,-2.478387692967558,-8.743955724678457,HOLD,0.0,1034755.5963421628,0.0,1034755.5963421628,0.0,0.0,True
2025-10-20,851.3643798828125,881.8702091798718,895.1372383386945,-13.267029158822652,-4.636115986138577,-8.630913172684075,HOLD,0.0,1034755.5963421628,0.0,1034755.5963421628,0.0,0.0,True
2025-10-21,859.4214477539062,878.4165535758771,892.4916242213028,-14.07507064542574,-6.52390691799601,-7.55116372742973,HOLD,0.0,1034755.5963421628,0.0,1034755.5963421628,0.0,0.0,True
2025-10-22,856.7357788085938,875.0810497655258,889.8430430796207,-14.761993314094866,-8.171524197215781,-6.590469116879085,HOLD,0.0,1034755.5963421628,0.0,1034755.5963421628,0.0,0.0,True
2025-10-23,856.7357788085938,872.2587003875362,887.3906531336187,-15.131952746082447,-9.563609906989115,-5.568342839093333,HOLD,0.0,1034755.5963421628,0.0,1034755.5963421628,0.0,0.0,True
2025-10-24,854.0501098632812,869.4573787684201,884.9209832617419,-15.463604493321782,-10.743608824255649,-4.719995669066133,HOLD,0.0,1034755.5963421628,0.0,1034755.5963421628,0.0,0.0,True
2025-10-27,848.6787109375,866.2606606405863,882.2363704969831,-15.975709856396861,-11.790029030683892,-4.18568082571297,HOLD,0.0,1034755.5963421628,0.0,1034755.5963421628,0.0,0.0,True
2025-10-28,841.9644775390625,862.522786317275,879.253267314915,-16.73048099764003,-12.77811942407512,-3.952361573564909,HOLD,0.0,1034755.5963421628,0.0,1034755.5963421628,0.0,0.0,True
2025-10-29,847.3358764648438,860.1863386476701,876.8890161408356,-16.702677493165424,-13.563031037893182,-3.139646455272242,HOLD,0.0,1034755.5963421628,0.0,1034755.5963421628,0.0,0.0,True
2025-10-30,841.9644775390625,857.3829754001921,874.3020132814449,-16.919037881252848,-14.234232406565116,-2.6848054746877317,HOLD,0.0,1034755.5963421628,0.0,1034755.5963421628,0.0,0.0,True
2025-10-31,841.9644775390625,855.0108988061722,871.9066402634907,-16.895741457318422,-14.766534216715778,-2.1292072406026445,HOLD,0.0,1034755.5963421628,0.0,1034755.5963421628,0.0,0.0,True
2025-11-03,845.9930419921875,853.6235362194054,869.9871144656163,-16.363578246210864,-15.085943022614796,-1.277635223596068,HOLD,0.0,1034755.5963421628,0.0,1034755.5963421628,0.0,0.0,True
2025-11-04,836.5930786132812,851.0034658184632,867.513482180258,-16.510016361794897,-15.370757690450816,-1.1392586713440807,HOLD,0.0,1034755.5963421628,0.0,1034755.5963421628,0.0,0.0,True
2025-11-05,835.250244140625,848.5798932526419,865.1236126958407,-16.543719443198825,-15.605350041000417,-0.9383694021984077,HOLD,0.0,1034755.5963421628,0.0,1034755.5963421628,0.0,0.0,True
2025-11-06,829.8788452148438,845.7028089391345,862.5128891787299,-16.810080239595436,-15.846296080719423,-0.9637841588760132,HOLD,0.0,1034755.5963421628,0.0,1034755.5963421628,0.0,0.0,True
2025-11-07,829.8788452148438,843.2683529815512,860.0955525888124,-16.827199607261264,-16.04247678602779,-0.7847228212334727,HOLD,0.0,1034755.5963421628,0.0,1034755.5963421628,0.0,0.0,True
2025-11-10,840.6216430664062,842.8611668407597,858.6530407723379,-15.791873931578266,-15.992356215137887,0.20048228355962117,BUY,0.0,1034755.5963421628,0.0,1034755.5963421628,1200.0,840.6216430664062,True
2025-11-11,843.3073120117188,842.9298045593687,857.5163201234031,-14.586515564034471,-15.711188084917206,1.1246725208827346,HOLD,1200.0,25707.00087097136,1011968.7744140625,1037675.7752850339,0.0,0.0,True
2025-11-12,840.6216430664062,842.5747027912206,856.2648625636257,-13.690159772405082,-15.306982422414782,1.6168226500097003,HOLD,1200.0,25707.00087097136,1008745.9716796875,1034452.9725506589,0.0,0.0,True
2025-11-13,843.3073120117188,842.6874119020664,855.3050440042251,-12.617632102158723,-14.769112358363572,2.1514802562048487,HOLD,1200.0,25707.00087097136,1011968.7744140625,1037675.7752850339,0.0,0.0,True
2025-11-14,841.9644775390625,842.5761912308351,854.3168538956946,-11.740662664859542,-14.163422419662766,2.4227597548032236,HOLD,1200.0,25707.00087097136,1010357.373046875,1036064.3739178464,0.0,0.0,True
2025-11-17,840.6216430664062,842.2754915132307,853.3023938342659,-11.026902321035209,-13.536118399937255,2.509216078902046,HOLD,1200.0,25707.00087097136,1008745.9716796875,1034452.9725506589,0.0,0.0,True
2025-11-18,823.1646118164062,839.3353561752576,851.0699655366467,-11.734609361389062,-13.175816592227617,1.4412072308385557,HOLD,1200.0,25707.00087097136,987797.5341796875,1013504.5350506589,0.0,0.0,True
2025-11-19,813.7647094726562,835.4014105287035,848.3066132356104,-12.905202706906834,-13.12169381516346,0.21649110825662632,HOLD,1200.0,25707.00087097136,976517.6513671875,1002224.6522381589,0.0,0.0,True
2025-11-20,832.5645751953125,834.9649743235664,847.1405363437365,-12.175562020170105,-12.93246745616479,0.7569054359946854,HOLD,1200.0,25707.00087097136,999077.490234375,1024784.4911053464,0.0,0.0,True
2025-11-21,813.7647094726562,831.703395115734,844.6682528718046,-12.964857756070614,-12.938945516145957,-0.025912239924657854,SELL,1200.0,25707.00087097136,976517.6513671875,1002224.6522381589,1200.0,813.7647094726562,True
2025-11-24,811.0790405273438,828.5304174867509,842.1801630685112,-13.649745581760271,-13.08110552926882,-0.5686400524914514,HOLD,0.0,1001931.6969427487,0.0,1001931.6969427487,0.0,0.0,True
2025-11-25,811.0790405273438,825.8455902622268,839.8763762136099,-14.030785951383109,-13.27104161369168,-0.7597443376914299,HOLD,0.0,1001931.6969427487,0.0,1001931.6969427487,0.0,0.0,True
2025-11-26,790.9363403320312,820.4749364268121,836.25118837053,-15.776251943717966,-13.772083679696937,-2.004168264021029,HOLD,0.0,1001931.6969427487,0.0,1001931.6969427487,0.0,0.0,True
2025-11-27,734.5368041992188,807.2536853148747,828.7167895430255,-21.46310422815077,-15.310287789387704,-6.152816438763065,HOLD,0.0,1001931.6969427487,0.0,1001931.6969427487,0.0,0.0,True
2025-11-28,722.451171875,794.2071447856632,820.8452623083568,-26.63811752269362,-17.575853736048888,-9.062263786644731,HOLD,0.0,1001931.6969427487,0.0,1001931.6969427487,0.0,0.0,True
2025-12-01,698.2799682617188,779.4491176281332,811.7663516382355,-32.31723401010231,-20.524129790859575,-11.793104219242736,HOLD,0.0,1001931.6969427487,0.0,1001931.6969427487,0.0,0.0,True
2025-12-02,698.2799682617188,766.9615561871464,803.3599528696046,-36.39839668245827,-23.698983169179314,-12.699413513278955,HOLD,0.0,1001931.6969427487,0.0,1001931.6969427487,0.0,0.0,True
2025-12-03,672.765869140625,752.4699120261431,793.6863170378284,-41.21640501168531,-27.202467537680512,-14.013937474004798,HOLD,0.0,1001931.6969427487,0.0,1001931.6969427487,0.0,0.0,True
2025-12-04,667.3944702148438,739.3813825167125,784.331365421311,-44.94998290459853,-30.751970611064117,-14.198012293534411,HOLD,0.0,1001931.6969427487,0.0,1001931.6969427487,0.0,0.0,True
2025-12-05,664.7088012695312,727.8932930940692,775.4704347434015,-47.57714164933225,-34.117004818717746,-13.460136830614502,HOLD,0.0,1001931.6969427487,0.0,1001931.6969427487,0.0,0.0,True
2025-12-08,659.33740234375,717.3462329786355,766.8679878989828,-49.52175492034735,-37.19795483904367,-12.32380008130368,HOLD,0.0,1001931.6969427487,0.0,1001931.6969427487,0.0,0.0,True
2025-12-09,640.5375366210938,705.5295104620907,757.5101766932133,-51.980666231122655,-40.154497117459464,-11.826169113663191,HOLD,0.0,1001931.6969427487,0.0,1001931.6969427487,0.0,0.0,True
2025-12-10,704.9942016601562,705.4471552617931,753.6201044685425,-48.17294920674942,-41.75818753531746,-6.414761671431961,HOLD,0.0,1001931.6969427487,0.0,1001931.6969427487,0.0,0.0,True
2025-12-11,680.8229370117188,701.6588139925509,748.227721693963,-46.56890770141206,-42.72033156853638,-3.848576132875678,HOLD,0.0,1001931.6969427487,0.0,1001931.6969427487,0.0,0.0,True
2025-12-12,674.1087036132812,697.4203354726633,742.737424058357,-45.31708858569368,-43.23968297196784,-2.077405613725844,HOLD,0.0,1001931.6969427487,0.0,1001931.6969427487,0.0,0.0,True
2025-12-15,653.9660034179688,690.735053618095,736.16176327018,-45.42670965208504,-43.67708830799128,-1.7496213440937538,HOLD,0.0,1001931.6969427487,0.0,1001931.6969427487,0.0,0.0,True
2025-12-16,667.3944702148438,687.1441946329794,731.0678897105255,-43.923695077546085,-43.726409661902245,-0.19728541564384017,HOLD,0.0,1001931.6969427487,0.0,1001931.6969427487,0.0,0.0,True
2025-12-17,666.0516357421875,683.8991855728576,726.251870898056,-42.35268532519842,-43.45166479456148,1.0989794693630586,BUY,0.0,1001931.6969427487,0.0,1001931.6969427487,1400.0,666.0516357421875,True
2025-12-18,653.9660034179688,679.2940806259517,720.8973621958273,-41.60328156987566,-43.08198814962432,1.4787065797486605,HOLD,1400.0,69179.66521667456,915552.4047851562,984732.0700018308,0.0,0.0,True
2025-12-19,657.9945678710938,676.0172325098197,716.2378959495508,-40.220663439731084,-42.50972320764568,2.289059767914594,HOLD,1400.0,69179.66521667456,921192.3950195312,990372.0602362058,0.0,0.0,True
2025-12-22,662.0231323242188,673.8642940197273,712.2219875328594,-38.357693513132176,-41.67931726874298,3.3216237556108013,HOLD,1400.0,69179.66521667456,926832.3852539062,996012.0504705808,0.0,0.0,True
2025-12-23,643.2232666015625,669.1502898015481,707.1109711675782,-37.960681366030144,-40.935590088200414,2.9749087221702695,HOLD,1400.0,69179.66521667456,900512.5732421875,969692.2384588621,0.0,0.0,True
2025-12-24,639.1947021484375,664.5417378549157,702.0801364254196,-37.53839857050389,-40.256151784661114,2.717753214157227,HOLD,1400.0,69179.66521667456,894872.5830078125,964052.2482244871,0.0,0.0,True
2025-12-25,643.2232666015625,661.2619730467076,697.7203682903191,-36.45839524361156,-39.496600476451206,3.038205232839644,HOLD,1400.0,69179.66521667456,900512.5732421875,969692.2384588621,0.0,0.0,True
2025-12-26,640.5375366210938,658.0735982119978,693.4846029814877,-35.411004769489864,-38.67948133505894,3.268476565569074,HOLD,1400.0,69179.66521667456,896752.5512695312,965932.2164862058,0.0,0.0,True
2025-12-29,636.509033203125,654.7559728260175,689.2641904053127,-34.508217579295206,-37.84522858390619,3.3370110046109858,HOLD,1400.0,69179.66521667456,891112.646484375,960292.3117010496,0.0,0.0,True
2025-12-30,620.3948974609375,649.4696535390822,684.1627612983218,-34.69310775923964,-37.21480441897288,2.5216966597332444,HOLD,1400.0,69179.66521667456,868552.8564453125,937732.5216619871,0.0,0.0,True
2025-12-31,624.4234008789062,645.6163838990551,679.7376234894762,-34.121239590421055,-36.59609145326252,2.4748518628414615,HOLD,1400.0,69179.66521667456,874192.7612304688,943372.4264471433,0.0,0.0,True
2026-01-05,637.8518676757812,644.4218429416283,676.6349749106839,-32.21313196905567,-35.71949955642115,3.5063675873654816,HOLD,1400.0,69179.66521667456,892992.6147460938,962172.2799627683,0.0,0.0,True
2026-01-06,648.5946655273438,645.063815647123,674.5579149563624,-29.49409930923946,-34.47441950698481,4.98032019774535,HOLD,1400.0,69179.66521667456,908032.5317382812,977212.1969549558,0.0,0.0,True
2026-01-07,635.1661987304688,643.5411053522531,671.6400100507407,-28.09890469848756,-33.19931654528536,5.100411846797805,HOLD,1400.0,69179.66521667456,889232.6782226562,958412.3434393308,0.0,0.0,True
2026-01-08,657.9945678710938,645.7647149705363,670.629236555952,-24.864521585415787,-31.53235755331145,6.6678359678956625,HOLD,1400.0,69179.66521667456,921192.3950195312,990372.0602362058,0.0,0.0,True
2026-01-09,666.0516357421875,648.8857797046364,670.2901550141917,-21.404375309555235,-29.50676110456021,8.102385795004974,HOLD,1400.0,69179.66521667456,932472.2900390625,1001651.9552557371,0.0,0.0,True
2026-01-12,655.3088989257812,649.8739518925048,669.1804323409762,-19.306480448471348,-27.466704973342438,8.16022452487109,HOLD,1400.0,69179.66521667456,917432.4584960938,986612.1237127683,0.0,0.0,True
2026-01-13,648.5946655273438,649.6771386055569,667.6555607251515,-17.978422119594597,-25.56904840259287,7.590626282998272,HOLD,1400.0,69179.66521667456,908032.5317382812,977212.1969549558,0.0,0.0,True
2026-01-14,629.7947998046875,646.6183172515771,664.8510599162282,-18.23274266465114,-24.101787255004528,5.869044590353386,HOLD,1400.0,69179.66521667456,881712.7197265625,950892.3849432371,0.0,0.0,True
2026-01-15,651.2803344726562,647.3355506702046,663.8458209944822,-16.5102703242776,-22.58348386885914,6.073213544581542,HOLD,1400.0,69179.66521667456,911792.4682617188,980972.1334783933,0.0,0.0,True
2026-01-16,635.1661987304688,645.463342679476,661.7214045304812,-16.25806185100521,-21.318399465288355,5.060337614283146,HOLD,1400.0,69179.66521667456,889232.6782226562,958412.3434393308,0.0,0.0,True
2026-01-19,635.1661987304688,643.879166687321,659.7543522489988,-15.875185561677768,-20.22975668456624,4.354571122888473,HOLD,1400.0,69179.66521667456,889232.6782226562,958412.3434393308,0.0,0.0,True
2026-01-20,643.2232666015625,643.7782589818197,658.5298273862257,-14.751568404406044,-19.1341190285342,4.382550624128157,HOLD,1400.0,69179.66521667456,900512.5732421875,969692.2384588621,0.0,0.0,True
2026-01-21,672.765869140625,648.2378913139436,659.5843489976628,-11.346457683719223,-17.576586759571207,6.230129075851984,HOLD,1400.0,69179.66521667456,941872.216796875,1011051.8820135496,0.0,0.0,True
2026-01-22,664.7088012695312,650.7718774609571,659.9639380548383,-9.192060593881251,-15.899681526433216,6.707620932551965,HOLD,1400.0,69179.66521667456,930592.3217773438,999771.9869940183,0.0,0.0,True
2026-01-23,664.7088012695312,652.9160195853531,660.3154094040749,-7.399389818721829,-14.19962318489094,6.8002333661691114,HOLD,1400.0,69179.66521667456,930592.3217773438,999771.9869940183,0.0,0.0,True
2026-01-26,647.2517700195312,652.0445965752267,659.3477324126272,-7.303135837400532,-12.82032571539286,5.517189877992328,HOLD,1400.0,69179.66521667456,906152.4780273438,975332.1432440183,0.0,0.0,True
2026-01-27,637.8518676757812,649.8610998214658,657.7554461358238,-7.8943463143580175,-11.835129835185892,3.9407835208278748,HOLD,1400.0,69179.66521667456,892992.6147460938,962172.2799627683,0.0,0.0,True
2026-01-28,652.6231689453125,650.2860335328269,657.3752774550452,-7.089243922218316,-10.885952652592378,3.7967087303740623,HOLD,1400.0,69179.66521667456,913672.4365234375,982852.1017401121,0.0,0.0,True
2026-01-29,688.8800048828125,656.2235675866708,659.7089609682131,-3.4853933815422806,-9.405840798382359,5.920447416840078,HOLD,1400.0,69179.66521667456,964432.0068359375,1033611.6720526121,0.0,0.0,True
2026-01-30,655.3088989257812,656.0828493311493,659.3830304465515,-3.3001811154022107,-8.18470886178633,4.884527746384119,HOLD,1400.0,69179.66521667456,917432.4584960938,986612.1237127683,0.0,0.0,True
2026-02-02,628.4519653320312,651.8319441005158,657.0918404380685,-5.259896337552732,-7.599746356939611,2.339850019386879,HOLD,1400.0,69179.66521667456,879832.7514648438,949012.4166815183,0.0,0.0,True
2026-02-03,631.1376342773438,648.6482041277201,655.1693066483853,-6.521102520665181,-7.384017589684726,0.8629150690195448,HOLD,1400.0,69179.66521667456,883592.6879882812,952772.3532049558,0.0,0.0,True
2026-02-04,657.9945678710938,650.0861062420852,655.3785852574748,-5.292479015389631,-6.965709874825707,1.6732308594360763,HOLD,1400.0,69179.66521667456,921192.3950195312,990372.0602362058,0.0,0.0,True
2026-02-05,655.3088989257812,650.8896128088077,655.373423306979,-4.483810498171351,-6.469329999494836,1.985519501323485,HOLD,1400.0,69179.66521667456,917432.4584960938,986612.1237127683,0.0,0.0,True
2026-02-06,645.908935546875,650.1233547685104,654.672350139564,-4.548995371053593,-6.085263073806589,1.5362677027529958,HOLD,1400.0,69179.66521667456,904272.509765625,973452.1749822996,0.0,0.0,True
2026-02-09,666.0516357421875,652.5738595336915,655.5152601842027,-2.941400650511241,-5.45649058914752,2.5150899386362786,HOLD,1400.0,69179.66521667456,932472.2900390625,1001651.9552557371,0.0,0.0,True
2026-02-10,655.3088989257812,652.9946348247822,655.4999741650604,-2.5053393402781694,-4.86626033937365,2.3609209990954803,HOLD,1400.0,69179.66521667456,917432.4584960938,986612.1237127683,0.0,0.0,True
2026-02-11,656.6517333984375,653.5572653745753,655.585289663829,-2.0280242892537217,-4.298613129349664,2.270588840095942,HOLD,1400.0,69179.66521667456,919312.4267578125,988492.0919744871,0.0,0.0,True
2026-02-12,660.6802368164062,654.653107134857,655.9626931566125,-1.3095860217555355,-3.7008077078308386,2.391221686075303,HOLD,1400.0,69179.66521667456,924952.3315429688,994131.9967596433,0.0,0.0,True
2026-02-13,667.3944702148438,656.6133168394704,656.8094914572223,-0.1961746177519217,-2.999881089815055,2.8037064720631335,HOLD,1400.0,69179.66521667456,934352.2583007812,1003531.9235174558,0.0,0.0,True
2026-02-24,660.6802368164062,657.2389968359221,657.0962133356804,0.14278350024164865,-2.3713481718037146,2.5141316720453633,HOLD,1400.0,69179.66521667456,924952.3315429688,994131.9967596433,0.0,0.0,True
2026-02-25,671.4230346679688,659.4211565023908,658.1574593602943,1.2636971420964755,-1.6443391090236765,2.9080362511201523,HOLD,1400.0,69179.66521667456,939992.2485351562,1009171.9137518308,0.0,0.0,True
2026-02-26,647.2517700195312,657.5489431973355,657.3496305202377,0.19931267709773692,-1.275608751799394,1.4749214288971308,HOLD,1400.0,69179.66521667456,906152.4780273438,975332.1432440183,0.0,0.0,True
2026-02-27,649.9375,656.377951936207,656.8005838150349,-0.42263187882792863,-1.1050133772051007,0.6823814983771721,HOLD,1400.0,69179.66521667456,909912.5,979092.1652166746,0.0,0.0,True
2026-03-02,637.8518676757812,653.5277851269107,655.3969752121271,-1.8691900852164736,-1.2578487188073753,-0.6113413664090983,SELL,1400.0,69179.66521667456,892992.6147460938,962172.2799627683,1400.0,637.8518676757812,True
2026-03-03,627.109130859375,649.4633767780591,653.3015793341455,-3.838202556086344,-1.773919486263169,-2.064283069823175,HOLD,0.0,961904.3821783445,0.0,961904.3821783445,0.0,0.0,True
2026-03-04,620.3948974609375,644.9913030369635,650.8640473435374,-5.8727443065739635,-2.593684450325328,-3.2790598562486357,HOLD,0.0,961904.3821783445,0.0,961904.3821783445,0.0,0.0,True
2026-03-05,629.7947998046875,642.6533794627671,649.3033623406596,-6.649982877892512,-3.404944135838765,-3.245038742053747,HOLD,0.0,961904.3821783445,0.0,961904.3821783445,0.0,0.0,True
2026-03-06,633.8233642578125,641.2949155850819,648.1566958160043,-6.861780230922477,-4.096311354855508,-2.7654688760669695,HOLD,0.0,961904.3821783445,0.0,961904.3821783445,0.0,0.0,True
2026-03-09,624.4234008789062,638.6992979379779,646.3986739688119,-7.699376030833946,-4.816924290051196,-2.8824517407827503,HOLD,0.0,961904.3821783445,0.0,961904.3821783445,0.0,0.0,True
2026-03-10,627.109130859375,636.9161953105006,644.9698189236684,-8.053623613167815,-5.46426415467452,-2.589359458493295,HOLD,0.0,961904.3821783445,0.0,961904.3821783445,0.0,0.0,True
2026-03-11,627.109130859375,635.4074161641736,643.64680499298,-8.239388828806455,-6.019289089500908,-2.220099739305547,HOLD,0.0,961904.3821783445,0.0,961904.3821783445,0.0,0.0,True
2026-03-12,624.4234008789062,633.7175676587478,642.2228491326782,-8.505281473930381,-6.516487566386802,-1.9887939075435792,HOLD,0.0,961904.3821783445,0.0,961904.3821783445,0.0,0.0,True
2026-03-13,625.7662353515625,632.4942857653347,641.0038407044474,-8.509554939112718,-6.915101040931986,-1.5944538981807321,HOLD,0.0,961904.3821783445,0.0,961904.3821783445,0.0,0.0,True
2026-03-16,625.7662353515625,631.4592010862928,639.8751291968263,-8.415928110533514,-7.215266454852292,-1.2006616556812224,HOLD,0.0,961904.3821783445,0.0,961904.3821783445,0.0,0.0,True
2026-03-17,631.1376342773438,631.4097292695313,639.2279073509387,-7.818178081407382,-7.335848780163309,-0.48232930124407236,HOLD,0.0,961904.3821783445,0.0,961904.3821783445,0.0,0.0,True
2026-03-18,621.7377319335938,629.9217296793871,637.9323388015058,-8.010609122118694,-7.470800848554386,-0.5398082735643079,HOLD,0.0,961904.3821783445,0.0,961904.3821783445,0.0,0.0,True
2026-03-19,604.2807006835938,625.9769559877266,635.4396248668456,-9.462668879119065,-7.869174454667322,-1.5934944244517428,HOLD,0.0,961904.3821783445,0.0,961904.3821783445,0.0,0.0,True
2026-03-20,582.795166015625,619.3336036843264,631.5400353223108,-12.206431637984451,-8.736625891330748,-3.4698057466537033,HOLD,0.0,961904.3821783445,0.0,961904.3821783445,0.0,0.0,True
2026-03-23,539.8240966796875,607.1013718374589,624.746262089524,-17.64489025206501,-10.5182787634776,-7.126611488587411,HOLD,0.0,961904.3821783445,0.0,961904.3821783445,0.0,0.0,True
2026-03-24,549.2240600585938,598.1971700253258,619.1520249020477,-20.954854876721924,-12.605593986126465,-8.34926089059546,HOLD,0.0,961904.3821783445,0.0,961904.3821783445,0.0,0.0,True
2026-03-25,553.2525634765625,591.2826151716699,614.2705833149747,-22.987968143304784,-14.68206881756213,-8.305899325742654,HOLD,0.0,961904.3821783445,0.0,961904.3821783445,0.0,0.0,True
2026-03-26,542.5098266601562,583.7791092468217,608.954971710914,-25.175862464092347,-16.780827546868174,-8.395034917224173,HOLD,0.0,961904.3821783445,0.0,961904.3821783445,0.0,0.0,True
2026-03-27,545.1954956054688,577.8431686866136,604.2320475549551,-26.38887886834152,-18.702437811162845,-7.686441057178676,HOLD,0.0,961904.3821783445,0.0,961904.3821783445,0.0,0.0,True
2026-03-30,538.4812622070312,571.7874907666778,599.3616190106645,-27.574128243986706,-20.47677589772762,-7.097352346259086,HOLD,0.0,961904.3821783445,0.0,961904.3821783445,0.0,0.0,True
2026-03-31,535.7955932617188,566.2502757659149,594.6530245107426,-28.402748744827704,-22.06197046714764,-6.340778277680066,HOLD,0.0,961904.3821783445,0.0,961904.3821783445,0.0,0.0,True
2026-04-01,542.5098266601562,562.5978989804136,590.7905654106992,-28.192666430285612,-23.288109659775234,-4.9045567705103785,HOLD,0.0,961904.3821783445,0.0,961904.3821783445,0.0,0.0,True
2026-04-02,526.3956298828125,557.0283191192442,586.0205701864113,-28.992251067167103,-24.428937941253608,-4.563313125913496,HOLD,0.0,961904.3821783445,0.0,961904.3821783445,0.0,0.0,True
2026-04-03,512.9671630859375,550.2496797295047,580.6092066974873,-30.35952696798256,-25.6150557465994,-4.7444712213831615,HOLD,0.0,961904.3821783445,0.0,961904.3821783445,0.0,0.0,True
2026-04-07,511.6243591308594,544.3073227143285,575.4992179888482,-31.191895274519652,-26.73042365218345,-4.461471622336202,HOLD,0.0,961904.3821783445,0.0,961904.3821783445,0.0,0.0,True
2026-04-08,530.4241943359375,542.1714568099607,572.1603273478918,-29.98887053793112,-27.382113029332984,-2.606757508598136,HOLD,0.0,961904.3821783445,0.0,961904.3821783445,0.0,0.0,True
2026-04-09,519.681396484375,538.7114475291013,568.2729991357794,-29.56155160667811,-27.81800074480201,-1.7435508618760984,HOLD,0.0,961904.3821783445,0.0,961904.3821783445,0.0,0.0,True
2026-04-10,522.3671264648438,536.1969365961386,564.8725641231175,-28.67562752697893,-27.989526101237395,-0.6861014257415334,HOLD,0.0,961904.3821783445,0.0,961904.3821783445,0.0,0.0,True
2026-04-13,525.0527954101562,534.4824533367566,561.9229516258611,-27.440498289104426,-27.879720538810805,0.43922224970637913,BUY,0.0,961904.3821783445,0.0,961904.3821783445,1800.0,525.0527954101562,True
2026-04-14,539.8240966796875,535.3042446202845,560.285999407626,-24.981754787341515,-27.300127388516948,2.318372601175433,HOLD,1800.0,16525.821930541773,971683.3740234375,988209.1959539793,0.0,0.0,True
